scan,symbol,when,bar,sector,cap,entry,signal_move,ret_15m,ctl_15m,exc_15m,mfe_15m,mae_15m,mfe_ctl_15m,ret_30m,ctl_30m,exc_30m,mfe_30m,mae_30m,mfe_ctl_30m,ret_1h,ctl_1h,exc_1h,mfe_1h,mae_1h,mfe_ctl_1h,ret_2h,ctl_2h,exc_2h,mfe_2h,mae_2h,mfe_ctl_2h,ret_EOD,ctl_EOD,exc_EOD,mfe_EOD,mae_EOD,mfe_ctl_EOD,ret_2d,ctl_2d,exc_2d,mfe_2d,mae_2d,mfe_ctl_2d,ret_5d,ctl_5d,exc_5d,mfe_5d,mae_5d,mfe_ctl_5d
ARC15MIN,TATAELXSI,2026-08-05 13:00:00,2026-08-05 13:15:00,I.T,Largecap,3748.2,0.2299711199058807,0.04268715650179722,-0.1429471020124833,0.18563425851428053,0.2881383063870757,-0.05335894562723542,0.200312523840442,0.08003841844084203,-0.04440820493050472,0.12444662337134675,0.2881383063870757,-0.05335894562723542,0.22936810110104258,0.258790886292104,-0.0767795978455952,0.3355704841376992,0.2881383063870757,-0.05335894562723542,0.3012815312758666,-0.06669868203403873,0.09940065739721268,-0.1660993394312514,1.4033402699962672,-0.40286003948561966,0.8557403262045719,-0.4642228269569282,0.05228003814869882,-0.516502865105627,1.4033402699962672,-0.8857584974120813,1.3068195888769458,1.3819966917453685,-0.09342421765588772,1.4754209094012563,2.2784269782829103,-0.8857584974120813,1.756353948595115,-0.7230137132490211,-0.21881606139868265,-0.5041976518503384,2.902726642121567,-1.6861426818206016,2.822840600188006
ARC15MIN,CAMS,2026-08-05 13:00:00,2026-08-05 13:15:00,Financials,Midcap,810.4,-0.34431874077718305,0.0,-0.1429471020124833,0.1429471020124833,0.32699901283317345,-0.09871668311943749,0.200312523840442,0.03701875616979322,-0.04440820493050472,0.08142696110029794,0.32699901283317345,-0.09871668311943749,0.22936810110104258,0.06169792694965537,-0.0767795978455952,0.13847752479525055,0.32699901283317345,-0.2159427443237938,0.3012815312758666,-0.29615004935833467,0.09940065739721268,-0.3955507067555474,0.5120927936821396,-0.7280355380059222,0.8557403262045719,-1.2833168805528095,0.05228003814869882,-1.3355969187015082,0.5120927936821396,-1.4992596248766032,1.3068195888769458,-3.5044422507403694,-0.09342421765588772,-3.4110180330844817,0.5120927936821396,-3.991855873642647,1.756353948595115,-4.411401776900292,-0.21881606139868265,-4.192585715501609,0.5120927936821396,-4.861796643632776,2.822840600188006
ARC15MIN,SWIGGY,2026-08-05 13:00:00,2026-08-05 13:15:00,I.T,Largecap,290.55,0.397373876986884,-0.4818447771468004,-0.1429471020124833,-0.3388976751343171,0.05162622612286949,-0.516262261228706,0.200312523840442,-0.36138358286009753,-0.04440820493050472,-0.3169753779295928,0.05162622612286949,-0.516262261228706,0.22936810110104258,-0.4990535191877421,-0.0767795978455952,-0.4222739213421469,0.05162622612286949,-0.6883496816382673,0.3012815312758666,1.5659955257270708,0.09940065739721268,1.4665948683298582,1.6348304938909042,-1.3594906212355817,0.8557403262045719,-0.36138358286009753,0.05228003814869882,-0.41366362100879633,4.973326449836524,-1.3594906212355817,1.3068195888769458,-3.2524522457408334,-0.09342421765588772,-3.1590280280849456,4.973326449836524,-4.233350542075376,1.756353948595115,-4.095680605747731,-0.21881606139868265,-3.8768645443490484,4.973326449836524,-6.005850972293924,2.822840600188006
ARC15MIN,BAJFINANCE,2026-08-05 13:30:00,2026-08-05 13:45:00,Financials,Largecap,1145.2,-0.1917378420777438,0.35801606706251654,0.06220318923101238,0.2958128778315042,0.6287111421585889,0.0,0.301269650443776,0.3754802654558187,0.06753610097792159,0.3079441644778971,0.6287111421585889,0.0,0.34296601614820704,0.5326580509954493,0.15791347067446979,0.37474458032097946,0.681103737338451,0.0,0.4344008760351381,1.0653161019909207,0.39982718057456845,0.6654889214163523,1.2399580859238535,-0.05239259517989536,1.135365143905584,0.7422284317149863,0.2716221397245324,0.4706062919904539,1.30981487949704,-0.05239259517989536,1.4741943478128519,-6.112469437652813,0.07447869181293688,-6.186948129465749,1.30981487949704,-6.129933636046115,1.918617235309119,-4.994760740482018,0.006011770563270875,-5.000772511045289,1.30981487949704,-6.496681802305282,2.971758600860396
ARC15MIN,PREMIERENE,2026-08-05 13:45:00,2026-08-05 14:00:00,Services,Largecap,1035.0,0.11607661056296514,-0.24154589371980784,-0.03014073793281164,-0.2114051557869962,0.08695652173913437,-0.38647342995169476,0.2046315014638371,0.2512077294685833,-0.05941046979883651,0.3106181992674198,0.3478260869565153,-0.38647342995169476,0.24911938463564445,0.0,0.05485692365155604,-0.05485692365155604,0.3478260869565153,-0.38647342995169476,0.39255738257939216,0.4637681159420204,0.2904915756241014,0.173276540317919,0.9855072463768266,-0.47342995169082913,1.0570466714400375,0.4251207729468742,0.17856624861346362,0.2465545243334106,0.9855072463768266,-0.48309178743961567,1.3888487733727783,0.9371980676328606,-0.004152351609415139,0.9413504192422758,2.657004830917864,-1.256038647342994,1.8261527816420395,-0.08695652173913437,0.06623177612661262,-0.153188297865747,2.70531400966183,-1.3140096618357466,2.9826107851221613
ARC15MIN,BHARTIARTL,2026-08-05 14:00:00,2026-08-05 14:15:00,Telecom-Service,Largecap,1960.9,-0.1629244946794839,-0.22438676118109457,-0.0203375584507654,-0.20404920273032917,0.0050996991177498785,-0.4640726197154388,0.22665916148643392,-0.06629608853078173,0.09926242798945094,-0.16555851652023268,0.0968942832372921,-0.4640726197154388,0.30020357085212607,0.2192870620633336,0.18538912061180512,0.03389794145152847,0.4130756285379178,-0.4640726197154388,0.8982021785735893,0.11729307970829161,0.3560906106171752,-0.23879753090888356,0.4130756285379178,-0.4640726197154388,1.125008298315217,-0.5150696108929598,0.16334147694961132,-0.6784110878425711,0.4640726197154388,-0.6272629914835126,1.4239120068497713,-0.2855831505941264,0.07554450904552201,-0.36112765963964844,0.4640726197154388,-1.1525320006119721,1.8811817603671213,-1.2494262838492531,0.1076858012649911,-1.3571120851142442,0.4640726197154388,-3.0394206741802265,3.053800472490276
ARC15MIN,CROMPTON,2026-08-05 14:00:00,2026-08-05 14:15:00,Consumer Discretionary,Midcap,266.25,-0.13128282070518082,0.28169014084507005,-0.0203375584507654,0.30202769929583545,0.41314553990610126,-0.187793427230043,0.22665916148643392,0.4882629107981318,0.09926242798945094,0.3890004828086808,0.5446009389671325,-0.187793427230043,0.30020357085212607,0.46948356807512415,0.18538912061180512,0.284094447463319,0.7323943661971866,-0.4319248826290978,0.8982021785735893,0.7323943661971866,0.3560906106171752,0.3763037555800114,1.2957746478873267,-0.4319248826290978,1.125008298315217,0.7136150234741789,0.16334147694961132,0.5502735465245676,1.615023474178412,-0.4319248826290978,1.4239120068497713,-6.460093896713614,0.07554450904552201,-6.535638405759136,1.615023474178412,-6.741784037558684,1.8811817603671213,-7.230046948356805,0.1076858012649911,-7.337732749621797,1.615023474178412,-9.276995305164315,3.053800472490276
ARC15MIN,GVT&D,2026-08-05 14:15:00,2026-08-05 14:30:00,Industrials,Largecap,4355.4,-0.2861787128826232,0.24337603894017956,0.08973033627579352,0.15364570266438604,0.2663360426137684,-0.9528401524544261,0.2526581158945336,0.5418560866969901,0.0845137702344411,0.4573423164625491,0.564816090370579,-0.9528401524544261,0.35916829908098236,-1.2719842035174622,0.25429943656855863,-1.526283640086021,0.564816090370579,-6.989025118244008,0.9378317638597138,-0.8724801395968207,0.3572002821517755,-1.2296804217485962,0.564816090370579,-6.989025118244008,1.1299689954640222,0.3076640492262639,0.0951184883229506,0.21254556090331328,0.564816090370579,-6.989025118244008,1.4161473901096406,-1.6163842586214727,0.06800821260033234,-1.684392471221805,2.2179363548698205,-6.989025118244008,1.8702025562021263,-1.083712173393947,0.05668907495902099,-1.140401248352968,4.445056711209072,-6.989025118244008,3.0561312936250093
ARC15MIN,AXISBANK,2026-08-05 14:15:00,2026-08-05 14:30:00,Bank,Largecap,1248.3,-0.05604483586869602,0.3364575823119553,0.08973033627579352,0.2467272460361618,0.3364575823119553,-0.08010894816951053,0.2526581158945336,0.5367299527357261,0.0845137702344411,0.45221618250128504,0.5367299527357261,-0.08010894816951053,0.35916829908098236,0.5046863734679219,0.25429943656855863,0.25038693689936325,0.9292637987663221,-0.08010894816951053,0.9378317638597138,0.4806536890170632,0.3572002821517755,0.12345340686528766,0.9292637987663221,-0.08010894816951053,1.1299689954640222,0.5767844268204758,0.0951184883229506,0.4816659384975252,0.9292637987663221,-0.08010894816951053,1.4161473901096406,-0.42457742529840026,0.06800821260033234,-0.4925856378987326,0.9292637987663221,-0.7370023231594969,1.8702025562021263,-2.2350396539293382,0.05668907495902099,-2.2917287288883594,0.9292637987663221,-2.5154209725226195,3.0561312936250093
ARC15MIN,UNITDSPR,2026-08-05 14:15:00,2026-08-05 14:30:00,FMCG,Largecap,1528.2,0.006544074340686379,-0.013087292239233328,0.08973033627579352,-0.10281762851502685,0.09815469179426106,-0.07852375343542217,0.2526581158945336,-0.24865855254547764,0.0845137702344411,-0.3331723227799187,0.09815469179426106,-0.24865855254547764,0.35916829908098236,0.1832220913492888,0.25429943656855863,-0.07107734521926984,0.3795314749378331,-0.7721502421148996,0.9378317638597138,-0.35990053657898313,0.3572002821517755,-0.7171008187307586,0.3795314749378331,-0.7721502421148996,1.1299689954640222,-0.4057060594163109,0.0951184883229506,-0.5008245477392614,0.3795314749378331,-0.7721502421148996,1.4161473901096406,-1.0338960868996216,0.06800821260033234,-1.101904299499954,0.3795314749378331,-1.0338960868996216,1.8702025562021263,-0.039261876717711086,0.05668907495902099,-0.09595095167673207,1.204030886009666,-1.648998822143699,3.0561312936250093
ARC15MIN,JIOFIN,2026-08-05 14:15:00,2026-08-05 14:30:00,Financials,Largecap,261.9,0.03819709702062024,-0.11454753722792699,0.08973033627579352,-0.2042778735037205,0.0,-0.21000381825122538,0.2526581158945336,-0.038182512409301594,0.0845137702344411,-0.12269628264374269,0.0381825124093238,-0.45819014891179677,0.35916829908098236,0.5536464299351174,0.25429943656855863,0.29934699336655873,1.6609392898052855,-0.45819014891179677,0.9378317638597138,0.8209240168003173,0.3572002821517755,0.46372373464854183,1.6609392898052855,-0.6109201985490476,1.1299689954640222,1.030927835051565,0.0951184883229506,0.9358093467286144,1.6991218022146093,-0.6109201985490476,1.4161473901096406,-1.546391752577303,0.06800821260033234,-1.6143999651776353,1.6991218022146093,-1.8709431080564998,1.8702025562021263,-1.3363879343260776,0.05668907495902099,-1.3930770092850986,1.6991218022146093,-4.925544100801826,3.0561312936250093
ARC15MIN,SWIGGY,2026-08-05 14:15:00,2026-08-05 14:30:00,I.T,Largecap,289.05,-0.017295053614674316,-0.15568240788790266,0.08973033627579352,-0.24541274416369618,0.08649022660438543,-0.5016433143054777,0.2526581158945336,-0.6400276768725233,0.0845137702344411,-0.7245414471069643,0.08649022660438543,-0.8476042207230527,0.35916829908098236,2.8368794326241176,0.25429943656855863,2.582579996055559,2.8368794326241176,-0.8476042207230527,0.9378317638597138,4.774260508562533,0.3572002821517755,4.417060226410758,5.51807645736031,-0.8476042207230527,1.1299689954640222,-0.2594706798131785,0.0951184883229506,-0.3545891681361291,5.51807645736031,-0.8822003113648225,1.4161473901096406,-3.1309462030790547,0.06800821260033234,-3.198954415679387,5.51807645736031,-3.7363777893098082,1.8702025562021263,-2.577408752810928,0.05668907495902099,-2.634097827769949,5.51807645736031,-5.51807645736031,3.0561312936250093
ARC15MIN,MFSL,2026-08-05 14:30:00,2026-08-05 14:45:00,Financials,Largecap,1520.7,-0.19033867156733608,0.08548694680081681,0.11124341367371389,-0.02575646687289708,0.23673308344840382,-0.17754981258630842,0.3515236429723093,0.33537186821857023,0.20259674382593904,0.1327751243926312,0.9469323337936375,-0.49319392385085425,0.8957319775748568,1.131058065364643,0.35847448658464637,0.7725835787799966,1.5190372854606338,-0.49319392385085425,1.0629968224283426,1.2362727691194841,0.32125925624445156,0.9150135128750325,1.5321891234300056,-0.49319392385085425,1.1693370064106974,0.0197277569540244,0.06116542989257367,-0.04143767293854927,1.5321891234300056,-0.49319392385085425,1.461803745466473,-1.9530479384494037,0.1727209141944489,-2.1257688526438527,1.5321891234300056,-2.064838561188931,2.0788179637817366,-0.9863878477017196,0.08764936239763599,-1.0740372100993556,1.5321891234300056,-3.498388899848759,3.1019159063292605
ARC15MIN,ETERNAL,2026-08-05 14:30:00,2026-08-05 14:45:00,I.T,Largecap,310.7,-0.3687670354337147,0.016092693916958112,0.11124341367371389,-0.09515071975675578,0.1287415513357093,-0.3862246540070724,0.3515236429723093,1.1425812681042924,0.20259674382593904,0.9399845242783533,1.3035082072738957,-0.3862246540070724,0.8957319775748568,1.5288059221113537,0.35847448658464637,1.1703314355267074,2.2851625362085626,-0.3862246540070724,1.0629968224283426,2.655294496298688,0.32125925624445156,2.3340352400542366,2.896684905053104,-0.3862246540070724,1.1693370064106974,1.8667524943675629,0.06116542989257367,1.8055870644749892,2.896684905053104,-0.3862246540070724,1.461803745466473,0.24139040875441609,0.1727209141944489,0.06866949455996718,2.896684905053104,-0.3862246540070724,2.0788179637817366,2.301255230125543,0.08764936239763599,2.2136058677279067,2.896684905053104,-1.448342452526552,3.1019159063292605
ARC15MIN,TMPV,2026-08-05 15:00:00,2026-08-06 09:15:00,Auto,Largecap,349.0,0.24414763751257063,-0.5300859598853958,-0.08385253948434367,-0.44623342040105207,0.0,-0.8595988538681931,0.5338680601278578,-0.659025787965617,-0.00650783880726019,-0.6525179491583568,0.0,-0.8595988538681931,0.6491851335350187,-0.4584527220630408,0.008232906319882381,-0.46668562838292316,0.0,-1.0315186246418362,0.7241994763102474,-0.6733524355300946,-0.04046413531789934,-0.6328883002121952,0.0,-1.0315186246418362,0.7940116114713018,-1.1174785100286466,-0.21313501575861135,-0.9043434942700352,0.0,-1.7191977077363862,1.2463967420178168,-0.07163323782235498,-0.28178166783823066,0.2101484300158757,0.6876790830945501,-1.7191977077363862,1.730096830088597,-0.42979942693409656,-0.28202804634401596,-0.1477713805900806,0.7306590257879719,-4.240687679083099,2.7313337722737843
ARC15MIN,PIIND,2026-08-05 15:00:00,2026-08-06 09:15:00,Chemicals,Largecap,2819.0,0.517026207880189,-0.7839659453706904,-0.08385253948434367,-0.7001134058863467,0.0,-0.9223128769067057,0.5338680601278578,-0.8158921603405478,-0.00650783880726019,-0.8093843215332877,0.0,-0.9223128769067057,0.6491851335350187,-0.5001773678609434,0.008232906319882381,-0.5084102741808257,0.0,-1.0287335934728636,0.7241994763102474,-0.8726498758424905,-0.04046413531789934,-0.8321857405245912,0.0,-1.0287335934728636,0.7940116114713018,-1.7204682511528957,-0.21313501575861135,-1.5073332353942843,0.0,-2.405108194395178,1.2463967420178168,-2.511528910961336,-0.28178166783823066,-2.2297472431231053,0.0,-2.7137282724370326,1.730096830088597,-11.383469315360061,-0.28202804634401596,-11.101441269016046,0.0,-12.841433132316427,2.7313337722737843
ARC15MIN,INDIANB,2026-08-05 15:00:00,2026-08-06 09:15:00,Bank,Largecap,856.0,0.866081423437226,0.29205607476634476,-0.08385253948434367,0.37590861425068844,0.33878504672897325,-0.7827102803738328,0.5338680601278578,0.3621495327102764,-0.00650783880726019,0.3686573715175366,0.5841121495327117,-0.7827102803738328,0.6491851335350187,0.4672897196261738,0.008232906319882381,0.45905681330629144,0.7710280373831813,-0.7827102803738328,0.7241994763102474,0.2686915887850416,-0.04046413531789934,0.30915572410294095,0.9287383177570163,-0.7827102803738328,0.7940116114713018,3.341121495327104,-0.21313501575861135,3.554256511085715,3.5689252336448485,-0.7827102803738328,1.2463967420178168,3.6799065420560773,-0.28178166783823066,3.961688209894308,5.350467289719618,-0.7827102803738328,1.730096830088597,4.556074766355134,-0.28202804634401596,4.83810281269915,5.584112149532694,-0.7827102803738328,2.7313337722737843
ARC15MIN,BAJAJFINSV,2026-08-05 15:00:00,2026-08-06 09:15:00,Financials,Largecap,2070.0,-1.0090383051982177,0.9661835748792313,-0.08385253948434367,1.050036114363575,1.0289855072463938,-0.06763285024155019,0.5338680601278578,1.231884057971011,-0.00650783880726019,1.2383918967782712,1.3478260869565162,-0.06763285024155019,0.6491851335350187,0.7632850241545919,0.008232906319882381,0.7550521178347095,1.3478260869565162,-0.06763285024155019,0.7241994763102474,0.734299516908199,-0.04046413531789934,0.7747636522260983,1.3478260869565162,-0.06763285024155019,0.7940116114713018,-2.4589371980676344,-0.21313501575861135,-2.2458021823090233,1.5942028985507228,-3.10628019323671,1.2463967420178168,-3.425120772946866,-0.28178166783823066,-3.1433391051086352,1.5942028985507228,-3.961352657004835,1.730096830088597,-2.3381642512077305,-0.28202804634401596,-2.0561362048637144,1.5942028985507228,-3.961352657004835,2.7313337722737843
ARC15MIN,LTF,2026-08-05 15:00:00,2026-08-06 09:15:00,Financials,Largecap,320.55,0.3286384976525891,-0.14038371548900086,-0.08385253948434367,-0.056531176004657194,0.35875838402743554,-0.8111059117142494,0.5338680601278578,0.0,-0.00650783880726019,0.00650783880726019,0.5147402901263476,-0.8111059117142494,0.6491851335350187,-0.2807674309780128,0.008232906319882381,-0.2890003372978952,0.5147402901263476,-0.8111059117142494,0.7241994763102474,-0.4055529558571247,-0.04046413531789934,-0.36508882053922537,0.5147402901263476,-0.8111059117142494,0.7940116114713018,-3.1040399313679523,-0.21313501575861135,-2.890904915609341,0.5147402901263476,-3.603182030884422,1.2463967420178168,-3.1040399313679523,-0.28178166783823066,-2.8222582635297218,0.5147402901263476,-4.695055373576674,1.730096830088597,-1.7002027764779215,-0.28202804634401596,-1.4181747301339056,0.5147402901263476,-4.695055373576674,2.7313337722737843
ARC15MIN,CAMS,2026-08-05 15:00:00,2026-08-06 09:15:00,Financials,Midcap,812.0,-0.04308487720809939,-0.49261083743842304,-0.08385253948434367,-0.40875829795407936,0.314039408866984,-0.9236453201970418,0.5338680601278578,-0.4802955665024644,-0.00650783880726019,-0.4737877276952042,0.314039408866984,-0.9236453201970418,0.6491851335350187,-1.2438423645320218,0.008232906319882381,-1.252075270851904,0.314039408866984,-1.3177339901477847,0.7241994763102474,-1.2931034482758674,-0.04046413531789934,-1.252639312957968,0.314039408866984,-1.693349753694584,0.7940116114713018,-2.9556650246305383,-0.21313501575861135,-2.742530008871927,0.314039408866984,-3.0541871921182184,1.2463967420178168,-3.2204433497536877,-0.28178166783823066,-2.938661681915457,0.314039408866984,-4.181034482758628,1.730096830088597,-4.2733990147783345,-0.28202804634401596,-3.9913709684343184,0.314039408866984,-5.049261083743839,2.7313337722737843
ARC15MIN,ETERNAL,2026-08-05 15:00:00,2026-08-06 09:15:00,I.T,Largecap,311.0,0.016079755587727895,1.9935691318327953,-0.08385253948434367,2.077421671317139,2.1864951768488794,-0.3215434083601254,0.5338680601278578,1.4308681672025703,-0.00650783880726019,1.4373760060098304,2.1864951768488794,-0.3215434083601254,0.6491851335350187,2.717041800643094,0.008232906319882381,2.708808894323212,2.717041800643094,-0.3215434083601254,0.7241994763102474,2.2990353697749155,-0.04046413531789934,2.3394995050928147,2.79742765273312,-0.3215434083601254,0.7940116114713018,1.0932475884244397,-0.21313501575861135,1.306382604183051,2.79742765273312,-0.3215434083601254,1.2463967420178168,0.7556270096463091,-0.28178166783823066,1.0374086774845397,2.79742765273312,-0.3215434083601254,1.730096830088597,2.331189710610926,-0.28202804634401596,2.613217756954942,2.79742765273312,-1.5434083601286175,2.7313337722737843
ARC15MIN,KFINTECH,2026-08-05 15:00:00,2026-08-06 09:15:00,Financials,Midcap,950.4,0.23730422401517792,-0.28409090909090606,-0.08385253948434367,-0.20023836960656238,0.0,-0.6628787878787845,0.5338680601278578,-0.3156565656565635,-0.00650783880726019,-0.30914872684930333,0.0,-0.6628787878787845,0.6491851335350187,-0.42613636363635354,0.008232906319882381,-0.4343692699562359,0.0,-0.6628787878787845,0.7241994763102474,-0.5103114478114512,-0.04046413531789934,-0.4698473124935519,0.0,-0.7470538720538711,0.7940116114713018,-2.4621212121212044,-0.21313501575861135,-2.2489861963625932,0.0,-2.8619528619528545,1.2463967420178168,-2.8461700336700257,-0.28178166783823066,-2.564388365831795,0.0,-2.956649831649838,1.730096830088597,-3.114478114478114,-0.28202804634401596,-2.832450068134098,0.0,-3.6090067340067256,2.7313337722737843
ARC15MIN,HYUNDAI,2026-08-05 15:00:00,2026-08-06 09:15:00,Auto,Largecap,2208.2,0.26334907373772865,-0.9147722126618851,-0.08385253948434367,-0.8309196731775415,0.0,-1.2046010325151624,0.5338680601278578,-0.8785436101802158,-0.00650783880726019,-0.8720357713729556,0.0,-1.2046010325151624,0.6491851335350187,-0.12680010868579839,0.008232906319882381,-0.13503301500568077,0.0,-1.2046010325151624,0.7241994763102474,0.39851462729825204,-0.04046413531789934,0.4389787626161514,0.5343718866044789,-1.2046010325151624,0.7940116114713018,-0.20378588895932914,-0.21313501575861135,0.009349126799282209,1.1230866769314396,-1.2046010325151624,1.2463967420178168,0.4121003532288947,-0.28178166783823066,0.6938820210671254,1.1230866769314396,-1.2046010325151624,1.730096830088597,1.304229689339742,-0.28202804634401596,1.586257735683758,2.975273978806281,-1.2046010325151624,2.7313337722737843
ARC15MIN,ABB,2026-08-06 09:15:00,2026-08-06 09:30:00,Industrials,Largecap,7748.0,0.1421739692387236,0.025813113061445847,0.14978094049013596,-0.12396782742869011,0.25813113061434745,-0.34202374806401314,0.5084714991751068,-0.07743933918430423,0.13861071197871272,-0.21605005116301695,0.47108931337118687,-0.34202374806401314,0.5540325786617994,0.39364997418689374,0.17515214744873214,0.2184978267381616,0.47108931337118687,-0.34202374806401314,0.6424086940864179,0.10970573051110044,0.07402162492734239,0.03568410558375805,0.47108931337118687,-0.34202374806401314,0.7295193754237526,-1.8069179143004654,-0.014322480751303374,-1.792595433549162,0.47108931337118687,-2.168301497160563,1.3167100805279246,-2.697470314919981,-0.10745296401361148,-2.5900173509063693,0.47108931337118687,-2.7490965410428503,1.835616552923183,-0.148425400103247,-0.14525798919017383,-0.003167410913073182,0.47108931337118687,-2.7490965410428503,2.8518833567652377
ARC15MIN,FORCEMOT,2026-08-06 09:15:00,2026-08-06 09:30:00,Auto,Largecap,18479.0,-0.38274932614554835,1.498998863574874,0.14978094049013596,1.349217923084738,1.9102765301152624,-0.21105038151415512,0.5084714991751068,1.7695762757724998,0.13861071197871272,1.630965563793787,1.9427458195789837,-0.21105038151415512,0.5540325786617994,1.6938146003571575,0.17515214744873214,1.5186624529084254,2.2025001352887097,-0.21105038151415512,0.6424086940864179,1.4827642188430135,0.07402162492734239,1.408742593915671,2.2025001352887097,-0.21105038151415512,0.7295193754237526,0.6980897234698746,-0.014322480751303374,0.712412204221178,2.2025001352887097,-0.21105038151415512,1.3167100805279246,-0.027057741219760345,-0.10745296401361148,0.08039522279385114,2.2025001352887097,-0.5844472103468834,1.835616552923183,3.4146869419340975,-0.14525798919017383,3.5599449311242712,5.243790248390057,-1.4557064776232531,2.8518833567652377
ARC15MIN,BAJFINANCE,2026-08-06 09:15:00,2026-08-06 09:30:00,Financials,Largecap,1154.6,-0.07788836001731969,0.2425082279577495,0.14978094049013596,0.09272728746761355,0.4157283907846976,-0.5629655291875979,0.5084714991751068,0.12125411397887476,0.13861071197871272,-0.017356597999837964,0.4157283907846976,-0.5629655291875979,0.5540325786617994,0.1299151221202166,0.17515214744873214,-0.045237025328515534,0.4850164559154768,-0.5629655291875979,0.6424086940864179,-0.2078641953923266,0.07402162492734239,-0.28188582031966897,0.4850164559154768,-0.5629655291875979,0.7295193754237526,-4.685605404469073,-0.014322480751303374,-4.6712829237177695,0.4850164559154768,-6.02806166637796,1.3167100805279246,-6.694959293261737,-0.10745296401361148,-6.587506329248126,0.4850164559154768,-7.257924822449324,1.835616552923183,-5.984756625671217,-0.14525798919017383,-5.839498636481043,0.4850164559154768,-7.257924822449324,2.8518833567652377
ARC15MIN,CGPOWER,2026-08-06 09:15:00,2026-08-06 09:30:00,Industrials,Largecap,880.95,0.10795454545455829,0.10216243827685378,0.14978094049013596,-0.04761850221328218,0.5618934105227291,-0.20432487655372977,0.5084714991751068,0.28946024178442276,0.13861071197871272,0.15084952980571004,0.5618934105227291,-0.20432487655372977,0.5540325786617994,0.42567682615357594,0.17515214744873214,0.2505246787048438,0.5618934105227291,-0.20432487655372977,0.6424086940864179,0.04540552812304366,0.07402162492734239,-0.028616096804298732,0.5618934105227291,-0.20432487655372977,0.7295193754237526,-0.6697315398149772,-0.014322480751303374,-0.6554090590636739,0.5618934105227291,-0.9705431636301776,1.3167100805279246,-1.140813894091608,-0.10745296401361148,-1.0333609300779965,0.5618934105227291,-1.4416255179068083,1.835616552923183,0.06810829218455439,-0.14525798919017383,0.2133662813747282,1.53811226516829,-1.7083829956297203,2.8518833567652377
ARC15MIN,TATAELXSI,2026-08-06 09:15:00,2026-08-06 09:30:00,I.T,Largecap,3745.7,-0.11733020452787679,-0.1361561256907895,0.14978094049013596,-0.28593706618092546,0.1681928611474648,-0.31235817070239813,0.5084714991751068,-0.2749819793362973,0.13861071197871272,-0.41359269131501003,0.1681928611474648,-0.4138078329818162,0.5540325786617994,-0.4458445684384693,0.17515214744873214,-0.6209967158872014,0.1681928611474648,-0.552633686627324,0.6424086940864179,-0.03203673545665309,0.07402162492734239,-0.10605836038399548,0.1681928611474648,-0.8196064820994664,0.7295193754237526,1.3081666978134843,-0.014322480751303374,1.3224891785647876,1.4469925514590143,-0.8196064820994664,1.3167100805279246,1.4122860880476207,-0.10745296401361148,1.5197390520612322,2.346690872200119,-0.8196064820994664,1.835616552923183,0.021357823637768725,-0.14525798919017383,0.16661581282794255,2.9714072136049374,-1.6205248685158935,2.8518833567652377
ARC15MIN,BOSCHLTD,2026-08-06 09:15:00,2026-08-06 09:30:00,Auto,Largecap,42255.0,-1.5493942218080203,-0.23665838362324498,0.14978094049013596,-0.38643932411338094,0.4023192521594998,-0.2958229795290479,0.5084714991751068,-0.2011596260797499,0.13861071197871272,-0.33977033805846263,0.4023192521594998,-0.3076558987102129,0.5540325786617994,-0.3549875754348619,0.17515214744873214,-0.530139722883594,0.4023192521594998,-0.4851496864276439,0.6424086940864179,-0.3076558987102129,0.07402162492734239,-0.3816775236375553,0.4023192521594998,-0.9111347769494738,0.7295193754237526,-0.011832919181165025,-0.014322480751303374,0.0024895615701383492,0.8756360194059898,-0.9111347769494738,1.3167100805279246,1.1714589989350266,-0.10745296401361148,1.278911962948638,2.2009229676961395,-0.9111347769494738,1.835616552923183,10.803455212400891,-0.14525798919017383,10.948713201591065,11.903916696248974,-0.9111347769494738,2.8518833567652377
ARC15MIN,BPCL,2026-08-06 09:15:00,2026-08-06 09:30:00,Energy,Largecap,324.35,-0.6584992343032114,-0.10790812394019245,0.14978094049013596,-0.2576890644303284,0.4316324957607476,-0.10790812394019245,0.5084714991751068,-0.38538615692924605,0.13861071197871272,-0.5239968689079588,0.4316324957607476,-0.38538615692924605,0.5540325786617994,-0.18498535532603944,0.17515214744873214,-0.3601375027747716,0.4316324957607476,-0.5087097271466168,0.6424086940864179,0.2158162478803627,0.07402162492734239,0.1417946229530203,0.4316324957607476,-0.5087097271466168,0.7295193754237526,-0.8478495452443391,-0.014322480751303374,-0.8335270644930357,0.8170186526899936,-1.156158470787727,1.3167100805279246,-2.204408817635284,-0.10745296401361148,-2.0969558536216724,0.8170186526899936,-2.4973022969015046,1.835616552923183,-3.77678433790658,-0.14525798919017383,-3.6315263487164064,0.8170186526899936,-3.9617696932326307,2.8518833567652377
ARC15MIN,SIEMENS,2026-08-06 09:15:00,2026-08-06 09:30:00,Industrials,Largecap,3965.3,-0.6290096230954223,0.6229036895064599,0.14978094049013596,0.47312274901632395,0.8498726451970695,-0.05800317756537998,0.5084714991751068,0.1336594961289128,0.13861071197871272,-0.004951215849799906,0.8498726451970695,-0.05800317756537998,0.5540325786617994,1.0163165460368662,0.17515214744873214,0.8411643985881341,1.3542481022873476,-0.09330945956170789,0.6424086940864179,0.5018535798047896,0.07402162492734239,0.42783195487744724,1.3542481022873476,-0.09330945956170789,0.7295193754237526,-0.25218772854512794,-0.014322480751303374,-0.23786524779382456,1.3542481022873476,-0.8902226817643077,1.3167100805279246,-0.0706125639926447,-0.10745296401361148,0.03684040002096678,1.3542481022873476,-1.4273825435654364,1.835616552923183,0.6229036895064599,-0.14525798919017383,0.7681616786966338,3.3440092805083976,-2.7917181549945824,2.8518833567652377
ARC15MIN,CHOLAFIN,2026-08-06 09:15:00,2026-08-06 09:30:00,Financials,Largecap,1877.3,-0.2497343251859796,1.1452618121770675,0.14978094049013596,0.9954808716869314,1.464869759761367,-0.01598039737921164,0.5084714991751068,1.0600330261545832,0.13861071197871272,0.9214223141758704,1.464869759761367,-0.01598039737921164,0.5540325786617994,1.8111117029776747,0.17515214744873214,1.6359595555289426,1.901667288126574,-0.01598039737921164,0.6424086940864179,3.1374846854525185,0.07402162492734239,3.063463060525176,3.4624194321632107,-0.01598039737921164,0.7295193754237526,1.9229744846321895,-0.014322480751303374,1.9372969653834928,4.0057529430565175,-0.01598039737921164,1.3167100805279246,0.5646407073989224,-0.10745296401361148,0.6720936714125338,4.0057529430565175,-0.8150002663399492,1.835616552923183,1.4755233580141747,-0.14525798919017383,1.6207813472043484,4.0057529430565175,-0.8150002663399492,2.8518833567652377
ARC15MIN,HAVELLS,2026-08-06 09:15:00,2026-08-06 09:30:00,Consumer Discretionary,Largecap,1281.0,-0.6976744186046546,-0.18735362997658322,0.14978094049013596,-0.3371345704667192,0.09367681498828606,-0.30444964871194635,0.5084714991751068,0.0,0.13861071197871272,-0.13861071197871272,0.15612802498048417,-0.30444964871194635,0.5540325786617994,0.15612802498048417,0.17515214744873214,-0.019024122468247973,0.31225604996096834,-0.30444964871194635,0.6424086940864179,-0.007806401249021988,0.07402162492734239,-0.08182802617636438,0.42935206869632037,-0.30444964871194635,0.7295193754237526,0.42935206869632037,-0.014322480751303374,0.44367454944762375,0.6713505074160686,-0.37470725995315535,1.3167100805279246,-0.4683840749414525,-0.10745296401361148,-0.360931110927841,0.983606557377037,-0.5698672911787606,1.835616552923183,-1.6315378610460618,-0.14525798919017383,-1.486279871855888,0.983606557377037,-1.818891491022634,2.8518833567652377
ARC15MIN,ABCAPITAL,2026-08-06 09:15:00,2026-08-06 09:30:00,Financials,Largecap,421.2,-0.6603773584905714,0.13057929724595851,0.14978094049013596,-0.019201643244177447,0.3798670465337217,-0.4867046533713282,0.5084714991751068,-0.047483380816715215,0.13861071197871272,-0.18609409279542793,0.3798670465337217,-0.4867046533713282,0.5540325786617994,-0.14245014245013454,0.17515214744873214,-0.3176022898988667,0.3798670465337217,-0.4867046533713282,0.6424086940864179,0.30864197530864335,0.07402162492734239,0.23462035038130097,0.8309591642924996,-0.4867046533713282,0.7295193754237526,-2.053656220322886,-0.014322480751303374,-2.0393337395715827,1.127730294396967,-3.4188034188034178,1.3167100805279246,-3.1695156695156657,-0.10745296401361148,-3.062062705502054,1.127730294396967,-4.795821462488126,1.835616552923183,-4.665242165242156,-0.14525798919017383,-4.519984176051982,1.127730294396967,-4.795821462488126,2.8518833567652377
ARC15MIN,BANDHANBNK,2026-08-06 09:15:00,2026-08-06 09:30:00,Bank,Largecap,176.39,1.959537572254333,-0.3798401269913154,0.14978094049013596,-0.5296210674814514,0.017007766880206,-0.7143262089687519,0.5084714991751068,-0.30047054821700225,0.13861071197871272,-0.439081260195715,0.017007766880206,-0.7143262089687519,0.5540325786617994,-0.5499177957934087,0.17515214744873214,-0.7250699432421408,0.017007766880206,-0.7143262089687519,0.6424086940864179,-0.7029876977152738,0.07402162492734239,-0.7770093226426162,0.017007766880206,-1.3549520947899518,0.7295193754237526,-0.7029876977152738,-0.014322480751303374,-0.6886652169639704,0.034015533760412,-1.6270763648732811,1.3167100805279246,-0.4478711945121616,-0.10745296401361148,-0.34041823049855013,0.4592097057656286,-1.6270763648732811,1.835616552923183,-0.1700776688020711,-0.14525798919017383,-0.024819679611897266,0.4592097057656286,-3.055728782810807,2.8518833567652377
ARC15MIN,POLYCAB,2026-08-06 09:15:00,2026-08-06 09:30:00,Industrials,Largecap,9264.0,0.6956521739130528,-0.1511226252158937,0.14978094049013596,-0.30090356570602966,0.12413644214162023,-0.2590673575129543,0.5084714991751068,-0.06476683937823857,0.13861071197871272,-0.2033775513569513,0.12413644214162023,-0.35621761658031215,0.5540325786617994,0.17271157167531026,0.17515214744873214,-0.0024405757734218825,0.3346286701209067,-0.35621761658031215,0.6424086940864179,0.02698618307426237,0.07402162492734239,-0.04703544185308002,0.367012089810026,-0.35621761658031215,0.7295193754237526,0.09175302245250094,-0.014322480751303374,0.10607550320380432,0.5505181347150279,-0.4209844559585507,1.3167100805279246,0.11873920552676331,-0.10745296401361148,0.2261921695403748,0.5505181347150279,-0.8851468048359235,1.835616552923183,0.7340241796200297,-0.14525798919017383,0.8792821688102036,1.306131260794463,-2.579879101899829,2.8518833567652377
ARC15MIN,KAYNES,2026-08-06 09:15:00,2026-08-06 09:30:00,Consumer Discretionary,Largecap,3916.0,0.41025641025640436,-0.4366700715015326,0.14978094049013596,-0.5864510119916686,0.09959141981614739,-0.806945863125641,0.5084714991751068,-0.4034729315628205,0.13861071197871272,-0.5420836435415333,0.09959141981614739,-0.806945863125641,0.5540325786617994,0.012768130745666184,0.17515214744873214,-0.16238401670306596,0.31920326864147697,-0.806945863125641,0.6424086940864179,-2.14249233912156,0.07402162492734239,-2.2165139640489024,0.31920326864147697,-2.257405515832489,0.7295193754237526,-1.9407558733401387,-0.014322480751303374,-1.9264333925888353,0.31920326864147697,-2.400408580183866,1.3167100805279246,-3.753830439223693,-0.10745296401361148,-3.6463774752100817,0.31920326864147697,-9.729315628192037,1.835616552923183,-3.457609805924411,-0.14525798919017383,-3.312351816734237,0.31920326864147697,-9.729315628192037,2.8518833567652377
ARC15MIN,PREMIERENE,2026-08-06 09:15:00,2026-08-06 09:30:00,Services,Largecap,1041.9,-0.20114942528735025,-0.05758710048950899,0.14978094049013596,-0.20736804097964495,0.01919570016315486,-0.5662731548133348,0.5084714991751068,-0.20155485171322596,0.13861071197871272,-0.3401655636919387,0.16316345138687183,-0.5662731548133348,0.5540325786617994,-0.1535656013053166,0.17515214744873214,-0.32871774875404874,0.16316345138687183,-0.5662731548133348,0.6424086940864179,-0.7774258566081382,0.07402162492734239,-0.8514474815354807,0.16316345138687183,-0.8542086572607799,0.7295193754237526,-1.266916210768787,-0.014322480751303374,-1.2525937300174836,0.8734043574239347,-1.9099721662347746,1.3167100805279246,0.7966215567712709,-0.10745296401361148,0.9040745207848824,2.025146367213737,-1.9099721662347746,1.835616552923183,-0.5662731548133348,-0.14525798919017383,-0.421015165623161,2.025146367213737,-1.9675592667242614,2.8518833567652377
ARC15MIN,NTPC,2026-08-06 09:30:00,2026-08-06 09:45:00,Power & Utilities,Largecap,346.55,-0.014425851125221545,-0.44726590679555756,0.060834562035520054,-0.5081004688310776,0.2885586495455117,-0.4761217717501154,0.4141248271579181,-0.46169383927283647,0.08683933402229715,-0.5485331732951336,0.2885586495455117,-0.5338335016592199,0.47395910341101877,-0.908959746068394,0.03440240296883405,-0.943362149037228,0.2885586495455117,-0.9233876785456618,0.5373565043383307,-0.5049776367046621,0.04112076061260453,-0.5460983973172666,0.2885586495455117,-0.9810994084547775,0.6254181281279537,-0.403982109363743,-0.1577580698337947,-0.2462240395299483,0.2885586495455117,-0.9955273409320453,1.2322588837260067,-1.3850815178184983,0.029186741017014416,-1.4142682588355127,0.2885586495455117,-1.5726446400230798,1.7593970158729435,-2.207473669023241,-0.32310271133805973,-1.8843709576851813,0.2885586495455117,-3.231856874909822,2.762721941765462
ARC15MIN,TECHM,2026-08-06 09:30:00,2026-08-06 09:45:00,I.T,Largecap,1657.9,-0.02412108786105094,0.10857108390132097,0.060834562035520054,0.04773652186580092,0.12063453766812948,-0.3438084323541868,0.4141248271579181,-0.05428554195066049,0.08683933402229715,-0.14112487597295764,0.12063453766812948,-0.3438084323541868,0.47395910341101877,-0.3558718861210064,0.03440240296883405,-0.39027428908984046,0.12063453766812948,-0.5368236926232006,0.5373565043383307,-0.24126907533627007,0.04112076061260453,-0.28238983594887457,0.12063453766812948,-0.5368236926232006,0.6254181281279537,0.31968152482055867,-0.1577580698337947,0.47743959465435337,1.4234875444839812,-1.6225345316364104,1.2322588837260067,0.3257132517039629,0.029186741017014416,0.2965265106869485,1.4234875444839812,-1.6225345316364104,1.7593970158729435,-1.0796791121298055,-0.32310271133805973,-0.7565764007917457,1.4234875444839812,-2.159358224259611,2.762721941765462
ARC15MIN,LTF,2026-08-06 09:30:00,2026-08-06 09:45:00,Financials,Largecap,320.1,0.07816163826794842,0.0,0.060834562035520054,-0.060834562035520054,0.6560449859418727,-0.03124023742581139,0.4141248271579181,-0.1405810684161346,0.08683933402229715,-0.22742040243843176,0.6560449859418727,-0.21868166198064642,0.47395910341101877,-0.26554201811934686,0.03440240296883405,-0.2999444210881809,0.6560449859418727,-0.32802249297094743,0.5373565043383307,-0.5154639175257825,0.04112076061260453,-0.556584678138387,0.6560449859418727,-0.6560449859418949,0.6254181281279537,-2.467978756638556,-0.1577580698337947,-2.3102206868047612,0.6560449859418727,-3.4676663542642983,1.2322588837260067,-2.374258044361144,0.029186741017014416,-2.4034447853781584,0.6560449859418727,-4.561074664167453,1.7593970158729435,-1.515151515151525,-0.32310271133805973,-1.1920488038134651,0.6560449859418727,-4.561074664167453,2.762721941765462
ARC15MIN,DRREDDY,2026-08-06 10:00:00,2026-08-06 10:15:00,Healthcare,Largecap,1168.1,0.05996230940550351,-0.17977912849926891,0.03880172908345492,-0.21858085758272383,0.042804554404596296,-0.25682732642753336,0.2743487464838273,-0.3081927917130356,-0.023966218177030197,-0.2842265735360054,0.042804554404596296,-0.3081927917130356,0.3151701831782636,-0.10273093057099336,-0.020427964590008636,-0.08230296598098473,0.042804554404596296,-0.3081927917130356,0.38323833207379376,-0.23970550466568818,-0.11744759326014464,-0.12225791140554354,0.042804554404596296,-0.3081927917130356,0.4841815797499112,-0.42804554404588524,-0.23213979043308672,-0.19590575361279852,0.5136546528550667,-0.5136546528550667,1.1515066370058056,-0.04280455440458519,0.003630218155408628,-0.04643477255999382,0.9160174642582009,-0.5136546528550667,1.6741208136914107,3.02200154096397,-0.3642788634664055,3.3862804044303756,3.3130725109151715,-1.1129184145193038,2.6777941987532268
ARC15MIN,GODFRYPHLP,2026-08-06 10:00:00,2026-08-06 10:15:00,FMCG,Largecap,2295.0,-0.13054830287205776,0.1263616557734215,0.03880172908345492,0.0875599266899666,0.17429193899782813,-0.20915032679739154,0.2743487464838273,1.1503267973856257,-0.023966218177030197,1.1742930155626559,1.3289760348583979,-0.20915032679739154,0.3151701831782636,0.9150326797385588,-0.020427964590008636,0.9354606443285675,1.3289760348583979,-0.20915032679739154,0.38323833207379376,0.9847494553376857,-0.11744759326014464,1.1021970485978303,1.8867102396514346,-0.20915032679739154,0.4841815797499112,-0.4793028322440107,-0.23213979043308672,-0.247163041810924,1.8867102396514346,-0.6535947712418277,1.1515066370058056,0.0,0.003630218155408628,-0.003630218155408628,1.8867102396514346,-1.0457516339869244,1.6741208136914107,-5.19389978213507,-0.3642788634664055,-4.829620918668664,1.8867102396514346,-6.3180827886710205,2.6777941987532268
ARC15MIN,AXISBANK,2026-08-06 10:00:00,2026-08-06 10:15:00,Bank,Largecap,1249.6,-0.14383890043153658,0.376120358514731,0.03880172908345492,0.3373186294312761,0.544174135723452,-0.04001280409731134,0.2743487464838273,0.49615877080666504,-0.023966218177030197,0.5201249889836952,0.5681818181818343,-0.04001280409731134,0.3151701831782636,0.5761843790012877,-0.020427964590008636,0.5966123435912963,0.648207426376457,-0.04001280409731134,0.38323833207379376,0.6962227912932217,-0.11744759326014464,0.8136703845533664,0.7122279129321507,-0.04001280409731134,0.4841815797499112,-0.28809218950063276,-0.23213979043308672,-0.05595239906754604,0.78425096030732,-0.43213828425094913,1.1515066370058056,-0.6642125480153638,0.003630218155408628,-0.6678427661707724,0.78425096030732,-1.1683738796414822,1.6741208136914107,-2.432778489116505,-0.3642788634664055,-2.0684996256500994,0.78425096030732,-2.72087067861716,2.6777941987532268
ARC15MIN,BHARTIARTL,2026-08-06 10:00:00,2026-08-06 10:15:00,Telecom-Service,Largecap,1964.2,0.1019264091326022,-0.1018226249872689,0.03880172908345492,-0.14062435407072382,0.10691375623663735,-0.1018226249872689,0.2743487464838273,-0.061093574992365784,-0.023966218177030197,-0.03712735681533559,0.10691375623663735,-0.16800733122899203,0.3151701831782636,0.19346298747582313,-0.020427964590008636,0.21389095206583178,0.29528561246308094,-0.16800733122899203,0.38323833207379376,-0.14764280623155157,-0.11744759326014464,-0.030195212971406926,0.29528561246308094,-0.43783728744527517,0.4841815797499112,-1.0436819061195424,-0.23213979043308672,-0.8115421156864556,0.29528561246308094,-1.3186029935851828,1.1515066370058056,-0.9418592811322624,0.003630218155408628,-0.945489499287671,0.29528561246308094,-1.3186029935851828,1.6741208136914107,-0.13236941248345735,-0.3642788634664055,0.23190945098294813,0.29528561246308094,-3.2023215558497187,2.6777941987532268
ARC15MIN,PETRONET,2026-08-06 10:00:00,2026-08-06 10:15:00,Energy,Largecap,281.35,-0.0532859680284159,-0.01777145903678612,0.03880172908345492,-0.056573188120241036,0.21325750844143343,-0.15994313133109728,0.2743487464838273,0.0,-0.023966218177030197,0.023966218177030197,0.21325750844143343,-0.15994313133109728,0.3151701831782636,-0.1777145903678723,-0.020427964590008636,-0.15728662577786365,0.21325750844143343,-0.40874355784611405,0.38323833207379376,-0.05331437711036946,-0.11744759326014464,0.06413321614977519,0.21325750844143343,-0.40874355784611405,0.4841815797499112,-0.5686866891771891,-0.23213979043308672,-0.3365468987441024,0.21325750844143343,-2.114803625377659,1.1515066370058056,-1.1906877554647366,0.003630218155408628,-1.1943179736201452,0.21325750844143343,-2.114803625377659,1.6741208136914107,-1.5816598542740534,-0.3642788634664055,-1.2173809908076478,2.1503465434512092,-2.9678336591434262,2.6777941987532268
ARC15MIN,CROMPTON,2026-08-06 10:00:00,2026-08-06 10:15:00,Consumer Discretionary,Midcap,266.7,-0.16844469399213136,0.5811773528308972,0.03880172908345492,0.5423756237474423,1.1248593925759387,-0.07499062617172259,0.2743487464838273,0.5249343832021136,-0.023966218177030197,0.5489006013791438,1.1248593925759387,-0.07499062617172259,0.3151701831782636,0.35620547431569616,-0.020427964590008636,0.3766334389057048,1.1248593925759387,-0.07499062617172259,0.38323833207379376,0.7874015748031482,-0.11744759326014464,0.9048491680632929,1.1248593925759387,-0.07499062617172259,0.4841815797499112,-5.0993625796775355,-0.23213979043308672,-4.867222789244448,1.4435695538057791,-6.242969628796391,1.1515066370058056,-6.674165729283832,0.003630218155408628,-6.6777959474392405,1.4435695538057791,-7.105361829771272,1.6741208136914107,-7.855268091488565,-0.3642788634664055,-7.490989228022159,1.4435695538057791,-9.43007124109485,2.6777941987532268
ARC15MIN,AUROPHARMA,2026-08-06 10:15:00,2026-08-06 10:30:00,Healthcare,Largecap,1591.7,-0.33187226048840834,0.09423886410755422,-0.057009695824973526,0.15124855993252775,0.6219765031098667,-0.19476031915562908,0.2237541760344737,0.4334987748947583,-0.024246873021912505,0.45774564791667083,0.6219765031098667,-0.19476031915562908,0.265534984862632,0.5214550480618252,-0.09495240721303264,0.6164074552748579,0.6785198215744082,-0.19476031915562908,0.3464591067840948,0.33297731984669454,-0.10788762859178745,0.440864948438482,0.6785198215744082,-0.19476031915562908,0.44956239276366106,2.1612112835333264,-0.24683961590817974,2.408050899441506,2.456493057737008,-0.741345730979448,1.1329887744659382,4.27844443048313,0.11477778709155233,4.163666643391578,5.038637934284096,-0.741345730979448,1.666391718368503,5.107746434629634,-0.29677189113588753,5.404518325765522,5.698309983036998,-0.741345730979448,2.6441340560285753
ARC15MIN,SRF,2026-08-06 10:30:00,2026-08-06 10:45:00,Chemicals,Largecap,2635.0,-0.12129482222726917,0.30740037950662824,-0.028512882047893557,0.3359132615545218,0.314990512333968,-0.0037950664136587875,0.18850653879251048,0.36432637571157667,-0.05749973657275556,0.4218261122843322,0.36432637571157667,-0.0037950664136587875,0.23726875778149975,0.4819734345350879,-0.05433325814026268,0.5363066926753506,0.5692599620493288,-0.0037950664136587875,0.32955673004487024,0.07590132827324236,-0.1924634151356601,0.2683647434089025,0.5692599620493288,-0.03795066413662118,0.43594387848239213,-0.4098671726755265,-0.32742438844850397,-0.08244278422702256,0.5692599620493288,-0.5616698292220224,1.1211774426932473,-1.5066413662239042,0.059480634886966054,-1.5661220011108703,0.5692599620493288,-1.5825426944971466,1.680445135917708,-1.658444022770389,-0.21830259651666614,-1.4401414262537229,0.5692599620493288,-3.2258064516129004,2.627242223861531
ARC15MIN,BHARTIARTL,2026-08-06 10:45:00,2026-08-06 11:00:00,Telecom-Service,Largecap,1962.9,0.020382165605092872,0.25981965459269674,0.0013786328834477864,0.25844102170924893,0.36170971521727324,0.0,0.23468622673130016,-0.26491415762393,-0.04060584510767875,-0.22430831251625125,0.36170971521727324,-0.29038667278007413,0.29908562311483283,-0.07132304243721022,-0.10033941123805343,0.029016368800843212,0.36170971521727324,-0.3718987212797509,0.36471524174721953,-0.07132304243721022,-0.20861649778069202,0.1372934553434818,0.36170971521727324,-0.3718987212797509,0.4682916363790844,-0.6011513576850702,-0.21899200535984276,-0.38215935232522746,0.36170971521727324,-1.2532477456824176,1.1643609476583985,-0.866065515308978,0.09121994456139094,-0.957285459870369,0.36170971521727324,-1.2532477456824176,1.7425875449640975,-0.10189006062458761,-0.15037748556914235,0.04848742494455474,0.36170971521727324,-3.1382138672372606,2.688335209080622
ARC15MIN,SOLARINDS,2026-08-06 10:45:00,2026-08-06 11:00:00,Aerospace & Defence,Largecap,18618.0,-0.1501662554971528,0.03759802341820606,0.0013786328834477864,0.036219390534758276,0.085938339241598,-0.3168976259533829,0.23468622673130016,-0.01611343860780101,-0.04060584510767875,0.024492406499877738,0.2578150177247718,-0.3168976259533829,0.29908562311483283,-0.3437533569663809,-0.10033941123805343,-0.24341394572832745,0.2578150177247718,-0.5800837898807587,0.36471524174721953,-0.29541304114297784,-0.20861649778069202,-0.08679654336228582,0.3007841873455819,-0.5800837898807587,0.4682916363790844,-1.0957138253303245,-0.21899200535984276,-0.8767218199704817,0.3007841873455819,-1.1655387259641214,1.1643609476583985,0.010742292405208076,0.09121994456139094,-0.08047765215618287,0.5478569126651678,-1.2192501879901174,1.7425875449640975,2.9219035342141986,-0.15037748556914235,3.072281019783341,4.468793640562896,-1.2192501879901174,2.688335209080622
ARC15MIN,TECHM,2026-08-06 10:45:00,2026-08-06 11:00:00,I.T,Largecap,1652.0,-0.1390316145801873,0.10290556900727221,0.0013786328834477864,0.10152693612382442,0.11501210653752647,-0.15738498789346078,0.23468622673130016,0.08474576271186862,-0.04060584510767875,0.12535160781954738,0.11501210653752647,-0.15738498789346078,0.29908562311483283,0.05447941888621077,-0.10033941123805343,0.1548188301242642,0.13317191283293006,-0.15738498789346078,0.36471524174721953,-0.3631961259079941,-0.20861649778069202,-0.15457962812730208,0.13317191283293006,-0.39346246973365195,0.4682916363790844,-0.3026634382566562,-0.21899200535984276,-0.08367143289681345,1.7857142857142794,-1.2711864406779627,1.1643609476583985,-0.12711864406779183,0.09121994456139094,-0.21833858862918276,1.7857142857142794,-1.2711864406779627,1.7425875449640975,-0.01815980629539249,-0.15037748556914235,0.13221767927374986,1.7857142857142794,-1.8099273607748212,2.688335209080622
ARC15MIN,TIINDIA,2026-08-06 10:45:00,2026-08-06 11:00:00,Industrials,Largecap,2769.8,-0.2736372146611932,0.5668279298144174,0.0013786328834477864,0.5654492969309697,1.0181240522781465,0.0,0.23468622673130016,0.18773918694490188,-0.04060584510767875,0.22834503205258064,1.0181240522781465,0.0,0.29908562311483283,0.12275254531011193,-0.10033941123805343,0.22309195654816535,1.0181240522781465,0.0,0.36471524174721953,-0.35020579103185456,-0.20861649778069202,-0.14158929325116254,1.0181240522781465,-0.35020579103185456,0.4682916363790844,-0.7798396996173129,-0.21899200535984276,-0.5608476942574702,1.0181240522781465,-0.996461838399898,1.1643609476583985,1.2383565600404323,0.09121994456139094,1.1471366154790412,1.801574120875138,-0.996461838399898,1.7425875449640975,-0.48378944328110185,-0.15037748556914235,-0.33341195771195953,2.8341396490721316,-0.996461838399898,2.688335209080622
ARC15MIN,HYUNDAI,2026-08-06 11:00:00,2026-08-06 11:15:00,Auto,Largecap,2209.1,0.21775620378350347,0.4074057308406154,-0.07171669252785898,0.4791224233684743,0.6020551355755854,-0.04074057308406376,0.22080953901740255,0.5205739894074579,-0.026693821266562556,0.5472678106740205,0.6744828210583531,-0.04074057308406376,0.27396427919014277,0.5613145624915106,-0.1269526695470336,0.6882672320385441,0.6744828210583531,-0.04074057308406376,0.31928040789097045,0.8510253044226257,-0.20673169052287468,1.0577569949455004,0.8781856864786608,-0.04074057308406376,0.42685852138194763,0.01810692137069747,-0.26515410429505554,0.283261025665753,1.0818885518989685,-0.5930016748902256,1.1172215637367833,1.5662486985650315,-0.0028076980703681345,1.5690563966353996,1.9193336652935544,-0.6971164727717194,1.7101738492104621,0.6609026300303356,-0.23623334989943306,0.8971359799297687,2.933321262052435,-0.742383776198452,2.6480399140287827
ARC15MIN,LTF,2026-08-06 11:15:00,2026-08-06 11:30:00,Financials,Largecap,319.25,-0.07824726134585402,-0.25058731401723655,0.0010236743610636922,-0.25161098837830026,0.0783085356303781,-0.3915426781519238,0.25105293384769806,-0.36021926389975256,-0.10394563204415097,-0.2562736318556016,0.0783085356303781,-0.3915426781519238,0.2819905303016186,-0.28191072826937447,-0.05744573656831495,-0.22446499170105952,0.0783085356303781,-0.3915426781519238,0.34446243872781085,-0.1879404855129274,-0.17186879599815352,-0.01607168951477389,0.0783085356303781,-0.3915426781519238,0.4740054653061243,-3.148003132341426,-0.3260914829433623,-2.8219116493980634,0.2349256068911565,-3.4142521534847203,1.1331798479756305,-1.597494126859833,0.10795568801827507,-1.705449814878108,0.2349256068911565,-4.306969459671106,1.7304987078005096,-1.6444792482380621,-0.2361270304537887,-1.4083522177842736,0.2349256068911565,-4.306969459671106,2.675330150754738
ARC15MIN,KAYNES,2026-08-06 11:15:00,2026-08-06 11:30:00,Consumer Discretionary,Largecap,3870.7,-0.16249677585762345,-0.9455654016069404,0.0010236743610636922,-0.946589075968004,0.11109101712869496,-1.258170356783006,0.25105293384769806,-0.9429818895806963,-0.10394563204415097,-0.8390362575365453,0.11109101712869496,-1.258170356783006,0.2819905303016186,-0.640710982509618,-0.05744573656831495,-0.583265245941303,0.11109101712869496,-1.258170356783006,0.34446243872781085,-0.9998191541581547,-0.17186879599815352,-0.8279503581600012,0.11109101712869496,-1.258170356783006,0.4740054653061243,-0.6252099103521314,-0.3260914829433623,-0.29911842740876904,0.731133903428316,-1.258170356783006,1.1331798479756305,-2.9322861497920294,0.10795568801827507,-3.0402418378103047,0.731133903428316,-8.672849872116151,1.7304987078005096,-3.014958534631973,-0.2361270304537887,-2.7788315041781844,0.731133903428316,-8.672849872116151,2.675330150754738
ARC15MIN,MOTHERSON,2026-08-06 11:30:00,2026-08-06 11:45:00,Auto,Largecap,156.33,0.26938618433711703,-2.0277617859655983,-0.058598769242479296,-1.969163016723119,1.0618563295592631,-2.565086675622097,0.2466315516642235,-1.1706006524659474,-0.054095938499133384,-1.116504713966814,1.0618563295592631,-2.565086675622097,0.2717318323441289,-1.62476811872323,-0.09257245771770627,-1.5321956610055236,1.0618563295592631,-2.565086675622097,0.3558960780630157,-1.5991812192157617,-0.085317933167156,-1.5138632860486056,1.0618563295592631,-2.565086675622097,0.4831355257592626,7.394613957653662,-0.32802822761330513,7.722642185266967,8.072666794601147,-2.565086675622097,1.153442041652178,8.098253694108614,0.12545065592272286,7.972803038185891,10.023667882044386,-2.565086675622097,1.7676224547773947,7.43939103179172,-0.20237536428286312,7.641766396074583,10.023667882044386,-2.565086675622097,2.7093069411877164
ARC15MIN,TVSMOTOR,2026-08-06 11:30:00,2026-08-06 11:45:00,Auto,Largecap,4387.8,-0.3746338805258542,-0.30539222389353027,-0.058598769242479296,-0.24679345465105096,0.13674278681798935,-0.39655408177219353,0.2466315516642235,-0.18460276220430005,-0.054095938499133384,-0.13050682370516667,0.13674278681798935,-0.39655408177219353,0.2717318323441289,-0.013674278681807817,-0.09257245771770627,0.07889817903589845,0.18688180865125137,-0.39655408177219353,0.3558960780630157,-0.0957199507725881,-0.085317933167156,-0.010402017605432107,0.19371894799216083,-0.39655408177219353,0.4831355257592626,0.7794338848625681,-0.32802822761330513,1.1074621124758732,1.5998906057705486,-0.39655408177219353,1.153442041652178,1.237522220702858,0.12545065592272286,1.1120715647801351,1.9850494553078857,-0.39655408177219353,1.7676224547773947,-1.2147317562332005,-0.20237536428286312,-1.0123563919503373,1.9873285017548703,-1.6545877204977466,2.7093069411877164
ARC15MIN,YESBANK,2026-08-06 11:30:00,2026-08-06 11:45:00,Bank,Largecap,22.91,-0.0872219799389451,0.0,-0.058598769242479296,0.058598769242479296,0.08729812309036244,-0.04364906154518122,0.2466315516642235,-0.04364906154518122,-0.054095938499133384,0.010446876953952161,0.08729812309036244,-0.08729812309035134,0.2717318323441289,-0.04364906154518122,-0.09257245771770627,0.048923396172525044,0.08729812309036244,-0.13094718463553257,0.3558960780630157,-0.3491924923614276,-0.085317933167156,-0.2638745591942716,0.08729812309036244,-0.48013967699693794,0.4831355257592626,-0.8729812309035356,-0.32802822761330513,-0.5449530032902306,0.08729812309036244,-1.0912265386294195,1.153442041652178,-1.1785246617197709,0.12545065592272286,-1.3039753176424937,0.08729812309036244,-1.6586643387167088,1.7676224547773947,0.043649061545192325,-0.20237536428286312,0.24602442582805545,0.5674378000873004,-1.6586643387167088,2.7093069411877164
ARC15MIN,KPITTECH,2026-08-06 11:30:00,2026-08-06 11:45:00,I.T,Midcap,628.5,0.6727534839019667,0.17501988862371753,-0.058598769242479296,0.23361865786619684,0.2704852824184645,-0.07159904534607131,0.2466315516642235,0.055688146380283854,-0.054095938499133384,0.10978408487941724,0.2704852824184645,-0.07955449482895949,0.2717318323441289,-0.2943516308671512,-0.09257245771770627,-0.20177917314944493,0.3739061256960996,-0.3739061256961107,0.3558960780630157,-0.4773269689737458,-0.085317933167156,-0.39200903580658986,0.3739061256960996,-0.7955449482895838,0.4831355257592626,0.4057279236276745,-0.32802822761330513,0.7337561512409796,1.1137629276054106,-1.4001591089896515,1.153442041652178,0.9069212410501182,0.12545065592272286,0.7814705851273953,1.6388225934765188,-1.4001591089896515,1.7676224547773947,-1.8456642800318224,-0.20237536428286312,-1.6432889157489592,1.6388225934765188,-3.2617342879872724,2.7093069411877164
ARC15MIN,ADANIENT,2026-08-06 11:45:00,2026-08-06 12:00:00,Services,Largecap,3056.6,-0.042512835606145494,-0.3533337695478589,-0.10099552372636929,-0.2523382458214896,0.019629653863773022,-0.40240790420728034,0.15487009693971285,-0.31734607079760835,-0.05916671384170555,-0.2581793569559028,0.019629653863773022,-0.4645684747758838,0.21881637467150247,-0.5005561735261344,-0.21425474249877277,-0.2863014310273616,0.019629653863773022,-0.5790747889812153,0.28218898249368085,-0.6804946672773537,-0.09897894942475947,-0.5815157178525943,0.019629653863773022,-0.8113590263691628,0.4208977750148684,-1.0011123470522798,-0.30972917099588937,-0.6913831760563904,0.019629653863773022,-1.3937054243276847,1.0925980567542117,-1.8844467709219326,0.007395003843545641,-1.8918417747654783,0.019629653863773022,-2.836484983314791,1.7180926609929332,-3.242164496499378,-0.2409830622078039,-3.001181434291574,0.176666884773935,-4.050251913891245,2.6536226260316833
ARC15MIN,TIINDIA,2026-08-06 11:45:00,2026-08-06 12:00:00,Industrials,Largecap,2773.1,-0.06846846846847443,0.2812736648516223,-0.10099552372636929,0.3822691885779916,0.32094046374093743,-0.11178825141537896,0.15487009693971285,-0.18030363131513738,-0.05916671384170555,-0.12113691747343183,0.48321373192456996,-0.19472792182034793,0.21881637467150247,-0.4687894414193483,-0.21425474249877277,-0.25453469892057556,0.48321373192456996,-0.4687894414193483,0.28218898249368085,-0.6130323464714538,-0.09897894942475947,-0.5140533970466943,0.48321373192456996,-0.6130323464714538,0.4208977750148684,-0.540910893945401,-0.30972917099588937,-0.23118172294951167,0.48321373192456996,-1.1142764415275397,1.0925980567542117,1.071003570011908,0.007395003843545641,1.0636085661683623,1.6804298438570564,-1.1142764415275397,1.7180926609929332,-1.4748837041578033,-0.2409830622078039,-1.2339006419499994,2.711766614979627,-1.5109444304208353,2.6536226260316833
ARC15MIN,AUROPHARMA,2026-08-06 12:00:00,2026-08-06 12:15:00,Healthcare,Largecap,1592.0,-0.43154668834824994,0.3140703517587884,0.04481583271389047,0.26925451904489794,0.4145728643216051,-0.09422110552763652,0.22572707753885843,0.44597989949748396,-0.03561756385491211,0.48159746335239606,0.4962311557789034,-0.09422110552763652,0.27179680638856624,0.7474874371859341,-0.07731696190891824,0.8248043990948524,0.7474874371859341,-0.09422110552763652,0.3294291624383023,0.4082914572864249,0.009769712194396067,0.39852174509202887,0.7474874371859341,-0.09422110552763652,0.4947893894644187,3.4045226130653194,-0.1902306082904489,3.5947532213557682,3.4484924623115587,-0.7600502512562723,1.1629160034140198,3.4045226130653194,0.10498893434627274,3.2995336787190466,5.018844221105523,-0.7600502512562723,1.8076447835970952,4.842964824120588,-0.08142794285054236,4.92439276697113,5.678391959799001,-0.7600502512562723,2.7470313130606288
ARC15MIN,TECHM,2026-08-06 12:00:00,2026-08-06 12:15:00,I.T,Largecap,1653.0,-0.054416832940329396,-0.1270417422867487,0.04481583271389047,-0.17185757500063917,0.0604960677555999,-0.16333938294010864,0.22572707753885843,-0.33272837265577726,-0.03561756385491211,-0.29711080880086516,0.0604960677555999,-0.40532365396249714,0.27179680638856624,-0.5021173623714459,-0.07731696190891824,-0.42480040046252765,0.0604960677555999,-0.5989110707804057,0.3294291624383023,-0.9134906231094919,0.009769712194396067,-0.923260335303888,0.0604960677555999,-1.1010284331518516,0.4947893894644187,-1.1191772534785205,-0.1902306082904489,-0.9289466451880716,1.724137931034475,-1.330913490623109,1.1629160034140198,-0.5928614640048346,0.10498893434627274,-0.6978503983511074,1.724137931034475,-1.330913490623109,1.8076447835970952,-0.3085299455535373,-0.08142794285054236,-0.22710200270299494,1.724137931034475,-1.8693284936479149,2.7470313130606288
ARC15MIN,SWIGGY,2026-08-06 12:00:00,2026-08-06 12:15:00,I.T,Largecap,294.3,-0.9757738896365997,-0.3397893306150146,0.04481583271389047,-0.38460516332890504,0.10193679918450993,-0.5266734624532865,0.22572707753885843,-0.849473326537542,-0.03561756385491211,-0.8138557626826299,0.10193679918450993,-1.2232415902140747,0.27179680638856624,-1.4950730547060975,-0.07731696190891824,-1.4177560927971793,0.10193679918450993,-1.7499150526673612,0.3294291624383023,-1.4101257220523356,0.009769712194396067,-1.4198954342467316,0.10193679918450993,-1.919809717974863,0.4947893894644187,-3.635745837580695,-0.1902306082904489,-3.4455152292902462,0.10193679918450993,-4.858987427794769,1.1629160034140198,-4.638124362895013,0.10498893434627274,-4.743113297241286,0.10193679918450993,-6.557934080869865,1.8076447835970952,-4.909955827387014,-0.08142794285054236,-4.828527884536472,0.10193679918450993,-7.203533809038387,2.7470313130606288
ARC15MIN,TATAELXSI,2026-08-06 12:15:00,2026-08-06 12:30:00,I.T,Largecap,3743.9,-0.013353274222838163,-0.109511471994439,-0.04031869227375632,-0.06919277972068269,0.09348540292208884,-0.15758967921152278,0.2251802202921765,-0.3312054274953957,-0.11529575044131438,-0.21590967705408134,0.09348540292208884,-0.33387643900745223,0.25853644915631685,-0.3499025080798024,-0.07471054697361929,-0.2751919611061831,0.09348540292208884,-0.4407168994898347,0.36130308497520847,-0.07745933384972759,-0.049378760646403536,-0.02808057320332405,0.09348540292208884,-0.4594139800742636,0.4866623619023154,1.167232030770049,-0.19989758974394806,1.3671296205139971,1.495766446753377,-0.7425412003525755,1.1510061411462695,2.011271668580883,0.09969774805438787,1.911573920526495,3.0209140201394202,-0.7425412003525755,1.7998081880008365,0.7505542348887451,-0.05878364309437679,0.8093378779831218,3.0209140201394202,-1.5732257806031158,2.733733349738807
ARC15MIN,TATASTEEL,2026-08-06 12:15:00,2026-08-06 12:30:00,Metals & Mining,Largecap,190.79,-0.0628568435388388,-0.1519995806908092,-0.04031869227375632,-0.1116808884170529,0.03144818910845171,-0.30924052623303444,0.2251802202921765,-0.24634414801614213,-0.11529575044131438,-0.13104839757482775,0.03144818910845171,-0.30924052623303444,0.25853644915631685,-0.1519995806908092,-0.07471054697361929,-0.07728903371718993,0.03144818910845171,-0.3616541747471058,0.36130308497520847,-0.4455160123696178,-0.049378760646403536,-0.39613725172321423,0.03144818910845171,-0.5713087688034024,0.4866623619023154,-1.378478955920115,-0.19989758974394806,-1.1785813661761668,0.03144818910845171,-1.4833062529482577,1.1510061411462695,0.04717228366266646,0.09969774805438787,-0.05252546439172141,0.8176529168195446,-2.1175113999685524,1.7998081880008365,-3.4121285182661554,-0.05878364309437679,-3.3533448751717785,0.8176529168195446,-3.8419204360815473,2.733733349738807
ARC15MIN,SRF,2026-08-06 12:15:00,2026-08-06 12:30:00,Chemicals,Largecap,2637.8,-0.10603650685448995,-0.03032830388961516,-0.04031869227375632,0.00999038838414116,0.07961179771021065,-0.1061490636136253,0.2251802202921765,-0.16301463340663291,-0.11529575044131438,-0.04771888296531854,0.07961179771021065,-0.17059670937902283,0.25853644915631685,-0.14785048146183088,-0.07471054697361929,-0.0731399344882116,0.22746227917203043,-0.2122981272272506,0.36130308497520847,-0.5004170141784892,-0.049378760646403536,-0.4510382535320856,0.22746227917203043,-0.5421184320266947,0.4866623619023154,-0.5686556979300983,-0.19989758974394806,-0.36875810818615024,0.22746227917203043,-0.6672226855713226,1.1510061411462695,-1.5770718022594776,0.09969774805438787,-1.6767695503138655,0.22746227917203043,-1.6870119038592812,1.7998081880008365,-1.7552505876108904,-0.05878364309437679,-1.6964669445165135,0.22746227917203043,-3.3285313518841564,2.733733349738807
ARC15MIN,BAJAJFINSV,2026-08-06 12:15:00,2026-08-06 12:30:00,Financials,Largecap,2086.2,0.18248175182480342,-0.05272744703287424,-0.04031869227375632,-0.012408754759117922,0.18214936247724633,-0.12462851116862295,0.2251802202921765,-0.08148787268716928,-0.11529575044131438,0.033807877754145094,0.18214936247724633,-0.18214936247721303,0.25853644915631685,0.3690921292301974,-0.07471054697361929,0.4438026762038167,0.4505800019173556,-0.18214936247721303,0.36130308497520847,0.6710765986003286,-0.049378760646403536,0.7204553592467322,0.757357875563236,-0.18214936247721303,0.4866623619023154,-4.36679129517783,-0.19989758974394806,-4.166893705433882,0.8052919183203944,-4.5153868277250435,1.1510061411462695,-2.7657942670884728,0.09969774805438787,-2.8654920151428604,0.8052919183203944,-4.70712299875371,1.7998081880008365,-2.789761288467063,-0.05878364309437679,-2.730977645372686,0.8052919183203944,-4.70712299875371,2.733733349738807
ARC15MIN,DIXON,2026-08-06 12:30:00,2026-08-06 12:45:00,Consumer Discretionary,Largecap,14246.0,-0.028070175438599243,-0.22462445598764313,-0.1563974155036851,-0.06822704048395803,0.08423417099536756,-0.23866348448687846,0.15138052891521117,-0.3439561982310879,-0.12314124622685559,-0.22081495200423235,0.08423417099536756,-0.37905376947915403,0.19613334759387852,-0.322897655482246,-0.07446164281645351,-0.24843601266579252,0.08423417099536756,-0.49136599747297005,0.29760690771038967,-0.44924891197528627,-0.14911656551590405,-0.30013234645938225,0.08423417099536756,-0.49136599747297005,0.4240494120167288,-0.8072441387055984,-0.2286651501914084,-0.57857898851419,0.33693668398147025,-0.8072441387055984,1.1088154719920833,-0.4422293977256797,0.10056770933637242,-0.5427971070620521,0.33693668398147025,-1.7197809911554174,1.7560714068422758,-1.8320932191492334,-0.14758051192269225,-1.6845127072265411,0.33693668398147025,-4.218728064017974,2.6871150047012202
ARC15MIN,SIEMENS,2026-08-06 12:45:00,2026-08-06 13:00:00,Industrials,Largecap,3970.0,-0.18856065367692798,-0.14609571788413156,-0.04308768686866309,-0.10300803101546846,0.13350125944584512,-0.32493702770780564,0.19573337517945258,-0.21914357682619734,-0.035683709863568364,-0.18345986696262898,0.13350125944584512,-0.32493702770780564,0.27412768042319713,-0.15113350125944836,0.03882913211280278,-0.18996263337225114,0.13350125944584512,-0.45340050377833396,0.35162824435515144,-0.37783375314861534,-0.1291226637417795,-0.24871108940683584,0.13350125944584512,-0.4911838790932044,0.4875940993505351,-0.5365239294710333,-0.10421256708301394,-0.43231136238801937,0.3652392947103289,-1.0075566750629705,1.169313356962623,-0.42569269521410824,0.22736466839831773,-0.653057363612426,0.569269521410587,-1.544080604534015,1.8318089558327901,0.14105793450880366,0.025814703019219266,0.1152432314895844,3.221662468513853,-2.906801007556681,2.761796824075691
ARC15MIN,MOTHERSON,2026-08-06 12:45:00,2026-08-06 13:00:00,Auto,Largecap,153.79,-0.1493312556810955,0.42915664217439975,-0.04308768686866309,0.47224432904306285,0.4551661356395176,-0.07802848039534238,0.19573337517945258,0.33812341504650956,-0.035683709863568364,0.37380712491007795,0.4941803758371943,-0.07802848039534238,0.27412768042319713,-0.17556408088951203,0.03882913211280278,-0.21439321300231481,0.4941803758371943,-0.17556408088951203,0.35162824435515144,0.1365498406918686,-0.1291226637417795,0.2656725044336481,0.5266922426685694,-0.41615189544182973,0.4875940993505351,9.174848819819248,-0.10421256708301394,9.279061386902262,9.857598023278502,-0.41615189544182973,1.169313356962623,9.825086156447105,0.22736466839831773,9.597721488048787,11.840821899993514,-0.41615189544182973,1.8318089558327901,9.077313219325056,0.025814703019219266,9.051498516305838,11.840821899993514,-0.41615189544182973,2.761796824075691
ARC15MIN,ADANIPORTS,2026-08-06 12:45:00,2026-08-06 13:00:00,Transportation,Largecap,1699.3,-0.04117647058823337,-0.07650208909550926,-0.04308768686866309,-0.03341440222684617,0.1588889542752936,-0.1941976107809107,0.19573337517945258,-0.25304537162360585,-0.035683709863568364,-0.2173616617600375,0.1588889542752936,-0.3295474607191151,0.27412768042319713,-0.23539104337080285,0.03882913211280278,-0.27422017548360567,0.1588889542752936,-0.48255163891014474,0.35162824435515144,-0.20008238686517466,-0.1291226637417795,-0.07095972312339516,0.1588889542752936,-0.6237862649326131,0.4875940993505351,-1.1063379038427579,-0.10421256708301394,-1.002125336759744,0.1765432825280966,-1.2122638733596092,1.169313356962623,-1.0945683516742188,0.22736466839831773,-1.3219330200725365,0.1765432825280966,-1.5418113340787465,1.8318089558327901,-2.83646207261814,0.025814703019219266,-2.8622767756373593,0.24127581945507792,-3.466133113635017,2.761796824075691
ARC15MIN,GRASIM,2026-08-06 13:00:00,2026-08-06 13:15:00,Textiles,Largecap,3188.1,-0.5490220544654756,0.3889463944041882,0.040663065581435585,0.34828332882275265,0.5112763087732564,-0.10037326307203998,0.29777819448616305,0.37012640757818627,0.08192408535717084,0.28820232222101544,0.5112763087732564,-0.10037326307203998,0.3378440474861797,0.8123960979893985,0.12034778406154197,0.6920483139278565,0.8688560584674265,-0.10037326307203998,0.43670264675090326,0.0125466578840161,-0.0723351757825794,0.0848818336665955,1.0005959662494845,-0.15996988802107204,0.8848552657862723,3.274677707725604,-0.08917645066338988,3.363854158388994,3.384460964210656,-0.15996988802107204,1.239689304044562,6.662275336407264,0.25859140870540914,6.403683927701855,6.994761770333424,-0.15996988802107204,1.9012283641244012,1.9698252877889733,0.044850869519864764,1.9249744182691084,6.994761770333424,-0.15996988802107204,2.840511708291186
ARC15MIN,MANAPPURAM,2026-08-06 13:00:00,2026-08-06 13:15:00,Financials,Largecap,364.0,-0.08234971177600858,-0.219780219780219,0.040663065581435585,-0.26044328536165456,0.0,-0.38461538461538325,0.29777819448616305,0.0,0.08192408535717084,-0.08192408535717084,0.05494505494505475,-0.38461538461538325,0.3378440474861797,-0.17857142857141683,0.12034778406154197,-0.2989192126329588,0.05494505494505475,-0.38461538461538325,0.43670264675090326,-0.8516483516483597,-0.0723351757825794,-0.7793131758657803,0.27472527472527375,-1.5109890109890056,0.8848552657862723,0.12362637362637319,-0.08917645066338988,0.21280282428976305,0.39835164835164694,-1.5109890109890056,1.239689304044562,1.1813186813186771,0.25859140870540914,0.922727272613268,2.0879120879121027,-1.5109890109890056,1.9012283641244012,-4.958791208791213,0.044850869519864764,-5.003642078311078,2.4862637362637496,-5.233516483516487,2.840511708291186
ARC15MIN,DIXON,2026-08-06 13:00:00,2026-08-06 13:15:00,Consumer Discretionary,Largecap,14214.0,-0.1405086412814338,-0.10552975939215337,0.040663065581435585,-0.14619282497358896,0.21809483607710956,-0.2673420571267737,0.29777819448616305,-0.09849444209933944,0.08192408535717084,-0.18041852745651027,0.21809483607710956,-0.2673420571267737,0.3378440474861797,0.0,0.12034778406154197,-0.12034778406154197,0.21809483607710956,-0.2673420571267737,0.43670264675090326,-0.1758829323202482,-0.0723351757825794,-0.1035477565376688,0.4643309413254526,-0.5417194315463614,0.8848552657862723,-0.7738849022090877,-0.08917645066338988,-0.6847084515456978,0.5628253834248031,-0.8020261713803323,1.239689304044562,-0.19698888419867888,0.25859140870540914,-0.455580292904088,0.5628253834248031,-1.4985225833685112,1.9012283641244012,-1.3648515548051243,0.044850869519864764,-1.4097024243249892,0.5628253834248031,-4.003095539608836,2.840511708291186
ARC15MIN,BAJFINANCE,2026-08-06 13:15:00,2026-08-06 13:30:00,Financials,Largecap,1151.5,0.08691873098651826,0.15631784628744594,0.04367125523985546,0.11264659104759048,0.2257924446374293,-0.12158054711246535,0.24733323100011023,0.19105514546244873,0.07686679115603835,0.11418835430641038,0.2778983933999113,-0.12158054711246535,0.30851757816908604,0.008684324793728493,0.02748002327476326,-0.018795698481034767,0.39079461571862595,-0.12158054711246535,0.3993345598425328,-4.59400781589232,0.00018751195899712784,-4.594195327851318,0.39079461571862595,-5.775075987841949,0.896889369200966,-6.252713851498049,-0.1404390764121504,-6.112274775085899,0.39079461571862595,-6.365610073816752,1.215128329118051,-4.646113764654802,0.16929353471470632,-4.815407299369508,0.39079461571862595,-7.008250108554059,1.8536498053457393,-5.592705167173262,0.01991784148128008,-5.612623008654542,0.39079461571862595,-7.008250108554059,2.8120961667903703
ARC15MIN,BOSCHLTD,2026-08-06 13:15:00,2026-08-06 13:30:00,Auto,Largecap,42190.0,-0.0710563713879675,-0.0711068973690443,0.04367125523985546,-0.11477815260889976,0.0711068973690443,-0.2725764399146735,0.24733323100011023,0.11851149561508123,0.07686679115603835,0.04164470445904288,0.16591609386109596,-0.2725764399146735,0.30851757816908604,0.1422137947380886,0.02748002327476326,0.11473377146332533,0.30812988859918455,-0.2725764399146735,0.3993345598425328,0.6873666745674356,0.00018751195899712784,0.6871791626084385,1.0310500118511534,-0.2725764399146735,0.896889369200966,0.7466224223749762,-0.1404390764121504,0.8870614987871266,1.090305759658694,-0.45034368333728425,1.215128329118051,2.097653472386818,0.16929353471470632,1.9283599376721114,2.8679781938848015,-0.45034368333728425,1.8536498053457393,10.429011614126571,0.01991784148128008,10.40909377264529,12.076321403176117,-0.45034368333728425,2.8120961667903703
ARC15MIN,ULTRACEMCO,2026-08-06 13:15:00,2026-08-06 13:30:00,Building Materials,Largecap,12100.0,0.08271298593878207,-0.008264462809914885,0.04367125523985546,-0.051935718049770346,0.12396694214875659,-0.19834710743801276,0.24733323100011023,-0.06611570247934129,0.07686679115603835,-0.14298249363537963,0.12396694214875659,-0.19834710743801276,0.30851757816908604,-0.10743801652892682,0.02748002327476326,-0.13491803980369008,0.12396694214875659,-0.19834710743801276,0.3993345598425328,-0.98347107438016,0.00018751195899712784,-0.9836585863391571,0.13223140495868257,-1.074380165289257,0.896889369200966,-0.8347107438016477,-0.1404390764121504,-0.6942716673894973,0.13223140495868257,-1.074380165289257,1.215128329118051,0.09090909090909705,0.16929353471470632,-0.07838444380560927,0.19834710743802386,-1.4793388429752086,1.8536498053457393,-3.520661157024796,0.01991784148128008,-3.540578998506076,0.19834710743802386,-4.380165289256199,2.8120961667903703
ARC15MIN,CGPOWER,2026-08-06 13:45:00,2026-08-06 14:00:00,Industrials,Largecap,878.35,0.005692815666646922,0.034154949621445496,0.034369965848415576,-0.00021501622697008005,0.1480047816929453,-0.15938976490009749,0.2500950992712933,-0.005692491603581651,-0.020092537071529346,0.014400045467947695,0.2675471053680267,-0.15938976490009749,0.2929537889879018,-0.2675471053680267,-0.1389521414305685,-0.12859496393745823,0.2675471053680267,-0.358626971025211,0.3738913823330572,-0.5578641771503356,-0.07056055735037056,-0.48730361979996506,0.2675471053680267,-0.6774065008254171,0.9080663515103996,-0.06261740763933155,-0.16402741015193542,0.10141000251260388,0.2675471053680267,-0.9506460977970033,1.170114370188676,0.13661979848578198,0.019398397117739736,0.11722140136804225,0.40985939545739036,-1.149883303922128,1.7957332684245273,0.415551887060972,-0.369629627790955,0.785181514851927,1.838674787954675,-1.4174304092901546,2.8080596536863935
ARC15MIN,MOTHERSON,2026-08-06 13:45:00,2026-08-06 14:00:00,Auto,Largecap,153.83,-0.3110621476249076,-0.37053890658520494,0.034369965848415576,-0.4049088724336205,0.045504778001692614,-0.4420464148735648,0.2500950992712933,0.2730286680101335,-0.020092537071529346,0.29312120508166284,0.3185334460118261,-0.4420464148735648,0.2929537889879018,0.11051160371837732,-0.1389521414305685,0.24946374514894581,0.5005525580185743,-0.4420464148735648,0.3738913823330572,6.9752323994019205,-0.07056055735037056,7.045792956752291,7.163752193980355,-0.4420464148735648,0.9080663515103996,9.998049795228493,-0.16402741015193542,10.162077205380427,10.12156276409022,-0.4420464148735648,1.170114370188676,9.47799518949488,0.019398397117739736,9.45859679237714,11.811740232724421,-0.4420464148735648,1.7957332684245273,8.827926932327879,-0.369629627790955,9.197556560118834,11.811740232724421,-0.4420464148735648,2.8080596536863935
ARC15MIN,CROMPTON,2026-08-06 13:45:00,2026-08-06 14:00:00,Consumer Discretionary,Midcap,267.9,-0.4644250417982554,0.1679731243001248,0.034369965848415576,0.13360315845170923,0.2426278462112963,-0.09331840238895328,0.2500950992712933,0.09331840238895328,-0.020092537071529346,0.11341093946048263,0.2986188876446416,-0.09331840238895328,0.2929537889879018,0.149309443822343,-0.1389521414305685,0.2882615852529115,0.4106009705113989,-0.09331840238895328,0.3738913823330572,-5.375139977603571,-0.07056055735037056,-5.304579420253201,0.7838745800671898,-6.662933930571091,0.9080663515103996,-6.4949608062709885,-0.16402741015193542,-6.330933396119053,0.7838745800671898,-6.681597611048895,1.170114370188676,-7.913400522583047,0.019398397117739736,-7.932798919700787,0.7838745800671898,-8.15602836879431,1.7957332684245273,-8.398656215005584,-0.369629627790955,-8.029026587214629,0.7838745800671898,-9.835759611795435,2.8080596536863935
ARC15MIN,KPITTECH,2026-08-06 13:45:00,2026-08-06 14:00:00,I.T,Midcap,625.5,0.12806146950534725,0.12789768185450523,0.034369965848415576,0.09352771600608965,0.23980815347721673,-0.2717825739408597,0.2500950992712933,-0.1119104716227115,-0.020092537071529346,-0.09181793455118216,0.23980815347721673,-0.2717825739408597,0.2929537889879018,-0.6155075939248689,-0.1389521414305685,-0.47655545249430037,0.23980815347721673,-0.9272581934452351,0.3738913823330572,0.5355715427658003,-0.07056055735037056,0.6061321001161709,1.5987210231814597,-0.9272581934452351,0.9080663515103996,1.0391686650679466,-0.16402741015193542,1.203196075219882,1.8784972022382052,-0.9272581934452351,1.170114370188676,0.48760991207033033,0.019398397117739736,0.4682115149525906,2.1262989608313188,-0.9272581934452351,1.7957332684245273,-1.3589128697042319,-0.369629627790955,-0.9892832419132769,2.1262989608313188,-2.7977617905675434,2.8080596536863935
ARC15MIN,OFSS,2026-08-06 14:00:00,2026-08-06 14:15:00,I.T,Largecap,11715.0,-0.19594479468393322,-0.034144259496371454,-0.05071848873012232,0.01657422923375087,0.21340162185232714,-0.08536064874092864,0.21455072299024575,-0.06828851899274291,-0.10929293204312623,0.041004413050383326,0.21340162185232714,-0.20486555697822872,0.25350672355067244,-0.04268032437046987,-0.18885756899671372,0.14617724462624385,0.5206999573196702,-0.6231327358087957,0.696140149368992,-0.41826717883055586,-0.21819643826873253,-0.20007074056182333,0.5206999573196702,-0.6231327358087957,0.8646159096810242,0.11096884336321278,-0.17533170671008771,0.28630055007330046,0.5548442168160417,-1.2206572769953072,1.1316021018949798,0.7084933845497243,-0.024776560255217524,0.7332699448049419,1.6816047801963219,-1.2206572769953072,1.7538935093938262,-3.2607767819035405,-0.3440726076355158,-2.9167041742680246,2.1596244131455444,-3.388817755014939,2.7814858088829784
ARC15MIN,DIVISLAB,2026-08-06 14:00:00,2026-08-06 14:15:00,Healthcare,Largecap,8365.0,-0.15516829792313613,-0.4303646144650286,-0.05071848873012232,-0.3796461257349063,0.08368200836819106,-0.47220561864913524,0.21455072299024575,-0.5020920502092019,-0.10929293204312623,-0.39279911816607566,0.08368200836819106,-0.5319784817692796,0.25350672355067244,-0.6037059175134529,-0.18885756899671372,-0.41484834851673924,0.08368200836819106,-1.2133891213389147,0.696140149368992,-0.9025702331141638,-0.21819643826873253,-0.6843737948454314,0.08368200836819106,-1.2133891213389147,0.8646159096810242,-1.1356843992827215,-0.17533170671008771,-0.9603526925726338,0.08368200836819106,-1.57202630005977,1.1316021018949798,-0.7710699342498462,-0.024776560255217524,-0.7462933739946286,0.08368200836819106,-1.57202630005977,1.7538935093938262,2.3371189479976184,-0.3440726076355158,2.6811915556331343,3.6939629408248686,-1.57202630005977,2.7814858088829784
ARC15MIN,ABB,2026-08-06 14:15:00,2026-08-06 14:30:00,Industrials,Largecap,7722.0,-0.09056799068443144,0.15540015540016494,-0.11729289193558261,0.27269304733574756,0.2978502978502995,0.0,0.19125767128560717,0.05180005180005498,-0.17762640229008358,0.22942645409013857,0.2978502978502995,-0.08417508417508657,0.2446018126038545,-1.5086765086765097,-0.0867738236178612,-1.4219026850586485,0.2978502978502995,-1.7676767676767624,0.7205731820175958,-1.5151515151515138,-0.12576576833604988,-1.389385746815464,0.2978502978502995,-1.8389018389018408,0.8638115161169465,-1.7288267288267267,-0.1426064388634239,-1.5862202899633029,0.2978502978502995,-1.8389018389018408,1.1316451906362655,-0.6475006475006428,-0.08523192782595018,-0.5622687196746927,0.2978502978502995,-2.4216524216524205,1.7315632921690254,0.34965034965035446,-0.27943774680941896,0.6290880964597734,0.8029008029007967,-2.4216524216524205,2.759150040121019
ARC15MIN,CGPOWER,2026-08-06 14:15:00,2026-08-06 14:30:00,Industrials,Largecap,879.55,0.12522055893902095,-0.09095560229662736,-0.11729289193558261,0.02633728963895525,0.13074867830140668,-0.25581263145927347,0.19125767128560717,-0.40361548519128876,-0.17762640229008358,-0.22598908290120517,0.13074867830140668,-0.494571087487905,0.2446018126038545,-0.13643340344493549,-0.0867738236178612,-0.04965957982707428,0.13074867830140668,-0.8129156955261174,0.7205731820175958,-0.5627877892103839,-0.12576576833604988,-0.43702202087433395,0.13074867830140668,-0.9379796486839842,0.8638115161169465,-0.0056847251435288015,-0.1426064388634239,0.1369217137198951,0.13074867830140668,-1.0857825024159995,1.1316451906362655,-0.06821670172245664,-0.08523192782595018,0.01701522610349354,0.2728668068898932,-1.284747882439874,1.7315632921690254,0.4718321869137787,-0.27943774680941896,0.7512699337231976,1.6997328179182647,-1.5519299641862272,2.759150040121019
ARC15MIN,GAIL,2026-08-06 14:15:00,2026-08-06 14:30:00,Energy,Largecap,175.84,-0.039793076004768224,-0.1080527752502225,-0.11729289193558261,0.009240116685360109,0.03980891719745916,-0.15923566878981443,0.19125767128560717,-0.05118289353958083,-0.17762640229008358,0.12644350875050275,0.03980891719745916,-0.4777070063694322,0.2446018126038545,-1.0748407643312197,-0.0867738236178612,-0.9880669407133584,0.2502274795268322,-1.3136942675159302,0.7205731820175958,-1.2454504094631447,-0.12576576833604988,-1.1196846411270949,0.2502274795268322,-1.7231574158325769,0.8638115161169465,-1.984758871701553,-0.1426064388634239,-1.8421524328381291,0.2502274795268322,-2.1838034576888155,1.1316451906362655,-2.820746132848051,-0.08523192782595018,-2.735514205022101,0.2502274795268322,-3.3098271155595937,1.7315632921690254,-1.228389444949951,-0.27943774680941896,-0.9489516981405322,0.2616014558689761,-3.3098271155595937,2.759150040121019
ARC15MIN,BPCL,2026-08-06 14:30:00,2026-08-06 14:45:00,Energy,Largecap,324.65,-0.1691266912669187,0.1078084090559095,-0.1191837581639451,0.2269921672198546,0.38503003234251487,-0.10780840905589839,0.2303514041228595,-0.8778684737409392,-0.1392391888545678,-0.7386292848863715,0.38503003234251487,-1.2474973047897575,0.6846848712235346,-0.9394732789157367,0.014407341482598965,-0.9538806203983357,0.38503003234251487,-1.2474973047897575,0.8243150722238797,-0.7238564608039288,-0.050643528262229516,-0.6732129325416993,0.38503003234251487,-1.4169105190204756,0.9401386081474499,-1.7557369474819007,-0.08236350763128986,-1.6733734398506108,0.38503003234251487,-2.325581395348819,1.1819277670186983,-2.3101801940551336,-0.11810335440264143,-2.192076839652492,0.38503003234251487,-3.0032342522716804,1.949567629011477,-2.325581395348819,-0.19540098778387016,-2.130180407564949,0.38503003234251487,-4.312336362236257,2.822351724047039
ARC15MIN,PREMIERENE,2026-08-06 14:30:00,2026-08-06 14:45:00,Services,Largecap,1037.4,-0.19241870309794074,0.3470213996529692,-0.1191837581639451,0.4662051578169143,0.424137266242508,0.0,0.2303514041228595,-1.1278195488721887,-0.1392391888545678,-0.988580360017621,1.3109697320223601,-1.330248698669756,0.6846848712235346,-0.8386350491613737,0.014407341482598965,-0.8530423906439726,1.3109697320223601,-1.484480431848867,0.8243150722238797,1.9375361480624465,-0.050643528262229516,1.988179676324676,2.419510314247142,-1.484480431848867,0.9401386081474499,1.021785232311534,-0.08236350763128986,1.1041487399428238,2.4677077308656203,-1.484480431848867,1.1819277670186983,0.424137266242508,-0.11810335440264143,0.5422406206451494,2.4677077308656203,-1.484480431848867,1.949567629011477,-1.7447464815885994,-0.19540098778387016,-1.5493454938047293,2.4677077308656203,-2.1206863312126623,2.822351724047039
ARC15MIN,GODFRYPHLP,2026-08-06 14:45:00,2026-08-06 15:00:00,FMCG,Largecap,2302.0,-0.12581890754479463,-0.8384013900955778,-0.0903349794037143,-0.7480664106918635,0.2172024326672517,-0.8688097306689846,0.688074724491387,-0.39096437880103974,0.020382357878525645,-0.4113467366795654,0.2172024326672517,-0.9209383145091121,0.7574889154808839,-0.573414422241525,-0.002266797300372399,-0.5711476249411526,0.2172024326672517,-0.9209383145091121,0.8576524696859488,-0.6429192006950579,-0.07781454557928848,-0.5651046551157695,0.2172024326672517,-0.9556907037358786,0.9619948814610916,-1.0947002606429113,0.04521448787683951,-1.1399147485197507,0.3388357949609011,-1.3466550825369294,1.4388294741506276,-2.4543874891398754,-0.1325231116590506,-2.321864377480825,0.3388357949609011,-2.632493483927012,1.9997288653060992,-6.320590790616853,-0.1945655570135454,-6.126025233603308,0.3388357949609011,-6.828844483058205,2.8559428298231717
ARC15MIN,APLAPOLLO,2026-08-06 14:45:00,2026-08-06 15:00:00,Industrials,Largecap,1955.9,-0.17353136324196328,0.3681169793956718,-0.0903349794037143,0.45845195879938605,0.6442047139424201,-0.5112735824939874,0.688074724491387,-0.1687202822230227,0.020382357878525645,-0.18910264010154837,0.6442047139424201,-0.5112735824939874,0.7574889154808839,0.03578915077457889,-0.002266797300372399,0.038055948074951294,0.6442047139424201,-0.6851066005419515,0.8576524696859488,0.005112735824930326,-0.07781454557928848,0.0829272814042188,0.6442047139424201,-0.6851066005419515,0.9619948814610916,0.16360754639805908,0.04521448787683951,0.11839305852121956,0.9714198067385826,-0.6851066005419515,1.4388294741506276,2.7148627230430877,-0.1325231116590506,2.847385834702138,3.6351551715322783,-0.6851066005419515,1.9997288653060992,5.138299504064614,-0.1945655570135454,5.332865061078159,5.987013651004647,-0.6851066005419515,2.8559428298231717
ARC15MIN,MOTHERSON,2026-08-06 15:00:00,2026-08-07 09:15:00,Auto,Largecap,155.17,0.8579785505362425,5.187858477798546,0.20570930592116854,4.982149171877378,5.561642069987771,0.0,0.8172880659628131,5.825868402397383,0.2487332280541073,5.577135174343275,6.077205645421158,0.0,0.8955052680775153,7.211445511374648,0.06457754367528223,7.146867967699365,7.230779145453381,0.0,0.9364981794067386,7.8494554359734625,0.1558418826618657,7.693613553311597,8.880582586840235,0.0,1.0424948377441028,9.235032544950705,0.020945676188450068,9.214086868762255,10.84616871818007,0.0,1.5481957986805905,8.345685377328094,0.0951868627482361,8.250498514579858,10.84616871818007,0.0,2.120340569488082,8.261906296320177,-0.11753414330782436,8.379440439628002,10.84616871818007,0.0,2.978489477354125
ARC15MIN,OFSS,2026-08-06 15:00:00,2026-08-07 09:15:00,I.T,Largecap,11650.0,-0.4868881865550567,0.8412017167382047,0.20570930592116854,0.6354924108170361,1.0815450643776758,0.0,0.8172880659628131,0.6094420600858408,0.2487332280541073,0.3607088320317335,1.0815450643776758,0.0,0.8955052680775153,0.13733905579398353,0.06457754367528223,0.0727615121187013,1.0815450643776758,0.0,0.9364981794067386,-0.30901287553648515,0.1558418826618657,-0.46485475819835087,1.0815450643776758,-0.669527896995703,1.0424948377441028,0.8154506437768161,0.020945676188450068,0.794504967588366,2.2489270386266025,-0.669527896995703,1.5481957986805905,1.93133047210301,0.0951868627482361,1.8361436093547738,2.7296137339055893,-0.669527896995703,2.120340569488082,0.14592274678111306,-0.11753414330782436,0.2634568900889374,2.7296137339055893,-2.849785407725325,2.978489477354125
ARC15MIN,SAIL,2026-08-07 09:15:00,2026-08-07 09:30:00,Metals & Mining,Largecap,176.33,-0.15288788221969885,0.11342369420972442,0.15002350614157042,-0.036599811931846,0.2949016049452524,-0.30057278965576195,0.47651197306927817,0.039698292973389115,0.08441318818609884,-0.04471489521270973,0.2949016049452524,-0.30057278965576195,0.5271258136832843,-0.15879317189361197,0.06770408502786314,-0.2264972569214751,0.2949016049452524,-0.4026541144445117,0.6018434464662886,-0.1077525094992482,0.042165593494554794,-0.14991810299380298,0.2949016049452524,-0.4026541144445117,0.7187450090109693,1.582260534225588,0.03652341135722395,1.545737122868364,1.7864231838030875,-0.975443770203599,1.3075127769114407,-1.9622299098281726,-0.03858819463743524,-1.9236417151907372,2.1437078205637228,-4.463222367152497,1.906513044526628,-5.841320251800608,-0.3300227927528292,-5.511297459047779,2.1437078205637228,-9.981285090455405,2.787256578243825
ARC15MIN,DRREDDY,2026-08-07 09:15:00,2026-08-07 09:30:00,Healthcare,Largecap,1171.5,0.4716981132075526,-0.2987622705932558,0.15002350614157042,-0.4487857767348262,0.0,-0.40119504908238124,0.47651197306927817,-0.5121638924455829,0.08441318818609884,-0.5965770806316818,0.0,-0.537772087067856,0.5271258136832843,-0.7170294494238227,0.06770408502786314,-0.7847335344516859,0.0,-0.8023900981647514,0.6018434464662886,-0.6316688006828941,0.042165593494554794,-0.673834394177449,0.0,-0.8023900981647514,0.7187450090109693,-0.3243704652155288,0.03652341135722395,-0.36089387657275274,0.6231327358087846,-0.8023900981647514,1.3075127769114407,-1.143832693128477,-0.03858819463743524,-1.1052444984910417,0.6231327358087846,-1.3230900554844216,1.906513044526628,2.432778489116516,-0.3300227927528292,2.7628012818693453,3.1241997439180436,-1.399914639351263,2.787256578243825
ARC15MIN,BHARATFORG,2026-08-07 09:15:00,2026-08-07 09:30:00,Industrials,Largecap,2217.6,0.34843205574912606,-0.08116883116882079,0.15002350614157042,-0.2311923373103912,0.18939393939394478,-0.26154401154400153,0.47651197306927817,-0.2660533910534002,0.08441318818609884,-0.35046657923949903,0.18939393939394478,-0.401334776334783,0.5271258136832843,1.113816738816742,0.06770408502786314,1.0461126537888787,1.1904761904761862,-0.401334776334783,0.6018434464662886,0.658369408369408,0.042165593494554794,0.6162038148748532,1.6819985569985763,-0.401334776334783,0.7187450090109693,2.227633477633484,0.03652341135722395,2.1911100662762597,3.2016594516594443,-0.401334776334783,1.3075127769114407,-7.508116883116889,-0.03858819463743524,-7.469528688479454,3.490259740259738,-8.310786435786433,1.906513044526628,-6.664862914862901,-0.3300227927528292,-6.334840122110072,3.490259740259738,-8.549783549783541,2.787256578243825
ARC15MIN,LT,2026-08-07 09:15:00,2026-08-07 09:30:00,Realty,Largecap,4055.3,0.37622831118042654,0.08137499075282495,0.15002350614157042,-0.06864851538874547,0.16521589031637252,-0.07644317313146853,0.47651197306927817,-0.26385224274406704,0.08441318818609884,-0.3482654309301659,0.16521589031637252,-0.2983749660937618,0.5271258136832843,-0.2515226986906094,0.06770408502786314,-0.3192267837184725,0.16521589031637252,-0.4635908564101343,0.6018434464662886,-0.3181022365792985,0.042165593494554794,-0.36026783007385327,0.16521589031637252,-0.4635908564101343,0.7187450090109693,-0.45126131235667666,0.03652341135722395,-0.4877847237139006,0.16521589031637252,-0.7274430991541903,1.3075127769114407,-0.23919315463715174,-0.03858819463743524,-0.2006049599997165,0.5104431238132756,-0.7274430991541903,1.906513044526628,-0.3945454097107448,-0.3300227927528292,-0.06452261695791561,0.5104431238132756,-1.6102384533819958,2.787256578243825
ARC15MIN,CHOLAFIN,2026-08-07 09:15:00,2026-08-07 09:30:00,Financials,Largecap,1910.9,-0.15674800146298073,0.13082840546339014,0.15002350614157042,-0.019195100678180282,0.2668899471453212,-0.27212308336386215,0.47651197306927817,0.10466272437070767,0.08441318818609884,0.020249536184608827,0.2668899471453212,-0.27212308336386215,0.5271258136832843,-0.05756449840390587,0.06770408502786314,-0.125268583431769,0.2668899471453212,-0.4395834423570055,0.6018434464662886,-0.9681302004291181,0.042165593494554794,-1.010295793923673,0.2668899471453212,-1.0099952901774123,0.7187450090109693,-1.0623266523627661,0.03652341135722395,-1.09885006371999,0.2668899471453212,-2.559003610863997,1.3075127769114407,0.05233136218536494,-0.03858819463743524,0.09091955682280017,0.47098225966821783,-2.559003610863997,1.906513044526628,-0.2511905384897317,-0.3300227927528292,0.07883225426309748,0.790203568998904,-2.559003610863997,2.787256578243825
ARC15MIN,HAVELLS,2026-08-07 09:15:00,2026-08-07 09:30:00,Consumer Discretionary,Largecap,1286.6,0.814919291647076,-0.00777242344162099,0.15002350614157042,-0.1577959295831914,0.05440696409140244,-0.6062490284470701,0.47651197306927817,0.34198663143167884,0.08441318818609884,0.25757344324558,0.5440696409140466,-0.6062490284470701,0.5271258136832843,0.03886211720813826,0.06770408502786314,-0.02884196781972488,0.5440696409140466,-0.6062490284470701,0.6018434464662886,0.11658635162443698,0.042165593494554794,0.07442075812988219,0.5440696409140466,-0.6062490284470701,0.7187450090109693,-0.7150629566298639,0.03652341135722395,-0.7515863679870878,0.5440696409140466,-1.0026426239701403,1.3075127769114407,-0.8860562723457033,-0.03858819463743524,-0.847468077708268,0.5440696409140466,-1.0026426239701403,1.906513044526628,-1.7021607337167621,-0.3300227927528292,-1.372137940963933,0.5440696409140466,-2.5104927716462,2.787256578243825
ARC15MIN,PNB,2026-08-07 09:15:00,2026-08-07 09:30:00,Bank,Largecap,114.08,0.06139812297165648,-0.01753155680224161,0.15002350614157042,-0.16755506294381203,0.1490182328190759,-0.22791023842917424,0.47651197306927817,-0.043828892005604025,0.08441318818609884,-0.12824208019170286,0.19284712482467992,-0.22791023842917424,0.5271258136832843,-0.20161290322581182,0.06770408502786314,-0.26931698825367495,0.19284712482467992,-0.376928471248239,0.6018434464662886,-0.25420757363253665,0.042165593494554794,-0.29637316712709144,0.19284712482467992,-0.376928471248239,0.7187450090109693,-0.026297335203362415,0.03652341135722395,-0.06282074656058637,1.1307854137447393,-0.376928471248239,1.3075127769114407,-0.9642356241234218,-0.03858819463743524,-0.9256474294859866,1.1307854137447393,-1.5603085553997253,1.906513044526628,3.4624824684432065,-0.3300227927528292,3.7925052611960357,4.7510518934081425,-1.5603085553997253,2.787256578243825
ARC15MIN,360ONE,2026-08-07 09:15:00,2026-08-07 09:30:00,Financials,Largecap,1189.6,0.3373819163292824,-0.8069939475453869,0.15002350614157042,-0.9570174536869573,0.008406186953613393,-1.8073301950235376,0.47651197306927817,-1.2273032952252794,0.08441318818609884,-1.3117164834113781,0.008406186953613393,-1.8073301950235376,0.5271258136832843,-1.4963012777404083,0.06770408502786314,-1.5640053627682715,0.008406186953613393,-1.8073301950235376,0.6018434464662886,-1.252521856086064,0.042165593494554794,-1.2946874495806189,0.008406186953613393,-2.2360457296570213,0.7187450090109693,-1.9334229993275054,0.03652341135722395,-1.9699464106847293,0.008406186953613393,-3.2447881640887632,1.3075127769114407,-1.756893073301935,-0.03858819463743524,-1.7183048786644997,0.025218560860817973,-3.2447881640887632,1.906513044526628,-0.9583053127101393,-0.3300227927528292,-0.6282825199573101,0.1597175521183658,-4.169468728984526,2.787256578243825
ARC15MIN,ETERNAL,2026-08-07 09:15:00,2026-08-07 09:30:00,I.T,Largecap,315.25,0.398089171974525,-0.23790642347343294,0.15002350614157042,-0.3879299296150034,0.07930214115781098,-0.4599524187153037,0.47651197306927817,-0.4282315622521904,0.08441318818609884,-0.5126447504382893,0.07930214115781098,-0.5233941316415525,0.5271258136832843,-0.26962727993656843,0.06770408502786314,-0.33733136496443156,0.07930214115781098,-0.5551149881046769,0.6018434464662886,-0.6185567010309256,0.042165593494554794,-0.6607222945254805,0.07930214115781098,-0.6661379857256233,0.7187450090109693,-0.6026962727993634,0.03652341135722395,-0.6392196841565874,0.5233941316415525,-1.3481363996827866,1.3075127769114407,-2.664551942902449,-0.03858819463743524,-2.6259637482650136,0.5233941316415525,-2.823156225218071,1.906513044526628,0.9992069785884183,-0.3300227927528292,1.3292297713412475,3.092783505154628,-2.8707375099127685,2.787256578243825
ARC15MIN,PAYTM,2026-08-07 09:15:00,2026-08-07 09:30:00,I.T,Largecap,1442.0,1.1716831544236417,0.5686546463245623,0.15002350614157042,0.41863114018299186,0.7420249653259381,-0.2565880721220548,0.47651197306927817,0.5409153952843138,0.08441318818609884,0.45650220709821493,0.7766990291262266,-0.2565880721220548,0.5271258136832843,0.5409153952843138,0.06770408502786314,0.47321131025645063,0.8876560332870875,-0.2565880721220548,0.6018434464662886,0.6102635228848685,0.042165593494554794,0.5680979293903137,0.9361997226075003,-0.2565880721220548,0.7187450090109693,3.758668515950081,0.03652341135722395,3.722145104592857,4.479889042995833,-0.2565880721220548,1.3075127769114407,10.672676837725392,-0.03858819463743524,10.711265032362828,11.37309292649098,-0.2565880721220548,1.906513044526628,12.947295423023576,-0.3300227927528292,13.277318215776404,14.9514563106796,-0.2565880721220548,2.787256578243825
ARC15MIN,FORCEMOT,2026-08-07 09:45:00,2026-08-07 10:00:00,Auto,Largecap,18608.0,-0.23589963542783865,-0.36006018916594495,-0.18231558064350054,-0.17774460852244442,0.03761822871883869,-0.36543422184006635,0.23227751991325854,-0.18809114359414902,-0.08064789100285989,-0.10744325259128913,0.03761822871883869,-0.36543422184006635,0.3033148092239678,-0.33319002579536017,-0.13967675721291087,-0.1935132685824493,0.03761822871883869,-0.4567927773000857,0.4172623551562218,0.02687016337059589,-0.24153845648559732,0.26840861985619324,0.13972484952708975,-0.677128116938952,0.4769819232938561,-0.3116938950988857,0.11935016515425292,-0.4310440602531386,0.13972484952708975,-1.2736457437661275,1.1622152487479385,-0.9404557179707673,-0.031324166690868946,-0.9091315512798984,1.2360275150473,-2.1388650042992285,1.765409555450328,-1.3703783319002572,-0.42412629582655686,-0.9462520360737003,4.514187446259665,-2.1388650042992285,2.616677900720313
ARC15MIN,DRREDDY,2026-08-07 09:45:00,2026-08-07 10:00:00,Healthcare,Largecap,1168.0,-0.1282599401453588,-0.47089041095890183,-0.18231558064350054,-0.2885748303154013,0.0,-0.49657534246575485,0.23227751991325854,-0.419520547945218,-0.08064789100285989,-0.3388726569423581,0.0,-0.5051369863013799,0.3033148092239678,-0.3424657534246589,-0.13967675721291087,-0.20278899621174803,0.0,-0.5051369863013799,0.4172623551562218,-0.316780821917817,-0.24153845648559732,-0.07524236543221965,0.0,-0.5051369863013799,0.4769819232938561,0.11986301369864005,0.11935016515425292,0.0005128485443871289,0.9246575342465757,-0.5051369863013799,1.1622152487479385,-1.0273972602739767,-0.031324166690868946,-0.9960730935831078,0.9246575342465757,-1.0616438356164437,1.765409555450328,2.748287671232874,-0.42412629582655686,3.172413967059431,3.433219178082192,-1.1044520547945247,2.616677900720313
ARC15MIN,ETERNAL,2026-08-07 09:45:00,2026-08-07 10:00:00,I.T,Largecap,314.6,0.0,-0.15893197711379647,-0.18231558064350054,0.02338360352970406,0.14303877940240461,-0.34965034965035446,0.23227751991325854,-0.06357279084553413,-0.08064789100285989,0.01707510015732576,0.14303877940240461,-0.34965034965035446,0.3033148092239678,-0.190718372536558,-0.13967675721291087,-0.05104161532364712,0.28607755880483143,-0.34965034965035446,0.4172623551562218,0.20661157024792765,-0.24153845648559732,0.448150026733525,0.28607755880483143,-0.46090273363001977,0.4769819232938561,-0.12714558169104606,0.11935016515425292,-0.24649574684529899,0.7310870947234482,-1.1443102352193368,1.1622152487479385,-2.4634456452638287,-0.031324166690868946,-2.43212147857296,0.7310870947234482,-2.6700572155117674,1.765409555450328,1.4303877940241572,-0.42412629582655686,1.854514089850714,3.305785123966931,-2.6700572155117674,2.616677900720313
ARC15MIN,LT,2026-08-07 10:00:00,2026-08-07 10:15:00,Realty,Largecap,4044.6,-0.3670402758960467,0.012362161894863277,-0.01906644029434337,0.03142860218920665,0.0717005389902603,-0.20026702269693164,0.22739582739416817,-0.022251891410773883,-0.0023741850448285714,-0.01987770636594531,0.11867675419077184,-0.20026702269693164,0.3354557375547967,-0.11867675419076074,-0.028749092535750066,-0.08992766165501068,0.11867675419077184,-0.20026702269693164,0.3997745399708059,-0.06428324185333567,-0.11580271274798433,0.05151947089464866,0.11867675419077184,-0.20026702269693164,0.47060985657391036,0.42525836918361204,0.21972946912609218,0.20552890005751986,0.4796518815210371,-0.46481728724718785,1.2113369740929578,-0.1631805370123085,0.038613804138251266,-0.20179434115055978,0.7763437669979778,-0.46481728724718785,1.8177436108368927,0.05439351233744727,-0.27450158047489326,0.32889509281234053,0.7763437669979778,-1.349948078920038,2.665875755112082
ARC15MIN,OFSS,2026-08-07 10:00:00,2026-08-07 10:15:00,I.T,Largecap,11692.0,-0.24741916218752324,-0.14539856312008048,-0.01906644029434337,-0.1263321228257371,0.008552856654131524,-0.35921997947314654,0.22739582739416817,-0.06842285323297448,-0.0023741850448285714,-0.0660486681881459,0.008552856654131524,-0.35921997947314654,0.3354557375547967,-0.6671228190215484,-0.028749092535750066,-0.6383737264857983,0.008552856654131524,-1.026342798494695,0.3997745399708059,0.39343140608962823,-0.11580271274798433,0.5092341188376126,0.7526513855627748,-1.026342798494695,0.47060985657391036,0.32500855285666486,0.21972946912609218,0.10527908373057268,1.881628463906937,-1.026342798494695,1.2113369740929578,0.658569962367439,0.038613804138251266,0.6199561582291878,2.360588436537814,-1.026342798494695,1.8177436108368927,-0.47895997263085466,-0.27450158047489326,-0.2044583921559614,2.360588436537814,-3.198768388641804,2.665875755112082
ARC15MIN,CHOLAFIN,2026-08-07 10:15:00,2026-08-07 10:30:00,Financials,Largecap,1905.4,-0.35040008367762665,-0.11546132045764379,0.11812214794868328,-0.23358346840632707,0.2414191245932562,-0.4303558307966804,0.39633309416649315,-0.11021307861867058,0.04236398844913254,-0.1525770670678031,0.2414191245932562,-0.4303558307966804,0.4395009354703095,-0.6822714390679163,0.07609428261295384,-0.7583657216808701,0.2414191245932562,-0.7242573737797908,0.4961153371697081,-0.9341870473391523,0.019796293586464994,-0.9539833409256172,0.2414191245932562,-1.1703579300934241,0.5666836430990143,-0.8029810013645555,0.33564271307482024,-1.1386237144393758,0.2414191245932562,-2.2777369581190365,1.3502812215791797,0.45134879815260653,0.009554283333561057,0.44179451481904547,1.0811378188306797,-2.2777369581190365,1.9349865485946576,-0.17319198068648234,-0.17446970573661502,0.0012777250501326831,1.0811378188306797,-2.2777369581190365,2.7857867567891783
ARC15MIN,GODREJPROP,2026-08-07 10:15:00,2026-08-07 10:30:00,Realty,Largecap,2097.1,0.033390574317859745,0.07152734728912424,0.11812214794868328,-0.04659480065955904,0.22888751132517093,-0.14305469457822628,0.39633309416649315,-0.2670354298793476,0.04236398844913254,-0.3093994183284801,0.22888751132517093,-0.31948881789136685,0.4395009354703095,-0.3147203280720934,0.07609428261295384,-0.3908146106850472,0.22888751132517093,-0.33856277716847183,0.4961153371697081,-0.14782318439749975,0.019796293586464994,-0.16761947798396476,0.22888751132517093,-0.4530065328310573,0.5666836430990143,0.3910161651804911,0.33564271307482024,0.05537345210567085,0.5674502884936317,-1.8835534786133201,1.3502812215791797,-0.7009680034332999,0.009554283333561057,-0.7105222867668609,1.091984168613802,-1.8835534786133201,1.9349865485946576,-4.792332268370602,-0.17446970573661502,-4.617862562633987,1.091984168613802,-5.39316198559916,2.7857867567891783
ARC15MIN,RBLBANK,2026-08-07 10:30:00,2026-08-07 10:45:00,Bank,Largecap,387.3,0.012911555842487488,-0.10327911179964788,-0.06065177992686864,-0.04262733187277924,0.06454944487477299,-0.24528789052413735,0.28614998093384497,0.14200877872450057,-0.011193647071008698,0.15320242579550927,0.16782855667440977,-0.24528789052413735,0.32429589625488686,-0.15491866769946627,-0.11585926243860555,-0.03905940526086073,0.16782855667440977,-0.4647560030983766,0.3701169713405783,-0.12909888974954598,-0.08819214861526793,-0.040906741134278043,0.16782855667440977,-0.4647560030983766,0.4613834792099815,0.839142783372071,0.3753717813511543,0.46377100202091676,0.839142783372071,-0.8133230054221618,1.2918760918928631,0.09036922282468218,-0.1824152908676145,0.27278451369229667,1.2135295636457544,-0.8133230054221618,1.8306880801268726,-0.6196746707978429,-0.2215106127522963,-0.39816405804554655,1.2135295636457544,-0.8778724502969348,2.6793433853580897
ARC15MIN,KPITTECH,2026-08-07 10:30:00,2026-08-07 10:45:00,I.T,Midcap,625.3,-0.23135221380136128,-0.20790020790020236,-0.06065177992686864,-0.1472484279733337,0.11194626579242861,-0.7596353750199958,0.28614998093384497,0.0799616184231633,-0.011193647071008698,0.091155265494172,0.11194626579242861,-0.7596353750199958,0.32429589625488686,0.8316008316008316,-0.11585926243860555,0.9474600940394372,1.0474972013433614,-0.7596353750199958,0.3701169713405783,1.2553974092435638,-0.08819214861526793,1.3435895578588317,1.4872861026707263,-0.7596353750199958,0.4613834792099815,1.9190788421557636,0.3753717813511543,1.5437070608046093,2.07900207900209,-0.7596353750199958,1.2918760918928631,-0.3278426355349362,-0.1824152908676145,-0.1454273446673217,2.1589636974252313,-0.7596353750199958,1.8306880801268726,-1.4872861026707151,-0.2215106127522963,-1.2657754899184188,2.1589636974252313,-2.766671997441217,2.6793433853580897
ARC15MIN,ASHOKLEY,2026-08-07 11:00:00,2026-08-07 11:15:00,Auto,Largecap,175.94,-0.5595433222178259,0.38649539615778217,0.03583926313174066,0.3506561330260415,0.42628168693872315,-0.25008525633738454,0.255018870931271,0.08525633738774019,-0.053182423962946083,0.13843876135068628,0.4319654427645814,-0.25008525633738454,0.28375832104501364,0.5513243151074265,-0.03570773015462585,0.5870320452620523,0.5854268500625315,-0.25008525633738454,0.3546151132052963,0.6877344549278241,0.031787523069474216,0.65594693185835,0.8809821530067152,-0.25008525633738454,0.4830662950688431,0.534273047629874,0.3622596509524208,0.17201339667745325,1.7392292827100198,-0.25008525633738454,1.3881497000115894,-0.31829032624758336,-0.11052332840857614,-0.2077669978390072,1.7392292827100198,-2.239399795384789,1.8894771385661606,1.1992724792543097,-0.13831266429854258,1.3375851435528523,3.842218938274411,-2.239399795384789,2.7510983122684283
ARC15MIN,SHRIRAMFIN,2026-08-07 11:15:00,2026-08-07 11:30:00,Financials,Largecap,1119.9,-0.03570472194946994,-0.07143494954908736,-0.10590738034464355,0.03447243079555619,0.026788106080899432,-0.33038664166443743,0.17174141587990768,-0.3393160103580817,-0.15260592107648166,-0.18671008928160002,0.026788106080899432,-0.3839628538262474,0.20609614140355637,-0.0803643182427094,-0.07333404167833994,-0.007030276564369456,0.026788106080899432,-0.3839628538262474,0.28630609173993166,-0.5714795963925434,-0.08267936499054286,-0.4888002314020006,0.13394053040449716,-0.973301187606046,0.42786000711396716,0.5982677024734206,0.24654221903490567,0.35172548343851495,0.6786320207161189,-1.2322528797214183,1.332436863206336,0.7857844450397389,-0.051987353396949515,0.8377717984366884,1.7233681578712412,-1.2322528797214183,1.8315183039959417,0.47325654076255663,-0.1358157963081327,0.6090723370706893,2.5984462898472893,-1.2322528797214183,2.6936847800671377
ARC15MIN,APLAPOLLO,2026-08-07 11:15:00,2026-08-07 11:30:00,Industrials,Largecap,1956.9,0.04601226993865559,-0.22484541877459963,-0.10590738034464355,-0.11893803842995608,0.005110123153961865,-0.3525984976238017,0.17174141587990768,0.2299555419285504,-0.15260592107648166,0.382561463005032,0.29638714293014345,-0.3525984976238017,0.20609614140355637,0.2555061576984041,-0.07333404167833994,0.3288401993767441,0.5621135469364713,-0.3525984976238017,0.28630609173993166,-0.0459911083857123,-0.08267936499054286,0.03668825660483056,0.5621135469364713,-0.3525984976238017,0.42786000711396716,1.4001737441872386,0.24654221903490567,1.153631525152333,1.4103939904951623,-0.3525984976238017,1.332436863206336,2.033829015279265,-0.051987353396949515,2.0858163686762143,3.582196330931575,-0.3525984976238017,1.8315183039959417,6.857785272625061,-0.1358157963081327,6.993601068933193,6.8986662578568225,-0.3525984976238017,2.6936847800671377
ARC15MIN,ASHOKLEY,2026-08-07 11:45:00,2026-08-07 12:00:00,Auto,Largecap,176.09,-0.31701103877724846,0.46567096371172845,0.011522017516189002,0.45414894619553947,0.49974444886138336,-0.03407348514964381,0.2159988273465052,0.5508546765858435,0.02667508543506622,0.5241795911507773,0.7723323300584894,-0.03407348514964381,0.2614384978699494,0.6814697029927874,0.03403067681133605,0.6474390261814513,0.7950479868249261,-0.03407348514964381,0.3653318519115288,0.5054233630529703,-0.07631508977551814,0.5817384528284885,1.0789936964052504,-0.03407348514964381,0.5049612517458414,0.08518371287409288,0.40418575939077783,-0.31900204651668496,1.6525640297575084,-0.05111022772446017,1.4306324787453015,-0.19308308251462236,0.07976434027173608,-0.27284742278635843,1.6525640297575084,-2.3226759043670886,1.9415064029088966,-1.0960304389800668,-0.09245552001184029,-1.0035749189682266,3.75376228065194,-2.3226759043670886,2.78689571386225
ARC15MIN,APOLLOHOSP,2026-08-07 11:45:00,2026-08-07 12:00:00,Healthcare,Largecap,8946.0,-0.3231197771587757,-0.03912363067292146,0.011522017516189002,-0.050645648189110465,0.03353454057679617,-0.15649452269170805,0.2159988273465052,0.027945450480659773,0.02667508543506622,0.0012703650455935522,0.15090543259557165,-0.15649452269170805,0.2614384978699494,0.04471272076906896,0.03403067681133605,0.010682043957732909,0.16767270288398084,-0.15649452269170805,0.3653318519115288,-0.03912363067292146,-0.07631508977551814,0.03719145910259668,0.16767270288398084,-0.15649452269170805,0.5049612517458414,-0.391236306729259,0.40418575939077783,-0.7954220661200369,0.27945450480661993,-0.7265817124972096,1.4306324787453015,-2.481556002682761,0.07976434027173608,-2.561320342954497,0.4918399284596475,-3.057232282584399,1.9415064029088966,-0.966912586630897,-0.09245552001184029,-0.8744570666190566,0.4918399284596475,-4.901632014308066,2.78689571386225
ARC15MIN,EICHERMOT,2026-08-07 12:30:00,2026-08-07 12:45:00,Auto,Largecap,7987.5,0.06263701847792902,-0.062597809076681,0.0032600859137113074,-0.06585789499039231,0.03129890453834605,-0.125195618153362,0.23637607743735217,0.01877934272300763,0.048134341743308266,-0.029354999020300636,0.05633802816902289,-0.125195618153362,0.28890064880902366,0.1314553990610312,-0.026216734623530514,0.15767213368456173,0.15023474178403884,-0.125195618153362,0.3899817502541374,0.21909233176837795,0.05804224734511423,0.1610500844232637,0.46322378716745494,-0.125195618153362,0.5451207356577494,0.15023474178403884,0.2926903454623098,-0.14245560367827098,0.46322378716745494,-0.6197183098591519,1.4308921658907108,0.33176838810642373,0.054583858577499006,0.2771845295289247,1.5336463223787122,-0.6197183098591519,1.9203221683437626,1.615023474178412,-0.07605116646696101,1.691074640645373,1.7214397496087663,-0.6197183098591519,2.750107012821004
ARC15MIN,APOLLOHOSP,2026-08-07 13:00:00,2026-08-07 13:15:00,Healthcare,Largecap,8950.0,0.0,0.0,-0.015990317481186653,0.015990317481186653,0.06703910614525022,-0.055865921787712214,0.22362545676474677,-0.016759776536312554,-0.028527701698545935,0.011767925162233382,0.06703910614525022,-0.08938547486033732,0.289492539537994,-0.005586592178774552,-0.005220322389203284,-0.0003662697895712684,0.06703910614525022,-0.10055865921787532,0.35859635691190744,-0.16759776536312554,0.13329444421954595,-0.3008922095826715,0.23463687150837576,-0.3128491620111751,0.9496964690667798,-0.4245810055865884,0.3779843037571995,-0.8025653093437879,0.23463687150837576,-0.7709497206703886,1.4316356290818522,-2.3631284916201145,0.04369767156773237,-2.406826163187847,0.4469273743016755,-3.100558659217878,1.9285479566475892,-0.7094972067039129,-0.054923785791229446,-0.6545734209126834,0.4469273743016755,-4.944134078212292,2.737223358548267
ARC15MIN,POLYCAB,2026-08-07 13:00:00,2026-08-07 13:15:00,Industrials,Largecap,9256.0,-0.08635578583765513,-0.23228176318064175,-0.015990317481186653,-0.2162914456994551,0.06482281763180442,-0.3619273984442506,0.22362545676474677,-0.27549697493517433,-0.028527701698545935,-0.2469692732366284,0.06482281763180442,-0.3619273984442506,0.289492539537994,-0.291702679343131,-0.005220322389203284,-0.2864823569539277,0.06482281763180442,-0.7994814174589471,0.35859635691190744,0.2484874675885873,0.13329444421954595,0.11519302336904136,0.6104148660328379,-0.7994814174589471,0.9496964690667798,0.38353500432151133,0.3779843037571995,0.005550700564311839,0.6914433880726101,-0.7994814174589471,1.4316356290818522,-2.312013828867765,0.04369767156773237,-2.3557115004354974,0.6914433880726101,-2.495678478824548,1.9285479566475892,0.11343993085566328,-0.054923785791229446,0.16836371664689273,1.3936905790838283,-2.495678478824548,2.737223358548267
ARC15MIN,APLAPOLLO,2026-08-07 13:15:00,2026-08-07 13:30:00,Industrials,Largecap,1957.5,-0.28018339276617565,0.24521072796934718,-0.07563042443541204,0.3208411524047592,0.2707535121328153,-0.2043422733077893,0.18738716316931261,0.2758620689655267,-0.1565433630052274,0.4324054319707541,0.28607918263090504,-0.2043422733077893,0.21740231421280745,0.4086845466155786,-0.03296517881414706,0.4416497254297257,0.4750957854406046,-0.2043422733077893,0.31009199597425946,0.33716475095784126,-0.1208695598384788,0.45803431079632007,0.8888888888888946,-0.2962962962962945,0.9194368289962784,2.104725415070252,0.28662699380343004,1.818098421266822,2.1149425287356305,-0.2962962962962945,1.3826598170469846,2.4878671775223626,-0.026491376807940087,2.5143585543303026,3.550446998722867,-0.2962962962962945,1.8765960281224885,7.039591315453397,-0.12841577850092126,7.168007093954318,7.228607918263097,-0.2962962962962945,2.6876184478407037
ARC15MIN,COFORGE,2026-08-07 14:00:00,2026-08-07 14:15:00,I.T,Largecap,1775.1,-0.3256780279633942,-0.02816742718719789,0.12246097023638366,-0.15062839742358156,0.06196833981184646,-0.21407244662272618,0.3165674663685072,0.20280547574784702,0.1638705993869401,0.03893487636090692,0.20280547574784702,-0.21407244662272618,0.44209184183091205,1.9097515632922057,0.24158119206380754,1.6681703712283982,2.366063883724867,-0.21407244662272618,1.0155375192928318,2.3604303982874164,0.3854921233914794,1.974938274895937,2.675905582784077,-0.21407244662272618,1.1843343160524258,1.7351135147315677,0.2913386699756742,1.4437748447558936,2.675905582784077,-0.21407244662272618,1.5544302227891167,2.461833136161351,0.13246025256359498,2.329372883597756,3.4307926314010473,-0.21407244662272618,2.052057409917896,2.1125570390400528,-0.281326308106746,2.3938833471467986,3.453326573150828,-0.21407244662272618,2.880521133057597
ARC15MIN,PNBHOUSING,2026-08-07 14:00:00,2026-08-07 14:15:00,Financials,Largecap,1132.1,-0.30820711518140254,0.7773164914760322,0.12246097023638366,0.6548555212396485,0.9716456143450181,-0.11483084533168153,0.3165674663685072,1.0246444660365839,0.1638705993869401,0.8607738666496438,1.1836410211112147,-0.11483084533168153,0.44209184183091205,1.7842946736154053,0.24158119206380754,1.5427134815515977,2.1729529193534214,-0.11483084533168153,1.0155375192928318,2.4026146100167844,0.3854921233914794,2.017122486625305,2.7382740040632347,-0.11483084533168153,1.1843343160524258,1.8991255189470868,0.2913386699756742,1.6077868489714127,3.771751612048413,-0.11483084533168153,1.5544302227891167,0.9893118982422067,0.13246025256359498,0.8568516456786117,3.771751612048413,-0.11483084533168153,2.052057409917896,0.8921473368077137,-0.281326308106746,1.1734736449144598,3.771751612048413,-0.11483084533168153,2.880521133057597
ARC15MIN,AUBANK,2026-08-07 14:00:00,2026-08-07 14:15:00,Bank,Largecap,1071.3,-0.08393956351427923,-0.24269579016147347,0.12246097023638366,-0.36515676039785716,0.05600672080650071,-0.2613646970969774,0.3165674663685072,0.028003360403250355,0.1638705993869401,-0.13586723898368974,0.05600672080650071,-0.2613646970969774,0.44209184183091205,-0.8027629982264473,0.24158119206380754,-1.0443441902902548,0.1026789881452661,-0.8681041725006944,1.0155375192928318,-0.6814151031457105,0.3854921233914794,-1.06690722653719,0.1026789881452661,-0.9614487071781919,1.1843343160524258,-0.2613646970969774,0.2913386699756742,-0.5527033670726516,0.1026789881452661,-0.9614487071781919,1.5544302227891167,-0.4667226733874763,0.13246025256359498,-0.5991829259510713,0.1026789881452661,-2.1469242975823755,2.052057409917896,1.7735461588723966,-0.281326308106746,2.0548724669791425,2.781667133389343,-2.1469242975823755,2.880521133057597
ARC15MIN,HINDALCO,2026-08-07 14:30:00,2026-08-07 14:45:00,Metals & Mining,Largecap,1034.0,-0.3277424330055956,1.740812379110257,0.03741482020574023,1.7033975589045167,2.0793036750483607,-0.09187620889749004,0.3291848299937218,2.296905222437129,0.11254596958243133,2.184359252854698,3.322050290135392,-0.09187620889749004,0.8712487273801994,1.827852998065782,0.024297163375741088,1.8035558346900409,3.322050290135392,-0.09187620889749004,0.9539954699568368,1.465183752417798,0.28955819595840837,1.1756255564593896,3.322050290135392,-0.09187620889749004,1.1025483543195316,1.644100580270802,0.0963265726963491,1.5477740075744528,3.322050290135392,-0.09187620889749004,1.4410188363010656,4.845261121856859,0.14061063279495578,4.704650489061903,5.217601547388795,-0.09187620889749004,2.0614735803608064,0.4352030947775587,-0.4020510981403394,0.837254192917898,5.217601547388795,-1.2234042553191493,2.7510397226180934
ARC15MIN,PREMIERENE,2026-08-07 14:30:00,2026-08-07 14:45:00,Services,Largecap,1044.7,0.02872462657985686,0.31588015698285066,0.03741482020574023,0.27846533677711044,1.7516990523595233,-0.06700488178424946,0.3291848299937218,-0.14358188953766948,0.11254596958243133,-0.25612785912010083,1.7516990523595233,-0.23930314922944174,0.8712487273801994,0.12443763759930615,0.024297163375741088,0.10014047422356506,1.7516990523595233,-0.5551833062123035,0.9539954699568368,-0.25844740116780507,0.28955819595840837,-0.5480055971262134,1.7516990523595233,-0.5551833062123035,1.1025483543195316,-0.07657700775342002,0.0963265726963491,-0.1729035804497691,1.7516990523595233,-0.5551833062123035,1.4410188363010656,0.6126160620273602,0.14061063279495578,0.4720054292324044,1.7516990523595233,-1.1007944864554364,2.0614735803608064,-2.3164544845410195,-0.4020510981403394,-1.9144033864006802,1.7516990523595233,-3.034363932229356,2.7510397226180934
ARC15MIN,DRREDDY,2026-08-07 14:45:00,2026-08-07 15:00:00,Healthcare,Largecap,1168.9,0.07705479452055908,0.33364701856444245,0.07103167082253249,0.26261534774191,0.8469501240482291,-0.10266062109676177,0.8088567243882829,-0.07699546582257133,-0.13571273423027108,0.05871726840769975,0.8469501240482291,-0.19676619043547117,0.8390591738184442,-0.20532124219352355,-0.0006655085496065225,-0.204655733643917,0.8469501240482291,-0.25665155274189333,0.9304470036825613,-0.0941055693387094,0.39074044079624487,-0.48484601013495426,0.8469501240482291,-0.25665155274189333,1.1084562621148384,-0.8726152793224418,-0.03768875818799921,-0.8349265211344425,0.8469501240482291,-1.1036016767901558,1.5994192259043556,2.0874326289674006,-0.06464248927858197,2.1520751182459827,3.242364616305915,-1.180597142612727,2.0345941794040794,2.3013089229189765,-0.5565994292286461,2.8579083521476227,3.353580289160729,-1.180597142612727,2.6965944907243835
ARC15MIN,EICHERMOT,2026-08-07 15:00:00,2026-08-10 09:15:00,Auto,Largecap,8000.0,-0.08742350443362579,-0.5624999999999991,-0.25402730156499637,-0.30847269843500275,0.06250000000000977,-0.7750000000000035,0.6550339513945079,-0.1375000000000015,-0.13620960545513772,-0.0012903945448637932,0.06250000000000977,-0.7750000000000035,0.7140211129890015,-0.3062499999999968,0.094612728534956,-0.4008627285349528,0.06250000000000977,-0.7750000000000035,0.8081738599516625,-0.23125000000000506,0.22033152371946452,-0.4515815237194696,0.06250000000000977,-0.7750000000000035,0.9810810321011967,1.0937500000000044,-0.2201634415207276,1.313913441520732,1.374999999999993,-0.7750000000000035,1.4692648243752768,-0.5750000000000033,-0.37557401362515597,-0.19942598637484732,1.374999999999993,-0.7750000000000035,1.9010477424598093,1.0312499999999947,-0.7065612988612664,1.737811298861261,2.0624999999999893,-0.7750000000000035,2.549340270056059
ARC15MIN,CGPOWER,2026-08-10 09:15:00,2026-08-10 09:30:00,Industrials,Largecap,876.7,-0.3806601897619388,-0.758526291775985,-0.08737637964392211,-0.6711499121320629,0.011406410402625689,-0.9638416790236137,0.32738841231079574,-0.661571803353489,-0.0712871700058178,-0.5902846333476712,0.011406410402625689,-0.9638416790236137,0.4080388650225974,-0.36500513288468817,0.18221010588138015,-0.5472152387660683,0.011406410402625689,-0.9638416790236137,0.5663878298963084,0.20531538724761766,0.24154191920434265,-0.03622653195672498,0.36500513288466596,-0.9638416790236137,0.8034404241344554,-0.9011064218090725,-0.13323633839533702,-0.7678700834137355,0.48477244211246884,-0.9923577050302335,1.3588437276988734,-0.3079730808714598,-0.28594476888296205,-0.02202831198849775,0.4904756473137928,-1.231892323485806,1.8271302660451083,1.870651306033988,-0.5807373016100259,2.451388607644014,2.5892551614006942,-1.231892323485806,2.507913362635151
ARC15MIN,PIDILITIND,2026-08-10 09:15:00,2026-08-10 09:30:00,Chemicals,Largecap,1660.4,0.02409638554217164,0.39749457961937296,-0.08737637964392211,0.48487095926329504,0.6986268369067572,-0.13249819320645395,0.32738841231079574,0.39749457961937296,-0.0712871700058178,0.46878174962519076,0.6986268369067572,-0.13249819320645395,0.4080388650225974,0.9214647072994353,0.18221010588138015,0.7392546014180552,1.1563478679835981,-0.13249819320645395,0.5663878298963084,0.8612382558419673,0.24154191920434265,0.6196963366376247,1.1563478679835981,-0.13249819320645395,0.8034404241344554,0.8672609009876986,-0.13323633839533702,1.0004972393830356,1.5598650927487245,-0.13249819320645395,1.3588437276988734,1.8128161888701477,-0.28594476888296205,2.0987609577531097,2.0175861238255877,-0.13249819320645395,1.8271302660451083,1.2527101903155868,-0.5807373016100259,1.8334474919256127,2.836665863647303,-0.13249819320645395,2.507913362635151
ARC15MIN,ASHOKLEY,2026-08-10 09:15:00,2026-08-10 09:30:00,Auto,Largecap,177.02,-0.2704225352112566,-0.254208564004077,-0.08737637964392211,-0.16683218436015487,0.03389447520054656,-0.5762060784092249,0.32738841231079574,0.18077053440288537,-0.0712871700058178,0.2520577044087032,0.36154106880577075,-0.5762060784092249,0.4080388650225974,0.3841373856061425,0.18221010588138015,0.20192727972476238,0.95469438481528,-0.5762060784092249,0.5663878298963084,-0.079087108801279,0.24154191920434265,-0.32062902800562165,1.118517681617881,-0.5762060784092249,0.8034404241344554,-1.8359507400293795,-0.13323633839533702,-1.7027144016340425,1.118517681617881,-2.835837758445381,1.3588437276988734,-0.8586600384137388,-0.28594476888296205,-0.5727152695307768,1.118517681617881,-2.835837758445381,1.8271302660451083,-1.0789741272172582,-0.5807373016100259,-0.49823682560723226,3.2086769856513264,-4.10688057846571,2.507913362635151
ARC15MIN,TVSMOTOR,2026-08-10 09:15:00,2026-08-10 09:30:00,Auto,Largecap,4457.2,0.5005636978579364,-0.19518980525889962,-0.08737637964392211,-0.1078134256149775,0.3971102934577697,-0.6102485865565832,0.32738841231079574,-0.6394148792964183,-0.0712871700058178,-0.5681277092906005,0.3971102934577697,-0.6887732208561426,0.4080388650225974,-0.23781746387865343,0.18221010588138015,-0.4200275697600336,0.3971102934577697,-0.6977474647760773,0.5663878298963084,-0.48236561069729955,0.24154191920434265,-0.7239075299016422,0.3971102934577697,-0.6977474647760773,0.8034404241344554,-0.6708247330162398,-0.13323633839533702,-0.5375883946209028,0.3993538544377673,-0.901911513954945,1.3588437276988734,-1.2922911244727553,-0.28594476888296205,-1.0063463555897934,0.3993538544377673,-1.9563851745490357,1.8271302660451083,-1.7970923449699194,-0.5807373016100259,-1.2163550433598935,0.3993538544377673,-3.5919411289598746,2.507913362635151
ARC15MIN,DRREDDY,2026-08-10 09:30:00,2026-08-10 09:45:00,Healthcare,Largecap,1167.8,-0.4348196777218982,-0.11132043158074145,0.13353063240267876,-0.24485106398342021,0.08563110121595496,-0.16269909231031443,0.4726236011853468,0.13700976194555015,0.3492528117847603,-0.21224304983921016,0.17982531255353873,-0.16269909231031443,0.6248368840369841,-0.017126220243190993,0.3821022091424091,-0.3992284293856001,0.17982531255353873,-0.16269909231031443,0.7362481351961329,-0.2312039732831006,0.38380956468516275,-0.6150135379682633,0.2654564137694937,-0.2312039732831006,0.9732323302428999,-0.8306216817948298,0.041595939330508425,-0.8722176211253382,0.2654564137694937,-1.0104469943483463,1.5451194564784951,2.671690357938017,-0.03988472459896376,2.7115750825369807,3.33961294742251,-1.0875149854427169,2.017806504468574,1.9010104469943556,-0.4044022876125552,2.305412734606911,3.4509333790032404,-1.0875149854427169,2.704251402680524
ARC15MIN,BANKINDIA,2026-08-10 09:30:00,2026-08-10 09:45:00,Bank,Largecap,142.56,-0.439974858579506,-0.08417508417508657,0.13353063240267876,-0.21770571657776533,0.09820426487092693,-0.35072951739618663,0.4726236011853468,0.1473063973064015,0.3492528117847603,-0.20194641447835882,0.34371492704827755,-0.35072951739618663,0.6248368840369841,0.021043771043771642,0.3821022091424091,-0.36105843809863747,0.34371492704827755,-0.35072951739618663,0.7362481351961329,-0.2805836139169515,0.38380956468516275,-0.6643931786021142,0.34371492704827755,-0.37878787878787845,0.9732323302428999,-1.4800785634119018,0.041595939330508425,-1.5216745027424103,0.34371492704827755,-2.2376543209876476,1.5451194564784951,1.7746913580246826,-0.03988472459896376,1.8145760826236463,2.4971941638608275,-2.2376543209876476,2.017806504468574,-0.6453423120089896,-0.4044022876125552,-0.24094002439643442,2.5883838383838453,-2.2376543209876476,2.704251402680524
ARC15MIN,PNB,2026-08-10 09:30:00,2026-08-10 09:45:00,Bank,Largecap,114.22,-0.20968023763759946,-0.08755034144632967,0.13353063240267876,-0.22108097384900843,0.07004027315706818,-0.19261075118193194,0.4726236011853468,0.06128523901243188,0.3492528117847603,-0.28796757277232843,0.19261075118193194,-0.19261075118193194,0.6248368840369841,-0.323936263351432,0.3821022091424091,-0.7060384724938411,0.19261075118193194,-0.3502013657853298,0.7362481351961329,-0.19261075118193194,0.38380956468516275,-0.5764203158670946,0.19261075118193194,-0.5253020486779891,0.9732323302428999,-1.0856242339345124,0.041595939330508425,-1.1272201732650209,0.24514095604972752,-1.6809665557695697,1.5451194564784951,3.974785501663458,-0.03988472459896376,4.014670226262422,4.622658028366322,-1.6809665557695697,2.017806504468574,1.4796007704430014,-0.4044022876125552,1.8840030580555567,4.622658028366322,-1.6809665557695697,2.704251402680524
ARC15MIN,CANBK,2026-08-10 09:30:00,2026-08-10 09:45:00,Bank,Largecap,130.8,-0.24405125076265577,0.12232415902140303,0.13353063240267876,-0.011206473381275728,0.3822629969419067,-0.03822629969419955,0.4726236011853468,0.5275229357798228,0.3492528117847603,0.17827012399506248,0.6116207951070152,-0.03822629969419955,0.6248368840369841,0.05351681957186383,0.3821022091424091,-0.3285853895705453,0.6116207951070152,-0.03822629969419955,0.7362481351961329,-0.2140672782874664,0.38380956468516275,-0.5978768429726291,0.8027522935779796,-0.2293577981651418,0.9732323302428999,-1.689602446483185,0.041595939330508425,-1.7311983858136935,0.8027522935779796,-2.2477064220183585,1.5451194564784951,1.1238532110091626,-0.03988472459896376,1.1637379356081263,1.7660550458715507,-2.2477064220183585,2.017806504468574,-0.9633027522935933,-0.4044022876125552,-0.558900464681038,1.7660550458715507,-2.3165137614678977,2.704251402680524
ARC15MIN,APLAPOLLO,2026-08-10 09:30:00,2026-08-10 09:45:00,Industrials,Largecap,1964.1,0.25521923332141316,0.19347283743191834,0.13353063240267876,0.05994220502923958,0.4327681889924051,-0.2087470088080967,0.4726236011853468,0.30039203706533346,0.3492528117847603,-0.04886077471942685,0.4327681889924051,-0.2087470088080967,0.6248368840369841,0.4734993126622955,0.3821022091424091,0.09139710351988639,0.5396873886258424,-0.2087470088080967,0.7362481351961329,1.0284608726643274,0.38380956468516275,0.6446513079791647,1.0386436535817944,-0.2087470088080967,0.9732323302428999,2.652614429000577,0.041595939330508425,2.6110184896700686,3.2024845985438644,-0.2087470088080967,1.5451194564784951,2.632248867165621,-0.03988472459896376,2.6721335917645845,3.2024845985438644,-0.2087470088080967,2.017806504468574,6.155491064609753,-0.4044022876125552,6.559893352222308,7.474161193421924,-0.2087470088080967,2.704251402680524
ARC15MIN,RBLBANK,2026-08-10 09:30:00,2026-08-10 09:45:00,Bank,Largecap,388.45,0.27103768714507037,-0.11584502509974781,0.13353063240267876,-0.24937565750242657,0.09010168618870384,-0.4376367614879584,0.4726236011853468,0.24456171965503426,0.3492528117847603,-0.10469109212972605,0.2574333891105729,-0.4376367614879584,0.6248368840369841,0.18020337237738548,0.3821022091424091,-0.20189883676502363,0.30892006693268304,-0.4376367614879584,0.7362481351961329,0.30892006693268304,0.38380956468516275,-0.07488949775247972,0.9138885313425105,-0.4376367614879584,0.9732323302428999,-0.5534817865877173,0.041595939330508425,-0.5950777259182257,0.9138885313425105,-0.8237868451538177,1.5451194564784951,-0.16733170292185795,-0.03988472459896376,-0.1274469783228942,0.9138885313425105,-0.8237868451538177,2.017806504468574,-1.544600334663404,-0.4044022876125552,-1.1401980470508488,0.9138885313425105,-1.7376753764963282,2.704251402680524
ARC15MIN,BANDHANBNK,2026-08-10 09:30:00,2026-08-10 09:45:00,Bank,Largecap,175.78,-0.12499999999999734,-0.10240072818296087,0.13353063240267876,-0.23593136058563963,0.034133576060990656,-0.6712936625327126,0.4726236011853468,0.10240072818294976,0.3492528117847603,-0.24685208360181055,0.11377858686993925,-0.6712936625327126,0.6248368840369841,-0.005688929343494742,0.3821022091424091,-0.38779113848590385,0.11946751621345619,-0.6712936625327126,0.7362481351961329,-0.04551143474799124,0.38380956468516275,-0.429320999433154,0.11946751621345619,-0.6712936625327126,0.9732323302428999,-2.3381499601775046,0.041595939330508425,-2.379745899508013,0.11946751621345619,-2.71930822619183,1.5451194564784951,-0.005688929343494742,-0.03988472459896376,0.034195795255469015,0.11946751621345619,-2.71930822619183,2.017806504468574,-1.7521902377972576,-0.4044022876125552,-1.3477879501847023,0.5745818636932576,-2.71930822619183,2.704251402680524
ARC15MIN,OFSS,2026-08-10 09:45:00,2026-08-10 10:00:00,I.T,Largecap,11734.0,-0.09365687526606825,0.00852224305436522,0.2295604308854982,-0.221038187831133,0.485767854099195,-0.6903016874041268,0.4572119592132385,-0.03408897221748308,0.26770323954666064,-0.3017922117641437,0.485767854099195,-0.6903016874041268,0.5147618131629413,0.09374467359808403,0.4047846134034214,-0.3110399398053374,0.485767854099195,-0.6903016874041268,0.6823973114393271,-0.30680074995739215,0.34814503871613434,-0.6549457886735265,0.485767854099195,-0.6903016874041268,0.8525554622024731,0.46872336799046455,0.027401085135863614,0.44132228285460096,1.9942048747230379,-0.6903016874041268,1.4342326600636515,0.5624680415885486,-0.024928652207153453,0.587396693795702,1.9942048747230379,-0.6903016874041268,1.8979958483522867,1.3806033748082536,-0.5041131547732484,1.8847165295815018,1.9942048747230379,-3.545253110618718,2.5764712296447647
ARC15MIN,WAAREEENER,2026-08-10 09:45:00,2026-08-10 10:00:00,Industrials,Largecap,2706.5,0.4528077793860996,0.07759098466653125,0.2295604308854982,-0.15196944621896696,0.1662663957140209,-0.11453907260299268,0.4572119592132385,-0.07389617587290065,0.26770323954666064,-0.3415994154195613,0.1662663957140209,-0.1625715869203792,0.5147618131629413,0.4249030112691621,0.4047846134034214,0.020118397865740656,0.4618510992056235,-0.1625715869203792,0.6823973114393271,0.3103639386661694,0.34814503871613434,-0.03778110004996493,0.56530574542768,-0.1625715869203792,0.8525554622024731,-0.4507666728246762,0.027401085135863614,-0.4781677579605398,0.6835396268243032,-0.7943838906336542,1.4342326600636515,-1.4077221503787096,-0.024928652207153453,-1.3827934981715562,0.6835396268243032,-2.0543136892665737,1.8979958483522867,-0.9052281544430052,-0.5041131547732484,-0.40111499966975683,0.6835396268243032,-2.0543136892665737,2.5764712296447647
ARC15MIN,BANKINDIA,2026-08-10 10:00:00,2026-08-10 10:15:00,Bank,Largecap,142.43,0.05619950825430653,0.2597767324299616,0.25189958495231496,0.007877147477646618,0.4353015516393999,-0.02106297830513082,0.45217044846354576,0.11233588429404584,0.24652349146373997,-0.13418760716969413,0.4353015516393999,-0.02106297830513082,0.5314746295776444,-0.09829389875729566,0.3379980817069958,-0.43629198046429146,0.4353015516393999,-0.19658779751456912,0.7089130262739469,-0.2667977251983422,0.3052390516221408,-0.572036776820483,0.4353015516393999,-0.4563645299445418,0.8378718319223506,-1.137400828477153,0.06001461349153737,-1.1974154419686904,0.4353015516393999,-2.148423787123499,1.4279303250197983,2.1062978305132374,-0.23080720499208696,2.3371050355053242,2.5907463315312684,-2.148423787123499,1.8694933989317857,-0.8635821105104413,-0.5344018570129785,-0.3291802534974628,2.6820192375201835,-2.148423787123499,2.5519595568336646
ARC15MIN,RBLBANK,2026-08-10 10:00:00,2026-08-10 10:15:00,Bank,Largecap,388.0,0.07737941707506302,0.2448453608247414,0.25189958495231496,-0.007054224127573561,0.3865979381443285,-0.12886597938144284,0.45217044846354576,0.29639175257731853,0.24652349146373997,0.04986826111357856,0.4252577319587614,-0.12886597938144284,0.5314746295776444,0.5670103092783485,0.3379980817069958,0.2290122275713527,1.0309278350515427,-0.12886597938144284,0.7089130262739469,0.20618556701030855,0.3052390516221408,-0.09905348461183228,1.0309278350515427,-0.12886597938144284,0.8378718319223506,-0.2448453608247414,0.06001461349153737,-0.30485997431627876,1.0309278350515427,-0.7087628865979356,1.4279303250197983,0.09020618556700999,-0.23080720499208696,0.32101339055909694,1.0309278350515427,-0.7087628865979356,1.8694933989317857,-1.4175257731958713,-0.5344018570129785,-0.8831239161828928,1.0309278350515427,-1.623711340206191,2.5519595568336646
ARC15MIN,PREMIERENE,2026-08-10 10:30:00,2026-08-10 10:45:00,Services,Largecap,1044.3,0.08625646923516861,0.5362443742219725,0.1366369638733602,0.39960741034861225,0.5745475438092562,-0.40218328066647935,0.31465576617257063,0.47878961984104684,0.08591019264171293,0.3928794271993339,0.7947907689361156,-0.40218328066647935,0.39892466257371306,0.37345590347601654,-0.004004908372101595,0.37746081184811814,0.7947907689361156,-0.40218328066647935,0.480070167103113,0.766063391745675,-0.027933869600035216,0.7939972613457101,1.206549841999438,-0.40218328066647935,0.5883593190198416,-0.009575792396809835,-0.3324232307834402,0.3228474383866304,1.206549841999438,-1.0629129560471018,1.1562709011260834,-0.9958824092693552,-0.6470480199133801,-0.3488343893559751,1.206549841999438,-1.1682466724121432,1.6007189850749388,-2.518433400363873,-0.638956398273228,-1.879477002090645,1.206549841999438,-2.99722302020492,2.3027259717497612
ARC15MIN,DRREDDY,2026-08-10 10:45:00,2026-08-10 11:00:00,Healthcare,Largecap,1167.5,-0.17101325352715246,-0.12847965738758127,0.08914562898146444,-0.2176252863690457,0.29122055674519753,-0.20556745182013225,0.35702918494189095,0.10278372591006057,0.061964341453211585,0.04081938445684899,0.29122055674519753,-0.20556745182013225,0.4094619683728702,-0.12847965738758127,0.08301362699990077,-0.21149328438748205,0.29122055674519753,-0.28265524625267213,0.47026284338871144,-0.04282655246252709,-0.02499076522200881,-0.01783578724051828,0.29122055674519753,-0.28265524625267213,0.5706564954228904,0.28265524625268323,-0.4188532059657556,0.7015084522184388,0.3854389721627438,-1.062098501070674,1.141311830386035,2.7837259100642386,-0.6346940355257048,3.4184199455899433,3.3661670235545893,-1.062098501070674,1.5860591702857922,2.055674518201278,-0.5516403519964946,2.6073148701977726,3.477516059957164,-1.062098501070674,2.296778520142263
ARC15MIN,BANDHANBNK,2026-08-10 10:45:00,2026-08-10 11:00:00,Bank,Largecap,175.77,-0.08526603001363098,-0.07396028901406337,0.08914562898146444,-0.16310591799552782,0.07964954201513663,-0.16498833703135762,0.35702918494189095,-0.13654207202594693,0.061964341453211585,-0.1985064134791585,0.07964954201513663,-0.16498833703135762,0.4094619683728702,-0.1251635660237782,0.08301362699990077,-0.20817719302367899,0.07964954201513663,-0.1820560960345996,0.47026284338871144,-1.6555726233145607,-0.02499076522200881,-1.630581858092552,0.07964954201513663,-1.974170791375096,0.5706564954228904,-2.270011947431305,-0.4188532059657556,-1.8511587414655497,0.07964954201513663,-2.713773681515619,1.141311830386035,-0.051203277009725934,-0.6346940355257048,0.5834907585159789,0.5632360471069964,-2.713773681515619,1.5860591702857922,-1.467827274278899,-0.5516403519964946,-0.9161869222824043,0.5803038061102495,-2.713773681515619,2.296778520142263
ARC15MIN,BANKINDIA,2026-08-10 11:15:00,2026-08-10 11:30:00,Bank,Largecap,142.29,-0.3292238722331198,-0.09136270995853124,-0.09188478707806308,0.0005220771195318386,0.1616417176189655,-0.1897533206830948,0.20667100006358738,-0.17569751915103016,-0.008062051156906185,-0.16763546799412396,0.1616417176189655,-0.295171832173724,0.2548394863653277,-0.39356244289830977,-0.10853835893589356,-0.2850240839624162,0.1616417176189655,-0.5481762597512096,0.33450777270196963,-0.2740881298755937,-0.028644103131742066,-0.24544402674385166,0.1616417176189655,-0.8363201911589013,0.4416407613506735,0.07027900766041206,-0.5032078621544281,0.5734868698148402,0.1616417176189655,-2.0521470236840145,1.0158232499158781,1.4055801532082413,-0.7825715842163795,2.188151737424621,2.6916859933937776,-2.0521470236840145,1.457866602250747,0.4216740459624724,-0.4875922964310146,0.909266342393487,2.783048703352309,-2.0521470236840145,2.1824289876507623
ARC15MIN,OFSS,2026-08-10 11:15:00,2026-08-10 11:30:00,I.T,Largecap,11720.0,-0.21285653469561572,-0.09385665529010323,-0.09188478707806308,-0.001971868212040151,0.1791808873720102,-0.43515358361774226,0.20667100006358738,-0.18771331058020646,-0.008062051156906185,-0.17965125942330026,0.1791808873720102,-0.43515358361774226,0.2548394863653277,-0.213310580204773,-0.10853835893589356,-0.10477222126887945,0.1791808873720102,-0.43515358361774226,0.33450777270196963,0.23890784982936175,-0.028644103131742066,0.2675519529611038,0.32423208191125763,-0.43515358361774226,0.4416407613506735,0.4095563139931757,-0.5032078621544281,0.9127641761476039,2.116040955631404,-0.43515358361774226,1.0158232499158781,-0.5290102389078455,-0.7825715842163795,0.253561345308534,2.116040955631404,-0.6825938566552892,1.457866602250747,1.6638225255972694,-0.4875922964310146,2.151414822028284,2.116040955631404,-3.4300341296928383,2.1824289876507623
ARC15MIN,CANBK,2026-08-10 11:30:00,2026-08-10 11:45:00,Bank,Largecap,130.73,-0.04587506690114651,-0.09944159718503487,0.020727454661999104,-0.12016905184703397,0.09944159718504597,-0.23712996251816776,0.2069640135715918,-0.15298707259235877,-0.006213949614279914,-0.14677312297807887,0.09944159718504597,-0.39011703511052653,0.2657824290092661,-0.7496366557025902,-0.08820108689348835,-0.6614355688091018,0.09944159718504597,-0.826130191998764,0.33307026176496884,-0.9638185573318969,-0.04362774888054357,-0.9201908084513534,0.09944159718504597,-1.1168056299242557,0.4404395236769696,-0.4360131568882375,-0.36433080888633834,-0.07168234800189915,0.09944159718504597,-2.1953644917004467,1.0320340053108161,0.44366251051786154,-0.7095633839151817,1.1532258944330431,1.8205461638491682,-2.1953644917004467,1.472889417308943,0.09944159718504597,-0.3947281892674472,0.49416978645249315,1.8205461638491682,-2.2642086743670076,2.213564846126532
ARC15MIN,ETERNAL,2026-08-10 11:45:00,2026-08-10 12:00:00,I.T,Largecap,314.85,0.0317712470214504,0.07940289026520109,0.055237854080187866,0.02416503618501322,0.12704462442432174,-0.07940289026520109,0.2680053694122202,-0.15880578053041328,-0.018694032853838683,-0.14011174767657458,0.2540892488486435,-0.15880578053041328,0.3136140470826737,-0.23820867079561436,-0.0269941361949889,-0.21121453460062548,0.2540892488486435,-0.349372717166907,0.37202127781649563,-0.9845958392885601,-0.032073167759952725,-0.9525226715286074,0.2540892488486435,-1.048118151500721,0.49390575056824826,-1.3657297125615364,-0.34945492192899047,-1.016274790632546,0.2540892488486435,-2.747340003176124,1.0911039723208984,-0.30173098300779744,-0.6417536240349475,0.3400226410271501,1.3022074003493644,-2.747340003176124,1.5263478827519978,1.619818961410191,-0.3300679757360566,1.9498869371462475,3.2237573447673418,-2.747340003176124,2.280741065423437
ARC15MIN,FORCEMOT,2026-08-10 12:00:00,2026-08-10 12:15:00,Auto,Largecap,18569.0,-0.11296395911780666,0.07539447466207161,-0.10198138548733114,0.17737586014940276,0.12924767084927513,-0.05385319618719242,0.19442407691956806,-0.02154127847487919,-0.11013722137389849,0.0885959428990193,0.39851365178522613,-0.05385319618719242,0.22938288018464828,-0.23695406322364887,-0.06896483502482535,-0.1679892281988235,0.39851365178522613,-0.26388066131725063,0.2910100992926143,-1.0393666864128348,-0.14939157894503738,-0.8899751074677974,0.39851365178522613,-1.0447520060315574,0.41032576332555587,-1.7179169583714793,-0.3551878440873613,-1.362729114284118,0.39851365178522613,-1.933329743120249,1.0083805589538875,4.324411653831661,-0.7281873368151205,5.052598990646782,4.469815283537071,-1.933329743120249,1.428219765616098,0.23695406322365997,-0.40580242228255564,0.6427564855062156,4.7336959448543325,-1.933329743120249,2.1869680911802982
ARC15MIN,HINDZINC,2026-08-10 12:30:00,2026-08-10 12:45:00,Metals & Mining,Largecap,596.0,-0.7659007659007733,0.7550335570469802,-0.0065106735299182185,0.7615442305768984,0.8221476510066994,-0.03355704697987072,0.1943692980058686,0.6795302013422821,0.03499696365712399,0.6445332376851581,0.9060402684563762,-0.03355704697987072,0.24863952657168711,0.251677852348986,0.03819349121716487,0.21348436113182112,0.9060402684563762,-0.03355704697987072,0.3373064100268076,0.09228187919463338,-0.12881392908735037,0.22109580828198375,0.9060402684563762,-0.0838926174496657,0.4337779741429046,-0.10067114093960106,-0.28182834968463566,0.1811572087450346,1.8456375838926231,-0.5201342281879184,1.061562651868998,-1.8120805369127413,-0.5671148196893471,-1.244965717223394,1.8456375838926231,-2.248322147651005,1.4987045702496842,-4.286912751677841,-0.4046439189133167,-3.8822688327645243,1.8456375838926231,-6.409395973154375,2.2644629401945036
ARC15MIN,JSWSTEEL,2026-08-10 12:30:00,2026-08-10 12:45:00,Metals & Mining,Largecap,1303.8,-0.2753556677375091,-0.14572787237305818,-0.0065106735299182185,-0.13921719884313996,0.08436876821600325,-0.29145574474612745,0.1943692980058686,-0.10737843227487387,0.03499696365712399,-0.14237539593199786,0.08436876821600325,-0.29145574474612745,0.24863952657168711,-0.06135910415707713,0.03819349121716487,-0.09955259537424199,0.08436876821600325,-0.29145574474612745,0.3373064100268076,-0.3144654088050203,-0.12881392908735037,-0.1856514797176699,0.12271820831417646,-0.5675717134529745,0.4337779741429046,-1.526307715907338,-0.28182834968463566,-1.2444793662227023,0.12271820831417646,-1.7717441325356575,1.061562651868998,-2.4006749501457203,-0.5671148196893471,-1.8335601304563731,0.12271820831417646,-2.4390243902438935,1.4987045702496842,-1.6643657002607837,-0.4046439189133167,-1.259721781347467,0.12271820831417646,-4.095720202485031,2.2644629401945036
ARC15MIN,SIEMENS,2026-08-10 12:30:00,2026-08-10 12:45:00,Industrials,Largecap,3965.0,0.04541784416633998,-0.8348045397225667,-0.0065106735299182185,-0.8282938661926486,0.050441361916764293,-1.1399747793190418,0.1943692980058686,-0.3783102143757877,0.03499696365712399,-0.4133071780329117,0.050441361916764293,-1.1399747793190418,0.24863952657168711,-0.12610340479193294,0.03819349121716487,-0.1642968960090978,0.050441361916764293,-1.1399747793190418,0.3373064100268076,-0.6834804539722517,-0.12881392908735037,-0.5546665248849013,0.050441361916764293,-1.1399747793190418,0.4337779741429046,-1.886506935687271,-0.28182834968463566,-1.6046785860026354,0.050441361916764293,-2.2698612862547263,1.061562651868998,1.7654476670870167,-0.5671148196893471,2.332562486776364,3.3518284993694802,-2.7843631778058042,1.4987045702496842,-0.8474148802017578,-0.4046439189133167,-0.4427709612884411,3.3518284993694802,-2.7843631778058042,2.2644629401945036
ARC15MIN,TMPV,2026-08-10 13:00:00,2026-08-10 13:15:00,Auto,Largecap,347.2,-0.28719126938541173,0.23041474654377225,0.08819238919612596,0.1422223573476463,0.3312211981566948,-0.11520737327188613,0.2553246939994315,0.0432027649769573,0.04484290463363122,-0.0016401396566739224,0.3888248847926379,-0.11520737327188613,0.2966610865174444,0.18721198156683716,-0.03912039075543025,0.2263323723222674,0.3888248847926379,-0.20161290322580072,0.36254905266305126,-0.24481566820275802,-0.26763295809859605,0.022817289895838033,0.3888248847926379,-0.6768433179723421,0.7852530107413855,0.11520737327190833,-0.19088082563129652,0.3060881989032048,0.3888248847926379,-0.8496543778801824,1.0667043905645068,-2.923387096774188,-0.6263340902549754,-2.2970530065192127,1.1664746543778914,-3.74423963133641,1.4990432371668747,-4.665898617511521,-0.3078807389548787,-4.358017878556643,1.252880184331806,-5.241935483870963,2.2670451295269154
ARC15MIN,TCS,2026-08-10 13:00:00,2026-08-10 13:15:00,I.T,Largecap,2436.9,0.024627508927466124,0.24621445278838472,0.08819238919612596,0.15802206359225876,0.27493947228034443,-0.07796791004965886,0.2553246939994315,0.14772867167303083,0.04484290463363122,0.10288576703939961,0.27493947228034443,-0.07796791004965886,0.2966610865174444,0.11490007796790547,-0.03912039075543025,0.15402046872333572,0.27493947228034443,-0.07796791004965886,0.36254905266305126,0.3282859370511648,-0.26763295809859605,0.5959188951497609,0.8084041199885039,-0.5498789445607111,0.7852530107413855,0.18876441380442088,-0.19088082563129652,0.3796452394357174,0.8084041199885039,-0.5498789445607111,1.0667043905645068,-4.5918995445032635,-0.6263340902549754,-3.965565454248288,0.8084041199885039,-5.613689523575038,1.4990432371668747,-4.9160819073412965,-0.3078807389548787,-4.608201168386418,0.8084041199885039,-5.613689523575038,2.2670451295269154
ARC15MIN,INDIANB,2026-08-10 13:15:00,2026-08-10 13:30:00,Bank,Largecap,882.95,0.033988557185749,0.1132566963021775,0.0009295376664013536,0.11232715863577614,0.31711874964606146,-0.028314174075538823,0.2222138543273464,0.19819921852879396,-0.04910049497038042,0.2472997134991744,0.31711874964606146,-0.028314174075538823,0.262258795811303,0.30579308001585925,-0.15172164629635684,0.4575147263122161,0.46435245483889,-0.028314174075538823,0.3115032166090907,-0.7588198652245359,-0.3735315852433677,-0.3852882799811682,0.6852030126281106,-0.8664137267116012,0.788219391112164,-0.2718160711252193,-0.2909675604744749,0.01915148934925559,0.6852030126281106,-0.9117164052324656,1.0343335538770977,0.5606206466957309,-0.7411288741644679,1.3017495208601988,1.6648734356418782,-1.1155784585763606,1.4512784834319967,0.20386205334390617,-0.3786155540541111,0.5824776073980173,2.361402117900213,-1.4326972082224443,2.221639622040154
ARC15MIN,KPITTECH,2026-08-10 13:15:00,2026-08-10 13:30:00,I.T,Midcap,630.8,-0.25300442757748565,-0.13474952441342447,0.0009295376664013536,-0.13567906207982583,0.10304375396323895,-0.15852885225110525,0.2222138543273464,-0.39632213062777977,-0.04910049497038042,-0.34722163565739933,0.10304375396323895,-0.39632213062777977,0.262258795811303,-0.3566899175650007,-0.15172164629635684,-0.20496827126864384,0.10304375396323895,-1.0304375396322119,0.3115032166090907,-1.10970196575777,-0.3735315852433677,-0.7361703805144023,0.26949904882689335,-1.1414077362079778,0.788219391112164,-0.17438173747620356,-0.2909675604744749,0.11658582299827136,0.5310716550412264,-1.5298034242232084,1.0343335538770977,-3.0992390615091847,-0.7411288741644679,-2.3581101873447166,0.5310716550412264,-3.4559289790741854,1.4512784834319967,-3.5034876347495136,-0.3786155540541111,-3.1248720806954027,0.5310716550412264,-4.36746987951806,2.221639622040154
ARC15MIN,LAURUSLABS,2026-08-10 13:45:00,2026-08-10 14:00:00,Healthcare,Largecap,1850.0,-0.059424126195228855,-0.28648648648648134,-0.08455130942431256,-0.2019351770621688,0.216216216216214,-0.40540540540540126,0.18143532416364394,-0.2594594594594546,-0.1533579287898863,-0.10610153066956829,0.216216216216214,-0.40540540540540126,0.20147906163241175,-0.2702702702702675,-0.21930870063652752,-0.05096156963373999,0.216216216216214,-0.9297297297297336,0.26450631121673185,-0.4756756756756686,-0.36400138229199097,-0.11167429338367763,0.216216216216214,-0.9297297297297336,0.7669564063442043,-0.324324324324321,-0.36199946017967954,0.03767513585535853,0.216216216216214,-0.9297297297297336,1.0075054258851228,-0.4108108108108022,-0.48838877879592757,0.0775779679851254,0.6648648648648559,-0.9297297297297336,1.4353370300116808,,,,,,
ARC15MIN,TCS,2026-08-10 14:00:00,2026-08-10 14:15:00,I.T,Largecap,2437.1,-0.1434073588461815,-0.08616798654137447,-0.10420678260520659,0.018038796063832116,0.25850395962414563,-0.1272003610848893,0.16514670836406314,0.06154856181528334,-0.11936641134084627,0.18091497315612962,0.25850395962414563,-0.20516187271757413,0.20030715299399235,0.32005252143942897,-0.26393705650440996,0.5839895779438389,0.8001313035985502,-0.558040293791795,0.6891781704466019,-0.11489064872183263,-0.20990982562244156,0.09501917690060893,0.8001313035985502,-0.558040293791795,0.8025245341373559,0.0902712239957415,-0.3243313137824735,0.414602537778215,0.8001313035985502,-0.558040293791795,1.036770978809272,-4.1237536416232405,-0.3511766619176342,-3.7725769797056063,0.8001313035985502,-5.621435312461531,1.4665804372816889,,,,,,
ARC15MIN,GMRAIRPORT,2026-08-10 14:00:00,2026-08-10 14:15:00,Miscellaneous,Largecap,106.54,-0.1125070316894683,-0.2909705275014107,-0.10420678260520659,-0.18676374489620412,0.046930730242156216,-0.42237657217946145,0.16514670836406314,-0.30035667354985085,-0.11936641134084627,-0.18099026220900458,0.046930730242156216,-0.42237657217946145,0.20030715299399235,-1.1263375258119046,-0.26393705650440996,-0.8624004693074947,0.046930730242156216,-1.1544959639572028,0.6891781704466019,-1.0981790876666064,-0.20990982562244156,-0.8882692620441649,0.046930730242156216,-1.8115261873474786,0.8025245341373559,-1.2671297165383955,-0.3243313137824735,-0.942798402755922,0.046930730242156216,-1.8115261873474786,1.036770978809272,-2.609348601464234,-0.3511766619176342,-2.2581719395466,0.046930730242156216,-4.1205181152618735,1.4665804372816889,,,,,,
ARC15MIN,360ONE,2026-08-10 14:00:00,2026-08-10 14:15:00,Financials,Largecap,1179.8,-0.059296908089800926,-0.41532463129342334,-0.10420678260520659,-0.31111784868821674,0.008476012883540385,-0.5933209018477714,0.16514670836406314,-0.7374131208679469,-0.11936641134084627,-0.6180467095271006,0.008476012883540385,-0.9323614171893535,0.20030715299399235,-1.0001695202576655,-0.26393705650440996,-0.7362324637532556,0.008476012883540385,-1.4917782675029634,0.6891781704466019,-0.6187489404983815,-0.20990982562244156,-0.40883911487593994,0.008476012883540385,-1.4917782675029634,0.8025245341373559,-2.2800474656721414,-0.3243313137824735,-1.955716151889668,0.008476012883540385,-2.6360400067808043,1.036770978809272,-2.085099169350735,-0.3511766619176342,-1.7339225074331006,0.008476012883540385,-3.373453127648751,1.4665804372816889,,,,,,
ARC15MIN,HINDZINC,2026-08-10 14:45:00,2026-08-10 15:00:00,Metals & Mining,Largecap,596.35,-0.31759297952360654,0.9977362287247216,-0.14471843788773164,1.142454666612453,1.7187893015846445,-0.3940638886559933,0.7422615580796443,1.3918001173807149,-0.20751501321125224,1.599315130591967,1.7187893015846445,-0.3940638886559933,0.8010651710714268,1.2408820323635439,-0.19586266024003737,1.4367446926035812,1.7187893015846445,-0.3940638886559933,0.839382124074547,0.058690366395586224,-0.1829449825108065,0.2416353489063927,1.7858640060367303,-0.3940638886559933,0.9263724798772494,-0.23476146558228939,-0.009822670581373833,-0.22493879500091554,1.7858640060367303,-2.070931499958084,1.3626647361361217,-1.827785696319273,-0.08019500629881626,-1.7475906900204565,1.7858640060367303,-3.3285822084346495,1.7947443134241339,,,,,,
ARC15MIN,TMPV,2026-08-10 14:45:00,2026-08-10 15:00:00,Auto,Largecap,347.9,0.11510791366906581,-0.445530324805965,-0.14471843788773164,-0.30081188691823335,0.014371945961477728,-0.8766887036504634,0.7422615580796443,-0.445530324805965,-0.20751501321125224,-0.23801531159471276,0.014371945961477728,-0.8766887036504634,0.8010651710714268,-0.2586950273066879,-0.19586266024003737,-0.06283236706665055,0.014371945961477728,-0.8766887036504634,0.839382124074547,-0.8910606496119522,-0.1829449825108065,-0.7081156671011457,0.02874389192297766,-0.9916642713423407,0.9263724798772494,0.6754814601897197,-0.009822670581373833,0.6853041307710935,0.9629203794193852,-1.0491520551882627,1.3626647361361217,0.8623167576889967,-0.08019500629881626,0.942511763987813,1.0491520551882738,-3.937913193446385,1.7947443134241339,,,,,,
ARC15MIN,HCLTECH,2026-08-10 14:45:00,2026-08-10 15:00:00,I.T,Largecap,1354.9,0.0,1.2178020518119448,-0.14471843788773164,1.3625204896996763,1.6311166875784044,-0.24356041036239784,0.7422615580796443,1.1882795778286104,-0.20751501321125224,1.3957945910398626,1.6311166875784044,-0.24356041036239784,0.8010651710714268,1.0406672079120272,-0.19586266024003737,1.2365298681520644,1.8377740054616565,-0.24356041036239784,0.839382124074547,0.8340098900287751,-0.1829449825108065,1.0169548725395816,1.8377740054616565,-0.24356041036239784,0.9263724798772494,0.7897261790537957,-0.009822670581373833,0.7995488496351696,1.8377740054616565,-0.24356041036239784,1.3626647361361217,0.30260535832902224,-0.08019500629881626,0.3828003646278385,1.8377740054616565,-1.0701896818953394,1.7947443134241339,,,,,,
ARC15MIN,CUMMINSIND,2026-08-10 15:00:00,2026-08-11 09:15:00,Industrials,Largecap,5418.0,-0.5141388174807249,-0.44296788482834915,-0.37133056770521955,-0.0716373171231296,0.5352528608342455,-0.4891103728313029,0.5588814186304205,-0.4983388704318914,-0.3299210938091081,-0.1684177766227833,0.5352528608342455,-0.5813953488372103,0.5870454029466992,-0.4245108896271721,-0.25445207650954993,-0.17005881311762217,0.5352528608342455,-0.7936507936507908,0.6387953610989273,-0.9505352528608291,-0.4367202874125249,-0.5138149654483042,0.5352528608342455,-0.9689922480620172,0.7152191825464549,-0.9689922480620172,-0.3361706996632136,-0.6328215483988036,0.5352528608342455,-1.2735326688815052,1.1934996373008055,-0.9597637504614287,-0.2869226624816923,-0.6728410879797364,0.5352528608342455,-1.6242155777039469,1.6173605775378634,,,,,,
ARC15MIN,ZYDUSLIFE,2026-08-10 15:00:00,2026-08-11 09:15:00,Healthcare,Largecap,1119.0,0.34974441754103136,0.571939231456664,-0.37133056770521955,0.9432697991618836,0.9472743521000915,0.0,0.5588814186304205,0.142984807864166,-0.3299210938091081,0.4729059016732741,0.9472743521000915,-0.12511170688115358,0.5870454029466992,1.2421805183199464,-0.25445207650954993,1.4966325948294963,1.3315460232350418,-0.12511170688115358,0.6387953610989273,1.9034852546916836,-0.4367202874125249,2.3402055421042087,2.5915996425379895,-0.12511170688115358,0.7152191825464549,3.780160857908843,-0.3361706996632136,4.116331557572057,7.685433422698829,-0.12511170688115358,1.1934996373008055,4.906166219839148,-0.2869226624816923,5.19308888232084,7.685433422698829,-0.12511170688115358,1.6173605775378634,,,,,,
ARC15MIN,FORTIS,2026-08-10 15:00:00,2026-08-11 09:15:00,Healthcare,Largecap,945.0,-0.7457199873962872,-1.518518518518519,-0.37133056770521955,-1.1471879508132994,0.3756613756613625,-1.6666666666666718,0.5588814186304205,-0.3809523809523818,-0.3299210938091081,-0.05103128714327371,0.3756613756613625,-2.264550264550258,0.5870454029466992,-0.5978835978835972,-0.25445207650954993,-0.3434315213740473,0.3756613756613625,-2.264550264550258,0.6387953610989273,-1.4603174603174507,-0.4367202874125249,-1.0235971729049258,0.3756613756613625,-2.264550264550258,0.7152191825464549,-4.063492063492058,-0.3361706996632136,-3.7273213638288443,0.3756613756613625,-4.1693121693121675,1.1934996373008055,-5.761904761904768,-0.2869226624816923,-5.474982099423076,0.3756613756613625,-6.973544973544977,1.6173605775378634,,,,,,
ARC15MIN,COCHINSHIP,2026-08-10 15:00:00,2026-08-11 09:15:00,Aerospace & Defence,Largecap,1502.0,-0.3780592956158402,-0.519307589880158,-0.37133056770521955,-0.14797702217493847,0.5792276964047938,-0.9786950732356914,0.5588814186304205,-0.4127829560585883,-0.3299210938091081,-0.08286186224948017,0.5792276964047938,-0.9786950732356914,0.5870454029466992,-0.17976031957390726,-0.25445207650954993,0.07469175693564267,0.5792276964047938,-0.9786950732356914,0.6387953610989273,-0.6924101198402144,-0.4367202874125249,-0.2556898324276895,0.5792276964047938,-0.9786950732356914,0.7152191825464549,-0.3262316910785712,-0.3361706996632136,0.009939008584642417,0.5792276964047938,-0.9786950732356914,1.1934996373008055,0.8854860186418012,-0.2869226624816923,1.1724086811234935,1.4247669773635119,-0.9786950732356914,1.6173605775378634,,,,,,
ARC15MIN,PIDILITIND,2026-08-11 09:15:00,2026-08-11 09:30:00,Chemicals,Largecap,1677.2,-0.4038004750593793,-0.14309563558312366,-0.015730767897022494,-0.12736486768610117,0.16694490818029983,-0.3100405437634124,0.3604486050808053,-0.16694490818029983,-0.04530998032376594,-0.1216349278565339,0.16694490818029983,-0.3100405437634124,0.42158873414575904,-0.01192463629859919,0.1079461599268013,-0.11987079622540049,0.23849272597185056,-0.3100405437634124,0.5765713318145101,-0.4829477700930229,-0.11000085237010443,-0.3729469177229185,0.33388981636059967,-0.5843071786310494,0.6749124631546722,0.6737419508704878,-0.21169557435726552,0.8854375252277533,0.9957071309325105,-0.7810636775578472,1.3036924124782066,0.4233245886000381,0.029943637445762374,0.3933809511542757,1.5323157643691854,-0.7810636775578472,1.7786861164207621,,,,,,
ARC15MIN,LT,2026-08-11 09:15:00,2026-08-11 09:30:00,Realty,Largecap,4055.0,-0.49323942970724843,-0.13810110974106227,-0.015730767897022494,-0.12237034184403978,0.17262638717632228,-0.29593094944513343,0.3604486050808053,-0.23181257706534897,-0.04530998032376594,-0.18650259674158304,0.17262638717632228,-0.29593094944513343,0.42158873414575904,-0.3797780517879157,0.1079461599268013,-0.48772421171471697,0.17262638717632228,-0.4192355117139335,0.5765713318145101,-0.32552404438963567,-0.11000085237010443,-0.21552319201953124,0.17262638717632228,-0.5326757090012291,0.6749124631546722,-1.373612823674475,-0.21169557435726552,-1.1619172493172094,0.17262638717632228,-1.4056720098643671,1.3036924124782066,-1.2330456226880449,0.029943637445762374,-1.2629892601338073,0.17262638717632228,-1.602959309494456,1.7786861164207621,,,,,,
ARC15MIN,CHOLAFIN,2026-08-11 09:15:00,2026-08-11 09:30:00,Financials,Largecap,1899.4,-0.5497670035080393,0.500157944614088,-0.015730767897022494,0.5158887125111106,0.5370116879014342,-0.1895335369063944,0.3604486050808053,0.6581025587027556,-0.04530998032376594,0.7034125390265216,0.6633673791723638,-0.1895335369063944,0.42158873414575904,1.000315889228176,0.1079461599268013,0.8923697293013747,1.0687585553332601,-0.1895335369063944,0.5765713318145101,0.6528377382331252,-0.11000085237010443,0.7628385906032296,1.400442244919442,-0.1895335369063944,0.6749124631546722,-0.3843318942824192,-0.21169557435726552,-0.1726363199251537,1.400442244919442,-0.47909866273561086,1.3036924124782066,0.3790670738127666,0.029943637445762374,0.3491234363670042,1.400442244919442,-0.5791302516584218,1.7786861164207621,,,,,,
ARC15MIN,TVSMOTOR,2026-08-11 09:15:00,2026-08-11 09:30:00,Auto,Largecap,4431.7,-0.6345291479820658,-0.0992846988740137,-0.015730767897022494,-0.08355393097699121,0.4106776180698102,-0.12861881445043188,0.3604486050808053,-0.26400704018773036,-0.04530998032376594,-0.21869705986396443,0.4106776180698102,-0.37683056163548834,0.42158873414575904,-0.0383599972922366,0.1079461599268013,-0.1463061572190379,0.4106776180698102,-0.4670893787936836,0.5765713318145101,-0.2662635106166933,-0.11000085237010443,-0.15626265824658886,0.4106776180698102,-0.4670893787936836,0.6749124631546722,-0.6566328948259037,-0.21169557435726552,-0.4449373204686382,0.4106776180698102,-1.3922422546652435,1.3036924124782066,-2.100773969357117,0.029943637445762374,-2.1307176068028792,0.4106776180698102,-2.40765394769501,1.7786861164207621,,,,,,
ARC15MIN,TIINDIA,2026-08-11 09:15:00,2026-08-11 09:30:00,Industrials,Largecap,2785.3,-1.0901988636363602,0.4057013607151827,-0.015730767897022494,0.4214321286122052,0.46314580117041704,-0.26209025957707466,0.3604486050808053,0.8185832764872725,-0.04530998032376594,0.8638932568110385,1.0088679854952654,-0.26209025957707466,0.42158873414575904,1.0914443686496744,0.1079461599268013,0.9834982087228731,1.1668401967471986,-0.26209025957707466,0.5765713318145101,-0.36620830790221603,-0.11000085237010443,-0.2562074555321116,1.1668401967471986,-0.4775069112842534,0.6749124631546722,-1.1129860338204178,-0.21169557435726552,-0.9012904594631523,1.1668401967471986,-1.4037985136251208,1.3036924124782066,0.3949305281298221,0.029943637445762374,0.3649868906840597,2.261874842925349,-1.4037985136251208,1.7786861164207621,,,,,,
ARC15MIN,SONACOMS,2026-08-11 09:15:00,2026-08-11 09:30:00,Auto,Largecap,813.7,0.6493908095738687,-0.34410716480276493,-0.015730767897022494,-0.32837639690574244,0.15976404080126905,-0.5100159764040879,0.3604486050808053,-0.46085781000368975,-0.04530998032376594,-0.4155478296799238,0.15976404080126905,-0.6083323092048731,0.42158873414575904,-0.5345950596042814,0.1079461599268013,-0.6425412195310828,0.15976404080126905,-0.7127934128057123,0.5765713318145101,-1.167506452009337,-0.11000085237010443,-1.0575055996392326,0.15976404080126905,-1.2965466388103808,0.6749124631546722,-1.4132972840113056,-0.21169557435726552,-1.2016017096540401,0.15976404080126905,-1.9294580312154364,1.3036924124782066,-1.0200319528081647,0.029943637445762374,-1.0499755902539272,0.15976404080126905,-2.187538404817513,1.7786861164207621,,,,,,
ARC15MIN,HYUNDAI,2026-08-11 09:15:00,2026-08-11 09:30:00,Auto,Largecap,2226.1,0.13945119208276235,-0.7681595615650627,-0.015730767897022494,-0.7524287936680402,0.31445128251201826,-1.0107362652171936,0.3604486050808053,-0.3863258613719056,-0.04530998032376594,-0.3410158810481397,0.31445128251201826,-1.0107362652171936,0.42158873414575904,-0.39980234490814004,0.1079461599268013,-0.5077485048349414,0.31445128251201826,-1.0107362652171936,0.5765713318145101,-0.2515610260096057,-0.11000085237010443,-0.1415601736395013,0.31445128251201826,-1.0107362652171936,0.6749124631546722,-0.40429450608687745,-0.21169557435726552,-0.19259893172961193,0.48964556848301033,-1.5003818337001928,1.3036924124782066,1.2443286465118497,0.029943637445762374,1.2143850090660873,2.1472530434392123,-1.5003818337001928,1.7786861164207621,,,,,,
ARC15MIN,SHRIRAMFIN,2026-08-11 09:30:00,2026-08-11 09:45:00,Financials,Largecap,1130.3,0.5336653917993317,0.07962487835089238,0.010177144604398966,0.06944773374649342,0.11501371317348408,-0.34504113952047444,0.33732968389370216,0.16809696540742713,0.11569331188291379,0.052403653524513344,0.22118021764132578,-0.34504113952047444,0.4391016120287331,0.23002742634699036,0.1724683946625131,0.05755903168447726,0.26541626116960426,-0.34504113952047444,0.599669132842064,-0.30080509599220706,-0.06001338097518128,-0.2407917150170258,0.26541626116960426,-0.672387861629653,0.6855867730195422,0.06193046093958543,-0.1133355035329805,0.17526596447256593,0.4600548526939807,-0.8050959922144441,1.3196728808555094,0.6281518181014079,-0.026999956392130015,0.6551517744935379,1.6544280279571888,-1.17667875785189,1.8144238331073361,,,,,,
ARC15MIN,MANAPPURAM,2026-08-11 09:30:00,2026-08-11 09:45:00,Financials,Largecap,366.5,-0.13623978201634523,0.5320600272851195,0.010177144604398966,0.5218828826807205,0.5320600272851195,-0.30013642564802323,0.33732968389370216,0.3819918144611023,0.11569331188291379,0.26629850257818855,0.8867667121418732,-0.30013642564802323,0.4391016120287331,0.13642564802183177,0.1724683946625131,-0.03604274664068133,1.0504774897680758,-0.30013642564802323,0.599669132842064,-0.06821282401091588,-0.06001338097518128,-0.008199443035734603,1.0504774897680758,-0.3410641200545683,0.6855867730195422,-1.9645293315143197,-0.1133355035329805,-1.8511938279813394,1.0504774897680758,-4.174624829467943,1.3196728808555094,-4.556616643929057,-0.026999956392130015,-4.529616687536927,1.0504774897680758,-5.729877216916779,1.8144238331073361,,,,,,
ARC15MIN,HAL,2026-08-11 09:30:00,2026-08-11 09:45:00,Aerospace & Defence,Largecap,4898.0,-0.4977145759268664,-0.19191506737442632,0.010177144604398966,-0.2020922119788253,0.04083299305839283,-0.35728868926092616,0.33732968389370216,-0.004083299305834842,0.11569331188291379,-0.11977661118874863,0.04083299305839283,-0.35728868926092616,0.4391016120287331,0.0,0.1724683946625131,-0.1724683946625131,0.12249897917517849,-0.35728868926092616,0.599669132842064,-0.7676602694977608,-0.06001338097518128,-0.7076468885225795,0.20212331563902453,-0.8656594528378858,0.6855867730195422,-0.20620661494488157,-0.1133355035329805,-0.09287111141190107,0.44916292364229893,-0.8656594528378858,1.3196728808555094,2.472437729685595,-0.026999956392130015,2.4994376860777248,3.205389955083704,-1.931400571661912,1.8144238331073361,,,,,,
ARC15MIN,VBL,2026-08-11 09:45:00,2026-08-11 10:00:00,FMCG,Largecap,445.2,-0.25764534558082586,0.17969451931716396,0.071260995236165,0.10843352408099896,0.19092542677447977,-0.19092542677447977,0.3309494089645417,0.28077268643307285,0.11912144172348485,0.161651244709588,0.3706199460916437,-0.19092542677447977,0.45436143357734066,-0.3144654088050314,-0.020734750169237613,-0.2937306586357938,0.41554357592092916,-0.41554357592092916,0.5357291212243934,0.10107816711590889,0.00711871628729783,0.09395945082861105,0.41554357592092916,-0.4380053908355719,0.6416782593315545,-2.0552560646900253,-0.11633965216173862,-1.9389164125282867,0.41554357592092916,-2.515723270440251,1.2673210761200187,-1.7969451931716063,0.03832621928447529,-1.8352714124560816,0.41554357592092916,-2.515723270440251,1.7536252246438029,,,,,,
ARC15MIN,SONACOMS,2026-08-11 09:45:00,2026-08-11 10:00:00,Auto,Largecap,811.35,-0.26429010448678625,-0.2896407222530373,0.071260995236165,-0.3609017174892023,0.043137979910023994,-0.3697541135145088,0.3309494089645417,-0.24650274234301328,0.11912144172348485,-0.3656241840664981,0.043137979910023994,-0.4252172305416968,0.45436143357734066,-0.7210205213532994,-0.020734750169237613,-0.7002857711840618,0.043137979910023994,-0.7826462069390527,0.5357291212243934,-1.029148949282066,0.00711871628729783,-1.036267665569364,0.043137979910023994,-1.2756516916250682,0.6416782593315545,-1.1339126147778433,-0.11633965216173862,-1.0175729626161047,0.043137979910023994,-1.6454058051395881,1.2673210761200187,-0.5361434645960506,0.03832621928447529,-0.5744696838805259,0.043137979910023994,-1.9042336845997432,1.7536252246438029,,,,,,
ARC15MIN,NMDC,2026-08-11 10:00:00,2026-08-11 10:15:00,Metals & Mining,Largecap,85.68,-0.13986013986012624,-0.3034547152194311,0.1535900598223061,-0.45704477504173724,0.12838468720821616,-0.31512605042017805,0.4247446356011542,-0.2801120448179373,0.16277418492731197,-0.44288622974524927,0.12838468720821616,-0.40849673202615344,0.49257814436857894,-0.80532212885156,-0.07723708572739243,-0.7280850431241676,0.12838468720821616,-0.945378151260512,0.5408958366952081,-0.7819794584500439,-0.005731059743532501,-0.7762483987065114,0.12838468720821616,-1.0154061624649935,0.6646814853758202,0.0,0.05286480260461069,-0.05286480260461069,0.45518207282910783,-1.0154061624649935,1.3103907303799152,-0.6652661064425858,0.052890648781036616,-0.7181567552236224,0.45518207282910783,-1.0154061624649935,1.781421328951529,,,,,,
ARC15MIN,OFSS,2026-08-11 10:30:00,2026-08-11 10:45:00,I.T,Largecap,11749.0,-0.30547305897327126,-0.3319431440973686,-0.13970552571256245,-0.19223761838480613,0.24682951740573333,-0.47663630947314406,0.223586720626233,-0.3489658694356912,-0.23026884613847287,-0.11869702329721832,0.24682951740573333,-0.5021703974806391,0.24848633300200806,0.1617158907140981,-0.22303862578804284,0.38475451650214093,0.24682951740573333,-0.629840837518092,0.31508004595501576,0.7064431015405548,-0.1450067957660182,0.851449897306573,0.8000680909013624,-0.629840837518092,0.4674417687583512,-0.5447272108264567,-0.42074959301149184,-0.12397761781496486,1.2767044003745065,-0.6894203762022322,1.1042714373718596,-2.1193293046216755,-0.17605761530659989,-1.9432716893150757,1.2767044003745065,-2.2469997446591172,1.5667646800810062,,,,,,
ARC15MIN,UNIONBANK,2026-08-11 10:45:00,2026-08-11 11:00:00,Bank,Largecap,182.16,0.3359955935004155,-0.3348704435660821,-0.24044261817239299,-0.0944278253936891,0.10979358805447426,-0.7575757575757569,0.14221932710307758,-0.24154589371980784,-0.22757761414244537,-0.013968279577362464,0.10979358805447426,-0.7575757575757569,0.18921387216534982,0.1866490996925707,-0.12205466771803751,0.30870376741060823,0.4007465963987711,-0.7575757575757569,0.2888561570529058,1.0924462011418612,-0.12122088557416158,1.2136670867160229,1.2077294685990392,-0.7575757575757569,0.4123352588061674,2.475845410628019,-0.4672811931916528,2.943126603819672,2.9863855950812424,-0.7575757575757569,1.0703160487143821,2.4154589371980784,-0.192558983173965,2.6080179203720433,3.590250329380762,-0.7575757575757569,1.5247601793102668,,,,,,
ARC15MIN,PIDILITIND,2026-08-11 11:00:00,2026-08-11 11:15:00,Chemicals,Largecap,1670.7,-0.4824874910650423,-0.09576824085713032,-0.07812140143071224,-0.01764683942641808,0.047884120428554056,-0.19752199676782434,0.19789664537366214,-0.20949302687496285,-0.08386422625369185,-0.12562880062127102,0.047884120428554056,-0.29927575267851836,0.24182682683057613,0.13766684623210956,-0.01995081732518502,0.1576176635572946,0.1616089064464088,-0.29927575267851836,0.37080120351015855,-0.029927575267851836,0.06468348209888375,-0.09461105736673558,0.335188842999945,-0.29927575267851836,0.5000184717761864,1.0953492548033683,-0.30966293989237503,1.4050121946957432,1.4544801580175903,-0.3950439935356487,1.1807889682414257,1.2150595558747757,0.05483342975978842,1.1602261261149873,1.9273358472496671,-0.3950439935356487,1.6593997423693028,,,,,,
ARC15MIN,MANAPPURAM,2026-08-11 11:00:00,2026-08-11 11:15:00,Financials,Largecap,367.5,0.13623978201635634,-0.5442176870748328,-0.07812140143071224,-0.46609628564412053,0.05442176870746884,-0.5442176870748328,0.19789664537366214,-0.3401360544217691,-0.08386422625369185,-0.25627182816807725,0.05442176870746884,-0.6122448979591799,0.24182682683057613,-0.5442176870748328,-0.01995081732518502,-0.5242668697496478,0.19047619047618536,-0.6122448979591799,0.37080120351015855,-0.5442176870748328,0.06468348209888375,-0.6089011691737165,0.19047619047618536,-0.775510204081642,0.5000184717761864,-3.7823129251700616,-0.30966293989237503,-3.4726499852776866,0.6666666666666599,-4.489795918367346,1.1807889682414257,-4.843537414965993,0.05483342975978842,-4.898370844725781,0.6666666666666599,-5.986394557823127,1.6593997423693028,,,,,,
ARC15MIN,SOLARINDS,2026-08-11 11:00:00,2026-08-11 11:15:00,Aerospace & Defence,Largecap,18641.0,-0.2301434382359191,0.18239364840941796,-0.07812140143071224,0.2605150498401302,0.43452604474008005,-0.16630009119682487,0.19789664537366214,-0.0590097097795228,-0.08386422625369185,0.024854516474169044,0.43452604474008005,-0.16630009119682487,0.24182682683057613,-0.026822595354325518,-0.01995081732518502,-0.006871778029140498,0.43452604474008005,-0.16630009119682487,0.37080120351015855,0.16630009119682487,0.06468348209888375,0.10161660909794112,0.43452604474008005,-0.16630009119682487,0.5000184717761864,-0.5686390215117187,-0.30966293989237503,-0.2589760816193437,0.8529585322675892,-0.5954616168660443,1.1807889682414257,2.4623142535271647,0.05483342975978842,2.407480823767376,4.339895928330018,-0.5954616168660443,1.6593997423693028,,,,,,
ARC15MIN,HAL,2026-08-11 11:00:00,2026-08-11 11:15:00,Aerospace & Defence,Largecap,4895.5,-0.08368030043269803,-0.3043611479930486,-0.07812140143071224,-0.22623974656233636,0.25329384128280896,-0.3084465325298824,0.19789664537366214,-0.7169849862118327,-0.08386422625369185,-0.6331207599581409,0.25329384128280896,-0.8150342150954892,0.24182682683057613,-0.5556122970074573,-0.01995081732518502,-0.5356614796822723,0.25329384128280896,-0.8150342150954892,0.37080120351015855,-0.33704422428760816,0.06468348209888375,-0.4017277063864919,0.25329384128280896,-0.8150342150954892,0.5000184717761864,-0.29619037891941424,-0.30966293989237503,0.01347256097296079,0.5004596057603949,-0.8150342150954892,1.1807889682414257,1.2705545909508675,0.05483342975978842,1.2157211611910792,3.258094168113579,-1.8813195792053983,1.6593997423693028,,,,,,
ARC15MIN,M&M,2026-08-11 11:30:00,2026-08-11 11:45:00,Auto,Largecap,3495.3,-0.10859935411962063,0.1945469630646901,0.10545125331468042,0.08909570975000969,0.19740794781561988,-0.0057219695019150585,0.2851098717212063,0.16593711555517032,0.05805450367930958,0.10788261187586073,0.32901324635938867,-0.0057219695019150585,0.3389545173385191,-0.6580264927187884,0.07203027964042923,-0.7300567723592176,0.32901324635938867,-0.709524218235924,0.4373512782240672,-0.8783223185420463,0.1343188511953871,-1.0126411697374333,0.32901324635938867,-0.909793150802507,0.5747094716717424,-2.314536663519584,-0.28887316454575623,-2.025663498973828,0.32901324635938867,-2.426115068806689,1.2375035209160656,-2.1600434869682106,0.22450837192418555,-2.384551858892396,0.32901324635938867,-2.826652933939866,1.755097861412543,,,,,,
ARC15MIN,KEI,2026-08-11 11:30:00,2026-08-11 11:45:00,Industrials,Largecap,5597.7,-0.33295349334092617,-0.03572896010861637,0.10545125331468042,-0.14118021342329679,0.330492881004707,-0.45554424138485317,0.2851098717212063,-0.1589938724833373,0.05805450367930958,-0.21704837616264688,0.330492881004707,-0.45554424138485317,0.3389545173385191,0.14291584043446548,0.07203027964042923,0.07088556079403625,0.3340657770155575,-0.45554424138485317,0.4373512782240672,0.4751951694446088,0.1343188511953871,0.3408763182492217,0.7020740661343172,-0.45554424138485317,0.5747094716717424,1.2380084677635406,-0.28887316454575623,1.5268816323092969,1.559569108741088,-0.45554424138485317,1.2375035209160656,3.249548921878631,0.22450837192418555,3.0250405499544457,4.27497007699591,-0.45554424138485317,1.755097861412543,,,,,,
ARC15MIN,UNOMINDA,2026-08-11 11:30:00,2026-08-11 11:45:00,Auto,Largecap,1277.7,-0.10164190774042403,-0.07043907020427564,0.10545125331468042,-0.17589032351895606,0.03130625342411264,-0.2817562808171026,0.2851098717212063,-0.09391876027237123,0.05805450367930958,-0.15197326395168081,0.03130625342411264,-0.2817562808171026,0.3389545173385191,-0.30523597088518706,0.07203027964042923,-0.3772662505256163,0.054785943492219324,-0.38350160444549086,0.4373512782240672,-0.219143773968844,0.1343188511953871,-0.3534626251642311,0.054785943492219324,-0.44611411129373835,0.5747094716717424,-2.214917429756591,-0.28887316454575623,-1.9260442652108347,0.0782656335603038,-2.3244893167410186,1.2375035209160656,-2.426234640369418,0.22450837192418555,-2.6507430122936033,0.0782656335603038,-3.1071456523440566,1.755097861412543,,,,,,
ARC15MIN,ADANIPOWER,2026-08-11 11:30:00,2026-08-11 11:45:00,Power & Utilities,Largecap,209.75,-0.2188287902573638,0.40524433849820074,0.10545125331468042,0.2997930851835203,0.538736591179978,-0.09535160905840279,0.2851098717212063,0.40047675804528726,0.05805450367930958,0.3424222543659777,0.538736591179978,-0.09535160905840279,0.3389545173385191,0.38140643623361115,0.07203027964042923,0.3093761565931819,0.5578069129916541,-0.09535160905840279,0.4373512782240672,-0.11918951132300348,0.1343188511953871,-0.2535083625183906,1.1251489868891573,-0.16686531585220488,0.5747094716717424,-1.997616209773534,-0.28887316454575623,-1.7087430452277776,1.1251489868891573,-2.193087008343264,1.2375035209160656,-2.0738974970202606,0.22450837192418555,-2.298405868944446,1.1251489868891573,-2.688915375446954,1.755097861412543,,,,,,
ARC15MIN,WAAREEENER,2026-08-11 11:30:00,2026-08-11 11:45:00,Industrials,Largecap,2703.6,-0.13297872340425343,-0.003698772007687534,0.10545125331468042,-0.10915002532236795,0.029590176061544682,-0.21452877644621005,0.2851098717212063,-0.059180352123089364,0.05805450367930958,-0.11723485580239895,0.029590176061544682,-0.21452877644621005,0.3389545173385191,0.10356561621542859,0.07203027964042923,0.031535336574999365,0.1479508803077456,-0.21452877644621005,0.4373512782240672,-0.05548158011540183,0.1343188511953871,-0.18980043131078894,0.28850421660009395,-0.21452877644621005,0.5747094716717424,-1.5238940671696954,-0.28887316454575623,-1.2350209026239392,0.31069684864626357,-1.949252848054439,1.2375035209160656,-0.8581151057848735,0.22450837192418555,-1.082623477709059,0.31069684864626357,-1.949252848054439,1.755097861412543,,,,,,
ARC15MIN,SHRIRAMFIN,2026-08-11 11:45:00,2026-08-11 12:00:00,Financials,Largecap,1126.9,0.12438916037318393,-0.0709912148371794,0.063612044193059,-0.1346032590302384,0.27509095749400636,-0.15085633152898126,0.2926853082646864,-0.0887390185464576,0.14164488505311518,-0.23038390359957278,0.27509095749400636,-0.2307214482207942,0.3555482650464934,-0.34608217233118577,0.11171516738213602,-0.4577973397133218,0.27509095749400636,-0.5058124057148006,0.4329169065545581,0.04436950927322325,0.11788120297606644,-0.07351169370284319,0.27509095749400636,-0.5058124057148006,0.571432765601543,-0.5945514242612471,-0.23754462831391754,-0.35700679594732954,0.7631555594995065,-0.8785162836099092,1.2436604762254344,0.31058656491258496,0.17745564593612345,0.1331309189764615,1.9611323098766453,-0.8785162836099092,1.7746146794737232,,,,,,
ARC15MIN,SHRIRAMFIN,2026-08-11 12:30:00,2026-08-11 12:45:00,Financials,Largecap,1125.9,0.0,-0.2575717204014616,-0.029833420570857506,-0.2277382998306041,0.15099031885601466,-0.4174438227196098,0.1746313280258001,0.0976996180833023,0.006734863678036882,0.09096475440526541,0.15099031885601466,-0.4174438227196098,0.23046554425775617,0.11546318500754715,-0.001636731202415486,0.11709991620996264,0.21316280309084945,-0.4174438227196098,0.33323577554752626,0.16875388578025952,-0.020994318247262223,0.18974820402752174,0.24868993693933916,-0.4174438227196098,0.43554176990142524,-0.5861977084998804,-0.35712954461203544,-0.22906816388784496,0.8526512123634422,-0.7904787281286185,1.0824714871705474,-0.00888178346213353,0.00497683600270646,-0.01385861946483999,2.051691979749526,-0.7904787281286185,1.6161920865848776,,,,,,
ARC15MIN,CHOLAFIN,2026-08-11 12:30:00,2026-08-11 12:45:00,Financials,Largecap,1903.5,-0.0734946716363094,-0.1786183346467074,-0.029833420570857506,-0.1487849140758499,0.12608353033884967,-0.1996322563698416,0.1746313280258001,-0.06304176516942483,0.006734863678036882,-0.06977662884746172,0.12608353033884967,-0.21539269766219782,0.23046554425775617,0.07880220646176994,-0.001636731202415486,0.08043893766418543,0.1628578933543512,-0.21539269766219782,0.33323577554752626,0.12608353033884967,-0.020994318247262223,0.1470778485861119,0.25216706067769934,-0.21539269766219782,0.43554176990142524,-0.6146572104018921,-0.35712954461203544,-0.2575276657898567,0.3152088258471242,-0.7932755450485884,1.0824714871705474,0.21013921723140871,0.00497683600270646,0.20516238122870226,0.6251641712634592,-0.7932755450485884,1.6161920865848776,,,,,,
ARC15MIN,TCS,2026-08-11 12:30:00,2026-08-11 12:45:00,I.T,Largecap,2438.7,-0.012300123001240948,0.09431254356830898,-0.029833420570857506,0.12414596413916648,0.11891581580349975,-0.18862508713658466,0.1746313280258001,0.05330708984294663,0.006734863678036882,0.04657222616490975,0.20092672325420224,-0.18862508713658466,0.23046554425775617,0.09841308894082967,-0.001636731202415486,0.10004982014324516,0.20092672325420224,-0.18862508713658466,0.33323577554752626,0.05330708984294663,-0.020994318247262223,0.07430140809020885,0.20092672325420224,-0.18862508713658466,0.43554176990142524,-4.66232008857177,-0.35712954461203544,-4.305190543959735,0.29113872144996833,-5.683355886332874,1.0824714871705474,-2.9195883052445915,0.00497683600270646,-2.9245651412472977,0.29113872144996833,-5.683355886332874,1.6161920865848776,,,,,,
ARC15MIN,VBL,2026-08-11 12:30:00,2026-08-11 12:45:00,FMCG,Largecap,444.5,-0.04497413986956911,-0.056242969628794715,-0.029833420570857506,-0.026409549057937208,0.10123734533182827,-0.13498312710911176,0.1746313280258001,-0.10123734533182827,0.006734863678036882,-0.10797220900986515,0.10123734533182827,-0.13498312710911176,0.23046554425775617,-0.5174353205849247,-0.001636731202415486,-0.5157985893825092,0.10123734533182827,-0.5624296962879693,0.33323577554752626,-1.3273340832395952,-0.020994318247262223,-1.306339764992333,0.10123734533182827,-1.6647919010123635,0.43554176990142524,-1.9910011248593928,-0.35712954461203544,-1.6338715802473573,0.10123734533182827,-2.3622047244094446,1.0824714871705474,-1.462317210348707,0.00497683600270646,-1.4672940463514135,0.10123734533182827,-2.3622047244094446,1.6161920865848776,,,,,,
ARC15MIN,HEROMOTOCO,2026-08-11 12:45:00,2026-08-11 13:00:00,Auto,Largecap,5831.0,0.0,-0.09432344366318013,0.06807695553713383,-0.16240039920031396,0.0,-0.47161721831590064,0.2311772827568024,0.12862287772252845,0.11685700238353645,0.011765875338991996,0.21437146287086595,-0.47161721831590064,0.30200951248009944,-0.16292231178185457,0.037567808806253274,-0.20049012058810783,0.30012004801920344,-0.47161721831590064,0.37211378281977686,-0.01714971702967416,-0.029661058598252608,0.012511341568578447,0.30012004801920344,-0.47161721831590064,0.4912823306710135,1.1919053335619934,-0.25587064560985096,1.4477759791718443,1.4577259475218707,-0.47161721831590064,1.1448677733787747,0.7888869833647671,0.12054385039946762,0.6683431329652996,1.7664208540559168,-0.47161721831590064,1.676984302605183,,,,,,
ARC15MIN,MARUTI,2026-08-11 12:45:00,2026-08-11 13:00:00,Auto,Largecap,14097.0,-0.23354564755838636,0.1631552812655146,0.06807695553713383,0.09507832572838076,0.26956089948215745,-0.07803078669220698,0.2311772827568024,0.09221820245441936,0.11685700238353645,-0.02463879992911709,0.26956089948215745,-0.07803078669220698,0.30200951248009944,-0.014187415762223488,0.037567808806253274,-0.05175522456847676,0.26956089948215745,-0.07803078669220698,0.37211378281977686,-0.5462155068454266,-0.029661058598252608,-0.516554448247174,0.26956089948215745,-0.8299638220898076,0.4912823306710135,-0.7448393275164888,-0.25587064560985096,-0.4889686819066379,0.26956089948215745,-1.255586294956379,1.1448677733787747,-1.432928991984106,0.12054385039946762,-1.5534728423835735,0.26956089948215745,-1.9294885436617726,1.676984302605183,,,,,,
ARC15MIN,MUTHOOTFIN,2026-08-11 12:45:00,2026-08-11 13:00:00,Financials,Largecap,2918.0,-0.13005681429256732,0.2912954078135632,0.06807695553713383,0.2232184522764294,0.44208361891706627,-0.03769705277587576,0.2311772827568024,0.22275531185744768,0.11685700238353645,0.10589830947391123,0.44208361891706627,-0.03769705277587576,0.30200951248009944,0.3255654557916321,0.037567808806253274,0.28799764698537883,0.44208361891706627,-0.03769705277587576,0.37211378281977686,0.1919122686771635,-0.029661058598252608,0.2215733272754161,0.44208361891706627,-0.06511309115833086,0.4912823306710135,-1.4016449623029503,-0.25587064560985096,-1.1457743166930994,0.510623714873204,-1.6415352981494213,1.1448677733787747,-1.6449623029472282,0.12054385039946762,-1.7655061533466958,0.510623714873204,-1.737491432488003,1.676984302605183,,,,,,
ARC15MIN,HEROMOTOCO,2026-08-11 13:15:00,2026-08-11 13:30:00,Auto,Largecap,5825.5,0.12891027844619263,0.20599090206849802,-0.008658448435225664,0.2146493505037237,0.39481589563128416,-0.034331817011412635,0.23665259320569343,-0.06866363402282527,-0.030653883100092916,-0.03800975092273236,0.39481589563128416,-0.06866363402282527,0.25627446127491565,-0.12016135953994977,-0.0885783010370207,-0.03158305850292907,0.39481589563128416,-0.22315681057419878,0.3155269952282355,1.0986181443652931,-0.057002669988157194,1.1556208143534503,1.5277658570079788,-0.34331817011414856,0.866517507054862,1.1329499613767169,-0.3893621733838914,1.5223121347606083,1.5535147197665466,-0.34331817011414856,1.0706760137176985,0.6437215689640396,0.03241762519513949,0.6113039437689002,1.8625010728692715,-0.34331817011414856,1.6068825003596965,,,,,,
ARC15MIN,GRASIM,2026-08-11 13:15:00,2026-08-11 13:30:00,Textiles,Largecap,3328.9,0.06613160188777556,0.11114782660939238,-0.008658448435225664,0.11980627504461804,0.2733635735528317,-0.012015981255075747,0.23665259320569343,-0.10213584066809389,-0.030653883100092916,-0.07148195756800098,0.2733635735528317,-0.3034035266904933,0.25627446127491565,-0.2943915407492059,-0.0885783010370207,-0.20581323971218524,0.2733635735528317,-0.4746312595752422,0.3155269952282355,1.0784343176424738,-0.057002669988157194,1.135436987630631,1.6101414881792842,-0.8110787347171744,0.866517507054862,0.979302472288146,-0.3893621733838914,1.3686646456720375,1.712277328847378,-0.8110787347171744,1.0706760137176985,-2.4242242182102247,0.03241762519513949,-2.456641843405364,1.9525969539487598,-3.842110006308397,1.6068825003596965,,,,,,
ARC15MIN,PIDILITIND,2026-08-11 13:15:00,2026-08-11 13:30:00,Chemicals,Largecap,1670.2,-0.19719151478936325,-0.19159382109926737,-0.008658448435225664,-0.1829353726640417,0.01796192072804903,-0.3652257214704857,0.23665259320569343,-0.06586037600287975,-0.030653883100092916,-0.03520649290278684,0.01796192072804903,-0.3652257214704857,0.25627446127491565,-0.0538857621841804,-0.0885783010370207,0.03469253885284031,0.01796192072804903,-0.3652257214704857,0.3155269952282355,1.1316010058675552,-0.057002669988157194,1.1886036758557124,1.395042509879052,-0.3652257214704857,0.866517507054862,1.5207759549754396,-0.3893621733838914,1.910138128359331,1.63453478625315,-0.3652257214704857,1.0706760137176985,1.4908394204286912,0.03241762519513949,1.4584217952335516,1.9578493593581658,-0.3652257214704857,1.6068825003596965,,,,,,
ARC15MIN,HCLTECH,2026-08-11 13:15:00,2026-08-11 13:30:00,I.T,Largecap,1359.6,-0.30796304443466704,0.18387761106206657,-0.008658448435225664,0.19253605949729224,0.21329802883200966,0.0,0.23665259320569343,0.1765225066195919,-0.030653883100092916,0.20717638971968483,0.23536334215945587,0.0,0.25627446127491565,0.24271844660195274,-0.0885783010370207,0.33129674763897343,0.2794939688143705,0.0,0.3155269952282355,0.4560164754339624,-0.057002669988157194,0.5130191454221196,0.7649308620182538,-0.044130626654892424,0.866517507054862,-0.38982053545160156,-0.3893621733838914,-0.00045836206771016075,0.7649308620182538,-1.4121800529567352,1.0706760137176985,0.44866137099148773,0.03241762519513949,0.41624374579634826,0.9782288908502634,-1.4121800529567352,1.6068825003596965,,,,,,
ARC15MIN,ONGC,2026-08-11 13:30:00,2026-08-11 13:45:00,Energy,Largecap,240.01,-0.07910074937551581,0.06249739594184067,-0.08196340503554077,0.14446080097738145,0.10416232656973445,-0.02083246531393579,0.16111549291008048,0.17082621557436006,-0.12899992217513084,0.2998261377494909,0.20415816007666177,-0.02083246531393579,0.19305935423872525,-0.0333319445023017,-0.07929462733597151,0.045962682833669805,0.28748802133244933,-0.06666388900462561,0.27086535884050417,-0.17915920169991884,-0.2975330586388647,0.11837385693894587,0.5499770842881668,-0.21249114620224274,0.8484975553130352,-0.2958210074580192,-0.5122730297573558,0.21645202229933658,0.5499770842881668,-0.5666430565393066,1.0139330436239546,-0.26665555601849134,0.07524702685965233,-0.3419025828781437,0.5499770842881668,-0.7916336819299152,1.553741248934454,,,,,,
ARC15MIN,ZYDUSLIFE,2026-08-11 13:30:00,2026-08-11 13:45:00,Healthcare,Largecap,1153.8,1.13955119214586,1.438724215635312,-0.08196340503554077,1.5206876206708526,2.17542035014735,0.0,0.16111549291008048,3.6488126191714487,-0.12899992217513084,3.7778125413465795,3.6574796325186343,0.0,0.19305935423872525,3.917490032934645,-0.07929462733597151,3.9967846602706167,4.437510833766689,0.0,0.27086535884050417,0.14733922690242096,-0.2975330586388647,0.44487228554128566,4.437510833766689,-0.24267637372160644,0.8484975553130352,3.8308198994626563,-0.5122730297573558,4.343092929220012,4.437510833766689,-0.24267637372160644,1.0139330436239546,1.5080603224129074,0.07524702685965233,1.432813295553255,4.437510833766689,-0.24267637372160644,1.553741248934454,,,,,,
ARC15MIN,RELIANCE,2026-08-11 13:45:00,2026-08-11 14:00:00,Energy,Largecap,1322.2,-0.13595166163141714,0.1361367417939796,-0.07050751058943927,0.20664425238341888,0.31765239751928576,-0.03781576160943878,0.15617751396569285,0.10588413250642859,-0.0816263084317917,0.18751044093822028,0.31765239751928576,-0.03781576160943878,0.1976307479889293,-0.1210104371502152,-0.09071507771625513,-0.03029535943396007,0.31765239751928576,-0.21933141733475603,0.29901741308185437,-0.8319467554076532,-0.19557205032049355,-0.6363747050871597,0.31765239751928576,-0.839509907729552,0.8817826936487442,-0.5672364241415817,-0.31762682402192616,-0.24960960011965555,0.31765239751928576,-0.9832098018454083,1.0564296844523633,-0.5218575102102663,0.0772721158077336,-0.5991296260179999,0.42353653002571434,-1.1344728482831634,1.6088447531004366,,,,,,
ARC15MIN,GRASIM,2026-08-11 14:00:00,2026-08-11 14:15:00,Textiles,Largecap,3325.5,-0.21304687031146186,-0.19245226281762173,-0.06052840629315242,-0.1319238565244693,0.1653886633588897,-0.3728762592091428,0.166330033919016,-0.18944519621110212,0.0002382042784844528,-0.18968340048958657,0.1653886633588897,-0.3728762592091428,0.23293674885590726,1.5215757029018118,0.13542246371469285,1.386153239187119,1.6087806344910582,-0.7096677191399725,0.7820962487387331,1.4463990377386882,-0.13424288790332578,1.580641925642014,1.8162682303413114,-0.7096677191399725,0.9211256861980435,-1.247932641708016,-0.17754502146726192,-1.070387620240754,2.0568335588633246,-1.3351375732972515,1.0913076913211897,-2.540971282513904,0.11352116450812344,-2.6544924470220277,2.0568335588633246,-3.743797925124037,1.6437922169476527,,,,,,
ARC15MIN,TCS,2026-08-11 14:00:00,2026-08-11 14:15:00,I.T,Largecap,2440.0,-0.04506165253369554,-0.028688524590159137,-0.06052840629315242,0.03183988170299328,0.07377049180328221,-0.11885245901639419,0.166330033919016,0.0,0.0002382042784844528,-0.0002382042784844528,0.07377049180328221,-0.13524590163934702,0.23293674885590726,-0.08196721311475308,0.13542246371469285,-0.21738967682944593,0.23770491803278837,-0.6352459016393475,0.7820962487387331,-1.1885245901639307,-0.13424288790332578,-1.054281702260605,0.23770491803278837,-1.1885245901639307,0.9211256861980435,-4.254098360655744,-0.17754502146726192,-4.076553339188482,0.23770491803278837,-5.733606557377058,1.0913076913211897,-3.1434426229508095,0.11352116450812344,-3.256963787458933,0.23770491803278837,-5.733606557377058,1.6437922169476527,,,,,,
ARC15MIN,IDEA,2026-08-11 14:00:00,2026-08-11 14:15:00,Telecom-Service,Largecap,12.96,-0.5372217958557024,-0.38580246913580973,-0.06052840629315242,-0.3252740628426573,0.30864197530864335,-0.8487654320987748,0.166330033919016,-0.6172839506172867,0.0002382042784844528,-0.6175221548957711,0.30864197530864335,-0.8487654320987748,0.23293674885590726,1.7746913580246826,0.13542246371469285,1.6392688943099898,2.314814814814814,-1.3117283950617398,0.7820962487387331,3.935185185185186,-0.13424288790332578,4.0694280730885115,5.632716049382713,-1.3117283950617398,0.9211256861980435,1.7746913580246826,-0.17754502146726192,1.9522363794919446,5.632716049382713,-1.3117283950617398,1.0913076913211897,4.320987654320985,0.11352116450812344,4.2074664898128615,7.098765432098775,-1.3117283950617398,1.6437922169476527,,,,,,
ARC15MIN,HAL,2026-08-11 14:00:00,2026-08-11 14:15:00,Aerospace & Defence,Largecap,4891.5,-0.040870542556448175,0.16354901359501017,-0.06052840629315242,0.2240774198881626,0.2759889604415866,-0.29234386180109206,0.166330033919016,-0.13288357354594993,0.0002382042784844528,-0.13312177782443438,0.2759889604415866,-0.29234386180109206,0.23293674885590726,0.17785955228457606,0.13542246371469285,0.04243708856988321,0.47633650209546463,-0.29234386180109206,0.7820962487387331,-0.09199632014719183,-0.13424288790332578,0.042246567756133946,0.5826433609322335,-0.29234386180109206,0.9211256861980435,1.617090871920679,-0.17754502146726192,1.794635893387941,3.342532965348055,-1.8010835122150737,1.0913076913211897,1.114177655116011,0.11352116450812344,1.0006564906078874,3.342532965348055,-1.8010835122150737,1.6437922169476527,,,,,,
ARC15MIN,NATIONALUM,2026-08-11 14:15:00,2026-08-11 14:30:00,Metals & Mining,Largecap,385.0,-0.33652601604970966,-0.025974025974029313,0.04561957453265533,-0.07159360050668465,0.11688311688311526,-0.07792207792207684,0.23169713549007104,0.3896103896103842,-0.024246225716982046,0.41385661532736623,0.6493506493506551,-0.07792207792207684,0.29736279069814786,8.519480519480528,0.017589697587862444,8.501890821892665,9.662337662337661,-0.07792207792207684,0.8729289700373976,8.766233766233755,0.04652195015485749,8.719711816078897,9.662337662337661,-0.07792207792207684,0.9906341523743736,8.337662337662334,-0.04336277094473473,8.381025108607068,9.662337662337661,-0.07792207792207684,1.1538333683858968,4.142857142857137,0.1085997646254931,4.0342573782316435,9.662337662337661,-0.07792207792207684,1.692277970390421,,,,,,
ARC15MIN,TMPV,2026-08-11 14:30:00,2026-08-11 14:45:00,Auto,Largecap,347.05,0.0,0.057628583777558084,-0.01599419751246761,0.0736227812900257,0.2449214810545941,-0.15847860538827918,0.27453244176550806,0.9220573404408627,0.18964934640568618,0.7324079940351765,1.210200259328631,-0.15847860538827918,0.8193401531326348,-0.1440714594438841,-0.16356976162498452,0.019498302181100408,1.210200259328631,-0.27373577294337315,0.923557518940461,-0.9796859242184208,-0.13458756552592588,-0.8450983586924949,1.210200259328631,-1.1381645296066778,1.0006994018059914,-1.4551217403832362,-0.042190920202341685,-1.4129308201808946,1.210200259328631,-3.702636507707835,1.1906340614827005,-4.091629448206302,-0.17767788386261102,-3.9139515643436904,1.296643134994957,-5.2009796859242226,1.7973193475663762,,,,,,
ARC15MIN,SHRIRAMFIN,2026-08-11 14:30:00,2026-08-11 14:45:00,Financials,Largecap,1125.8,-0.05326704545455252,0.03553028957186122,-0.01599419751246761,0.05152448708432883,0.35530289571859,-0.13323858589447957,0.27453244176550806,0.47965890922012644,0.18964934640568618,0.29000956281444024,0.8616095221176012,-0.32865517853970516,0.8193401531326348,0.381950612897497,-0.16356976162498452,0.5455203745224815,0.8616095221176012,-0.32865517853970516,0.923557518940461,0.14212115828744487,-0.13458756552592588,0.27670872381337075,0.8616095221176012,-0.32865517853970516,1.0006994018059914,-0.5151891987919655,-0.042190920202341685,-0.4729982785896238,0.8616095221176012,-0.7816663705809135,1.1906340614827005,0.27535974418193554,-0.17767788386261102,0.45303762804454656,2.060756795167884,-0.7816663705809135,1.7973193475663762,,,,,,
ARC15MIN,MUTHOOTFIN,2026-08-11 14:30:00,2026-08-11 14:45:00,Financials,Largecap,2921.6,-0.07866206094599981,0.06845564074480226,-0.01599419751246761,0.08444983825726987,0.191675794085433,-0.16087075575026422,0.27453244176550806,-0.26013143483022416,0.18964934640568618,-0.44978078123591037,0.38677437020810945,-0.3970427163198176,0.8193401531326348,-1.1021358159912342,-0.16356976162498452,-0.9385660543662497,0.38677437020810945,-1.2048192771084265,0.923557518940461,-1.1637458926615607,-0.13458756552592588,-1.0291583271356348,0.38677437020810945,-1.3896495071193837,1.0006994018059914,-0.9378422782037266,-0.042190920202341685,-0.8956513580013848,0.38677437020810945,-1.7627327491785305,1.1906340614827005,-2.0057502738225597,-0.17767788386261102,-1.8280723899599487,0.38677437020810945,-2.084474260679081,1.7973193475663762,,,,,,
ARC15MIN,TCS,2026-08-11 14:45:00,2026-08-11 15:00:00,I.T,Largecap,2440.0,0.012296593843519332,-0.08196721311475308,0.13185885980848705,-0.21382607292324013,0.23770491803278837,-0.6352459016393475,0.7453741475887057,-0.16393442622950616,-0.03172916368695538,-0.13220526254255077,0.23770491803278837,-0.6352459016393475,0.8007453259522449,-0.9098360655737658,-0.17766834956816535,-0.7321677160056005,0.23770491803278837,-0.9631147540983598,0.8569785930321289,-3.831967213114751,-0.322887105821704,-3.509080107293047,0.23770491803278837,-4.836065573770487,0.9364105861855997,-3.7377049180327804,0.055681983703094004,-3.7933869017358743,0.23770491803278837,-5.733606557377058,1.3325324134585204,-3.221311475409827,-0.17876944259960617,-3.042542032810221,0.23770491803278837,-5.733606557377058,1.7455934853553456,,,,,,
ARC15MIN,KPITTECH,2026-08-11 14:45:00,2026-08-11 15:00:00,I.T,Midcap,629.4,-0.17446471054718415,-0.9771210676835063,0.13185885980848705,-1.1089799274919934,0.06355258976802336,-1.271051795360656,0.7453741475887057,-1.2392755004766332,-0.03172916368695538,-1.2075463367896777,0.06355258976802336,-1.318716237686679,0.8007453259522449,-1.8191928821099324,-0.17766834956816535,-1.6415245325417671,0.06355258976802336,-1.9621862090880238,0.8569785930321289,-2.8678106132824843,-0.322887105821704,-2.5449235074607803,0.06355258976802336,-3.066412456307588,0.9364105861855997,-2.06545916746107,0.055681983703094004,-2.121141151164164,0.06355258976802336,-3.4000635525897605,1.3325324134585204,-2.1369558309501047,-0.17876944259960617,-1.9581863883504984,0.06355258976802336,-3.4000635525897605,1.7455934853553456,,,,,,
ARC15MIN,PREMIERENE,2026-08-11 14:45:00,2026-08-11 15:00:00,Services,Largecap,1046.8,0.10519269388924446,0.4107756973633858,0.13185885980848705,0.27891683755489877,0.8788689338937727,-0.24837600305692709,0.7453741475887057,0.13374092472298038,-0.03172916368695538,0.16547008840993577,0.8788689338937727,-0.24837600305692709,0.8007453259522449,-1.203668322506679,-0.17766834956816535,-1.0259999729385139,0.8788689338937727,-1.318303400840648,0.8569785930321289,-1.1272449369506998,-0.322887105821704,-0.8043578311289958,0.8788689338937727,-1.318303400840648,0.9364105861855997,-1.2132212457011904,0.055681983703094004,-1.2689032294042843,0.8788689338937727,-2.4264424914023697,1.3325324134585204,-2.2831486434849,-0.17876944259960617,-2.104379200885294,0.8788689338937727,-2.6652655712648077,1.7455934853553456,,,,,,
ARC15MIN,TMPV,2026-08-11 15:00:00,2026-08-12 09:15:00,Auto,Largecap,348.4,0.25899280575538697,-0.1865671641790967,-0.2182193005754115,0.03165213639631481,0.8180252583237735,-0.33008036739379243,0.5755852918013259,-0.5309988518943598,-0.40710822898473537,-0.12389062290962444,0.8180252583237735,-0.6601607347875849,0.6242457632785524,-0.574052812858783,-0.3244335109073525,-0.24961930195143045,0.8180252583237735,-0.6888633754305373,0.6608964630591955,-2.870264064293915,-0.5448015585262843,-2.3254625057676304,0.8180252583237735,-4.075774971297353,0.7365534621582845,0.7175660160734898,-0.12763538503343316,0.845201401106923,0.9041331802525976,-4.075774971297353,1.1630864952437108,-4.649827784156136,-0.29163733774453265,-4.358190446411603,0.9041331802525976,-5.568312284730192,1.5483325449578802,,,,,,
ARC15MIN,SHRIRAMFIN,2026-08-11 15:00:00,2026-08-12 09:15:00,Financials,Largecap,1135.5,0.6827451675829099,-0.369881109643333,-0.2182193005754115,-0.15166180906792148,0.0,-1.1800968736239592,0.5755852918013259,-0.47556142668429,-0.40710822898473537,-0.06845319769955466,0.0,-1.1800968736239592,0.6242457632785524,-0.5548216644649884,-0.3244335109073525,-0.23038815355763587,0.0,-1.1800968736239592,0.6608964630591955,-1.4266842800528479,-0.5448015585262843,-0.8818827215265636,0.0,-1.435490973139586,0.7365534621582845,-0.22016732716865217,-0.12763538503343316,-0.09253194213521901,0.0,-1.6292382210480016,1.1630864952437108,-0.26420079260237594,-0.29163733774453265,0.02743654514215671,1.1889035667107084,-1.6292382210480016,1.5483325449578802,,,,,,
ARC15MIN,BANKINDIA,2026-08-11 15:00:00,2026-08-12 09:15:00,Bank,Largecap,142.4,0.11952471349223615,2.2612359550561845,-0.2182193005754115,2.479455255631596,2.6123595505618047,-0.3511235955056202,0.5755852918013259,1.551966292134832,-0.40710822898473537,1.9590745211195675,2.6123595505618047,-0.3511235955056202,0.6242457632785524,1.8890449438202284,-0.3244335109073525,2.2134784547275808,2.6123595505618047,-0.3511235955056202,0.6608964630591955,1.58005617977528,-0.5448015585262843,2.1248577383015643,2.6123595505618047,-0.3511235955056202,0.7365534621582845,1.755617977528079,-0.12763538503343316,1.883253362561512,2.6123595505618047,-0.3511235955056202,1.1630864952437108,1.3342696629213613,-0.29163733774453265,1.625907000665894,2.70365168539326,-0.3511235955056202,1.5483325449578802,,,,,,
ARC15MIN,UNIONBANK,2026-08-11 15:00:00,2026-08-12 09:15:00,Bank,Largecap,182.5,0.09872751206669861,2.465753424657535,-0.2182193005754115,2.683972725232947,2.5095890410959054,-0.37260273972603564,0.5755852918013259,1.9342465753424687,-0.40710822898473537,2.341354804327204,2.5095890410959054,-0.37260273972603564,0.6242457632785524,2.515068493150685,-0.3244335109073525,2.8395020040580374,2.7945205479452007,-0.37260273972603564,0.6608964630591955,2.2849315068493192,-0.5448015585262843,2.8297330653756037,2.7945205479452007,-0.37260273972603564,0.7365534621582845,2.2301369863013676,-0.12763538503343316,2.357772371334801,2.7945205479452007,-0.37260273972603564,1.1630864952437108,3.106849315068483,-0.29163733774453265,3.3984866528130153,3.397260273972602,-0.37260273972603564,1.5483325449578802,,,,,,
ARC15MIN,INFY,2026-08-12 09:15:00,2026-08-12 09:30:00,I.T,Largecap,1187.7,0.1771255060728949,-0.2610086722236393,-0.3531161565540733,0.09210748433043398,0.22733013387219447,-0.2610086722236393,0.25972145002894265,-0.7325082091437229,-0.3095883908472757,-0.42291981829644726,0.22733013387219447,-0.7914456512587376,0.2855794246883737,-0.7072493053801532,-0.1355539550558803,-0.5716953503242729,0.22733013387219447,-0.9345794392523477,0.40631192361781504,-1.3303022648816998,-0.482093875558783,-0.8482083893229168,0.22733013387219447,-1.7512839942746439,0.4717574154749686,-2.163846089079735,-0.11628701509765338,-2.0475590739820815,0.22733013387219447,-2.2312031657826026,1.0611518100730353,-1.448177149111729,-0.2060861630796751,-1.242090986032054,0.22733013387219447,-2.584827818472679,1.4999928628739032,,,,,,
ARC15MIN,BRITANNIA,2026-08-12 09:15:00,2026-08-12 09:30:00,FMCG,Largecap,5608.5,0.187566988210075,-0.3566015868770589,-0.3531161565540733,-0.0034854303229855943,0.10698047606312322,-0.41900686458055114,0.25972145002894265,-0.5438174199875134,-0.3095883908472757,-0.23422902914023774,0.10698047606312322,-0.597307658019075,0.2855794246883737,-0.37443166622092017,-0.1355539550558803,-0.23887771116503986,0.10698047606312322,-0.597307658019075,0.40631192361781504,-0.41900686458055114,-0.482093875558783,0.06308701097823188,0.10698047606312322,-0.597307658019075,0.4717574154749686,0.7934385308014713,-0.11628701509765338,0.9097255458991247,0.9628242845680646,-0.597307658019075,1.0611518100730353,0.2050459124543158,-0.2060861630796751,0.4111320755339909,1.4442364268520969,-0.597307658019075,1.4999928628739032,,,,,,
ARC15MIN,KEI,2026-08-12 09:15:00,2026-08-12 09:30:00,Industrials,Largecap,5629.0,-0.2834366696191304,-0.4263634748623235,-0.3531161565540733,-0.07324731830825021,0.4228104459051307,-0.4263634748623235,0.25972145002894265,0.0,-0.3095883908472757,0.3095883908472757,0.4228104459051307,-0.5151891987919655,0.2855794246883737,0.4139278735121765,-0.1355539550558803,0.5494818285680568,0.572037662106939,-0.5151891987919655,0.40631192361781504,0.4832119381772859,-0.482093875558783,0.9653058137360689,0.7283709362231328,-0.5151891987919655,0.4717574154749686,3.4375555160774507,-0.11628701509765338,3.5538425311751043,3.6951501154734334,-0.5151891987919655,1.0611518100730353,2.34144608278557,-0.2060861630796751,2.547532245865245,3.6951501154734334,-0.5151891987919655,1.4999928628739032,,,,,,
ARC15MIN,CDSL,2026-08-12 09:15:00,2026-08-12 09:30:00,Financials,Largecap,1344.7,-0.37783375314860423,-0.6767308693388929,-0.3531161565540733,-0.3236147127848196,0.0,-0.8626459433330957,0.25972145002894265,-0.7287870900572591,-0.3095883908472757,-0.41919869920998337,0.0,-0.8626459433330957,0.2855794246883737,-0.20078827991374393,-0.1355539550558803,-0.06523432485786362,0.0,-0.8626459433330957,0.40631192361781504,-0.5726184279021385,-0.482093875558783,-0.09052455234335544,0.0,-0.8626459433330957,0.4717574154749686,0.022309808879295012,-0.11628701509765338,0.1385968239769484,0.3123373243102634,-0.8626459433330957,1.0611518100730353,-0.1636052651148967,-0.2060861630796751,0.042480897964778386,1.0113780025284402,-0.8626459433330957,1.4999928628739032,,,,,,
ARC15MIN,TITAN,2026-08-12 09:30:00,2026-08-12 09:45:00,Consumer Discretionary,Largecap,5090.2,0.043238993710681406,-0.32415229264075585,-0.1494174509653353,-0.17473484167542055,0.02946839024007275,-0.4282739381556766,0.22459930959279625,-0.3418333267847906,-0.10982528940160427,-0.23200803738318634,0.02946839024007275,-0.4282739381556766,0.3140969889159158,-0.47935248123844865,-0.16416114617231445,-0.31519133506613417,0.02946839024007275,-0.49113983733448663,0.44066488449232605,-0.9194137754901632,-0.37739094608769047,-0.5420228294024727,0.02946839024007275,-1.1826647283014413,0.49256225322647273,-1.1512317787120252,0.04749794667532521,-1.1987297253873503,0.02946839024007275,-1.9291972810498548,1.186468643821855,-0.10805076421358528,-0.09424434974301693,-0.013806414470568351,0.02946839024007275,-1.9291972810498548,1.629241130641056,,,,,,
ARC15MIN,ETERNAL,2026-08-12 09:45:00,2026-08-12 10:00:00,I.T,Largecap,314.1,-0.8366219415943066,-0.03183699458771949,0.08309711078218669,-0.11493410536990618,0.3661254377586687,-0.2865329512894088,0.3732273827941702,0.17510347023239614,0.21829791653291805,-0.04319444630052191,0.3661254377586687,-0.2865329512894088,0.49818345313239004,-0.11142948105699046,-0.10219438691358396,-0.009235094143406508,0.39796243234637707,-0.2865329512894088,0.5532022118485533,0.14326647564468775,-0.18685361828811323,0.33012009393280095,0.39796243234637707,-0.2865329512894088,0.6086421462804236,1.321235275389987,0.1281599737434678,1.1930753016465192,1.5122572429162595,-0.44571792422796186,1.3549117437665703,1.942056669850345,-0.012327373092209527,1.9543840429425545,3.470232410060481,-0.44571792422796186,1.8036160750178214,,,,,,
ARC15MIN,KEI,2026-08-12 10:00:00,2026-08-12 10:15:00,Industrials,Largecap,5629.0,0.4281891168599561,0.4139278735121765,0.17490345095506382,0.2390244225571127,0.572037662106939,-0.06750755018654075,0.40368762577728234,0.2913483744892531,-0.014990735281108213,0.30633910977036133,0.572037662106939,-0.06750755018654075,0.4451256171181123,0.4423521051696522,-0.18167225562541936,0.6240243607950715,0.7283709362231328,-0.06750755018654075,0.49021423817928605,0.7461360810090634,-0.1849351852216986,0.931071266230762,0.9948481080120697,-0.06750755018654075,0.5388265530479163,2.9205898028068944,0.19380763715761617,2.7267821656492783,3.6951501154734334,-0.06750755018654075,1.2976930269886753,1.4745070172321961,-0.16129390767814733,1.6358009249103436,3.6951501154734334,-0.06750755018654075,1.7522465282123054,,,,,,
ARC15MIN,OFSS,2026-08-12 10:00:00,2026-08-12 10:15:00,I.T,Largecap,11798.0,-0.30420821362177053,0.01695202576708077,0.17490345095506382,-0.15795142518798305,0.08476012883540385,-0.381420579759284,0.40368762577728234,-0.5000847601288383,-0.014990735281108213,-0.48509402484773007,0.08476012883540385,-0.5763688760806907,0.4451256171181123,-0.8136972368197992,-0.18167225562541936,-0.6320249811943799,0.08476012883540385,-1.10188167486015,0.49021423817928605,-1.1781657908120025,-0.1849351852216986,-0.9932306055903038,0.08476012883540385,-1.4239701644346514,0.5388265530479163,-2.313951517206303,0.19380763715761617,-2.507759154363919,0.08476012883540385,-2.5088998135277207,1.2976930269886753,-1.5850144092218965,-0.16129390767814733,-1.423720501543749,0.08476012883540385,-4.068486184098996,1.7522465282123054,,,,,,
ARC15MIN,BSE,2026-08-12 10:45:00,2026-08-12 11:00:00,Financials,Largecap,3564.5,-0.07008690776563187,-0.48534156263151385,-0.16758277060560436,-0.3177587920259095,0.0028054425585510856,-0.5470612989199042,0.1667011052338263,-1.439192032543135,-0.1584858599184475,-1.2807061726246876,0.0028054425585510856,-1.6215457988497772,0.2023407344528153,-1.1642586618038964,-0.2164405551648512,-0.9478181066390452,0.0028054425585510856,-1.6215457988497772,0.24899524905153306,-1.1530368915696476,-0.149849066177731,-1.0031878253919166,0.0028054425585510856,-1.6215457988497772,0.3627982429113002,-1.646794781876837,0.1142968336995358,-1.7610916155763727,0.0028054425585510856,-1.9217281526160757,1.243316277473658,-3.142095665591249,-0.004579189696796914,-3.137516475894452,0.0028054425585510856,-3.5264412961144576,1.7289085420758739,,,,,,
ARC15MIN,GAIL,2026-08-12 11:15:00,2026-08-12 11:30:00,Energy,Largecap,173.63,-0.06331299643145272,-0.011518746760341703,-0.04800186376997205,0.03648311700963035,0.12670621436388085,-0.13246558774404615,0.1979965866045406,0.01727812014054031,-0.04991112729270644,0.06718924743324675,0.12670621436388085,-0.13246558774404615,0.2549211060887202,0.2130968150665158,0.0013369785100800417,0.21175983655643574,0.3110061625295035,-0.13246558774404615,0.3561447688442681,0.31676553590969103,0.0047592086300143385,0.3120063272796767,0.5010654840753359,-0.13246558774404615,0.48257570603022704,1.0654840753326011,0.3762910859492208,0.6891929893833804,1.5377526925070661,-0.13246558774404615,1.4241841480096573,0.2534124287277617,0.1973504387536205,0.05606198997414122,1.5377526925070661,-0.13246558774404615,1.8891626273208253,,,,,,
ARC15MIN,LAURUSLABS,2026-08-12 12:45:00,2026-08-12 13:00:00,Healthcare,Largecap,1849.1,0.005408328826383979,-0.08652858147206732,0.05602439079091874,-0.14255297226298608,0.03785625439403084,-0.15683305391811508,0.23482347102333795,-0.23254556270617677,0.004097983384611402,-0.23664354609078816,0.03785625439403084,-0.28662592612621607,0.2800608118124935,-0.41101076199231423,-0.0816285064222098,-0.3293822555701044,0.03785625439403084,-0.46509112541235353,0.3233790820525091,-0.546211670542418,0.2581527152275768,-0.8043643857699949,0.03785625439403084,-0.7625331242225863,0.6831951223078491,-0.5894759612784517,0.3857486397323575,-0.9752246010108092,0.054080363420050404,-1.5412903574712034,1.4933495366273726,-1.8603645016494474,0.21448896694284778,-2.0748534685922952,0.22172949002217113,-2.2118868638797196,1.903221388081595,,,,,,
ARC15MIN,PNBHOUSING,2026-08-12 13:45:00,2026-08-12 14:00:00,Financials,Largecap,1150.5,-0.008691117677728233,0.3389830508474745,0.06466927627898252,0.274313774568492,0.3824424163407336,-0.3389830508474634,0.2127884631253593,0.13906996957844253,0.18446269522372957,-0.04539272564528704,0.3824424163407336,-0.3389830508474634,0.3860914020325343,-0.16514558887441577,0.2670185802785299,-0.4321641691529457,0.5910473707083863,-0.3389830508474634,0.6261211829618571,0.8865710560625795,0.3871670129277302,0.49940404313484926,1.3906996957844475,-0.8257279443720122,1.2870769597426859,1.4254671881790637,0.5236180821893099,0.9018491059897538,1.8166014776184403,-0.8257279443720122,1.5264362881635698,-0.008691873098642944,0.2925271155515187,-0.30121898865016167,1.8166014776184403,-0.8257279443720122,1.9191900117969292,,,,,,
ARC15MIN,BAJAJ-AUTO,2026-08-12 14:00:00,2026-08-12 14:15:00,Auto,Largecap,11740.0,0.14501407489551088,-0.1533219761499116,0.256433912716543,-0.4097558888664546,0.08517887563883608,-0.1533219761499116,0.4337036304817913,-0.07666098807496136,0.3460184660493264,-0.42267945412428776,0.08517887563883608,-0.24701873935264462,0.5749702551014176,-0.5536626916524678,0.49657257888307377,-1.0502352705355416,0.08517887563883608,-0.5877342419080112,1.21397416645054,-1.0136286201022138,0.3473453582025362,-1.36097397830475,0.08517887563883608,-1.0647359454855176,1.3743764122280688,-0.2129471890971013,0.5388515713020895,-0.7517987603991908,0.08517887563883608,-1.1328790459965932,1.6110194764887453,-0.34923339011925236,0.339709769118511,-0.6889431592377633,0.3833049403747957,-1.1328790459965932,1.997820634550804,,,,,,
ARC15MIN,NAUKRI,2026-08-12 14:45:00,2026-08-12 15:00:00,I.T,Largecap,1335.3,-0.26887743670177544,0.44184827379616376,0.1425800071920485,0.29926826660411526,1.0709203924211819,-0.09735639931101048,0.8267949998903674,0.5317157193140298,0.1460974693055923,0.3856182500084375,1.0709203924211819,-0.09735639931101048,0.8871276794827962,0.6964727027634288,0.10572644363332412,0.5907462591301047,1.0709203924211819,-0.09735639931101048,0.9687825267367782,0.4718040889687636,-0.01731963269387449,0.48912372166263807,1.0709203924211819,-0.09735639931101048,1.01676732759805,0.9211413165580717,-0.14302131886369523,1.064162635421767,2.5537332434659055,-0.09735639931101048,1.4161303483030254,0.7488953793155062,-0.3231810467387306,1.0720764260542368,2.5537332434659055,-0.09735639931101048,1.6898475038655343,,,,,,
ARC15MIN,PNBHOUSING,2026-08-12 14:45:00,2026-08-12 15:00:00,Financials,Largecap,1151.6,-0.043399010502565005,0.894407780479356,0.1425800071920485,0.7518277732873075,1.2938520319555558,-0.9204584925321169,0.8267949998903674,0.39076068079193504,0.1460974693055923,0.24466321148634274,1.2938520319555558,-0.9204584925321169,0.8871276794827962,0.790204932268157,0.10572644363332412,0.684478488634833,1.2938520319555558,-0.9204584925321169,0.9687825267367782,1.5456755817992551,-0.01731963269387449,1.5629952144931296,1.675929142063226,-0.9204584925321169,1.01676732759805,0.5036470996873987,-0.14302131886369523,0.646668418551094,1.7193469954845497,-0.9204584925321169,1.4161303483030254,-0.816255644320929,-0.3231810467387306,-0.4930745975821984,1.7193469954845497,-1.4241055922195045,1.6898475038655343,,,,,,
ARC15MIN,BRITANNIA,2026-08-12 15:00:00,2026-08-13 09:15:00,FMCG,Largecap,5624.0,0.02667852378834823,0.41785206258890817,-0.18875993195077195,0.6066119945396802,0.42674253200569723,-0.6934566145092469,0.5062837730600602,0.5156472261735434,-0.23254889681056487,0.7481961229841083,0.6845661450924689,-0.6934566145092469,0.5549662644932177,0.9334992887624516,-0.3405513362584214,1.274050625020873,1.1646514935988561,-0.6934566145092469,0.617107095977698,0.24893314366998265,-0.3252193763771763,0.5741525200471589,1.1646514935988561,-0.6934566145092469,0.6513399247687424,-0.035561877667145136,-0.4220134700718358,0.3864515924046907,1.1646514935988561,-0.6934566145092469,1.0781676503582391,-1.6269559032716874,-0.640978040539803,-0.9859778627318844,1.1646514935988561,-1.9647937411095273,1.335639313489485,,,,,,
ARC15MIN,DMART,2026-08-12 15:00:00,2026-08-13 09:15:00,Consumer Discretionary,Largecap,4060.0,0.5000247537006786,-0.8349753694581352,-0.18875993195077195,-0.6462154375073632,0.06403940886698933,-1.2315270935960632,0.5062837730600602,-0.6305418719211753,-0.23254889681056487,-0.3979929751106104,0.06403940886698933,-1.2315270935960632,0.5549662644932177,-0.6896551724137945,-0.3405513362584214,-0.3491038361553731,0.06403940886698933,-1.2315270935960632,0.617107095977698,-0.8817733990147847,-0.3252193763771763,-0.5565540226376084,0.06403940886698933,-1.2315270935960632,0.6513399247687424,0.32019704433496887,-0.4220134700718358,0.7422105144068047,0.5172413793103514,-1.2315270935960632,1.0781676503582391,-0.6945812807881757,-0.640978040539803,-0.05360324024837271,0.9581280788177216,-1.2315270935960632,1.335639313489485,,,,,,
ARC15MIN,MPHASIS,2026-08-13 09:15:00,2026-08-13 09:30:00,I.T,Largecap,2512.9,-0.5225446340208162,-0.3820287317441995,-0.043363498459250374,-0.33866523328494913,0.04377412551235249,-0.4815153806359107,0.34424658159158483,-0.4457001870349142,-0.040467700870758114,-0.4052324861641561,0.04377412551235249,-0.6168172231286517,0.4187749492065962,-0.3223367424091683,-0.04287159993650191,-0.2794651424726664,0.04377412551235249,-0.6685502805523602,0.4625241998630219,-0.4377412551235582,-0.1407933190711362,-0.296947936052422,0.04377412551235249,-0.6685502805523602,0.5324423855772906,0.05571252337936983,-0.16130625522953926,0.21701877860890909,1.1739424569222834,-0.6685502805523602,1.0780504723199826,-0.7680369294440714,-0.4634830641777439,-0.30455386526632755,1.750965020494255,-0.9829280910501947,1.3788040125446688,,,,,,
ARC15MIN,GLENMARK,2026-08-13 09:15:00,2026-08-13 09:30:00,Healthcare,Largecap,2301.0,0.44087476537604253,-0.15210777922641805,-0.043363498459250374,-0.10874428076716768,0.08691873098651826,-0.22164276401563932,0.34424658159158483,-0.01303780964798662,-0.040467700870758114,0.027429891222771494,0.08691873098651826,-0.39113428943937656,0.4187749492065962,-0.04345936549325913,-0.04287159993650191,-0.0005877655567572207,0.1607996523250721,-0.39113428943937656,0.4625241998630219,-0.39113428943937656,-0.1407933190711362,-0.2503409703682403,0.1607996523250721,-0.47370708387658444,0.5324423855772906,1.1734028683181297,-0.16130625522953926,1.334709123547669,1.4689265536723228,-0.4780530204259059,1.0780504723199826,1.1864406779661163,-0.4634830641777439,1.6499237421438602,1.764450239026516,-0.4780530204259059,1.3788040125446688,,,,,,
ARC15MIN,CANBK,2026-08-13 09:15:00,2026-08-13 09:30:00,Bank,Largecap,131.29,-0.5378787878787983,0.8606900754055902,-0.043363498459250374,0.9040535738648405,0.9977911493640024,-0.28943560057886897,0.34424658159158483,0.5179373905095597,-0.040467700870758114,0.5584050913803178,0.9977911493640024,-0.28943560057886897,0.4187749492065962,0.37321959022011963,-0.04287159993650191,0.41609119015662155,0.9977911493640024,-0.28943560057886897,0.4625241998630219,0.23611851626170743,-0.1407933190711362,0.37691183533284367,0.9977911493640024,-0.28943560057886897,0.5324423855772906,0.0685505369792061,-0.16130625522953926,0.22985679220874536,0.9977911493640024,-0.28943560057886897,1.0780504723199826,-1.1577424023154759,-0.4634830641777439,-0.694259338137732,0.9977911493640024,-2.6810876685200657,1.3788040125446688,,,,,,
ARC15MIN,INDIANB,2026-08-13 09:15:00,2026-08-13 09:30:00,Bank,Largecap,890.75,-0.6967670011148286,1.0384507437552593,-0.043363498459250374,1.0818142422145096,1.465057535784453,-0.25820937412291967,0.34424658159158483,0.4715127701375277,-0.040467700870758114,0.5119804710082858,1.465057535784453,-0.25820937412291967,0.4187749492065962,0.47712601740106386,-0.04287159993650191,0.5199976173375658,1.465057535784453,-0.25820937412291967,0.4625241998630219,0.3031153522312646,-0.1407933190711362,0.44390867130240086,1.465057535784453,-0.25820937412291967,0.5324423855772906,0.3367948358125261,-0.16130625522953926,0.49810109104206535,1.465057535784453,-0.25820937412291967,1.0780504723199826,-1.655907942744883,-0.4634830641777439,-1.1924248785671392,1.465057535784453,-2.1049677238282327,1.3788040125446688,,,,,,
ARC15MIN,CDSL,2026-08-13 09:15:00,2026-08-13 09:30:00,Financials,Largecap,1343.4,0.32860343539955483,0.11910078904271426,-0.043363498459250374,0.16246428750196462,0.40940896233436774,-0.11910078904273647,0.34424658159158483,0.18609498287927018,-0.040467700870758114,0.2265626837500283,0.4912907548012546,-0.11910078904273647,0.4187749492065962,0.11910078904271426,-0.04287159993650191,0.16197238897921618,0.4912907548012546,-0.11910078904273647,0.4625241998630219,0.3200833705523376,-0.1407933190711362,0.46087668962347383,0.640166741104653,-0.11910078904273647,0.5324423855772906,0.19353878219443565,-0.16130625522953926,0.3548450374239749,1.109126097960389,-0.37963376507370583,1.0780504723199826,-0.9974691082328513,-0.4634830641777439,-0.5339860440551074,1.109126097960389,-1.4962036623492714,1.3788040125446688,,,,,,
ARC15MIN,ETERNAL,2026-08-13 09:15:00,2026-08-13 09:30:00,I.T,Largecap,316.7,0.5396825396825289,0.6157246605620337,-0.043363498459250374,0.659088159021284,0.6473002841806075,-0.3631196716135099,0.34424658159158483,0.3631196716135321,-0.040467700870758114,0.4035873724842902,0.6473002841806075,-0.3631196716135099,0.4187749492065962,0.4894221660877829,-0.04287159993650191,0.5322937660242848,0.8051784022734543,-0.3631196716135099,0.4625241998630219,0.4104831070413706,-0.1407933190711362,0.5512764261125068,0.8051784022734543,-0.3631196716135099,0.5324423855772906,2.0839911588254045,-0.16130625522953926,2.245297414054944,2.620776760341026,-0.3631196716135099,1.0780504723199826,0.6315124723713206,-0.4634830641777439,1.0949955365490645,2.620776760341026,-0.3631196716135099,1.3788040125446688,,,,,,
ARC15MIN,SIEMENS,2026-08-13 09:30:00,2026-08-13 09:45:00,Industrials,Largecap,3998.4,-0.012503438445576887,0.12004801920768582,-0.042666340639235155,0.16271435984692098,0.17507002801120386,-0.3551420568227326,0.30323265904237773,-0.5602240896358524,-0.1535340798909549,-0.40669000974489744,0.1825730292116745,-0.6602641056422609,0.34036191879887123,-0.21008403361344463,-0.06402970511444805,-0.14605432849899658,0.1825730292116745,-0.6602641056422609,0.38640226884995565,0.025010004001591035,-0.04467825622372879,0.06968826022531982,0.1825730292116745,-1.1854741896758725,0.4897238405133325,0.04001600640255454,-0.13553884860170237,0.1755548550042569,1.340536214485799,-1.1854741896758725,1.0888827846711147,-1.9932973189275782,-0.5783453887309741,-1.414951930196604,1.340536214485799,-2.08083233293318,1.3525973173286745,,,,,,
ARC15MIN,PIDILITIND,2026-08-13 10:00:00,2026-08-13 10:15:00,Chemicals,Largecap,1684.3,-0.0949047986238849,0.2315501988956914,-0.009703955583609581,0.241254154479301,0.2731104910051796,-0.04749747669654525,0.186478876975864,0.2315501988956914,-0.02862627713605868,0.2601764760317501,0.3146707831146456,-0.04749747669654525,0.24302836498590946,0.22561301430861214,-0.10248279763609094,0.32809581194470305,0.3146707831146456,-0.04749747669654525,0.294848787467334,0.6352787508163704,0.0836143061845154,0.551664444631855,0.6709018583387794,-0.04749747669654525,0.5206416563671092,0.7599596271448128,-0.2575152773235197,1.0174749044683324,0.843080211363767,-0.04749747669654525,1.0819441080327648,-0.18405272219912394,-0.49657075693130853,0.3125180347321846,1.3774268241999676,-0.49278632072671247,1.3409099780974982,,,,,,
ARC15MIN,MPHASIS,2026-08-13 10:00:00,2026-08-13 10:15:00,I.T,Largecap,2502.6,-0.027963088722893215,0.08790857508191863,-0.009703955583609581,0.0976125306655282,0.0919044194038321,-0.2597298809238424,0.186478876975864,0.07592104211620043,-0.02862627713605868,0.10454731925225912,0.13985455126668267,-0.2597298809238424,0.24302836498590946,0.01598337728763166,-0.10248279763609094,0.1184661749237226,0.21177974906099184,-0.2597298809238424,0.294848787467334,0.8950691281067735,0.0836143061845154,0.8114548219222582,1.0868696555582202,-0.2597298809238424,0.5206416563671092,0.7552145768400909,-0.2575152773235197,1.0127298541636105,1.5903460401182734,-0.2597298809238424,1.0819441080327648,-0.09190441940380989,-0.49657075693130853,0.40466633752749864,2.169743466794549,-0.8231439303124755,1.3409099780974982,,,,,,
ARC15MIN,HEROMOTOCO,2026-08-13 10:30:00,2026-08-13 10:45:00,Auto,Largecap,5873.0,-0.025534088007495015,-0.06810829218457659,-0.11919286777233654,0.051084575587759945,0.008513536523069298,-0.20432487655371867,0.18127249985707217,-0.22135194959986837,-0.09219943146733457,-0.1291525181325338,0.008513536523069298,-0.33202792439979145,0.21848747549499395,-0.6470287757534443,0.0012730984669668975,-0.6483018742204112,0.008513536523069298,-0.7832453601225975,0.3359993173746587,0.051081219138437994,0.014176077230520544,0.03690514190791745,0.11918951132301459,-0.7832453601225975,0.5333468148062857,-1.6516260854759102,-0.30929140188569637,-1.342334683590214,0.29797377830751426,-1.702707304614337,1.0769701051108238,-1.8559509620296288,-0.49726655455218727,-1.3586844074774416,0.29797377830751426,-2.264600715137066,1.3473849646333875,,,,,,
ARC15MIN,CGPOWER,2026-08-13 11:00:00,2026-08-13 11:15:00,Industrials,Largecap,880.6,-0.1077647325733011,-0.011355893708842046,0.019312988588942114,-0.03066888229778416,0.1022030433795118,-0.23847376788553865,0.23266524056279322,0.3804224392459643,0.1177808015406577,0.2626416377053066,0.38610038610038533,-0.28957528957529455,0.3346562396252295,0.5337270043152209,0.21042050336729437,0.32330650094792657,0.6302521008403339,-0.28957528957529455,0.5065385037143273,0.15898251192367763,0.12656377086146706,0.03241874106221057,0.6302521008403339,-0.28957528957529455,0.5945725614150744,0.4996593231887392,-0.09702074480978888,0.596680067998528,1.3570292982057586,-0.28957528957529455,1.1756461617018188,1.5330456506926993,-0.2672095869843479,1.800255237677047,2.1349080172609503,-0.28957528957529455,1.4607349979463051,,,,,,
ARC15MIN,CHOLAFIN,2026-08-13 11:15:00,2026-08-13 11:30:00,Financials,Largecap,1906.5,0.21551724137931494,0.31471282454760274,0.09146456961576788,0.22324825493183487,0.33044846577496845,-0.06818777865197356,0.2739912123807011,0.28324154209284913,0.17486093181209023,0.1083806102807589,0.414371885654341,-0.06818777865197356,0.4020986151937348,0.34618410700235636,0.13191016136213116,0.2142739456402252,0.4668240230789378,-0.06818777865197356,0.5028605017299698,0.2779963283503717,0.1549535538438095,0.1230427745065622,0.4668240230789378,-0.06818777865197356,0.5707049432570013,-0.23078940466824127,-0.14373359540125,-0.08705580926699127,0.8130081300812941,-0.37765538945712107,1.1390256519406923,-1.4843954891161748,-0.27374144741181633,-1.2106540417043585,0.8130081300812941,-1.9092578022554485,1.43372533688327,,,,,,
ARC15MIN,CGPOWER,2026-08-13 11:45:00,2026-08-13 12:00:00,Industrials,Largecap,884.25,0.4258943781942026,0.11874469889736616,0.08896650085755584,0.029778198039810327,0.21487135990951867,-0.03392705682782049,0.3086754772359358,-0.13570822731128196,0.036541214898283936,-0.1722494422095659,0.21487135990951867,-0.2092168504382319,0.3556137720094647,-0.2714164546225639,-0.0015223116247517036,-0.2698941429978122,0.21487135990951867,-0.36188860616341856,0.39005708542608836,-0.16963528413910245,0.03977985436449206,-0.2094151385035945,0.21487135990951867,-0.36188860616341856,0.4680841445133053,0.19790783149562508,-0.17311569564262075,0.3710235271382458,0.9386485722363558,-0.6841956460276966,1.0301365380949947,0.49194232400340265,-0.24567322179688386,0.7376155458002865,1.713316369804918,-0.6841956460276966,1.326825558835228,,,,,,
ARC15MIN,MOTHERSON,2026-08-13 11:45:00,2026-08-13 12:00:00,Auto,Largecap,169.16,-0.05317577548006325,-0.14187751241429014,0.08896650085755584,-0.23084401327184598,0.16552376448333295,-0.30148971388034296,0.3086754772359358,-0.7862378812958037,0.036541214898283936,-0.8227790961940877,0.16552376448333295,-0.8867344525892662,0.3556137720094647,-0.7093875620714063,-0.0015223116247517036,-0.7078652504466546,0.16552376448333295,-0.9162922676755669,0.39005708542608836,-0.8512650744856964,0.03977985436449206,-0.8910449288501885,0.16552376448333295,-0.9931425868999755,0.4680841445133053,-0.8394419484511584,-0.17311569564262075,-0.6663262528085376,0.16552376448333295,-1.4483329392291244,1.0301365380949947,-0.3133128399148699,-0.24567322179688386,-0.06763961811798605,0.16552376448333295,-1.4483329392291244,1.326825558835228,,,,,,
ARC15MIN,ZYDUSLIFE,2026-08-13 11:45:00,2026-08-13 12:00:00,Healthcare,Largecap,1170.5,-0.28963284777239195,0.08543357539512186,0.08896650085755584,-0.0035329254624339723,0.09397693293462517,-0.08543357539513297,0.3086754772359358,-0.025630072618532118,0.036541214898283936,-0.062171287516816054,0.09397693293462517,-0.08543357539513297,0.3556137720094647,-0.2563007261853878,-0.0015223116247517036,-0.2547784145606361,0.09397693293462517,-0.5980350277659086,0.39005708542608836,-0.017086715079028814,0.03977985436449206,-0.05686656944352087,0.09397693293462517,-0.5980350277659086,0.4680841445133053,-1.8539085860743265,-0.17311569564262075,-1.6807928904317058,0.2990175138829487,-1.9222554463904307,1.0301365380949947,-2.5202904741563392,-0.24567322179688386,-2.274617252359455,0.2990175138829487,-3.707817172148664,1.326825558835228,,,,,,
ARC15MIN,VOLTAS,2026-08-13 12:30:00,2026-08-13 12:45:00,Consumer Discretionary,Largecap,1282.8,-0.031172069825446957,-0.007795447458680549,-0.03781472650928519,0.03001927905060464,0.093545369504211,-0.10134081696289154,0.14693533079270701,-0.30402245088867463,-0.031074484038124885,-0.27294796685054973,0.093545369504211,-0.3897723729342051,0.18546736146825546,0.4053632678515884,0.05215438758878057,0.35320888026280783,0.467726847521055,-0.4209541627689273,0.2752148544729173,0.24165887121920804,0.054728385487351414,0.1869304857318566,0.467726847521055,-0.4209541627689273,0.4208321548574911,3.133769878391024,-0.1750769597378343,3.3088468381288583,5.043654505768624,-0.4209541627689273,0.9839427748956416,-0.9978172747115654,-0.09356253017406492,-0.9042547445375005,5.238540692235749,-1.4733395696912899,1.2904873113485484,,,,,,
ARC15MIN,SOLARINDS,2026-08-13 12:45:00,2026-08-13 13:00:00,Aerospace & Defence,Largecap,19008.0,-0.5129278760598766,-0.03682659932660037,-0.0051250267919517424,-0.03170157253464863,0.6523569023568987,-0.18939393939394478,0.15421819954475077,0.010521885521885821,0.04938882032629761,-0.038866934804411786,0.6523569023568987,-0.18939393939394478,0.21374285703153353,-0.021043771043771642,0.029524161886982783,-0.05056793293075443,0.6523569023568987,-0.47348484848485084,0.2891637412528618,6.928661616161613,0.031371748102737,6.897289868058876,7.3232323232323315,-0.47348484848485084,0.45954542858631464,5.781776094276103,-0.17891600493880427,5.960692099214907,7.3232323232323315,-0.47348484848485084,1.0085040586038765,5.271464646464641,-0.05793856033434805,5.329403206798989,7.3232323232323315,-0.47348484848485084,1.3240641268431235,,,,,,
ARC15MIN,LTF,2026-08-13 12:45:00,2026-08-13 13:00:00,Financials,Largecap,314.0,-0.09545020680878924,0.09554140127387978,-0.0051250267919517424,0.10066642806583152,0.36624203821655765,-0.22292993630572688,0.15421819954475077,0.09554140127387978,0.04938882032629761,0.04615258094758217,0.36624203821655765,-0.22292993630572688,0.21374285703153353,0.06369426751591245,0.029524161886982783,0.034170105628929665,0.36624203821655765,-0.22292993630572688,0.2891637412528618,-0.127388535031836,0.031371748102737,-0.158760283134573,0.44585987261145377,-0.31847133757961776,0.45954542858631464,-2.292993630573248,-0.17891600493880427,-2.114077625634444,0.44585987261145377,-2.3566878980891603,1.0085040586038765,-0.23885350318471055,-0.05793856033434805,-0.1809149428503625,0.44585987261145377,-3.0254777070063743,1.3240641268431235,,,,,,
ARC15MIN,NATIONALUM,2026-08-13 13:30:00,2026-08-13 13:45:00,Metals & Mining,Largecap,404.6,-0.14807502467916178,-0.012357884330205238,-0.019405734828922248,0.00704785049871701,0.07414730598120922,-0.17301038062285112,0.1642120623253849,0.02471576866038827,0.07453442481506964,-0.04981865615468137,0.07414730598120922,-0.17301038062285112,0.2317629195412376,-0.5684626791893299,0.03208964665752437,-0.6005523258468543,0.07414730598120922,-0.6302521008403339,0.3297389122786013,-5.5363321799308025,-0.1828141193229179,-5.353518060607884,0.07414730598120922,-6.784478497281277,0.7293502077649119,-6.759762728620866,-0.17947220833645985,-6.580290520284406,0.07414730598120922,-6.821552150271881,0.9606408658938472,-4.1151754819575,-0.17068939373532804,-3.944486088222172,0.07414730598120922,-7.315867523479991,1.2868804868341153,,,,,,
ARC15MIN,POWERINDIA,2026-08-13 13:30:00,2026-08-13 13:45:00,Industrials,Largecap,35270.0,-0.11328235627301453,0.2268216614686791,-0.019405734828922248,0.24622739629760135,0.311879784519431,0.0,0.1642120623253849,0.19846895378508034,0.07453442481506964,0.1239345289700107,0.311879784519431,0.0,0.2317629195412376,0.18429259994330316,0.03208964665752437,0.1522029532857788,0.311879784519431,-0.1559398922597155,0.3297389122786013,1.261695491919479,-0.1828141193229179,1.4445096112423967,2.721859937624038,-0.3969379075701718,0.7293502077649119,1.4743407995463587,-0.17947220833645985,1.6538130078828186,2.721859937624038,-0.3969379075701718,0.9606408658938472,0.8789339381910954,-0.17068939373532804,1.0496233319264234,2.721859937624038,-0.3969379075701718,1.2868804868341153,,,,,,
ARC15MIN,HEROMOTOCO,2026-08-13 13:45:00,2026-08-13 14:00:00,Auto,Largecap,5863.0,-0.2551888397414048,-0.008528057308543335,0.04525291439407598,-0.053780971702619314,0.1193928023196289,-0.12792085962817223,0.17511872984424004,-0.034112229234184444,-0.011858279973318744,-0.0222539492608657,0.1193928023196289,-0.13644891693672667,0.22661093552594397,-0.7334129285348823,-0.046636053768047206,-0.686776874766835,0.1193928023196289,-1.040422991642509,0.32213213666280927,-1.0148388197168678,-0.184264751191518,-0.8305740685253499,0.1193928023196289,-1.040422991642509,0.7564403369652174,-1.1598157939621379,-0.212755401367203,-0.9470603925949348,0.1193928023196289,-1.671499232474838,0.9324779000702607,-1.7823639774859235,-0.14483964116068732,-1.637524336325236,0.1193928023196289,-2.0979020979020935,1.2648878017301857,,,,,,
ARC15MIN,AUROPHARMA,2026-08-13 13:45:00,2026-08-13 14:00:00,Healthcare,Largecap,1665.0,-0.24564136360912814,0.04804804804805496,0.04525291439407598,0.0027951336539789803,0.11411411411412775,-0.18018018018017834,0.17511872984424004,0.030030030030037125,-0.011858279973318744,0.04188831000335587,0.18018018018017834,-0.18018018018017834,0.22661093552594397,-0.6306306306306353,-0.046636053768047206,-0.583994576862588,0.18018018018017834,-0.6306306306306353,0.32213213666280927,-2.2222222222222254,-0.184264751191518,-2.0379574710307073,0.30030030030030463,-2.582582582582582,0.7564403369652174,-2.2702702702702693,-0.212755401367203,-2.0575148689030662,0.30030030030030463,-2.582582582582582,0.9324779000702607,-2.1081081081080977,-0.14483964116068732,-1.9632684669474103,0.30030030030030463,-2.828828828828822,1.2648878017301857,,,,,,
ARC15MIN,BANDHANBNK,2026-08-13 14:00:00,2026-08-13 14:15:00,Bank,Largecap,175.7,-0.011381743683136492,0.2504268639726748,0.035824350583839024,0.21460251338883574,0.38133181559476537,-0.05691519635742104,0.24592938059569697,0.4040978941377338,0.050611725014977856,0.35348616912275593,0.6146841206602138,-0.05691519635742104,0.30963603356384595,-0.34149117814455954,-0.2920490086222798,-0.049442169522279755,0.6146841206602138,-0.569151963574277,0.6781625432666363,-0.7740466704610038,-0.18564079423502514,-0.5884058762259787,0.6146841206602138,-0.7740466704610038,0.8245702036304744,-0.5976095617529764,-0.13743581841754746,-0.46017374333542893,0.6146841206602138,-1.246442800227665,0.9877735546026755,-1.5480933409220299,-0.12426783968994799,-1.423825501232082,0.6146841206602138,-2.020489470688669,1.3186810075515956,,,,,,
ARC15MIN,SHRIRAMFIN,2026-08-13 14:15:00,2026-08-13 14:30:00,Financials,Largecap,1129.6,0.02656512884087192,-0.10623229461754757,-0.04118396854329873,-0.06504832607424885,0.05311614730878489,-0.19475920679885572,0.19174418370761115,0.05311614730878489,-0.09078211407188357,0.14389826138066847,0.15049575070822385,-0.19475920679885572,0.2397885487194889,0.28328611898016387,-0.327413998896778,0.6107001178769419,0.4691926345609332,-0.19475920679885572,0.6212129953630908,0.09737960339943896,-0.38495470317148506,0.482334306570924,0.4691926345609332,-0.19475920679885572,0.7410361792264106,-0.1239376770538092,-0.25325098025317416,0.12931330319936496,0.4691926345609332,-1.026912181303108,0.9096795205714403,-0.38066572237960283,-0.2157568948153932,-0.16490882756420963,0.4691926345609332,-1.5403682719546619,1.2503941936524248,,,,,,
ARC15MIN,HAL,2026-08-13 14:30:00,2026-08-13 14:45:00,Aerospace & Defence,Largecap,4943.4,0.06882591093115842,-0.2710684953675546,-0.037134263030310755,-0.23393423233724386,0.1335113484646211,-0.2710684953675546,0.23494148488209418,0.03236638750658827,-0.32943886884362905,0.3618052563502173,0.28927458834000497,-0.3883966500788927,0.6197433303157852,0.09305336408140796,-0.20203899938525194,0.2950923634666599,0.3034348828741429,-0.3883966500788927,0.6828445766819977,0.1962212242586192,-0.43799831025140096,0.6342195345100201,0.45717522353037054,-0.3883966500788927,0.7971048586084977,1.4645790346724974,-0.336220650586068,1.8007996852585655,2.095723591050702,-0.3883966500788927,0.9655388618679321,,,,,,,,,,,,
ARC15MIN,ASHOKLEY,2026-08-13 14:45:00,2026-08-13 15:00:00,Auto,Largecap,177.63,0.0,0.15200135112312108,-0.3446149981431265,0.4966163492662476,0.7600067556156054,-0.7149693182457839,0.5852578313055803,0.20266846816416884,-0.28867069605488915,0.491339164219058,0.7600067556156054,-0.7149693182457839,0.6320385443779811,-0.02251871868490518,-0.18934944668219394,0.16683072799728876,0.7600067556156054,-0.7149693182457839,0.7162204416038939,0.16889039013681106,-0.4085050627745563,0.5773954529113674,0.7600067556156054,-0.7149693182457839,0.776242134915094,-1.621347745313284,-0.7313358864957303,-0.8900118588175537,1.052750098519395,-4.436187580926642,1.0291641662278173,,,,,,,,,,,,
ARC15MIN,LTF,2026-08-13 14:45:00,2026-08-13 15:00:00,Financials,Largecap,314.3,-0.12710517953605782,-0.9704104358892796,-0.3446149981431265,-0.625795437746153,0.31816735602927526,-1.0022271714922204,0.5852578313055803,-1.145402481705382,-0.28867069605488915,-0.8567317856504929,0.31816735602927526,-1.1772192173083007,0.6320385443779811,-1.161310849506847,-0.18934944668219394,-0.971961402824653,0.31816735602927526,-1.3363028953229383,0.7162204416038939,-1.829462297168305,-0.4085050627745563,-1.4209572343937487,0.31816735602927526,-1.9090041361756294,0.776242134915094,-2.895322939866374,-0.7313358864957303,-2.1639870533706436,0.31816735602927526,-2.9271396754692924,1.0291641662278173,,,,,,,,,,,,
ARC15MIN,COCHINSHIP,2026-08-13 15:00:00,2026-08-14 09:15:00,Aerospace & Defence,Largecap,1509.1,-0.2511732434397618,-0.039758796633748705,-0.3094195977838922,0.2696608011501435,1.0005963819495145,-0.7752965343582163,0.5080542818742294,-0.1524087204293867,-0.2381452703649778,0.0857365499355911,1.0005963819495145,-0.7752965343582163,0.5301529306976778,-0.7090318733019574,-0.2598453698169341,-0.44918650348502326,1.0005963819495145,-0.7752965343582163,0.622194236435513,-0.9807169836326235,-0.4220579317952703,-0.5586590518373532,1.0005963819495145,-1.2524020939632785,0.676120553838892,-2.233119077595902,-0.5467221661010295,-1.6863969114948725,1.0005963819495145,-4.910211384268759,0.95058940613047,,,,,,,,,,,,
ARC15MIN,LICI,2026-08-13 15:00:00,2026-08-14 09:15:00,Financials,Largecap,411.0,-1.2493993272465143,-0.7055961070559502,-0.3094195977838922,-0.396176509272058,0.07299270072993469,-1.1557177615571734,0.5080542818742294,-0.3406326034063212,-0.2381452703649778,-0.10248733304134339,0.07299270072993469,-1.1557177615571734,0.5301529306976778,0.048661800486615725,-0.2598453698169341,0.30850717030354985,0.20681265206812238,-1.1557177615571734,0.622194236435513,0.5352798053527952,-0.4220579317952703,0.9573377371480655,0.7055961070559613,-1.1557177615571734,0.676120553838892,0.389294403892948,-0.5467221661010295,0.9360165699939775,1.253041362530416,-1.1557177615571734,0.95058940613047,,,,,,,,,,,,
