scan,symbol,when,bar,sector,cap,entry,signal_move,ret_15m,ctl_15m,exc_15m,mfe_15m,mae_15m,mfe_ctl_15m,ret_30m,ctl_30m,exc_30m,mfe_30m,mae_30m,mfe_ctl_30m,ret_1h,ctl_1h,exc_1h,mfe_1h,mae_1h,mfe_ctl_1h,ret_2h,ctl_2h,exc_2h,mfe_2h,mae_2h,mfe_ctl_2h,ret_EOD,ctl_EOD,exc_EOD,mfe_EOD,mae_EOD,mfe_ctl_EOD,ret_2d,ctl_2d,exc_2d,mfe_2d,mae_2d,mfe_ctl_2d,ret_5d,ctl_5d,exc_5d,mfe_5d,mae_5d,mfe_ctl_5d
NARC1HR,ABB,2026-07-16 10:15:00,2026-07-16 11:15:00,Industrials,Largecap,7850.5,7.137495735243937,-0.40124832813196454,-0.10008438942093628,-0.30116393871102826,0.6369021081459758,-0.8980319724858243,0.2675487702495831,-0.6496401503088944,-0.15216201407066007,-0.49747813623823434,0.6369021081459758,-0.8980319724858243,0.30443859041760385,-0.5795809184128364,-0.12858242743812276,-0.4509984909747137,0.6369021081459758,-0.8980319724858243,0.36082507403402075,-2.203681294185089,-0.4086377530376647,-1.7950435411474244,0.6369021081459758,-2.522132348258077,0.4131561756893432,-3.9742691548309006,-0.9430853197408202,-3.03118383509008,0.6369021081459758,-4.018852302401122,0.8658926074191647,-4.814979937583597,-0.3244854047023698,-4.490494532881227,0.6369021081459758,-5.528310298707084,1.367299464024112,-2.4966562639322287,-1.132821138963579,-1.3638351249686498,0.6369021081459758,-5.528310298707084,2.3255242938475713
NARC1HR,TITAN,2026-07-16 10:15:00,2026-07-16 11:15:00,Consumer Discretionary,Largecap,4645.5,0.602031314290663,0.48433968356473844,-0.10008438942093628,0.5844240729856747,0.5015606500914815,-0.11624152405552701,0.2675487702495831,0.137767732213967,-0.15216201407066007,0.2899297462846271,0.5015606500914815,-0.11624152405552701,0.30443859041760385,-0.2044989775051076,-0.12858242743812276,-0.07591655006698483,0.5015606500914815,-0.29490905177053106,0.36082507403402075,-0.1506834571090354,-0.4086377530376647,0.2579542959286293,0.5015606500914815,-0.355182434614143,0.4131561756893432,-0.2755354644279451,-0.9430853197408202,0.6675498553128751,0.5015606500914815,-0.7620277688085153,0.8658926074191647,0.019373587342585985,-0.3244854047023698,0.3438589920449558,0.5015606500914815,-0.7620277688085153,1.367299464024112,0.9406952965235194,-1.132821138963579,2.0735164354870985,1.8835432138628816,-0.7620277688085153,2.3255242938475713
NARC1HR,SIEMENS,2026-07-16 10:15:00,2026-07-16 11:15:00,Industrials,Largecap,3671.9,1.9405885619100616,0.6917399711321215,-0.10008438942093628,0.7918243605530577,1.4597347422315332,-0.04902094283614211,0.2675487702495831,0.6726762711402712,-0.15216201407066007,0.8248382852109313,1.4597347422315332,-0.04902094283614211,0.30443859041760385,0.792505242517505,-0.12858242743812276,0.9210876699556277,1.4597347422315332,-0.04902094283614211,0.36082507403402075,-0.48748604264822193,-0.4086377530376647,-0.07884828961055723,1.4597347422315332,-0.7707181568125554,0.4131561756893432,-0.44663525695144424,-0.9430853197408202,0.496450062789376,1.4597347422315332,-1.5550532421906849,0.8658926074191647,-0.5446771426237063,-0.3244854047023698,-0.22019173792133645,1.4597347422315332,-1.5550532421906849,1.367299464024112,0.6536125711484431,-1.132821138963579,1.786433710112022,1.4597347422315332,-1.5550532421906849,2.3255242938475713
NARC1HR,SRF,2026-07-16 10:15:00,2026-07-16 11:15:00,Chemicals,Largecap,2861.5,-1.1230131306150692,0.19220688450114487,-0.10008438942093628,0.29229127392208115,0.33199370959287045,-0.12231347195527098,0.2675487702495831,0.05940940066397893,-0.15216201407066007,0.211571414734639,0.38790843962956956,-0.12231347195527098,0.30443859041760385,0.6115673597763438,-0.12858242743812276,0.7401497872144666,0.6220513716582277,-0.12231347195527098,0.36082507403402075,0.3809190983749877,-0.4086377530376647,0.7895568514126524,0.6465140660492752,-0.12231347195527098,0.4131561756893432,0.0034946706272798167,-0.9430853197408202,0.9465799903681,1.8661541149746608,-0.29704700331993905,0.8658926074191647,0.8142582561593725,-0.3244854047023698,1.1387436608617423,1.8661541149746608,-0.5451686178577608,1.367299464024112,-4.857592171937797,-1.132821138963579,-3.7247710329742176,3.7917176306133227,-5.6473877337061,2.3255242938475713
NARC1HR,TECHM,2026-07-16 10:15:00,2026-07-16 11:15:00,I.T,Largecap,1530.9,0.1897905759162377,-0.3331373701744189,-0.10008438942093628,-0.23305298075348263,0.0718531582729165,-0.4245868443399359,0.2675487702495831,-0.4115226337448652,-0.15216201407066007,-0.2593606196742051,0.0718531582729165,-0.5160363185054639,0.30443859041760385,-0.4049905284473243,-0.12858242743812276,-0.27640810100920155,0.0718531582729165,-0.8687700045724833,0.36082507403402075,-0.9863478999281527,-0.4086377530376647,-0.577710146890488,0.0718531582729165,-1.339081585995161,0.4131561756893432,-0.03266052648768225,-0.9430853197408202,0.910424793253138,2.090273695211975,-1.7440721144424853,0.8658926074191647,3.3052452805539145,-0.3244854047023698,3.6297306852562845,5.036253184401329,-1.7440721144424853,1.367299464024112,1.7832647462276974,-1.132821138963579,2.9160858851912765,5.467372134038784,-1.7440721144424853,2.3255242938475713
NARC1HR,ADANIPORTS,2026-07-16 10:15:00,2026-07-16 11:15:00,Transportation,Largecap,1853.6,1.190086253957845,0.07552870090634656,-0.10008438942093628,0.17561309032728284,0.29132498921018435,-0.0269745360379825,0.2675487702495831,-0.16724212343547373,-0.15216201407066007,-0.01508010936481366,0.3290893396633576,-0.22658610271902857,0.30443859041760385,-0.2967198964177853,-0.12858242743812276,-0.16813746897966253,0.3290893396633576,-0.39922313336210324,0.36082507403402075,-0.8416055243849807,-0.4086377530376647,-0.432967771347316,0.3290893396633576,-0.8955545964609346,0.4131561756893432,-1.397280966767367,-0.9430853197408202,-0.4541956470265467,0.3290893396633576,-1.969141130772556,0.8658926074191647,-0.7121277514026692,-0.3244854047023698,-0.38764234670029935,0.3290893396633576,-1.969141130772556,1.367299464024112,-2.1417781614156084,-1.132821138963579,-1.0089570224520295,0.3290893396633576,-3.107466551575311,2.3255242938475713
NARC1HR,PGEL,2026-07-16 10:15:00,2026-07-16 11:15:00,Consumer Discretionary,Midcap,617.95,2.2249793217535174,0.8657658386600708,-0.10008438942093628,0.9658502280810071,2.1118213447689937,-0.4773849016910803,0.2675487702495831,0.29937697224693416,-0.15216201407066007,0.45153898631759426,2.1118213447689937,-0.4773849016910803,0.30443859041760385,-0.07282142568170169,-0.12858242743812276,0.05576100175642107,2.1118213447689937,-0.4773849016910803,0.36082507403402075,-0.6068452140140734,-0.4086377530376647,-0.19820746097640873,2.1118213447689937,-0.7767618739380366,0.4131561756893432,-1.5130674002751032,-0.9430853197408202,-0.569982080534283,2.1118213447689937,-2.257464196132375,0.8658926074191647,-1.1246864633061016,-0.3244854047023698,-0.8002010586037318,2.1118213447689937,-2.257464196132375,1.367299464024112,-5.332146613803712,-1.132821138963579,-4.1993254748401325,2.1118213447689937,-7.751436200339845,2.3255242938475713
NARC1HR,ANGELONE,2026-07-16 10:15:00,2026-07-16 11:15:00,Financials,Largecap,353.45,2.881676611846884,-2.5887678596689723,-0.10008438942093628,-2.488683470248036,0.5234120809166853,-3.4941292969302484,0.2675487702495831,-3.4516904795586334,-0.15216201407066007,-3.2995284654879735,0.5234120809166853,-3.706323383788357,0.30443859041760385,-3.3809591172725972,-0.12858242743812276,-3.2523766898344744,0.5234120809166853,-3.720469656245573,0.36082507403402075,-4.286320554533873,-0.4086377530376647,-3.877682801496208,0.5234120809166853,-4.540953458763619,0.4131561756893432,-7.865327486207385,-0.9430853197408202,-6.922242166466565,0.5234120809166853,-8.600933653982167,0.8658926074191647,-7.2004526807186275,-0.3244854047023698,-6.875967276016258,0.5234120809166853,-8.600933653982167,1.367299464024112,-12.74579148394398,-1.132821138963579,-11.612970344980402,0.5234120809166853,-12.830669118687222,2.3255242938475713
NARC1HR,SWIGGY,2026-07-16 10:15:00,2026-07-16 11:15:00,I.T,Largecap,281.25,0.46078011144450315,-0.8071111111111029,-0.10008438942093628,-0.7070267216901667,0.0,-1.2942222222222188,0.2675487702495831,0.18133333333332224,-0.15216201407066007,0.33349534740398235,0.3235555555555658,-1.2942222222222188,0.30443859041760385,-0.5653333333333288,-0.12858242743812276,-0.43675090589520604,0.3235555555555658,-1.2942222222222188,0.36082507403402075,-0.7146666666666635,-0.4086377530376647,-0.30602891362899876,0.3235555555555658,-1.2942222222222188,0.4131561756893432,-2.3004444444444494,-0.9430853197408202,-1.3573591247036292,0.3235555555555658,-4.995555555555564,0.8658926074191647,-2.791111111111122,-0.3244854047023698,-2.466625706408752,0.3235555555555658,-4.995555555555564,1.367299464024112,-5.354666666666663,-1.132821138963579,-4.221845527703084,0.3235555555555658,-7.199999999999996,2.3255242938475713
NARC1HR,ABB,2026-07-16 11:15:00,2026-07-16 12:15:00,Industrials,Largecap,7822.5,-0.3566651805617438,-0.4921700223713632,-0.08981992302502827,-0.4023500993463349,0.08309364014063014,-1.0418664109939302,0.23179131713971837,-1.6235218919782635,-0.2011012376917419,-1.4224206542865216,0.08309364014063014,-1.6490891658676898,0.2477849812058584,-1.8536273569830564,-0.2538298472024225,-1.5997975097806338,0.08309364014063014,-2.1732182806008304,0.2716012634928548,-2.0134228187919434,-0.3946986399836588,-1.6187241788082847,0.08309364014063014,-2.5567273889421593,0.3244678456109944,-3.1383828699264926,-0.7302814000291387,-2.408101469897354,0.08309364014063014,-3.6752956216043464,0.8529963851834631,-4.455097475231707,-0.2727886595810299,-4.182308815650677,0.08309364014063014,-5.190156599552576,1.420275354352156,-2.933844678811126,-1.193818421046459,-1.740026257764667,0.08309364014063014,-5.190156599552576,2.3991250916934392
NARC1HR,CUMMINSIND,2026-07-16 11:15:00,2026-07-16 12:15:00,Industrials,Largecap,5669.5,1.4675615212528026,-0.5820619102213653,-0.08981992302502827,-0.49224198719633705,0.08819119851839474,-0.7143487079989463,0.23179131713971837,-0.7849016668136533,-0.2011012376917419,-0.5838004291219113,0.08819119851839474,-0.9436458241467549,0.2477849812058584,-1.2611341388129471,-0.2538298472024225,-1.0073042916105246,0.08819119851839474,-1.3669635770350075,0.2716012634928548,-1.4375165358497255,-0.3946986399836588,-1.0428178958660668,0.08819119851839474,-1.4904312549607557,0.3244678456109944,-4.391921686215716,-0.7302814000291387,-3.6616402861865778,0.08819119851839474,-4.929887997177884,0.8529963851834631,-2.7956609930329,-0.2727886595810299,-2.52287233345187,0.08819119851839474,-4.929887997177884,1.420275354352156,-1.1553047005908756,-1.193818421046459,0.03851372045558343,0.08819119851839474,-4.929887997177884,2.3991250916934392
NARC1HR,SIEMENS,2026-07-16 11:15:00,2026-07-16 12:15:00,Industrials,Largecap,3695.0,0.629102099730372,0.32205683355885917,-0.08981992302502827,0.41187675658388745,0.46008119079836707,-0.37618403247632326,0.23179131713971837,-1.1393775372124493,-0.2011012376917419,-0.9382762995207073,0.46008119079836707,-1.391069012178625,0.2477849812058584,-1.1096075778078474,-0.2538298472024225,-0.8557777306054248,0.46008119079836707,-1.391069012178625,0.2716012634928548,-1.4154262516914762,-0.3946986399836588,-1.0207276117078175,0.46008119079836707,-1.7023004059539937,0.3244678456109944,-0.5981055480378861,-0.7302814000291387,0.1321758519912526,0.46008119079836707,-2.1705006765899815,0.8529963851834631,-1.1799729364005418,-0.2727886595810299,-0.907184276819512,0.46008119079836707,-2.1705006765899815,1.420275354352156,-0.5277401894451916,-1.193818421046459,0.6660782316012674,0.46008119079836707,-2.1705006765899815,2.3991250916934392
NARC1HR,PGEL,2026-07-16 11:15:00,2026-07-16 12:15:00,Consumer Discretionary,Midcap,617.0,-0.1537341208835752,-0.0972447325769843,-0.08981992302502827,-0.007424809551956027,0.4132901134521916,-0.2431118314424663,0.23179131713971837,-0.2917341977309529,-0.2011012376917419,-0.09063296003921098,0.4132901134521916,-0.4862236628849326,0.2477849812058584,-0.4538087520259193,-0.2538298472024225,-0.19997890482349678,0.4132901134521916,-0.6239870340356557,0.2716012634928548,0.2593192868719729,-0.3946986399836588,0.6540179268556316,1.1345218800648205,-1.1831442463533182,0.3244678456109944,-1.085899513776345,-0.7302814000291387,-0.3556181137472063,1.264181523500807,-2.1069692058346856,0.8529963851834631,-1.0940032414910816,-0.2727886595810299,-0.8212145819100518,1.264181523500807,-2.1069692058346856,1.420275354352156,-5.7374392220421395,-1.193818421046459,-4.54362080099568,1.44246353322528,-7.609400324149118,2.3991250916934392
NARC1HR,AMBER,2026-07-16 11:15:00,2026-07-16 12:15:00,Consumer Discretionary,Largecap,8008.0,1.3286093888396744,-0.03746253746254036,-0.08981992302502827,0.05235738556248791,0.8116883116883189,-0.09990009990009652,0.23179131713971837,-0.393356643356646,-0.2011012376917419,-0.1922554056649041,0.8116883116883189,-0.6743256743256709,0.2477849812058584,-0.2872127872127872,-0.2538298472024225,-0.03338294001036468,0.8116883116883189,-0.6743256743256709,0.2716012634928548,0.09365634365634534,-0.3946986399836588,0.4883549836400041,1.0864135864135926,-0.6743256743256709,0.3244678456109944,-1.7544955044955013,-0.7302814000291387,-1.0242141044663626,1.0864135864135926,-1.8231768231768197,0.8529963851834631,-2.2602397602397573,-0.2727886595810299,-1.9874511006587274,1.0864135864135926,-4.2207792207792245,1.420275354352156,-7.717282717282714,-1.193818421046459,-6.523464296236255,1.0864135864135926,-7.729770229770228,2.3991250916934392
NARC1HR,SONACOMS,2026-07-16 11:15:00,2026-07-16 12:15:00,Auto,Largecap,681.5,0.7316532407065424,-0.5502567865003694,-0.08981992302502827,-0.4604368634753411,0.6236243580337586,-0.5722670579603739,0.23179131713971837,-0.8290535583272196,-0.2011012376917419,-0.6279523206354777,0.6236243580337586,-1.005135730007345,0.2477849812058584,-0.4108584005869331,-0.2538298472024225,-0.1570285533845106,0.6236243580337586,-1.005135730007345,0.2716012634928548,-0.22010271460014552,-0.3946986399836588,0.17459592538351326,0.6236243580337586,-1.005135730007345,0.3244678456109944,2.7512839325018357,-0.7302814000291387,3.481565332530974,3.6463683052091023,-1.005135730007345,0.8529963851834631,3.6463683052091023,-0.2727886595810299,3.9191569647901323,5.025678650036691,-1.005135730007345,1.420275354352156,6.742479823917824,-1.193818421046459,7.936298244964283,8.495964783565668,-1.005135730007345,2.3991250916934392
NARC1HR,GODFRYPHLP,2026-07-16 12:15:00,2026-07-16 13:15:00,FMCG,Largecap,2123.4,0.5826346454455011,-0.41442968823586224,-0.28076177672760766,-0.13366791150825458,0.0753508524065083,-0.5698408213242856,0.12198009169161396,-0.36733540548178345,-0.09863962049370424,-0.2686957849880792,0.0753508524065083,-1.045493077140447,0.17015910121118047,-0.10831685033437788,-0.21977682498564402,0.11145997465126614,0.164829989639248,-1.045493077140447,0.22264470543464562,0.12244513516059818,-0.17024170614018785,0.29268684130078604,0.16953941791466587,-1.045493077140447,0.36175649775959245,-0.19779598756711758,-0.49444768851772974,0.29665170095061216,0.8288593764717023,-1.045493077140447,0.92831114654528,0.4662333992653256,0.19563992500486785,0.27059347426045777,1.2009042102288703,-1.5305641895073885,1.5641727495289395,-3.687482339643977,-1.4218624832197473,-2.26561985642423,2.288782141847978,-3.692191767919384,2.523996117558144
NARC1HR,UPL,2026-07-16 12:15:00,2026-07-16 13:15:00,Chemicals,Largecap,623.1,2.097329182369334,0.26480500722194655,-0.28076177672760766,0.5455667839495542,0.34504894880436066,-0.0802439415824141,0.12198009169161396,0.3049269780131647,-0.09863962049370424,0.40356659850686893,0.42529289038677476,-0.0802439415824141,0.17015910121118047,0.40924410207028306,-0.21977682498564402,0.629020927055927,0.6740491092922296,-0.0802439415824141,0.22264470543464562,0.9468785106724331,-0.17024170614018785,1.117120216812621,0.9468785106724331,-0.0802439415824141,0.36175649775959245,-0.6419515326592795,-0.49444768851772974,-0.14750384414154977,0.9468785106724331,-2.1344888460921307,0.92831114654528,-2.2709035467822103,0.19563992500486785,-2.466543471787078,0.9468785106724331,-2.8486599261755785,1.5641727495289395,-2.8085379553843715,-1.4218624832197473,-1.3866754721646242,0.9468785106724331,-3.073342962606318,2.523996117558144
NARC1HR,IEX,2026-07-16 12:15:00,2026-07-16 13:15:00,Financials,Midcap,122.61,1.113310242454224,-0.2936138977244873,-0.28076177672760766,-0.012852120996879657,0.09787129924150317,-0.5138243210178528,0.12198009169161396,0.05709159122422314,-0.09863962049370424,0.15573121171792736,0.14680694886224366,-0.5138243210178528,0.17015910121118047,0.47304461300057277,-0.21977682498564402,0.6928214379862168,0.611695620259356,-0.5138243210178528,0.22264470543464562,2.316287415382101,-0.17024170614018785,2.486529121522289,2.6669929043308116,-0.5138243210178528,0.36175649775959245,0.4485767881901914,-0.49444768851772974,0.9430244767079212,3.417339531848951,-0.5138243210178528,0.92831114654528,1.794307152760788,0.19563992500486785,1.59866722775592,3.417339531848951,-1.3865100725878876,1.5641727495289395,-0.16311883206916455,-1.4218624832197473,1.2587436511505827,3.417339531848951,-1.3865100725878876,2.523996117558144
NARC1HR,GODFRYPHLP,2026-07-16 13:15:00,2026-07-16 14:15:00,FMCG,Largecap,2118.4,-0.23547141377037173,-0.04248489425981994,-0.03498918790953244,-0.007495706350287498,0.4012462235649439,-0.20298338368580637,0.21626880228550452,0.13689577039275314,0.054242641487143584,0.08265312890560955,0.4012462235649439,-0.20298338368580637,0.29460900478018526,0.35876132930512394,0.009149740399554995,0.3496115889055689,0.40596676737159054,-0.20298338368580637,0.3989122837723881,-0.051925981873102156,-0.2675574260072435,0.21563144413414137,1.0668429003021007,-0.39180513595167277,0.8680955209644469,-0.20298338368580637,-0.26534171053038424,0.06235832684457787,1.0668429003021007,-0.6750377643504613,1.13121705520177,0.9535498489425809,0.5105724133659607,0.44297743557662017,1.4397658610271868,-1.2981495468277982,1.7969760376452277,-3.441276435045326,-1.2145602667002398,-2.2267161683450865,2.530211480362543,-3.842522658610281,2.678984303506906
NARC1HR,UPL,2026-07-16 13:15:00,2026-07-16 14:15:00,Chemicals,Largecap,625.55,0.39319531375379135,0.1838382223643409,-0.03498918790953244,0.2188274102738733,0.27975381664135934,-0.22380305331307637,0.21626880228550452,0.3357045799696312,0.054242641487143584,0.28146193848248763,0.3756694109184,-0.22380305331307637,0.29460900478018526,0.551514667092956,0.009149740399554995,0.5423649266934011,0.551514667092956,-0.22380305331307637,0.3989122837723881,-1.6465510350891166,-0.2675574260072435,-1.378993609081873,0.551514667092956,-1.942290784109979,0.8680955209644469,-0.9831348413396168,-0.26534171053038424,-0.7177931308092326,0.551514667092956,-2.517784349772201,1.13121705520177,-2.781552234034046,0.5105724133659607,-3.2921246474000068,0.551514667092956,-3.22915834066021,1.7969760376452277,-3.045320118295891,-1.2145602667002398,-1.8307598515956514,0.551514667092956,-3.452961393973286,2.678984303506906
NARC1HR,MOTHERSON,2026-07-16 13:15:00,2026-07-16 14:15:00,Auto,Largecap,145.0,0.75041689827684,-0.53103448275863,-0.03498918790953244,-0.49604529484909754,0.15862068965517562,-0.6827586206896608,0.21626880228550452,-0.6965517241379282,0.054242641487143584,-0.7507943656250717,0.15862068965517562,-0.7241379310344853,0.29460900478018526,-0.8965517241379395,0.009149740399554995,-0.9057014645374944,0.15862068965517562,-1.379310344827589,0.3989122837723881,-0.6620689655172485,-0.2675574260072435,-0.39451153951000495,0.15862068965517562,-1.379310344827589,0.8680955209644469,0.13793103448274113,-0.26534171053038424,0.4032727450131254,0.47586206896550465,-1.379310344827589,1.13121705520177,-1.1103448275862182,0.5105724133659607,-1.620917240952179,0.5793103448275883,-1.993103448275857,1.7969760376452277,0.4068965517241452,-1.2145602667002398,1.621456818424385,2.200000000000002,-1.993103448275857,2.678984303506906
NARC1HR,IEX,2026-07-16 13:15:00,2026-07-16 14:15:00,Financials,Midcap,122.95,0.2773020145175886,1.3257421716144746,-0.03498918790953244,1.3607313595240071,1.5860105734038177,-0.024400162667748138,0.21626880228550452,1.1793411956079636,0.054242641487143584,1.12509855412082,1.5860105734038177,-0.024400162667748138,0.29460900478018526,2.0333468889792705,0.009149740399554995,2.0241971485797157,2.3830825538836864,-0.024400162667748138,0.3989122837723881,0.8052053680357885,-0.2675574260072435,1.072762794043032,3.131354209028059,-0.024400162667748138,0.8680955209644469,0.08946726311509501,-0.26534171053038424,0.35480897364547925,3.131354209028059,-0.2602684017893542,1.13121705520177,1.8625457503050002,0.5105724133659607,1.3519733369390394,3.131354209028059,-1.6592110614070843,1.7969760376452277,-0.732004880032533,-1.2145602667002398,0.4825553866677068,3.131354209028059,-1.6592110614070843,2.678984303506906
NARC1HR,AMBER,2026-07-16 13:15:00,2026-07-16 14:15:00,Consumer Discretionary,Largecap,8036.5,0.7585255767301957,-0.2550861693523254,-0.03498918790953244,-0.220096981442793,0.05599452497977442,-0.4541778137248764,0.21626880228550452,-0.10576743607291217,0.054242641487143584,-0.16001007756005575,0.05599452497977442,-0.4541778137248764,0.29460900478018526,-0.32974553599203205,0.009149740399554995,-0.33889527639158706,0.05599452497977442,-0.4541778137248764,0.3989122837723881,-1.679835749393388,-0.2675574260072435,-1.4122783233861445,0.27375101101225763,-1.9971380576121467,0.8680955209644469,-2.3828781185839643,-0.26534171053038424,-2.11753640805358,0.27375101101225763,-2.4450942574503864,1.13121705520177,-2.3517700491507476,0.5105724133659607,-2.8623424625167084,0.27375101101225763,-4.56044297890873,1.7969760376452277,-7.814347041622593,-1.2145602667002398,-6.599786774922354,0.27375101101225763,-8.417843588626894,2.678984303506906
NARC1HR,KAYNES,2026-07-16 13:15:00,2026-07-16 14:15:00,Consumer Discretionary,Largecap,3444.5,1.1006750807161625,0.043547684714773105,-0.03498918790953244,0.07853687262430555,0.9841776745536324,-0.11612715923936534,0.21626880228550452,-0.060966758600666804,0.054242641487143584,-0.11520940008781039,0.9841776745536324,-0.15967484395412734,0.29460900478018526,-0.18870663376396868,0.009149740399554995,-0.19785637416352367,0.9841776745536324,-0.3919291624328691,0.3989122837723881,-1.0364348962113468,-0.2675574260072435,-0.7688774702041032,0.9841776745536324,-1.7738423573813278,0.8680955209644469,-1.0799825809261088,-0.26534171053038424,-0.8146408703957245,0.9841776745536324,-1.7738423573813278,1.13121705520177,-2.0699666134417205,0.5105724133659607,-2.5805390268076813,0.9841776745536324,-3.1789809841776706,1.7969760376452277,-5.902162868340843,-1.2145602667002398,-4.687602601640604,0.9841776745536324,-6.953113659457111,2.678984303506906
NARC1HR,BHEL,2026-07-16 14:15:00,2026-07-16 15:15:00,Industrials,Largecap,436.05,4.268292682926833,1.6626533654397369,-0.13969128410941814,1.802344649549155,2.2015823873408946,-0.2407980736154114,0.680279251225733,2.018117188395818,-0.10714126696988716,2.1252584553657052,2.3965141612200425,-0.2407980736154114,0.7691976635261747,1.4562550166265176,-0.24487397984283885,1.7011289964693563,2.3965141612200425,-0.2407980736154114,0.8132319595551315,0.3439972480220099,-0.33558913837020926,0.6795863863922191,2.3965141612200425,-0.47012957229676244,0.9074406481001142,-3.38263960554982,-0.1965845302175758,-3.186055075332244,2.3965141612200425,-3.611971104231171,1.1530096651798514,-4.265565875472999,0.46439839376893943,-4.729964269241938,2.3965141612200425,-4.9650269464511005,1.8266611457136435,-6.432748538011701,-1.153161583913052,-5.279586954098649,2.3965141612200425,-6.971677559912859,2.680729702245461
NARC1HR,NAUKRI,2026-07-16 14:15:00,2026-07-16 15:15:00,I.T,Largecap,1208.15,1.1554401975970352,0.3724703058395118,-0.13969128410941814,0.5121615899489299,1.0222240615817446,-0.29383768571784596,0.680279251225733,-0.2607292140876627,-0.10714126696988716,-0.15358794711777554,1.0222240615817446,-0.46765716177628036,0.7691976635261747,-1.2498448040392462,-0.24487397984283885,-1.0049708241964075,1.0222240615817446,-1.3326159831146933,0.8132319595551315,-1.7009477300004239,-0.33558913837020926,-1.3653585916302147,1.0222240615817446,-1.8292430575673646,0.9074406481001142,-1.9823697388569372,-0.1965845302175758,-1.7857852086393615,1.0222240615817446,-2.160327773869153,1.1530096651798514,-1.4360799569590021,0.46439839376893943,-1.9004783507279415,1.0222240615817446,-2.2017133634068764,1.8266611457136435,-3.2404916608037126,-1.153161583913052,-2.0873300768906606,1.2705375988080858,-4.341348342507145,2.680729702245461
NARC1HR,IEX,2026-07-16 14:15:00,2026-07-16 15:15:00,Financials,Midcap,124.2,1.0166734444896353,0.04830917874396601,-0.13969128410941814,0.18800046285338415,2.0933977455716457,-0.05636070853463071,0.680279251225733,0.08051529790660261,-0.10714126696988716,0.18765656487648977,2.0933977455716457,-0.45088566827697907,0.7691976635261747,-0.20933977455717123,-0.24487397984283885,0.035534205285667614,2.0933977455716457,-0.45088566827697907,0.8132319595551315,-0.9098228663446117,-0.33558913837020926,-0.5742337279744025,2.0933977455716457,-1.0064412238325326,0.9074406481001142,-1.2882447665056418,-0.1965845302175758,-1.091660236288066,2.0933977455716457,-1.3687600644122444,1.1530096651798514,0.7326892109500882,0.46439839376893943,0.2682908171811488,2.0933977455716457,-2.6489533011272215,1.8266611457136435,-1.4573268921095006,-1.153161583913052,-0.3041653081964486,2.0933977455716457,-2.6489533011272215,2.680729702245461
NARC1HR,SONACOMS,2026-07-16 14:15:00,2026-07-16 15:15:00,Auto,Largecap,684.65,0.5950631795474504,-0.05112101073541098,-0.13969128410941814,0.08857027337400716,0.8033301686993344,-0.6280581318922063,0.680279251225733,1.0297232162418846,-0.10714126696988716,1.1368644832117718,1.1392682392463493,-0.6280581318922063,0.7691976635261747,2.008325421748336,-0.24487397984283885,2.253199401591175,2.0229314248155994,-0.6280581318922063,0.8132319595551315,2.059446432483747,-0.33558913837020926,2.395035570853956,2.5341415321697314,-0.6280581318922063,0.9074406481001142,2.972321624187546,-0.1965845302175758,3.168906154405122,3.4762287300080352,-0.6280581318922063,1.1530096651798514,4.725041992258827,0.46439839376893943,4.260643598489888,4.966041042868619,-0.6280581318922063,1.8266611457136435,4.578981961586215,-1.153161583913052,5.732143545499267,7.996786679325196,-0.6280581318922063,2.680729702245461
NARC1HR,BHEL,2026-07-17 09:15:00,2026-07-17 10:15:00,Industrials,Largecap,442.35,-0.5955056179775209,-0.8251384650163951,0.06150622711858292,-0.886644692134978,0.21476206623713967,-0.915564598168872,0.4720508797581257,-1.277269130778802,-0.02268634651004339,-1.2545827842687587,0.21476206623713967,-1.6163671301006044,0.5022653803421562,-2.4528088617610577,-0.16635749130188165,-2.2864513704591762,0.21476206623713967,-2.6336611280660227,0.5252869026087046,-3.1762179269808954,-0.10698785554332248,-3.069230071437573,0.21476206623713967,-3.4022832598621044,0.6071590974648052,-5.391658189216686,0.550780864627082,-5.942439053843769,0.21476206623713967,-5.787272521758791,1.4529044276933725,-6.635017520063302,0.7683148088121208,-7.403332328875423,0.21476206623713967,-7.041935119249465,2.141729030034464,-8.579179382841652,-2.0522885850379855,-6.5268907978036665,0.21476206623713967,-8.805244715722848,2.8169257098064184
NARC1HR,INFY,2026-07-17 09:15:00,2026-07-17 10:15:00,I.T,Largecap,1101.1,-0.3529411764706003,-0.22704568159113148,0.06150622711858292,-0.28855190870971437,0.07265461810916918,-0.41776405412767836,0.4720508797581257,-0.20888202706383918,-0.02268634651004339,-0.1861956805537958,0.07265461810916918,-0.45409136318227405,0.5022653803421562,-0.49041867223683644,-0.16635749130188165,-0.3240611809349548,0.07265461810916918,-0.5449096358187244,0.5252869026087046,0.018163654527292294,-0.10698785554332248,0.12515151007061476,0.08173644537281533,-0.5449096358187244,0.6071590974648052,-0.6811370447734055,0.550780864627082,-1.2319179094004875,0.24520933611842377,-1.0807374443737916,1.4529044276933725,-2.4339297066569787,0.7683148088121208,-3.2022445154690997,0.24520933611842377,-2.633729906457183,2.141729030034464,-7.183725365543536,-2.0522885850379855,-5.131436780505551,0.24520933611842377,-7.238216329125413,2.8169257098064184
NARC1HR,RELIANCE,2026-07-17 09:15:00,2026-07-17 10:15:00,Energy,Largecap,1319.6,1.5076923076922988,0.10609275538042695,0.06150622711858292,0.04458652826184403,0.21976356471657965,-0.007578053955736852,0.4720508797581257,0.06820248560170938,-0.02268634651004339,0.09088883211175278,0.21976356471657965,-0.007578053955736852,0.5022653803421562,0.15156107911489247,-0.16635749130188165,0.3179185704167741,0.23491967262807556,-0.0985147014246679,0.5252869026087046,0.12124886329192286,-0.10698785554332248,0.22823671883524532,0.295544104274037,-0.0985147014246679,0.6071590974648052,0.4546832373446552,0.550780864627082,-0.09609762728242677,1.993028190360735,-0.3561685359199651,1.4529044276933725,-0.3864807517429458,0.7683148088121208,-1.1547955605550666,1.993028190360735,-0.47741739921187687,2.141729030034464,-3.652622006668671,-2.0522885850379855,-1.6003334216306855,1.993028190360735,-5.289481661109418,2.8169257098064184
NARC1HR,FEDERALBNK,2026-07-17 09:15:00,2026-07-17 10:15:00,Bank,Largecap,333.75,1.5363553392151008,-0.1498127340823996,0.06150622711858292,-0.2113189612009825,0.2546816479400915,-0.4344569288389444,0.4720508797581257,0.10486891385768082,-0.02268634651004339,0.12755526036772422,0.5543071161048685,-0.4344569288389444,0.5022653803421562,0.059925093632950954,-0.16635749130188165,0.2262825849348326,0.5543071161048685,-0.4344569288389444,0.5252869026087046,0.1348314606741452,-0.10698785554332248,0.24181931621746766,0.5543071161048685,-0.4344569288389444,0.6071590974648052,3.670411985018718,0.550780864627082,3.119631120391636,5.1685393258426915,-3.101123595505628,1.4529044276933725,5.977528089887629,0.7683148088121208,5.209213281075509,6.606741573033714,-3.101123595505628,2.141729030034464,5.273408239700372,-2.0522885850379855,7.325696824738358,7.041198501872659,-3.101123595505628,2.8169257098064184
NARC1HR,HCLTECH,2026-07-17 09:15:00,2026-07-17 10:15:00,I.T,Largecap,1209.4,0.968442143930548,-0.3886224574169095,0.06150622711858292,-0.4501286845354924,0.04134281461882772,-0.628410782206068,0.4720508797581257,-0.5705308417397137,-0.02268634651004339,-0.5478444952296703,0.04134281461882772,-0.6614850339011102,0.5022653803421562,-0.5291880271208971,-0.16635749130188165,-0.3628305358190154,0.04134281461882772,-0.6614850339011102,0.5252869026087046,-0.15710269555152534,-0.10698785554332248,-0.05011484000820286,0.04134281461882772,-0.6614850339011102,0.6071590974648052,-0.008268562923774425,0.550780864627082,-0.5590494275508564,0.5457251529684015,-0.7689763519100556,1.4529044276933725,1.2568215644120917,0.7683148088121208,0.4885067555999709,1.8604266578468698,-0.7689763519100556,2.141729030034464,2.6624772614519454,-2.0522885850379855,4.7147658464899305,5.506862907226706,-0.7689763519100556,2.8169257098064184
NARC1HR,TECHM,2026-07-17 09:15:00,2026-07-17 10:15:00,I.T,Largecap,1552.4,0.8051948051948088,-1.1208451430043898,0.06150622711858292,-1.1823513701229726,0.09662458129349183,-1.3591857768616378,0.4720508797581257,-1.1594949755217687,-0.02268634651004339,-1.1368086290117254,0.09662458129349183,-1.3591857768616378,0.5022653803421562,-1.4171605256377173,-0.16635749130188165,-1.2508030343358356,0.09662458129349183,-1.6168513269775864,0.5252869026087046,0.0,-0.10698785554332248,0.10698785554332248,0.09662458129349183,-1.6168513269775864,0.6071590974648052,2.1321824272094725,0.550780864627082,1.5814015625823905,3.5815511466116945,-1.6168513269775864,1.4529044276933725,2.4027312548312363,0.7683148088121208,1.6344164460191155,4.006699304302996,-1.6168513269775864,2.141729030034464,-0.8309713991239476,-2.0522885850379855,1.221317185914038,4.006699304302996,-1.6168513269775864,2.8169257098064184
NARC1HR,KALYANKJIL,2026-07-17 09:15:00,2026-07-17 10:15:00,Consumer Discretionary,Largecap,556.6,2.6937269372693695,-0.1616960114983801,0.06150622711858292,-0.223202238616963,0.33237513474668745,-0.2605102407474025,0.4720508797581257,0.6467840459935426,-0.02268634651004339,0.669470392503586,1.0061085159899452,-0.5120373697448888,0.5022653803421562,0.7006827164929952,-0.16635749130188165,0.8670402077948769,1.0061085159899452,-0.5120373697448888,0.5252869026087046,0.7006827164929952,-0.10698785554332248,0.8076705720363176,1.0061085159899452,-0.5120373697448888,0.6071590974648052,2.6410348544735784,0.550780864627082,2.0902539898464965,3.754940711462451,-0.5120373697448888,1.4529044276933725,0.9072942867409228,0.7683148088121208,0.13897947792880205,3.754940711462451,-0.5120373697448888,2.141729030034464,3.602227811713976,-2.0522885850379855,5.654516396751962,8.156665468918423,-0.5120373697448888,2.8169257098064184
NARC1HR,SONACOMS,2026-07-17 09:15:00,2026-07-17 10:15:00,Auto,Largecap,698.05,1.9646508910312388,-0.10027934961678309,0.06150622711858292,-0.161785576735366,0.5658620442661855,-0.29367523816344887,0.4720508797581257,0.07162810686913712,-0.02268634651004339,0.09431445337918051,0.5658620442661855,-0.29367523816344887,0.5022653803421562,0.1862330778597654,-0.16635749130188165,0.35259056916164705,0.5658620442661855,-0.29367523816344887,0.5252869026087046,0.31516367022419445,-0.10698785554332248,0.4221515257675169,1.1890265740276629,-0.29367523816344887,0.6071590974648052,1.5328414869995033,0.550780864627082,0.9820606223724213,2.5356349831674008,-0.29367523816344887,1.4529044276933725,3.130148270181232,0.7683148088121208,2.3618334613691117,3.8822433923071387,-0.29367523816344887,2.141729030034464,2.7863333572093696,-2.0522885850379855,4.8386219422473555,6.245970918988619,-0.29367523816344887,2.8169257098064184
NARC1HR,JIOFIN,2026-07-17 09:15:00,2026-07-17 10:15:00,Financials,Largecap,246.98,-0.2101010101010159,-0.34820633249654787,0.06150622711858292,-0.40971255961513076,0.1862498987772243,-0.9798364240019342,0.4720508797581257,-0.7652441493238293,-0.02268634651004339,-0.7425578028137859,0.1862498987772243,-0.9798364240019342,0.5022653803421562,-1.2065754312090005,-0.16635749130188165,-1.0402179399071187,0.1862498987772243,-1.6033686938213498,0.5252869026087046,-1.2511134504818222,-0.10698785554332248,-1.1441255949384996,0.1862498987772243,-1.6033686938213498,0.6071590974648052,-2.77755283828649,0.550780864627082,-3.328333702913572,0.1862498987772243,-3.12980808162604,1.4529044276933725,-3.846465300834079,0.7683148088121208,-4.614780109646199,0.1862498987772243,-4.040813021297263,2.141729030034464,-6.065268442788884,-2.0522885850379855,-4.012979857750899,0.1862498987772243,-6.385132399384563,2.8169257098064184
NARC1HR,FEDERALBNK,2026-07-17 10:15:00,2026-07-17 11:15:00,Bank,Largecap,334.35,0.17977528089887507,-0.1345895020188559,-0.0008388074495959143,-0.13375069456925998,0.07477194556602118,-0.3140421713773045,0.2032105457228706,-0.46358606250934686,0.0074046922290536025,-0.47099075473840046,0.07477194556602118,-0.538358008075368,0.2855814234040544,-0.04486316733962603,-0.01925659995100611,-0.02560656738861992,0.11963511290562501,-0.538358008075368,0.36171126032263995,-0.1345895020188559,0.04312048390651568,-0.17770998592537157,0.11963511290562501,-0.538358008075368,0.5101177589641878,4.0975026170180895,0.5491125536403669,3.5483900633777226,4.979811574697157,-3.2750112157918454,1.547398171678861,5.7574398085838085,0.7205050936563553,5.036934714927453,6.415432929564813,-3.2750112157918454,2.185186777570043,5.099446687602804,-1.562641088935041,6.662087776537845,6.849110213847753,-3.2750112157918454,2.8703463328844627
NARC1HR,BHARATFORG,2026-07-17 10:15:00,2026-07-17 11:15:00,Industrials,Largecap,2143.1,0.24791842080642557,0.09798889459193827,-0.0008388074495959143,0.09882770204153418,0.14931641080679903,-0.4992767486351468,0.2032105457228706,0.0,0.0074046922290536025,-0.0074046922290536025,0.4666137837711748,-0.4992767486351468,0.2855814234040544,0.3219635108021146,-0.01925659995100611,0.3412201107531207,0.4666137837711748,-0.4992767486351468,0.36171126032263995,1.2458588026690531,0.04312048390651568,1.2027383187625373,1.9737763053520707,-0.4992767486351468,0.5101177589641878,1.7358032756287667,0.5491125536403669,1.1866907219883998,2.6550324296579664,-0.4992767486351468,1.547398171678861,2.76235359992536,0.7205050936563553,2.041848506269005,3.737576408007093,-0.4992767486351468,2.185186777570043,-0.13998413513135466,-1.562641088935041,1.4226569538036864,3.737576408007093,-0.6999206756567622,2.8703463328844627
NARC1HR,GODREJPROP,2026-07-17 10:15:00,2026-07-17 11:15:00,Realty,Largecap,2129.8,1.2936364501094033,0.2394591041412264,-0.0008388074495959143,0.2402979115908223,0.6197765048361337,-0.03286693586252998,0.2032105457228706,0.27232604000373417,0.0074046922290536025,0.26492134777468057,0.6197765048361337,-0.03286693586252998,0.2855814234040544,-0.19250633862336608,-0.01925659995100611,-0.17324973867235996,0.6197765048361337,-0.5493473565593154,0.36171126032263995,-0.7418536951826593,0.04312048390651568,-0.784974179089175,0.6197765048361337,-0.7418536951826593,0.5101177589641878,-1.8968917269227226,0.5491125536403669,-2.4460042805630895,0.6197765048361337,-3.019062822800267,1.547398171678861,-0.12677246689831723,0.7205050936563553,-0.8472775605546725,0.6197765048361337,-3.019062822800267,2.185186777570043,-5.108460888346333,-1.562641088935041,-3.5458197994112925,1.8358531317494542,-7.728425204244537,2.8703463328844627
NARC1HR,SONACOMS,2026-07-17 10:15:00,2026-07-17 11:15:00,Auto,Largecap,698.75,0.10027934961680529,0.014311270125233477,-0.0008388074495959143,0.015150077574829392,0.3220035778175312,-0.21466905187835783,0.2032105457228706,0.8443649373881978,0.0074046922290536025,0.8369602451591442,1.0876565295169893,-0.21466905187835783,0.2855814234040544,0.21466905187834673,-0.01925659995100611,0.23392565182935285,1.0876565295169893,-0.21466905187835783,0.36171126032263995,0.4579606440071604,0.04312048390651568,0.41484016010064473,1.0876565295169893,-0.21466905187835783,0.5101177589641878,1.1735241502683458,0.5491125536403669,0.6244115966279788,2.4329159212880036,-0.21466905187835783,1.547398171678861,3.0411449016100267,0.7205050936563553,2.3206398079536714,3.77817531305904,-0.21466905187835783,2.185186777570043,4.128801431127016,-1.562641088935041,5.691442520062057,6.139534883720921,-0.21466905187835783,2.8703463328844627
NARC1HR,JIOFIN,2026-07-17 10:15:00,2026-07-17 11:15:00,Financials,Largecap,244.48,-1.0122277107458055,-0.23314790575915678,-0.0008388074495959143,-0.23230909830956087,0.08180628272251855,-0.5971858638743388,0.2032105457228706,-0.14316099476439081,0.0074046922290536025,-0.15056568699344441,0.08180628272251855,-0.5971858638743388,0.2855814234040544,-0.2413285340314153,-0.01925659995100611,-0.22207193408040918,0.08180628272251855,-0.5971858638743388,0.36171126032263995,-0.23723821989528604,0.04312048390651568,-0.2803587038018017,0.20860602094241454,-0.5971858638743388,0.5101177589641878,-2.167866492146586,0.5491125536403669,-2.716979045786953,0.20860602094241454,-2.3192081151832356,1.547398171678861,-2.818226439790572,0.7205050936563553,-3.5387315334469274,0.20860602094241454,-3.16181282722513,2.185186777570043,-4.736583769633507,-1.562641088935041,-3.173942680698466,0.20860602094241454,-5.427846858638741,2.8703463328844627
NARC1HR,BHARATFORG,2026-07-17 11:15:00,2026-07-17 12:15:00,Industrials,Largecap,2150.6,0.34996033782837,0.8090765367804398,0.032329354365692536,0.7767471824147473,1.0834185808611618,-0.0743978424625591,0.24062279804680892,0.8276759973960823,0.07915953419093506,0.7485164632051473,1.0834185808611618,-0.0743978424625591,0.31358503348553973,0.8927741095508424,0.032020496864637656,0.8607536126862046,1.6181530735608796,-0.0743978424625591,0.3850474313526217,1.4600576583279068,0.08174505599866054,1.3783126023292462,1.6181530735608796,-0.0743978424625591,0.6185872884100758,2.417929880033487,0.4344993776707558,1.9834305023627312,2.483027992188225,-0.0743978424625591,1.555032407491634,2.5806751604203537,0.7543307037160356,1.826344456704318,3.375802101739045,-0.0743978424625591,2.1888829242540435,-0.30224123500418587,-0.9828285965043846,0.6805873615001987,3.375802101739045,-1.0462196596298656,2.8447068846348014
NARC1HR,GODREJPROP,2026-07-17 11:15:00,2026-07-17 12:15:00,Realty,Largecap,2137.0,0.3380599117287941,-0.706598034627981,0.032329354365692536,-0.7389273889936735,0.13570425830604638,-0.8844174075807287,0.24062279804680892,-0.5147402901263476,0.07915953419093506,-0.5938998243172826,0.13570425830604638,-0.8844174075807287,0.31358503348553973,-1.0762751520823621,0.032020496864637656,-1.1082956489469997,0.13570425830604638,-1.0762751520823621,0.3850474313526217,-1.343004211511456,0.08174505599866054,-1.4247492675101165,0.13570425830604638,-1.5816565278427785,0.6185872884100758,-2.2087037903603113,0.4344993776707558,-2.643203168031067,0.13570425830604638,-3.345811885821248,1.555032407491634,-0.14974262985493203,0.7543307037160356,-0.9040733335709676,0.23397285914834587,-3.345811885821248,2.1888829242540435,-5.007019185774453,-0.9828285965043846,-4.024190589270068,1.4927468413663991,-8.039307440336918,2.8447068846348014
NARC1HR,SONACOMS,2026-07-17 11:15:00,2026-07-17 12:15:00,Auto,Largecap,700.0,0.17889087656528524,0.12857142857143344,0.032329354365692536,0.09624207420574091,0.20000000000000018,-0.10000000000001119,0.24062279804680892,0.49999999999998934,0.07915953419093506,0.42084046580905426,0.5714285714285783,-0.10000000000001119,0.31358503348553973,0.27857142857143913,0.032020496864637656,0.24655093170680148,0.5714285714285783,-0.10000000000001119,0.3850474313526217,0.2142857142857224,0.08174505599866054,0.13254065828706185,0.5928571428571505,-0.10000000000001119,0.6185872884100758,0.9071428571428619,0.4344993776707558,0.4726434794721061,2.2499999999999964,-0.10000000000001119,1.555032407491634,3.857142857142848,0.7543307037160356,3.1028121534268123,4.671428571428571,-0.10000000000001119,2.1888829242540435,4.76428571428571,-0.9828285965043846,5.747114310790094,5.949999999999989,-0.10000000000001119,2.8447068846348014
NARC1HR,BHARATFORG,2026-07-17 12:15:00,2026-07-17 13:15:00,Industrials,Largecap,2181.5,1.4368083325583703,-0.2704561081824486,-0.08504200634554396,-0.18541410183690463,0.06876002750400012,-0.6417602567041047,0.14556973955293778,-0.3896401558560636,-0.02102352260313737,-0.3686166332529262,0.06876002750400012,-0.6417602567041047,0.19313466829969322,0.02292000916799264,-0.04159586012895826,0.0645158692969509,0.16044006417601508,-0.6417602567041047,0.41936091908942125,0.6188402475360899,0.0024993867596696993,0.6163408607764203,0.6967682787073048,-0.6417602567041047,0.5945740665592365,0.8297043318817199,0.6049305349030392,0.22477379697868072,1.237680495072202,-0.6417602567041047,1.473633732200769,1.4531285812514172,0.6138842966106671,0.8392442846407501,1.911528764611492,-0.6417602567041047,2.0789051420353224,-1.4027045610818245,-1.002791284509739,-0.3999132765720854,1.911528764611492,-2.447856979142793,2.7109673011391524
NARC1HR,FEDERALBNK,2026-07-17 13:15:00,2026-07-17 14:15:00,Bank,Largecap,343.5,2.7981445458626464,1.1644832605531397,0.10313574568370912,1.0613475148694305,2.183406113537112,-0.13100436681222627,0.43786011059731256,1.4410480349345,0.22766958864987388,1.2133784462846262,2.183406113537112,-0.13100436681222627,0.5209740434939927,1.2227074235807933,0.0476182792367332,1.17508914434406,2.183406113537112,-0.13100436681222627,0.6050368474314152,0.8005822416302655,0.3720258060975151,0.42855643553275036,2.183406113537112,-0.5822416302765698,1.224140063223437,2.387190684133911,0.7843957959292919,1.602794888204619,2.532751091703056,-0.5822416302765698,1.60766303698314,3.100436681222707,0.8252510930067625,2.2751855882159444,3.580786026200866,-0.5822416302765698,2.1802464532305725,2.6346433770014555,-1.110248991078787,3.7448923680802424,4.002911208151372,-0.5822416302765698,2.7555065387940263
NARC1HR,COLPAL,2026-07-17 13:15:00,2026-07-17 14:15:00,FMCG,Largecap,2036.3,0.34494653328733804,0.25045425526690757,0.10313574568370912,0.14731850958319845,0.27991946176890714,-0.2946520650198847,0.43786011059731256,0.2062564455139304,0.22766958864987388,-0.021413143135943474,0.525462849285474,-0.2946520650198847,0.5209740434939927,0.1817021067622715,0.0476182792367332,0.1340838275255383,0.525462849285474,-0.2946520650198847,0.6050368474314152,1.0705691695722663,0.3720258060975151,0.6985433634747512,1.1589647890782429,-0.5794823945391103,1.224140063223437,3.7322594902519324,0.7843957959292919,2.9478636943226406,4.306831017040724,-0.5794823945391103,1.60766303698314,2.8532141629425967,0.8252510930067625,2.027963069935834,4.424691843048678,-0.5794823945391103,2.1802464532305725,2.9366989146982325,-1.110248991078787,4.046947905777019,4.424691843048678,-0.5794823945391103,2.7555065387940263
NARC1HR,TECHM,2026-07-17 13:15:00,2026-07-17 14:15:00,I.T,Largecap,1576.6,1.0252466999871812,0.2219967017632829,0.10313574568370912,0.11886095607957378,0.3425091970062244,-0.27908156793098327,0.43786011059731256,0.4059368260814544,0.22766958864987388,0.17826723743158054,0.5327920842318923,-0.27908156793098327,0.5209740434939927,-0.4122795889889619,0.0476182792367332,-0.4598978682256951,0.5327920842318923,-0.8055308892553459,0.6050368474314152,0.1522263097805565,0.3720258060975151,-0.2197994963169586,1.991627552962072,-0.8055308892553459,1.224140063223437,0.031713814537615015,0.7843957959292919,-0.7526819813916769,1.991627552962072,-0.8055308892553459,1.60766303698314,-0.0507421032601818,0.8252510930067625,-0.8759931962669443,2.4102499048585635,-0.8055308892553459,2.1802464532305725,-1.2241532411518374,-1.110248991078787,-0.1139042500730505,2.4102499048585635,-2.8859571229227443,2.7555065387940263
NARC1HR,FEDERALBNK,2026-07-17 14:15:00,2026-07-17 15:15:00,Bank,Largecap,348.7,1.5138282387190616,-1.0467450530541988,-0.23924074762751257,-0.8075043054266863,0.5735589331803848,-2.0648121594493807,0.7135132861697299,-0.1720676799541021,-0.0248418485287011,-0.147225831425401,0.5735589331803848,-2.0648121594493807,0.8091634970076942,-0.7026096931459724,0.18618491835303885,-0.8887946114990113,0.5735589331803848,-2.0648121594493807,0.9298143057795308,-0.6309148264984188,0.22881360235866244,-0.8597284288570812,0.5735589331803848,-2.0648121594493807,1.09043802812064,0.8029825064525431,0.5279081479174687,0.27507435853507445,1.0037281330656622,-2.0648121594493807,1.4358667037579154,2.2798967593920194,0.6733162568446339,1.6065805025473856,2.3085747060510586,-2.0648121594493807,2.021042947831026,1.6919988528821372,-1.1301810783834298,2.822179931265567,2.4519644393461437,-2.0648121594493807,2.5608981143452554
NARC1HR,HAVELLS,2026-07-17 14:15:00,2026-07-17 15:15:00,Consumer Discretionary,Largecap,1193.4,1.7911975435005223,-0.8379420144126071,-0.23924074762751257,-0.5987012667850945,0.058655941008867174,-2.329478800067053,0.7135132861697299,0.9468744762862302,-0.0248418485287011,0.9717163248149313,1.3658454834925449,-2.329478800067053,0.8091634970076942,-0.20948550360314622,0.18618491835303885,-0.39567042195618507,1.3658454834925449,-2.329478800067053,0.9298143057795308,0.5446623093681824,0.22881360235866244,0.31584870700951995,1.3658454834925449,-2.329478800067053,1.09043802812064,0.7792860734037177,0.5279081479174687,0.25137792548624904,1.3658454834925449,-2.329478800067053,1.4358667037579154,2.312719959778775,0.6733162568446339,1.6394037029341413,2.5473437238143104,-2.329478800067053,2.021042947831026,3.066867772750115,-1.1301810783834298,4.197048851133545,3.8629126864420993,-2.329478800067053,2.5608981143452554
NARC1HR,MPHASIS,2026-07-17 14:15:00,2026-07-17 15:15:00,I.T,Largecap,2395.0,0.20920502092049986,1.048016701461374,-0.23924074762751257,1.2872574490888864,2.0167014613778678,-0.20459290187891943,0.7135132861697299,1.7369519832985292,-0.0248418485287011,1.7617938318272304,2.0167014613778678,-0.20459290187891943,0.8091634970076942,1.8789144050104456,0.18618491835303885,1.6927294866574067,2.242171189979114,-0.20459290187891943,0.9298143057795308,1.8538622129436355,0.22881360235866244,1.625048610584973,2.655532359081425,-0.20459290187891943,1.09043802812064,0.4467640918580207,0.5279081479174687,-0.08114405605944797,2.655532359081425,-0.20459290187891943,1.4358667037579154,-0.5010438413361129,0.6733162568446339,-1.1743600981807467,2.655532359081425,-0.8267223382045996,2.021042947831026,-4.71816283924843,-1.1301810783834298,-3.5879817608650004,2.655532359081425,-8.471816283924849,2.5608981143452554
NARC1HR,IDFCFIRSTB,2026-07-17 14:15:00,2026-07-17 15:15:00,Bank,Largecap,80.34,1.4265875520767635,-0.3236245954692629,-0.23924074762751257,-0.08438384784175035,0.2613890963405474,-1.0082150858849892,0.7135132861697299,0.049788399302963526,-0.0248418485287011,0.07463024783166462,0.37341299477220424,-1.0082150858849892,0.8091634970076942,-0.23649489668906565,0.18618491835303885,-0.4226798150421045,0.37341299477220424,-1.0082150858849892,0.9298143057795308,-0.29873039581778116,0.22881360235866244,-0.5275439981764436,0.37341299477220424,-1.0082150858849892,1.09043802812064,1.755041075429431,0.5279081479174687,1.2271329275119625,2.290266367936278,-1.0082150858849892,1.4358667037579154,1.5185461787403431,0.6733162568446339,0.8452299218957092,2.9375155588747814,-1.0082150858849892,2.021042947831026,0.6970375902414672,-1.1301810783834298,1.827218668624897,2.9375155588747814,-1.8172765745581354,2.5608981143452554
NARC1HR,JSWSTEEL,2026-07-20 09:15:00,2026-07-20 10:15:00,Metals & Mining,Largecap,1264.6,0.9499481120778919,-0.5851652696504672,0.09804824496680234,-0.6832135146172695,0.031630555116257675,-0.8065791554641599,0.43917880712666096,-0.09489166534871751,0.07860881717643252,-0.17350048252515005,0.15815277558122176,-0.8065791554641599,0.48914349999583134,-0.28467499604617474,0.08301249544981743,-0.36768749149599217,0.15815277558122176,-0.8065791554641599,0.5782745434870437,-0.3479361062786568,-0.0213921312404879,-0.3265439750381689,0.15815277558122176,-0.8065791554641599,0.6689995238550128,0.23722916337181044,0.3872628739830722,-0.15003371061126175,0.5060888818598785,-0.9963624861616283,1.4497849495507862,0.6642416574411003,-0.4475092543132199,1.1117509117543203,0.7433180452317112,-0.9963624861616283,1.8859217969825652,-1.613158310928342,-0.3712961310294861,-1.241862179898856,1.1624229005219089,-2.8862881543571084,2.4919144481845996
NARC1HR,ONGC,2026-07-20 09:15:00,2026-07-20 10:15:00,Energy,Largecap,250.98,1.0264460813911302,-0.45421945971789723,0.09804824496680234,-0.5522677046846995,0.007968762451193712,-0.5737508964857696,0.43917880712666096,-0.46218822216909095,0.07860881717643252,-0.5407970393455235,0.007968762451193712,-0.5737508964857696,0.48914349999583134,-0.42632879113873035,0.08301249544981743,-0.5093412865885478,0.007968762451193712,-0.5737508964857696,0.5782745434870437,0.023906287353581135,-0.0213921312404879,0.04529841859406904,0.40640688501076827,-0.5737508964857696,0.6689995238550128,-0.4502350784923115,0.3872628739830722,-0.8374979524753836,0.40640688501076827,-0.7889074826679332,1.4497849495507862,0.2151565861821636,-0.4475092543132199,0.6626658404953836,0.7171886206072342,-1.0040640688500968,1.8859217969825652,-3.546099290780136,-0.3712961310294861,-3.17480315975065,1.28297075464181,-3.5620368156825233,2.4919144481845996
NARC1HR,PIIND,2026-07-20 09:15:00,2026-07-20 10:15:00,Chemicals,Largecap,2672.6,1.5425531914893487,-0.07109182069894304,0.09804824496680234,-0.16914006566574538,0.16463369003967276,-0.16837536481328907,0.43917880712666096,-0.06360847115167712,0.07860881717643252,-0.14221728832810965,0.16463369003967276,-0.28436728279577217,0.48914349999583134,-0.08980019456709121,0.08301249544981743,-0.17281269001690863,0.16463369003967276,-0.28436728279577217,0.5782745434870437,-0.2581755593803803,-0.0213921312404879,-0.2367834281398924,0.16463369003967276,-0.6136346628751066,0.6689995238550128,0.6098929881014792,0.3872628739830722,0.222630114118407,0.9503853925016958,-0.8718102222554758,1.4497849495507862,0.3442340791738552,-0.4475092543132199,0.7917433334870752,0.98780214023797,-0.8718102222554758,1.8859217969825652,3.120556761206328,-0.3712961310294861,3.491852892235814,3.767866497044081,-0.8718102222554758,2.4919144481845996
NARC1HR,MPHASIS,2026-07-20 09:15:00,2026-07-20 10:15:00,I.T,Largecap,2440.0,1.5777861038258179,-0.11885245901639419,0.09804824496680234,-0.21690070398319652,0.7622950819672125,-0.2418032786885238,0.43917880712666096,-0.22131147540983553,0.07860881717643252,-0.29992029258626807,0.7622950819672125,-0.5286885245901707,0.48914349999583134,-0.45081967213115304,0.08301249544981743,-0.5338321675809705,0.7622950819672125,-0.5286885245901707,0.5782745434870437,-0.7500000000000062,-0.0213921312404879,-0.7286078687595183,0.7622950819672125,-1.0081967213114718,0.6689995238550128,-1.3155737704917958,0.3872628739830722,-1.702836644474868,0.7622950819672125,-1.5573770491803307,1.4497849495507862,-3.942622950819663,-0.4475092543132199,-3.495113696506443,0.7622950819672125,-4.38114754098361,1.8859217969825652,-3.553278688524586,-0.3712961310294861,-3.1819825574951,0.7622950819672125,-10.15983606557378,2.4919144481845996
NARC1HR,ICICIBANK,2026-07-20 09:15:00,2026-07-20 10:15:00,Bank,Largecap,1455.6,0.7684319833852538,0.2748007694421517,0.09804824496680234,0.17675252447534937,0.3228909040945416,-0.06183017312447747,0.43917880712666096,0.10305028854080689,0.07860881717643252,0.02444147136437437,0.43968123110744717,-0.06183017312447747,0.48914349999583134,-0.05496015388842812,0.08301249544981743,-0.13797264933824555,0.43968123110744717,-0.158010442429235,0.5782745434870437,-0.26793075020609125,-0.0213921312404879,-0.24653861896560336,0.43968123110744717,-0.3366309425666292,0.6689995238550128,0.5083814234679851,0.3872628739830722,0.12111854948491291,1.2572135201978751,-0.5358615004121936,1.4497849495507862,-0.5496015388843034,-0.4475092543132199,-0.10209228457108349,1.2572135201978751,-0.7831821929101257,1.8859217969825652,-1.4220939818631373,-0.3712961310294861,-1.0507978508336513,1.2572135201978751,-2.761747732893638,2.4919144481845996
NARC1HR,PNB,2026-07-20 09:15:00,2026-07-20 10:15:00,Bank,Largecap,110.51,2.0783299464252725,-0.2986155099086063,0.09804824496680234,-0.3966637548754086,0.950140258800114,-0.8234548909601069,0.43917880712666096,-0.2805176002171783,0.07860881717643252,-0.35912641739361084,0.950140258800114,-0.8234548909601069,0.48914349999583134,-0.5881820649714986,0.08301249544981743,-0.6711945604213161,0.950140258800114,-0.8234548909601069,0.5782745434870437,-0.8867975748801049,-0.0213921312404879,-0.865405443639617,0.950140258800114,-1.2125599493258532,0.6689995238550128,2.072210659668805,0.3872628739830722,1.684947785685733,2.5970500407202834,-1.2125599493258532,1.4497849495507862,0.3800561035200545,-0.4475092543132199,0.8275653578332745,2.5970500407202834,-1.2125599493258532,1.8859217969825652,0.40720296805718537,-0.3712961310294861,0.7784990990866715,2.5970500407202834,-1.6288118722287637,2.4919144481845996
NARC1HR,CANBK,2026-07-20 09:15:00,2026-07-20 10:15:00,Bank,Largecap,128.35,2.5569316819816112,-0.5765485001947734,0.09804824496680234,-0.6745967451615758,0.6155044799376563,-0.8180755746006962,0.43917880712666096,-0.5765485001947734,0.07860881717643252,-0.655157317371206,0.6155044799376563,-0.8180755746006962,0.48914349999583134,-0.41293338527463863,0.08301249544981743,-0.49594588072445606,0.6155044799376563,-0.8180755746006962,0.5782745434870437,-0.6700428515777124,-0.0213921312404879,-0.6486507203372245,0.6155044799376563,-0.8180755746006962,0.6689995238550128,-0.062329567588614854,0.3872628739830722,-0.44959244157168704,2.220490845344747,-0.8180755746006962,1.4497849495507862,-1.6361511492014036,-0.4475092543132199,-1.1886418948881836,2.220490845344747,-2.415270744059206,1.8859217969825652,-1.4024152707440618,-0.3712961310294861,-1.0311191397145758,2.220490845344747,-4.168289832489281,2.4919144481845996
NARC1HR,SOLARINDS,2026-07-20 09:15:00,2026-07-20 10:15:00,Aerospace & Defence,Largecap,18810.0,1.6756756756756808,0.25518341307815273,0.09804824496680234,0.1571351681113504,0.6964380648591284,-0.17543859649122862,0.43917880712666096,0.07442849548113806,0.07860881717643252,-0.004180321695294462,0.6964380648591284,-0.17543859649122862,0.48914349999583134,0.3402445507708629,0.08301249544981743,0.2572320553210455,0.6964380648591284,-0.37745879851143194,0.5782745434870437,0.3402445507708629,-0.0213921312404879,0.3616366820113508,1.0047846889952083,-0.37745879851143194,0.6689995238550128,0.6379585326953707,0.3872628739830722,0.25069565871229854,1.7703349282296665,-0.37745879851143194,1.4497849495507862,0.5156831472620915,-0.4475092543132199,0.9631924015753115,2.0042530568846306,-0.37745879851143194,1.8859217969825652,-2.094630515683149,-0.3712961310294861,-1.723334384653663,2.0042530568846306,-2.5358851674641136,2.4919144481845996
NARC1HR,OIL,2026-07-20 09:15:00,2026-07-20 10:15:00,Energy,Largecap,445.8,1.7227609811751199,0.03364737550470842,0.09804824496680234,-0.06440086946209392,0.1682368775235421,-0.17945266935845972,0.43917880712666096,-0.04486316733961493,0.07860881717643252,-0.12347198451604745,0.1682368775235421,-0.17945266935845972,0.48914349999583134,0.4486316733961493,0.08301249544981743,0.36561917794633186,0.9421265141319024,-0.17945266935845972,0.5782745434870437,2.0861372812920553,-0.0213921312404879,2.1075294125325432,2.288021534320328,-0.17945266935845972,0.6689995238550128,0.628084342754609,0.3872628739830722,0.24082146877153682,2.4450426200089748,-0.17945266935845972,1.4497849495507862,1.188873934499779,-0.4475092543132199,1.636383188812999,2.4450426200089748,-0.4262000897263474,1.8859217969825652,-1.4131897711978536,-0.3712961310294861,-1.0418936401683676,4.306864064602967,-1.6935845670704386,2.4919144481845996
NARC1HR,CROMPTON,2026-07-20 09:15:00,2026-07-20 10:15:00,Consumer Discretionary,Midcap,263.5,2.64900662251657,-0.4743833017077814,0.09804824496680234,-0.5724315466745837,0.8728652751423205,-0.4743833017077814,0.43917880712666096,-0.26565464895634827,0.07860881717643252,-0.3442634661327808,0.8728652751423205,-0.5313092979127076,0.48914349999583134,-0.34155597722959063,0.08301249544981743,-0.42456847267940806,0.8728652751423205,-0.6831119544592035,0.5782745434870437,-1.157495256166985,-0.0213921312404879,-1.136103124926497,0.8728652751423205,-1.4041745730550281,0.6689995238550128,-1.5370018975332078,0.3872628739830722,-1.92426477151628,0.8728652751423205,-1.745730550284641,1.4497849495507862,-3.4535104364326386,-0.4475092543132199,-3.0060011821194186,0.8728652751423205,-3.984819734345346,1.8859217969825652,-5.180265654648963,-0.3712961310294861,-4.808969523619477,0.8728652751423205,-8.842504743833024,2.4919144481845996
NARC1HR,TRENT,2026-07-20 10:15:00,2026-07-20 11:15:00,Consumer Discretionary,Largecap,2924.0,0.7858817041224375,0.05129958960328196,-0.00228480765599603,0.05358439725927799,0.3727770177838652,-0.2393980848153232,0.2984493600327119,-0.3419972640218871,-0.077622414170653,-0.2643748498512341,0.3727770177838652,-0.3761969904240714,0.3214748386129557,-0.5300957592339284,-0.06509053552626881,-0.46500522370765957,0.3727770177838652,-0.7147742818057523,0.40880132417893594,0.18809849521204125,0.2281899038509807,-0.04009140863893945,0.3727770177838652,-0.7660738714090343,0.5766309537761976,-0.44801641586866836,0.20776016740380845,-0.6557765832724768,0.3727770177838652,-0.7660738714090343,1.3704460995212493,-1.6792065663474687,-0.19799086216240241,-1.4812157041850662,0.3727770177838652,-2.1443228454172347,1.853148654818169,0.8207934336525335,-0.32934418893426914,1.1501376225868027,1.0088919288645748,-3.0095759233926156,2.446057650001619
NARC1HR,COLPAL,2026-07-20 10:15:00,2026-07-20 11:15:00,FMCG,Largecap,2117.0,2.851868046446082,-0.44402456306094074,-0.00228480765599603,-0.4417397554049447,0.32593292394897944,-0.6140765233821455,0.2984493600327119,-0.46291922531885854,-0.077622414170653,-0.3852968111482055,0.32593292394897944,-0.6518658478979811,0.3214748386129557,0.20784128483704034,-0.06509053552626881,0.27293182036330915,0.32593292394897944,-0.6518658478979811,0.40880132417893594,-0.3306565895134672,0.2281899038509807,-0.5588464933644479,0.32593292394897944,-0.6518658478979811,0.5766309537761976,-0.9872461029759139,0.20776016740380845,-1.1950062703797224,0.44402456306094074,-1.0864430798299463,1.3704460995212493,-0.9919697685403905,-0.19799086216240241,-0.7939789063779881,0.44402456306094074,-2.4421350968351407,1.853148654818169,0.8549834671705225,-0.32934418893426914,1.1843276561047917,1.1147850732168063,-2.456306093528582,2.446057650001619
NARC1HR,PNB,2026-07-20 10:15:00,2026-07-20 11:15:00,Bank,Largecap,110.57,0.05429372907428398,-0.7958759157094986,-0.00228480765599603,-0.7935911080535025,0.16279280094058102,-0.8772723161798002,0.2984493600327119,-1.0310210726236613,-0.077622414170653,-0.9533986584530083,0.16279280094058102,-1.0581532061137655,0.3214748386129557,-0.9405806276566842,-0.06509053552626881,-0.8754900921304154,0.16279280094058102,-1.2661662295378462,0.40880132417893594,0.9224925386632998,0.2281899038509807,0.6943026348123191,1.0219770281269858,-1.2661662295378462,0.5766309537761976,1.8540291218232863,0.20776016740380845,1.6462689544194777,2.541376503572401,-1.2661662295378462,1.3704460995212493,0.35271773537126627,-0.19799086216240241,0.5507085975336687,2.541376503572401,-1.2661662295378462,1.853148654818169,0.6692592927557195,-0.32934418893426914,0.9986034816899887,2.541376503572401,-1.6821922763859964,2.446057650001619
NARC1HR,INDIANB,2026-07-20 10:15:00,2026-07-20 11:15:00,Bank,Largecap,851.25,1.7389745428468828,-0.3289280469897182,-0.00228480765599603,-0.3266432393337222,0.0,-0.5697503671072024,0.2984493600327119,-0.1585903083700435,-0.077622414170653,-0.0809678941993905,0.0,-0.5697503671072024,0.3214748386129557,-0.03524229074889362,-0.06509053552626881,0.029848244777375188,0.06461086637297164,-0.5697503671072024,0.40880132417893594,0.287812041116009,0.2281899038509807,0.0596221372650283,0.6754772393538833,-0.5697503671072024,0.5766309537761976,0.17621145374449032,0.20776016740380845,-0.031548713659318134,1.9500734214390691,-0.5697503671072024,1.3704460995212493,-1.9676945668135049,-0.19799086216240241,-1.7697037046511024,1.9500734214390691,-2.2613803230543295,1.853148654818169,-2.6372980910425947,-0.32934418893426914,-2.3079539021083257,1.9500734214390691,-4.311306901615275,2.446057650001619
NARC1HR,COLPAL,2026-07-20 11:15:00,2026-07-20 12:15:00,FMCG,Largecap,2115.6,-0.06613131790269566,-0.07562866326337181,-0.0628179715919662,-0.01281069167140561,0.3828701077708496,-0.13235016071089234,0.2046372777115614,0.0,0.04038475364914493,-0.04038475364914493,0.3828701077708496,-0.1701644923425949,0.24781243810235568,-0.264700321421818,0.2602934069801453,-0.5249937284019632,0.3828701077708496,-0.4348648137644129,0.4756980223813571,-0.1559841179807009,0.3937565703612782,-0.5497406883419791,0.3828701077708496,-0.4348648137644129,0.7156019373037105,-1.0635280771412403,0.2843852482832547,-1.347913325424495,0.5104934770278069,-1.682737757610131,1.4134125131697615,-1.4558517678199934,-0.5357725499215842,-0.9200792178984092,0.5104934770278069,-2.3775761013423935,1.8826261364777903,0.9595386651541027,-0.32030395065296574,1.2798426158070684,1.181697863490272,-2.3917564757042875,2.494875780686165
NARC1HR,SOLARINDS,2026-07-20 11:15:00,2026-07-20 12:15:00,Aerospace & Defence,Largecap,18887.0,0.46276595744680904,-0.19060729602371485,-0.0628179715919662,-0.12778932443174865,0.042357176894158854,-0.19590194313549025,0.2046372777115614,-0.27002700270026825,0.04038475364914493,-0.3104117563494132,0.042357176894158854,-0.3970985333827448,0.24781243810235568,-0.2965002382591231,0.2602934069801453,-0.5567936452392683,0.042357176894158854,-0.3970985333827448,0.4756980223813571,0.7677238312066459,0.3937565703612782,0.3739672608453677,1.2601260126012592,-0.5294647111769968,0.7156019373037105,0.28061629692381906,0.2843852482832547,-0.0037689513594356128,1.3554296606131278,-0.5294647111769968,1.4134125131697615,0.12707153068247656,-0.5357725499215842,0.6628440806040607,1.5883941335310015,-0.5294647111769968,1.8826261364777903,-2.6208503203261513,-0.32030395065296574,-2.3005463696731856,1.5883941335310015,-2.9332344999205784,2.494875780686165
NARC1HR,INDIANB,2026-07-20 11:15:00,2026-07-20 12:15:00,Bank,Largecap,850.45,-0.09397944199706076,0.09994708683636055,-0.0628179715919662,0.16276505842832675,0.1704979716620425,-0.15286025045564422,0.2046372777115614,0.12346404844494341,0.04038475364914493,0.08307929479579848,0.1704979716620425,-0.15286025045564422,0.24781243810235568,0.38215062613911055,0.2602934069801453,0.12185721915896525,0.7701804926803391,-0.15286025045564422,0.4756980223813571,1.1405726380151693,0.3937565703612782,0.7468160676538911,1.2875536480686511,-0.15286025045564422,0.7156019373037105,-0.18225645246634503,0.2843852482832547,-0.4666417007495997,2.045975659944732,-0.27632429890058763,1.4134125131697615,-2.5633488153330664,-0.5357725499215842,-2.027576265411482,2.045975659944732,-2.6809336233758696,1.8826261364777903,-2.216473631606797,-0.32030395065296574,-1.896169680953831,2.045975659944732,-4.221294608736558,2.494875780686165
NARC1HR,OIL,2026-07-20 11:15:00,2026-07-20 12:15:00,Energy,Largecap,454.35,1.3269402319357804,0.41817981732144016,-0.0628179715919662,0.4809977889134064,0.5172224056344099,-0.022009464069550067,0.2046372777115614,0.17607571255637833,0.04038475364914493,0.1356909589072334,0.5172224056344099,-0.022009464069550067,0.24781243810235568,-0.15406624848686157,0.2602934069801453,-0.41435965546700687,0.5172224056344099,-0.330141961043251,0.4756980223813571,-0.41817981732145126,0.3937565703612782,-0.8119363876827295,0.5172224056344099,-0.5282271376692016,0.7156019373037105,-1.837790249807425,0.2843852482832547,-2.1221754980906797,0.5172224056344099,-1.9258281060856142,1.4134125131697615,-1.2875536480686733,-0.5357725499215842,-0.7517810981470892,0.5172224056344099,-2.2999889952679764,1.8826261364777903,-2.333003191372296,-0.32030395065296574,-2.0126992407193303,2.3440079234070543,-3.5435237151975385,2.494875780686165
NARC1HR,AUROPHARMA,2026-07-20 12:15:00,2026-07-20 13:15:00,Healthcare,Largecap,1567.0,0.500256541816313,0.14677728142948876,0.02985034590426918,0.11692693552521957,0.2233567326100916,-0.19144862795149598,0.26422088657986564,0.21059349074665779,0.14471082005640878,0.065882670690249,0.4977664326738962,-0.19144862795149598,0.33694503997441216,0.02552648372686761,0.18450054221408616,-0.15897405848721854,0.4977664326738962,-0.19144862795149598,0.4755970241814506,-0.5424377791959145,0.11508124286503242,-0.6575190220609469,0.4977664326738962,-0.765794511805995,0.6048934869689119,0.7657945118060061,0.05820045402434569,0.7075940577816604,0.7657945118060061,-1.2571793235481854,1.2199085361775086,-2.1250797702616397,-0.8614481454144378,-1.263631624847202,1.1359285258455643,-3.318442884492656,1.6693012754874532,-1.0657306955966894,-0.4726194215662516,-0.5931112740304378,1.1359285258455643,-3.509891512444163,2.3115439969577034
NARC1HR,OIL,2026-07-20 12:15:00,2026-07-20 13:15:00,Energy,Largecap,455.2,0.18708044459117001,-0.5931458699472758,0.02985034590426918,-0.622996215851545,0.06590509666080102,-0.6151142355008798,0.26422088657986564,-0.4173989455184435,0.14471082005640878,-0.5621097655748523,0.06590509666080102,-0.7139718804920925,0.33694503997441216,-0.6041300527240723,0.18450054221408616,-0.7886305949381585,0.06590509666080102,-0.7139718804920925,0.4755970241814506,-1.3181019332161648,0.11508124286503242,-1.4331831760811973,0.2196836555360182,-1.3400702987697688,0.6048934869689119,-2.2517574692442865,0.05820045402434569,-2.309957923268632,0.2196836555360182,-2.3615992970123068,1.2199085361775086,-1.3400702987697688,-0.8614481454144378,-0.478622153355331,0.2196836555360182,-2.4824253075571234,1.6693012754874532,-2.262741652021094,-0.4726194215662516,-1.7901222304548425,2.152899824253085,-3.7236379613356796,2.3115439969577034
NARC1HR,IDFCFIRSTB,2026-07-20 12:15:00,2026-07-20 13:15:00,Bank,Largecap,81.95,1.222826086956541,-0.48810250152532264,0.02985034590426918,-0.5179528474295918,0.036607687614398365,-0.5247101891397321,0.26422088657986564,-0.18303843807200293,0.14471082005640878,-0.3277492581284117,0.036607687614398365,-0.5247101891397321,0.33694503997441216,-0.35387431360586197,0.18450054221408616,-0.5383748558199482,0.06101281269066394,-0.5247101891397321,0.4755970241814506,-0.24405125076266687,0.11508124286503242,-0.3591324936276993,0.06101281269066394,-0.6589383770591928,0.6048934869689119,-0.06101281269066394,0.05820045402434569,-0.11921326671500963,0.9151921903599813,-0.6589383770591928,1.2199085361775086,-2.1842586943258135,-0.8614481454144378,-1.3228105489113757,0.9151921903599813,-2.7211714460036673,1.6693012754874532,3.904820012202559,-0.4726194215662516,4.37743943376881,8.309945088468584,-3.7461866992068438,2.3115439969577034
NARC1HR,SBIN,2026-07-20 13:15:00,2026-07-20 14:15:00,Bank,Largecap,1061.6,1.3460620525059586,0.018839487565935897,-0.08769834307908762,0.10653783064502352,0.08477769404673374,-0.3296910324039226,0.1920291225053237,-0.10361718161264744,-0.028399917555947642,-0.07521726405669979,0.08477769404673374,-0.3296910324039226,0.24842170396297597,-0.09419743782969059,-0.04880399437788918,-0.04539344345180141,0.08477769404673374,-0.3862094951017192,0.3582371434534276,-0.4804069329314209,0.09219347570771365,-0.5726004086391345,0.5086661642803358,-0.6688018085908021,0.9010517414129251,-1.2151469480029986,0.06021082113281026,-1.275357769135809,0.5086661642803358,-1.3281838733986362,1.1157341700979495,-3.8244159758854424,-1.1399981076352312,-2.684417868250211,0.5086661642803358,-3.9939713639788876,1.4861998369104696,-3.7678975131876347,-0.5720087526512209,-3.195888760536414,0.5086661642803358,-5.727204220045213,2.1495115330665904
NARC1HR,BPCL,2026-07-20 13:15:00,2026-07-20 14:15:00,Energy,Largecap,318.25,1.240655320502615,-0.047132757266288294,-0.08769834307908762,0.04056558581279933,0.12568735271012432,-0.17282010997643482,0.1920291225053237,0.23566378633150808,-0.028399917555947642,0.2640637038874557,0.54988216810683,-0.17282010997643482,0.24842170396297597,-0.2827965435977964,-0.04880399437788918,-0.2339925492199072,0.54988216810683,-0.5813040062843777,0.3582371434534276,0.015710919088762765,0.09219347570771365,-0.07648255661895088,0.54988216810683,-0.5813040062843777,0.9010517414129251,0.10997643362138376,0.06021082113281026,0.0497656124885735,1.1468970934799705,-0.5813040062843777,1.1157341700979495,-0.39277297721916904,-1.1399981076352312,0.7472251304160622,1.1468970934799705,-1.6182246661429645,1.4861998369104696,-1.0054988216810612,-0.5720087526512209,-0.43349006902984033,1.1468970934799705,-4.1319717203456285,2.1495115330665904
NARC1HR,CONCOR,2026-07-20 13:15:00,2026-07-20 14:15:00,Transportation,Largecap,498.55,0.7171717171717162,0.01002908434459826,-0.08769834307908762,0.09772742742368588,0.09026175910138434,-0.19055260254738915,0.1920291225053237,0.02005816868919652,-0.028399917555947642,0.048458086245144166,0.22063985558118393,-0.19055260254738915,0.24842170396297597,-0.07020359041219892,-0.04880399437788918,-0.021399596034309742,0.29084344599337175,-0.19055260254738915,0.3582371434534276,-0.5315414702637744,0.09219347570771365,-0.623734945971488,0.29084344599337175,-1.073112024872136,0.9010517414129251,-1.2034901213519245,0.06021082113281026,-1.2637009424847347,0.29084344599337175,-1.4141008925885101,1.1157341700979495,-3.680673954467961,-1.1399981076352312,-2.54067584683273,0.29084344599337175,-4.081837328251936,1.4861998369104696,2.1763113027780445,-0.5720087526512209,2.7483200554292653,3.3597432554407725,-5.736636245110827,2.1495115330665904
NARC1HR,BANKINDIA,2026-07-20 13:15:00,2026-07-20 14:15:00,Bank,Largecap,147.42,1.152737752161359,-0.3188169854836498,-0.08769834307908762,-0.23111864240456215,0.24420024420024333,-0.40700040700040185,0.1920291225053237,-0.366300366300365,-0.028399917555947642,-0.3379004487444174,0.24420024420024333,-0.4341337674670931,0.24842170396297597,-0.5562338895672148,-0.04880399437788918,-0.5074298951893256,0.24420024420024333,-0.691900691900682,0.3582371434534276,-0.1153167819834433,0.09219347570771365,-0.20751025769115694,1.2956179622846564,-0.691900691900682,0.9010517414129251,-0.05426672093337137,0.06021082113281026,-0.11447754206618163,1.2956179622846564,-0.7393840727173862,1.1157341700979495,-2.862569529236192,-1.1399981076352312,-1.7225714216009607,1.2956179622846564,-3.3713200379867025,1.4861998369104696,-6.959706959706957,-0.5720087526512209,-6.387698207055736,1.2956179622846564,-7.203907203907189,2.1495115330665904
NARC1HR,PNB,2026-07-20 13:15:00,2026-07-20 14:15:00,Bank,Largecap,111.9,0.7744956772334222,-0.2949061662198549,-0.08769834307908762,-0.20720782314076724,0.044682752457547714,-0.4647006255585451,0.1920291225053237,-0.34852546916890326,-0.028399917555947642,-0.32012555161295564,0.044682752457547714,-0.5183199285076046,0.24842170396297597,-0.22341376228776078,-0.04880399437788918,-0.1746097679098716,0.044682752457547714,-0.5183199285076046,0.3582371434534276,0.6255585344057124,0.09219347570771365,0.5333650586979988,1.322609472743519,-0.5272564789991052,0.9010517414129251,0.33065236818587973,0.06021082113281026,0.27044154705306944,1.322609472743519,-0.5272564789991052,1.1157341700979495,-1.2689901697944594,-1.1399981076352312,-0.1289920621592282,1.322609472743519,-1.3047363717605065,1.4861998369104696,-0.21447721179626011,-0.5720087526512209,0.35753154085496075,1.322609472743519,-2.850759606791786,2.1495115330665904
NARC1HR,UNIONBANK,2026-07-20 13:15:00,2026-07-20 14:15:00,Bank,Largecap,177.12,1.483985561221579,-0.9089882565492369,-0.08769834307908762,-0.8212899134701492,0.028229448961147874,-0.9146341463414642,0.1920291225053237,-0.7396115627822941,-0.028399917555947642,-0.7112116452263465,0.028229448961147874,-0.9541553748870779,0.24842170396297597,-0.7678410117434531,-0.04880399437788918,-0.7190370173655639,0.028229448961147874,-1.0388437217705548,0.3582371434534276,0.536359530261965,0.09219347570771365,0.4441660545542514,1.287262872628725,-2.10027100271003,0.9010517414129251,-0.5758807588075898,0.06021082113281026,-0.6360915799404001,1.287262872628725,-2.10027100271003,1.1157341700979495,-3.760162601626016,-1.1399981076352312,-2.6201644939907847,1.287262872628725,-3.963414634146345,1.4861998369104696,-3.8392050587172655,-0.5720087526512209,-3.2671963060660447,1.287262872628725,-6.385501355013556,2.1495115330665904
NARC1HR,BPCL,2026-07-20 14:15:00,2026-07-20 15:15:00,Energy,Largecap,317.8,-0.1413982717988982,-0.14159848961611265,0.21447775623510912,-0.3560762458512218,0.6607929515418443,-0.440528634361248,0.771694979308843,0.0,0.17992845616493341,-0.17992845616493341,0.6607929515418443,-0.440528634361248,0.8278901486867668,0.1573316551290116,0.16015591634022178,-0.002824261211210183,0.6607929515418443,-0.440528634361248,0.9211825405751493,0.26746381371931527,-0.06770822576076414,0.3351720394800794,1.2901195720578906,-0.440528634361248,0.9542179865845191,0.2831969792322253,0.16358537900025324,0.11961160023197207,1.2901195720578906,-0.440528634361248,1.2136344871123514,-2.5959723096287024,-0.946245746334212,-1.6497265632944904,1.2901195720578906,-3.052234109502827,1.5364167248954061,-0.25173064820642743,-0.5178644323273894,0.266133784120962,1.2901195720578906,-3.9962240402768967,2.21783604075047
NARC1HR,MANAPPURAM,2026-07-20 14:15:00,2026-07-20 15:15:00,Financials,Largecap,336.35,0.8092312303312088,1.7392596997175547,0.21447775623510912,1.5247819434824454,2.4230712055894,-0.08919280511372474,0.771694979308843,2.809573361082207,0.17992845616493341,2.629644904917274,3.2406719191318434,-0.08919280511372474,0.8278901486867668,3.59744313958672,0.16015591634022178,3.437287223246498,3.70150141221941,-0.08919280511372474,0.9211825405751493,4.028541697636379,-0.06770822576076414,4.096249923397143,4.281254645458588,-0.08919280511372474,0.9542179865845191,4.786680541103006,0.16358537900025324,4.623095162102753,5.098855359001031,-0.08919280511372474,1.2136344871123514,4.6528913334324296,-0.946245746334212,5.599137079766642,5.425895644418022,-0.08919280511372474,1.5364167248954061,7.031366136464978,-0.5178644323273894,7.5492305687923675,7.47733016203358,-0.08919280511372474,2.21783604075047
NARC1HR,CONCOR,2026-07-20 14:15:00,2026-07-20 15:15:00,Transportation,Largecap,499.1,0.11031992779060307,-0.6110999799639361,0.21447775623510912,-0.8255777361990452,0.18032458425165654,-0.6211180124223614,0.771694979308843,-0.8715688238829955,0.17992845616493341,-1.051497280047929,0.18032458425165654,-0.9216589861751223,0.8278901486867668,-0.6411540773392232,0.16015591634022178,-0.801309993679445,0.18032458425165654,-1.1821278300941818,0.9211825405751493,-1.0719294730514917,-0.06770822576076414,-1.0042212472907275,0.18032458425165654,-1.1821278300941818,0.9542179865845191,-1.662993388098577,0.16358537900025324,-1.8265787670988303,0.18032458425165654,-1.8232819074333828,1.2136344871123514,-3.7066720096173067,-0.946245746334212,-2.7604262632830947,0.18032458425165654,-4.187537567621725,1.5364167248954061,2.163895011019834,-0.5178644323273894,2.6817594433472234,3.245842516529729,-5.840512923261876,2.21783604075047
NARC1HR,BANKINDIA,2026-07-20 14:15:00,2026-07-20 15:15:00,Bank,Largecap,147.1,-0.217066883733541,0.7817811012916343,0.21447775623510912,0.5673033450565251,1.5159755268524977,-0.47586675730794115,0.771694979308843,0.26512576478587846,0.17992845616493341,0.08519730862094504,1.5159755268524977,-0.47586675730794115,0.8278901486867668,0.10197144799457547,0.16015591634022178,-0.058184468345646306,1.5159755268524977,-0.47586675730794115,0.9211825405751493,-0.28552005438476913,-0.06770822576076414,-0.217811828624005,1.5159755268524977,-0.47586675730794115,0.9542179865845191,-0.06798096532970588,0.16358537900025324,-0.23156634432995912,1.5159755268524977,-0.5234534330387342,1.2136344871123514,-2.1074099252209377,-0.946245746334212,-1.1611641788867257,1.5159755268524977,-3.1611148878314066,1.5364167248954061,-6.186267845003391,-0.5178644323273894,-5.6684034126760015,1.5159755268524977,-7.171991842284154,2.21783604075047
NARC1HR,UNITDSPR,2026-07-20 14:15:00,2026-07-20 15:15:00,FMCG,Largecap,1395.8,0.8526011560693547,-0.2722453073506159,0.21447775623510912,-0.48672306358572504,0.3223957587046744,-0.3438888092849979,0.771694979308843,0.01432870038686751,0.17992845616493341,-0.1655997557780659,0.3223957587046744,-0.3438888092849979,0.8278901486867668,0.021493050580301265,0.16015591634022178,-0.1386628657599205,0.3223957587046744,-0.3438888092849979,0.9211825405751493,0.03582175096719098,-0.06770822576076414,0.10352997672795512,0.3223957587046744,-0.3438888092849979,0.9542179865845191,-0.408367961025935,0.16358537900025324,-0.5719533400261883,0.3223957587046744,-1.4758561398481085,1.2136344871123514,0.7737498208912452,-0.946245746334212,1.7199955672254572,0.8597220232124947,-1.4758561398481085,1.5364167248954061,6.247313368677454,-0.5178644323273894,6.765177801004843,7.716005158332151,-1.4758561398481085,2.21783604075047
NARC1HR,GODFRYPHLP,2026-07-21 09:15:00,2026-07-21 10:15:00,FMCG,Largecap,2146.2,0.6660412757973688,0.7827788649706457,-0.16271061814796992,0.9454894831186157,0.8247134470226625,-0.27024508433509675,0.17754487931012655,0.6849315068493178,-0.1955018023055974,0.8804333091549152,0.8247134470226625,-0.27024508433509675,0.20363595031992915,0.7781194669648883,-0.22033983276863978,0.9984592997335281,0.8247134470226625,-0.27024508433509675,0.2538960844650046,0.17705712421955955,-0.17667635865430664,0.3537334828738662,0.8247134470226625,-0.27024508433509675,0.37935048953129447,-2.3436771969061465,-0.9126744831545889,-1.4310027137515577,0.8247134470226625,-3.0379274997670236,0.9583762433259765,-3.8673003447954546,-1.0255402648311467,-2.841760079964308,0.8247134470226625,-4.193458205199885,1.1819336859285876,-3.5504612804025615,-0.6158251098882762,-2.934636170514285,4.752585965893208,-5.535364830863843,2.1639086813628357
NARC1HR,ASIANPAINT,2026-07-21 09:15:00,2026-07-21 10:15:00,Building Materials,Largecap,2715.0,0.7421150278293043,0.08839779005525017,-0.16271061814796992,0.2511084082032201,0.14732965009207621,-0.1952117863720182,0.17754487931012655,0.011049723756917373,-0.1955018023055974,0.20655152606251478,0.14732965009207621,-0.1952117863720182,0.20363595031992915,-0.6556169429097647,-0.22033983276863978,-0.4352771101411249,0.14732965009207621,-0.6998158379373898,0.2538960844650046,-0.861878453038678,-0.17667635865430664,-0.6852020943843714,0.14732965009207621,-0.9650092081031292,0.37935048953129447,-0.8729281767955732,-0.9126744831545889,0.03974630635901566,0.14732965009207621,-1.270718232044199,0.9583762433259765,-1.3333333333333308,-1.0255402648311467,-0.30779306850218413,0.14732965009207621,-1.8195211786372067,1.1819336859285876,0.906077348066292,-0.6158251098882762,1.5219024579545684,1.2817679558011053,-3.495395948434621,2.1639086813628357
NARC1HR,SHRIRAMFIN,2026-07-21 09:15:00,2026-07-21 10:15:00,Financials,Largecap,1055.4,1.87258687258689,0.7674815235929389,-0.16271061814796992,0.9301921417409088,0.890657570589326,-0.16107636914913792,0.17754487931012655,0.8717074095129673,-0.1955018023055974,1.0672092118185648,1.0422588592003068,-0.16107636914913792,0.20363595031992915,0.5116543490619518,-0.22033983276863978,0.7319941818305916,1.1370096645821448,-0.16107636914913792,0.2538960844650046,0.9001326511275387,-0.17667635865430664,1.0768090097818455,1.1370096645821448,-0.16107636914913792,0.37935048953129447,-0.11370096645821892,-0.9126744831545889,0.79897351669637,1.1370096645821448,-0.786431684669342,0.9583762433259765,0.5590297517528819,-1.0255402648311467,1.5845700165840286,2.23611900701155,-0.8148569262838912,1.1819336859285876,-1.2033352283494447,-0.6158251098882762,-0.5875101184611685,2.23611900701155,-5.9219253363653745,2.1639086813628357
NARC1HR,MANAPPURAM,2026-07-21 09:15:00,2026-07-21 10:15:00,Financials,Largecap,348.5,2.8023598820059004,0.30129124820659214,-0.16271061814796992,0.4640018663545621,0.5021520803443424,-0.6743185078909697,0.17754487931012655,0.3443328550932545,-0.1955018023055974,0.539834657398852,0.6456241032998467,-0.6743185078909697,0.20363595031992915,-0.0717360114777632,-0.22033983276863978,0.14860382129087657,0.6456241032998467,-0.6743185078909697,0.2538960844650046,0.7317073170731714,-0.17667635865430664,0.908383675727478,0.8608321377331363,-0.6743185078909697,0.37935048953129447,-0.1434720229555264,-0.9126744831545889,0.7692024601990625,1.434720229555242,-0.6743185078909697,0.9583762433259765,1.6642754662840709,-1.0255402648311467,2.6898157311152175,2.2094691535150535,-0.6743185078909697,1.1819336859285876,2.625538020086071,-0.6158251098882762,3.2413631299743475,3.73027259684362,-1.4203730272596804,2.1639086813628357
NARC1HR,UNIONBANK,2026-07-21 09:15:00,2026-07-21 10:15:00,Bank,Largecap,178.07,1.2163928835332127,-0.08423653619363813,-0.16271061814796992,0.07847408195433178,0.23586230134218233,-0.2639411467400432,0.17754487931012655,-0.39871960464984424,-0.1955018023055974,-0.20321780234424683,0.23586230134218233,-0.4155669118885763,0.20363595031992915,-0.8311338237771637,-0.22033983276863978,-0.6107939910085239,0.23586230134218233,-0.9883753580052779,0.2538960844650046,-0.8648284382546167,-0.17667635865430664,-0.6881520796003101,0.23586230134218233,-1.022069972482731,0.37935048953129447,-3.285224911551632,-0.9126744831545889,-2.372550428397043,0.23586230134218233,-3.37507721682484,0.9583762433259765,-4.857640253832763,-1.0255402648311467,-3.832099989001616,0.23586230134218233,-4.9811871735834234,1.1819336859285876,-4.178132195204132,-0.6158251098882762,-3.5623070853158554,0.23586230134218233,-6.884932891559492,2.1639086813628357
NARC1HR,ULTRACEMCO,2026-07-21 09:15:00,2026-07-21 10:15:00,Building Materials,Largecap,12084.0,0.11599005799503015,-0.9764978483945752,-0.16271061814796992,-0.8137872302466053,0.10758027143329407,-1.1502813637868203,0.17754487931012655,-0.9020191989407511,-0.1955018023055974,-0.7065173966351537,0.10758027143329407,-1.1502813637868203,0.20363595031992915,-0.9764978483945752,-0.22033983276863978,-0.7561580156259354,0.10758027143329407,-1.1502813637868203,0.2538960844650046,-0.4468718967229446,-0.17667635865430664,-0.27019553806863794,0.10758027143329407,-1.1502813637868203,0.37935048953129447,-1.0592519033432612,-0.9126744831545889,-0.14657742018867237,0.7282356835484949,-1.1916583912611745,0.9583762433259765,-1.4564713670969898,-1.0255402648311467,-0.4309311022658431,0.7282356835484949,-2.681231380337634,1.1819336859285876,-1.679907315458462,-0.6158251098882762,-1.0640822055701857,0.7282356835484949,-3.260509764978481,2.1639086813628357
NARC1HR,NAUKRI,2026-07-21 09:15:00,2026-07-21 10:15:00,I.T,Largecap,1222.7,2.4036850921273167,-0.5806820969984527,-0.16271061814796992,-0.4179714788504828,0.06542896867587356,-0.8342193506174933,0.17754487931012655,-0.7933262451950585,-0.1955018023055974,-0.597824442889461,0.06542896867587356,-1.0018810828494318,0.20363595031992915,-0.8628445244131755,-0.22033983276863978,-0.6425046916445357,0.06542896867587356,-1.3249366156866005,0.2538960844650046,-1.1245603991167141,-0.17667635865430664,-0.9478840404624075,0.06542896867587356,-1.3249366156866005,0.37935048953129447,-2.220495624437724,-0.9126744831545889,-1.307821141283135,0.06542896867587356,-2.5353725361903945,0.9583762433259765,-4.367383659115076,-1.0255402648311467,-3.341843394283929,0.06542896867587356,-4.61274229164963,1.1819336859285876,2.093726997628198,-0.6158251098882762,2.7095521075164744,2.2164063138954804,-6.763719636869226,2.1639086813628357
NARC1HR,MUTHOOTFIN,2026-07-21 09:15:00,2026-07-21 10:15:00,Financials,Largecap,3032.8,1.431438127090301,-0.11870218939594723,-0.16271061814796992,0.04400842875202268,0.06924294381429608,-0.32313373780006316,0.17754487931012655,0.006594566077544606,-0.1955018023055974,0.20209636838314202,0.0890266420469521,-0.4550250593510996,0.20363595031992915,-0.32643102083883546,-0.22033983276863978,-0.10609118807019569,0.0890266420469521,-0.4550250593510996,0.2538960844650046,1.104589817989976,-0.17667635865430664,1.2812661766442828,1.4211289897124724,-0.4550250593510996,0.37935048953129447,1.3321023476655203,-0.9126744831545889,2.244776830820109,3.4918227380638323,-0.4550250593510996,0.9583762433259765,1.104589817989976,-1.0255402648311467,2.1301300828211227,3.4918227380638323,-0.4715114745449833,1.1819336859285876,-1.4112371405961555,-0.6158251098882762,-0.7954120307078792,3.4918227380638323,-3.5511738327618114,2.1639086813628357
NARC1HR,KPITTECH,2026-07-21 09:15:00,2026-07-21 10:15:00,I.T,Midcap,571.35,1.6727466856481854,-0.8401155158834439,-0.16271061814796992,-0.677404897735474,0.0,-0.9276275487879682,0.17754487931012655,-1.286426883696512,-0.1955018023055974,-1.0909250813909146,0.0,-1.3564365100201314,0.20363595031992915,-1.0851492080161118,-0.22033983276863978,-0.864809375247472,0.0,-1.408943729762857,0.2538960844650046,-1.4877045593769123,-0.17667635865430664,-1.3110282007226055,0.0,-1.881508707447277,0.37935048953129447,-2.695370613459347,-0.9126744831545889,-1.7826961303047582,0.0,-2.949155508882473,0.9583762433259765,-2.8616434759779485,-1.0255402648311467,-1.8361032111468019,0.0,-3.868031854379983,1.1819336859285876,5.381990023628247,-0.6158251098882762,5.997815133516523,5.522009276275486,-4.410606458388033,2.1639086813628357
NARC1HR,CAMS,2026-07-21 09:15:00,2026-07-21 10:15:00,Financials,Midcap,779.8,0.8796895213454059,-0.8207232623749672,-0.16271061814796992,-0.6580126442269972,0.09617850730956334,-0.8207232623749672,0.17754487931012655,-0.9104898691972174,-0.1955018023055974,-0.71498806689162,0.09617850730956334,-1.1220825852782723,0.20363595031992915,-1.1284944857655743,-0.22033983276863978,-0.9081546529969345,0.09617850730956334,-1.295203898435482,0.2538960844650046,-1.4490895101307966,-0.17667635865430664,-1.2724131514764898,0.09617850730956334,-1.6799179276737464,0.37935048953129447,-1.2503205950243679,-0.9126744831545889,-0.337646111869779,0.09617850730956334,-2.385226981277244,0.9583762433259765,-1.8786868427801973,-1.0255402648311467,-0.8531465779490506,0.09617850730956334,-2.6929982046678624,1.1819336859285876,0.6027186458066325,-0.6158251098882762,1.2185437556949088,1.3080276994101192,-4.161323416260576,2.1639086813628357
NARC1HR,AMBUJACEM,2026-07-21 10:15:00,2026-07-21 11:15:00,Building Materials,Largecap,443.25,0.4077471967380175,-0.5076142131979711,-0.02162770498788761,-0.48598650821008343,0.0451212633953757,-0.5752961082910346,0.2321955304051202,-0.4850535815002721,0.025960730373374378,-0.5110143118736465,0.0451212633953757,-0.6091370558375608,0.28702699857259995,-0.1804850535815028,0.04939269120947452,-0.2298777447909773,0.21432600112802902,-0.6091370558375608,0.3937002137244537,-0.24816694867456635,0.03203142948640697,-0.2801983781609733,0.21432600112802902,-0.6091370558375608,0.4839756257729004,-1.9514946418499712,-0.3984197251121914,-1.5530749167377798,0.21432600112802902,-2.48166948674563,1.1244599226055412,-3.5081782289904107,-0.9821038402114328,-2.526074388778978,0.21432600112802902,-4.0721940214326064,1.3472287913722478,-2.9441624365482255,-0.25302638777668585,-2.69113604877154,0.21432600112802902,-6.271855611957133,2.4302045853421177
NARC1HR,SHRIRAMFIN,2026-07-21 10:15:00,2026-07-21 11:15:00,Financials,Largecap,1065.9,0.9948834565093767,-0.15948963317384823,-0.02162770498788761,-0.13786192818596063,0.11258091753445498,-0.5066141289051584,0.2321955304051202,-0.3095975232198289,0.025960730373374378,-0.3355582535932033,0.11258091753445498,-0.5066141289051584,0.28702699857259995,-0.09381743127873099,0.04939269120947452,-0.1432101224882055,0.11258091753445498,-0.5066141289051584,0.3937002137244537,-0.2720705507083254,0.03203142948640697,-0.3041019801947324,0.11258091753445498,-0.7317759639741239,0.4839756257729004,-0.9569377990430672,-0.3984197251121914,-0.5585180739308757,0.11258091753445498,-1.763767708040176,1.1244599226055412,-1.7731494511680324,-0.9821038402114328,-0.7910456109565995,1.2290083497513704,-1.829439909935271,1.3472287913722478,-1.9607843137254943,-0.25302638777668585,-1.7077579259488085,1.2290083497513704,-6.848672483347418,2.4302045853421177
NARC1HR,MANAPPURAM,2026-07-21 10:15:00,2026-07-21 11:15:00,Financials,Largecap,349.85,0.3873744619799169,-0.4287551807917733,-0.02162770498788761,-0.4071274758038857,0.0,-0.5573817350293164,0.2321955304051202,-0.5287980563098538,0.025960730373374378,-0.5547587866832282,0.0,-0.6431327711876489,0.28702699857259995,0.34300414463341866,0.04939269120947452,0.2936114534239441,0.47163069887092846,-0.9861369158210787,0.3937002137244537,0.7431756467057182,0.03203142948640697,0.7111442172193112,1.0433042732599596,-0.9861369158210787,0.4839756257729004,0.5287980563098316,-0.3984197251121914,0.927217781422023,1.0433042732599596,-0.9861369158210787,1.1244599226055412,1.6578533657281458,-0.9821038402114328,2.6399572059395786,1.8150635986851515,-0.9861369158210787,1.3472287913722478,2.5725310847506178,-0.25302638777668585,2.8255574725273034,3.3299985708160618,-1.8007717593254258,2.4302045853421177
NARC1HR,HINDZINC,2026-07-21 11:15:00,2026-07-21 12:15:00,Metals & Mining,Largecap,533.3,1.37819598897444,0.2250140633789588,-0.03077427684503038,0.25578834022398916,0.31876992312021013,-0.21563847740483366,0.20821835942580327,0.037502343896500534,-0.18513272058049143,0.22263506447699197,0.31876992312021013,-0.21563847740483366,0.22838718512893655,0.32814550909432416,-0.05576044465283688,0.383905953747161,0.46877929870616786,-0.21563847740483366,0.26871953369248514,0.2250140633789588,0.11015815039716448,0.11485591298179432,0.5812863303956473,-0.21563847740483366,0.5032888855249473,0.06562910181886483,-0.8578105794711689,0.9234396812900337,1.443840240015004,-0.21563847740483366,0.9983481916078883,0.1968873054565945,-1.2854349310313777,1.4823222364879722,1.5000937558597327,-0.38439902493905276,1.22197889765122,-1.284455278454888,-0.43159176378837827,-0.8528635146665097,1.5563472717044835,-2.0345021563847543,2.3334325847445823
NARC1HR,SRF,2026-07-21 12:15:00,2026-07-21 13:15:00,Chemicals,Largecap,2956.0,0.5784280367471917,-0.03382949932341228,0.1849422422255638,-0.21877174154897608,0.43640054127198624,-0.3518267929634722,0.32526690097776223,-0.375507442489853,0.18137160262657895,-0.5568790451164319,0.43640054127198624,-0.4059539918809252,0.38827787377409045,-0.8389715832205713,0.22842310254962142,-1.0673946857701928,0.43640054127198624,-0.913396481732065,0.5189260562569962,-0.30446549391068833,0.26362069453413417,-0.5680861884448225,0.43640054127198624,-1.1163734776725276,0.670550739949031,-3.247631935047357,-0.8594349594553123,-2.3881969755920447,0.4702300405954096,-3.6637347767253137,1.0818533615539663,-10.361975642760491,-1.5696157175089591,-8.792359925251532,0.4702300405954096,-10.436400541271984,1.297761322289315,-11.329499323410019,-0.36090664978982845,-10.96859267362019,0.4702300405954096,-11.67117726657646,2.4603828657702427
NARC1HR,TVSMOTOR,2026-07-21 13:15:00,2026-07-21 14:15:00,Auto,Largecap,3743.8,4.150670450119631,1.5038196484854938,-0.04021973522938351,1.5440393837148774,1.757572519899564,-0.3792937656926232,0.17730003386472382,1.3141727656391877,0.011585556918945524,1.3025872087202421,1.768256851327532,-0.3792937656926232,0.23158925902526958,1.3382125113521104,0.025553021248326858,1.3126594901037836,1.768256851327532,-0.3792937656926232,0.3586573371628657,5.211282653987914,-0.7274140147973102,5.938696668785225,5.908435279662361,-0.3792937656926232,0.7050380735382277,3.963886959773477,-1.214522910283274,5.178409870056751,5.908435279662361,-0.3792937656926232,0.8065811006611974,4.68240824830386,-1.775940532370317,6.458348780674177,6.167530316790426,-0.3792937656926232,1.0226441305573915,6.410598856776528,-0.5453067883387055,6.955905645115234,6.677707142475553,-0.3792937656926232,2.224132118094578
NARC1HR,MUTHOOTFIN,2026-07-21 13:15:00,2026-07-21 14:15:00,Financials,Largecap,3102.3,1.329370263914309,-0.49318247751668487,-0.04021973522938351,-0.4529627422873014,0.19018147825804466,-0.5576507752312887,0.17730003386472382,-0.6027785836315025,0.011585556918945524,-0.614364140550448,0.19018147825804466,-0.7736195725751904,0.23158925902526958,-0.7123746897463312,0.025553021248326858,-0.737927710994658,0.19018147825804466,-0.8928859233471975,0.3586573371628657,-0.5125229668310638,-0.7274140147973102,0.21489104796624636,1.173323018405692,-0.9541308061760789,0.7050380735382277,-2.2306031009251326,-1.214522910283274,-1.0160801906418586,1.173323018405692,-2.266060664668157,0.8065811006611974,-2.6174128872127223,-1.775940532370317,-0.8414723548424052,1.173323018405692,-3.065467556329182,1.0226441305573915,-2.814041195242245,-0.5453067883387055,-2.2687344069035396,1.173323018405692,-5.711891177513461,2.224132118094578
NARC1HR,HAL,2026-07-21 13:15:00,2026-07-21 14:15:00,Aerospace & Defence,Largecap,4552.0,1.682042576004661,0.44376098418277277,-0.04021973522938351,0.48398071941215626,0.6326889279437697,-0.050527240773290405,0.17730003386472382,0.8391915641476233,0.011585556918945524,0.8276060072286778,0.9226713532513253,-0.050527240773290405,0.23158925902526958,0.7249560632689,0.025553021248326858,0.6994030420205732,0.9226713532513253,-0.050527240773290405,0.3586573371628657,0.9094903339191385,-0.7274140147973102,1.6369043487164485,1.1291739894551789,-0.08787346221441616,0.7050380735382277,0.3295254833040495,-1.214522910283274,1.5440483935873235,1.6476274165202032,-0.08787346221441616,0.8065811006611974,0.19112478031633184,-1.775940532370317,1.9670653126866489,1.6476274165202032,-0.1537785588752172,1.0226441305573915,1.0984182776801354,-0.5453067883387055,1.643725066018841,2.0386643233743396,-1.1401581722319754,2.224132118094578
NARC1HR,EICHERMOT,2026-07-21 14:15:00,2026-07-21 15:15:00,Auto,Largecap,7684.0,0.9657709743118081,-0.7418011452368534,-0.6188487905016284,-0.12295235473522492,0.7287870900572591,-0.767829255596042,0.5833269843752521,-0.767829255596042,-0.8087794758320617,0.040950220236019685,0.7287870900572591,-1.0801665799062943,0.5920087171176525,-0.5726184279021385,-0.7272925755009713,0.1546741475988328,0.7287870900572591,-1.281884435190006,0.6338643471813648,-0.9695471108797538,-0.7349528637782625,-0.23459424710149124,0.7287870900572591,-1.281884435190006,0.6849567503643414,-0.8133784487246221,-1.0850279661517448,0.27164951742712273,0.7287870900572591,-1.281884435190006,0.7653648916919953,0.4424778761061843,-1.7382078385709934,2.1806857146771774,1.366475793857358,-1.281884435190006,0.9707959052305587,2.1538261322227914,-0.43846970636475235,2.592295838587544,2.6678813118167666,-1.4185320145757463,2.2358075845475853
NARC1HR,TVSMOTOR,2026-07-21 14:15:00,2026-07-21 15:15:00,Auto,Largecap,3791.5,1.274106522784324,3.6265330344190883,-0.6188487905016284,4.245381824920717,3.7320321772385645,-0.17671106422260108,0.5833269843752521,4.030067255703562,-0.8087794758320617,4.838846731535623,4.576025319794286,-0.17671106422260108,0.5920087171176525,3.887643412897268,-0.7272925755009713,4.61493598839824,4.576025319794286,-0.17671106422260108,0.6338643471813648,3.5975207701437473,-0.7349528637782625,4.33247363392201,4.576025319794286,-0.17671106422260108,0.6849567503643414,3.310035605960704,-1.0850279661517448,4.3950635721124485,4.576025319794286,-0.17671106422260108,0.7653648916919953,3.33377291309509,-1.7382078385709934,5.071980751666083,4.831860741131466,-0.17671106422260108,0.9707959052305587,4.971647105367261,-0.43846970636475235,5.410116811732013,5.536067519451415,-0.17671106422260108,2.2358075845475853
NARC1HR,GODREJPROP,2026-07-21 14:15:00,2026-07-21 15:15:00,Realty,Largecap,2165.5,0.4592688810540091,-1.0851997229277321,-0.6188487905016284,-0.4663509324261037,0.11082890787348365,-1.685522973909026,0.5833269843752521,-1.5100438697760232,-0.8087794758320617,-0.7012643939439616,0.11082890787348365,-1.7732625259755275,0.5920087171176525,-1.5469868390671881,-0.7272925755009713,-0.8196942635662169,0.11082890787348365,-1.7732625259755275,0.6338643471813648,-2.267374740244743,-0.7349528637782625,-1.5324218764664805,0.11082890787348365,-2.507504040637276,0.6849567503643414,-4.086815977834224,-1.0850279661517448,-3.0017880116824793,0.11082890787348365,-4.132994689448166,0.7653648916919953,-5.6522743015469885,-1.7382078385709934,-3.9140664629759954,0.11082890787348365,-6.289540521819448,0.9707959052305587,-0.9743708150542596,-0.43846970636475235,-0.5359011086895072,0.11082890787348365,-9.24959593627338,2.2358075845475853
NARC1HR,HAL,2026-07-21 14:15:00,2026-07-21 15:15:00,Aerospace & Defence,Largecap,4580.8,0.6326889279437697,-0.5828676213761708,-0.6188487905016284,0.03598116912545768,0.28815927348935233,-0.7160321341250442,0.5833269843752521,-0.5785015717778563,-0.8087794758320617,0.23027790405420534,0.28815927348935233,-0.7160321341250442,0.5920087171176525,0.2750611246943535,-0.7272925755009713,1.0023537001953247,0.49336360461054163,-0.7160321341250442,0.6338643471813648,0.4191407614390519,-0.7349528637782625,1.1540936252173144,0.6156129933635901,-0.7160321341250442,0.6849567503643414,-0.2816101990918751,-1.0850279661517448,0.8034177670598697,1.008557457212711,-0.7160321341250442,0.7653648916919953,0.15717778553963058,-1.7382078385709934,1.895385624110624,1.008557457212711,-0.781522878099894,0.9707959052305587,0.3099895214809578,-0.43846970636475235,0.7484592278457102,1.3971358714635063,-1.7617010129235,2.2358075845475853
NARC1HR,PIDILITIND,2026-07-21 15:15:00,2026-07-22 10:00:00,Chemicals,Largecap,1577.4,-0.43552357508046535,-0.08241409915050735,0.001985407577207859,-0.0843995067277152,0.1458095600354925,-0.1394700139470073,0.4558526229328719,-0.12045137568150732,0.07881960411123706,-0.19927097979274438,0.1458095600354925,-0.2979586661595035,0.525172175136671,-0.05071636870801477,0.16775111763546283,-0.2184674863434776,0.1458095600354925,-0.3169773044250035,0.6527235852459884,-0.25358184354000723,-0.0568056391720478,-0.19677620436795945,0.1458095600354925,-0.4881450488145034,0.7629690828117731,0.557880055788007,-0.2434417158348886,0.8013217716228956,2.421706605807006,-0.4881450488145034,1.059933431167276,-1.882845188284521,-2.0408912499728524,0.15804606168833146,2.421706605807006,-1.9652592874350172,1.2736709878646413,2.3900088753645132,0.9618442875078222,1.428164587856691,3.5057689869405273,-2.554837073665539,3.2185784394378127
NARC1HR,TITAN,2026-07-22 09:15:00,2026-07-22 10:15:00,Consumer Discretionary,Largecap,4719.9,0.7298802740252297,-0.2966164537384297,-0.08666617203231021,-0.2099502817061195,0.277548253140969,-0.31568465433589044,0.24016043353024577,-0.3135659653806022,0.016781368046305523,-0.33034733342690775,0.277548253140969,-0.48306108180256047,0.3283729112897864,0.0741541134346102,0.12838764921888016,-0.054233535784269954,0.277548253140969,-0.48306108180256047,0.46535079731702583,-0.06991673552404487,-0.2450733063038379,0.17515657077979302,0.277548253140969,-0.48306108180256047,0.5336244926698691,-0.5974702853874025,-0.2814202514002082,-0.31605003398719433,0.277548253140969,-0.775440157630447,0.8711404882905196,-1.2712133731646813,-2.1567052123634722,0.8854918391987909,0.277548253140969,-2.4534418102078237,1.0568698348813212,2.4958155893133327,0.7607974754462339,1.7350181138670988,3.114472764253473,-2.4534418102078237,3.0393344017220794
NARC1HR,MOTHERSON,2026-07-22 09:15:00,2026-07-22 10:15:00,Auto,Largecap,146.84,1.2689655172413827,-0.4494688095886601,-0.08666617203231021,-0.3628026375563499,0.21111413783709843,-0.6061018795968542,0.24016043353024577,-0.06810133478615255,0.016781368046305523,-0.08488270283245807,0.21111413783709843,-0.6061018795968542,0.3283729112897864,0.09534186870061578,0.12838764921888016,-0.03304578051826437,0.21111413783709843,-0.640152546989925,0.46535079731702583,-0.5788613456823688,-0.2450733063038379,-0.3337880393785309,0.5175701443748126,-0.6946336148188625,0.5336244926698691,-0.8785072187414866,-0.2814202514002082,-0.5970869673412784,0.5175701443748126,-3.1599019340779133,0.8711404882905196,-2.213293380550263,-2.1567052123634722,-0.0565881681867908,0.919368019613187,-3.1599019340779133,1.0568698348813212,-1.682102969218191,0.7607974754462339,-2.442900444664425,1.8114955053118997,-3.1599019340779133,3.0393344017220794
NARC1HR,TVSMOTOR,2026-07-22 09:15:00,2026-07-22 10:15:00,Auto,Largecap,3938.6,2.2827018464175453,-0.6271263900878399,-0.08666617203231021,-0.5404602180555297,0.08378611689432436,-0.8810237140100541,0.24016043353024577,-0.015233839435324636,0.016781368046305523,-0.032015207481630156,0.08378611689432436,-0.8810237140100541,0.3283729112897864,-0.08632509013355438,0.12838764921888016,-0.21471273935243454,0.19296196618088235,-0.8810237140100541,0.46535079731702583,-0.03554562534910932,-0.2450733063038379,0.20952768095472857,0.23612451124765954,-0.8810237140100541,0.5336244926698691,-0.21581272533387486,-0.2814202514002082,0.06560752606633335,0.41639161123241397,-1.3354999238307963,0.8711404882905196,-1.9093078758949833,-2.1567052123634722,0.24739733646848894,0.9165693393591523,-2.808104402579592,1.0568698348813212,2.343472299801963,0.7607974754462339,1.5826748243557291,3.4123800335144505,-2.9274361448230257,3.0393344017220794
NARC1HR,YESBANK,2026-07-22 09:15:00,2026-07-22 10:15:00,Bank,Largecap,23.68,2.2452504317789224,-0.8023648648648685,-0.08666617203231021,-0.7156986928325583,0.2956081081081141,-1.0135135135135087,0.24016043353024577,-1.0979729729729604,0.016781368046305523,-1.114754341019266,0.2956081081081141,-1.266891891891897,0.3283729112897864,-0.8023648648648685,0.12838764921888016,-0.9307525140837486,0.2956081081081141,-1.266891891891897,0.46535079731702583,-1.3091216216216117,-0.2450733063038379,-1.0640483153177738,0.2956081081081141,-1.520270270270263,0.5336244926698691,-2.6182432432432456,-0.2814202514002082,-2.3368229918430377,0.2956081081081141,-3.2094594594594517,0.8711404882905196,-4.265202702702697,-2.1567052123634722,-2.108497490339225,0.2956081081081141,-4.391891891891886,1.0568698348813212,-3.124999999999989,0.7607974754462339,-3.885797475446223,0.2956081081081141,-4.391891891891886,3.0393344017220794
NARC1HR,BAJAJ-AUTO,2026-07-22 09:15:00,2026-07-22 10:15:00,Auto,Largecap,10708.5,0.9283694627709727,0.46691880282019316,-0.08666617203231021,0.5535849748525034,0.5462949992996124,-0.5462949992996236,0.24016043353024577,1.0599056824018405,0.016781368046305523,1.0431243143555349,1.078582434514641,-0.5462949992996236,0.3283729112897864,1.6295466218424703,0.12838764921888016,1.50115897262359,1.8723443993089672,-0.5462949992996236,0.46535079731702583,1.8069757669141318,-0.2450733063038379,2.0520490732179697,1.8723443993089672,-0.5462949992996236,0.5336244926698691,4.860624737358177,-0.2814202514002082,5.142044988758385,4.9633468739786135,-0.5462949992996236,0.8711404882905196,4.9773544380632195,-2.1567052123634722,7.134059650426692,5.813139095111364,-0.5462949992996236,1.0568698348813212,7.092496614838684,0.7607974754462339,6.33169913939245,7.690152682448526,-0.5462949992996236,3.0393344017220794
NARC1HR,HAL,2026-07-22 09:15:00,2026-07-22 10:15:00,Aerospace & Defence,Largecap,4593.2,0.1788440567066507,-0.026125576939817208,-0.08666617203231021,0.060540595092493,0.0827309936427767,-0.5050944875032659,0.24016043353024577,0.198118958460336,0.016781368046305523,0.18133759041403047,0.2569015065749358,-0.5050944875032659,0.3283729112897864,0.23077592963511862,0.12838764921888016,0.10238828041623846,0.3439867630410154,-0.5050944875032659,0.46535079731702583,0.1589305930506102,-0.2450733063038379,0.4040038993544481,0.7358704171383845,-0.5050944875032659,0.5336244926698691,-0.18723330140205663,-0.2814202514002082,0.09418694999815158,0.7358704171383845,-0.9405207698336637,0.8711404882905196,-1.090742837237646,-2.1567052123634722,1.0659623751258263,0.7358704171383845,-1.615431507445786,1.0568698348813212,-0.9905947923016689,0.7607974754462339,-1.7513922677479028,1.1233998084124508,-2.026909344248007,3.0393344017220794
NARC1HR,POLYCAB,2026-07-22 09:15:00,2026-07-22 10:15:00,Industrials,Largecap,9115.5,2.4098415908324844,-0.46075366134605833,-0.08666617203231021,-0.37408748931374813,0.3675058965498357,-0.8392298831660372,0.24016043353024577,-0.44978333607591514,0.016781368046305523,-0.4665647041222207,0.3675058965498357,-0.8392298831660372,0.3283729112897864,-0.17004004168723608,0.12838764921888016,-0.2984276909061162,0.3675058965498357,-0.8392298831660372,0.46535079731702583,0.09324776479622265,-0.2450733063038379,0.33832107110006054,0.9215073226921167,-0.8392298831660372,0.5336244926698691,0.3181394328341858,-0.2814202514002082,0.599559684234394,0.9215073226921167,-1.3712906587680318,0.8711404882905196,-2.654818715374907,-2.1567052123634722,-0.49811350301143476,0.9215073226921167,-3.0113542866545995,1.0568698348813212,-1.1793099665405093,0.7607974754462339,-1.9401074419867432,0.9215073226921167,-3.0113542866545995,3.0393344017220794
NARC1HR,KALYANKJIL,2026-07-22 09:15:00,2026-07-22 10:15:00,Consumer Discretionary,Largecap,597.25,3.509532062391685,-0.10046044370030094,-0.08666617203231021,-0.013794271667990729,0.34323984930932916,-0.3264964420259586,0.24016043353024577,-0.31812473838426225,0.016781368046305523,-0.3349061064305678,0.34323984930932916,-0.8120552532440373,0.3283729112897864,-0.3934700711594852,0.12838764921888016,-0.5218577203783653,0.34323984930932916,-0.8120552532440373,0.46535079731702583,-0.3599832565927108,-0.2450733063038379,-0.11490995028887291,0.34323984930932916,-0.9794893260778648,0.5336244926698691,0.11720385098368258,-0.2814202514002082,0.3986241023838908,0.7953118459606445,-1.381331100879024,0.8711404882905196,-3.4491419003767287,-2.1567052123634722,-1.2924366880132565,0.7953118459606445,-3.557974047718715,1.0568698348813212,2.8631226454583603,0.7607974754462339,2.1023251700121266,4.529091670154872,-5.826705734616988,3.0393344017220794
NARC1HR,NYKAA,2026-07-22 09:15:00,2026-07-22 10:15:00,I.T,Largecap,331.5,-0.22573363431150906,-0.07541478129713397,-0.08666617203231021,0.01125139073517624,0.33182503770738947,-0.2564102564102666,0.24016043353024577,-0.8144796380090469,0.016781368046305523,-0.8312610060553524,0.33182503770738947,-0.950226244343888,0.3283729112897864,-0.7993966817496201,0.12838764921888016,-0.9277843309685002,0.33182503770738947,-0.950226244343888,0.46535079731702583,-1.2368024132730082,-0.2450733063038379,-0.9917291069691703,0.33182503770738947,-1.5987933634992513,0.5336244926698691,-1.689291101055812,-0.2814202514002082,-1.4078708496556038,0.33182503770738947,-2.6244343891402733,0.8711404882905196,-4.147812971342379,-2.1567052123634722,-1.9911077589789068,0.33182503770738947,-4.358974358974354,1.0568698348813212,-0.8295625942684737,0.7607974754462339,-1.5903600697147076,0.33182503770738947,-4.358974358974354,3.0393344017220794
NARC1HR,NESTLEIND,2026-07-22 10:15:00,2026-07-22 11:15:00,FMCG,Largecap,1509.6,2.8407929695483114,-0.6293057763645971,0.10547526808515102,-0.7347810444497481,0.02649708532063144,-1.2917329093799723,0.3611879679215184,-1.7421833598304182,-0.07747534769040508,-1.664708012140013,0.02649708532063144,-1.781928987811332,0.38745153153244477,-2.080021197668247,-0.245491402637892,-1.834529795030355,0.02649708532063144,-2.855060943296228,0.4045859774986892,-1.4639639639639546,-0.364047872165723,-1.0999160917982316,0.02649708532063144,-2.855060943296228,0.4346878050102972,-3.126656067832523,-0.46446971852272373,-2.662186349309799,0.02649708532063144,-3.822204557498665,0.8612237557548191,-3.9679385267620493,-1.7565266948198706,-2.2114118319421787,0.02649708532063144,-5.206677265500792,0.9870646874958727,-0.3974562798092163,0.8697509587747325,-1.2672072385839488,0.3113407525172196,-5.206677265500792,3.0833727634481614
NARC1HR,PIIND,2026-07-22 10:15:00,2026-07-22 11:15:00,Chemicals,Largecap,2732.0,1.826313827804693,0.33674963396779223,0.10547526808515102,0.23127436588264122,0.9114202049780307,-0.03294289897510794,0.3611879679215184,-0.2598828696925293,-0.07747534769040508,-0.18240752200212418,0.9114202049780307,-0.43923865300146137,0.38745153153244477,0.3587115666178642,-0.245491402637892,0.6042029692557562,0.9114202049780307,-0.9663250366032217,0.4045859774986892,-0.8052708638360162,-0.364047872165723,-0.4412229916702932,0.9114202049780307,-0.9663250366032217,0.4346878050102972,-0.6734992679355845,-0.46446971852272373,-0.20902954941286073,0.9114202049780307,-2.152269399707185,0.8612237557548191,0.5893118594436197,-1.7565266948198706,2.3458385542634903,1.2079062957540243,-2.152269399707185,0.9870646874958727,0.13177159590043175,0.8697509587747325,-0.7379793628743008,1.5117130307467086,-2.152269399707185,3.0833727634481614
NARC1HR,PETRONET,2026-07-22 10:15:00,2026-07-22 11:15:00,Energy,Largecap,280.4,1.318879855465216,-0.5349500713266786,0.10547526808515102,-0.6404253394118297,0.0,-0.6419400855919966,0.3611879679215184,-0.3922967189728843,-0.07747534769040508,-0.3148213712824792,0.0,-0.6419400855919966,0.38745153153244477,-0.7132667617689048,-0.245491402637892,-0.4677753591310128,0.0,-0.8380884450784443,0.4045859774986892,-0.6062767475035646,-0.364047872165723,-0.24222887533784165,0.0,-0.8559201141226769,0.4346878050102972,-3.601997146932945,-0.46446971852272373,-3.137527428410221,0.0,-4.029957203994283,0.8612237557548191,-2.5855920114122632,-1.7565266948198706,-0.8290653165923927,0.0,-4.654065620542069,0.9870646874958727,-1.3552068473609014,0.8697509587747325,-2.2249578061356337,0.0,-4.654065620542069,3.0833727634481614
NARC1HR,TITAN,2026-07-22 11:15:00,2026-07-22 12:15:00,Consumer Discretionary,Largecap,4719.0,0.3423419592166521,-0.16528925619835322,-0.10034718763873775,-0.06494206855961547,0.04238186056368942,-0.16952744225471328,0.19655302406458827,-0.1229073956346749,0.001885524809015222,-0.12479292044369011,0.04238186056368942,-0.16952744225471328,0.28671773673582224,-0.23945751218479305,-0.13611158421818662,-0.10334592796660644,0.04238186056368942,-0.3348166984530665,0.31066035501537015,-0.027548209366390353,-0.25703494602352495,0.2294867366571346,0.13774104683195176,-0.3348166984530665,0.38910062657167777,-0.898495443949987,-0.45575660576339805,-0.442738838186589,0.13774104683195176,-0.9239245602882029,0.9728599648709603,-0.9535918626827677,-0.9402541782401331,-0.013337684442634612,0.13774104683195176,-2.4348378893833345,1.1104462389582659,2.574698029243483,1.2204011085029118,1.354296920740571,3.1341385886840323,-2.4348378893833345,3.357996283524666
NARC1HR,PIIND,2026-07-22 11:15:00,2026-07-22 12:15:00,Chemicals,Largecap,2735.0,0.10980966325035979,0.2925045703839224,-0.10034718763873775,0.39285175802266015,0.4753199268738628,-0.2778793418647174,0.19655302406458827,0.1828153564899404,0.001885524809015222,0.1809298316809252,0.6654478976233946,-0.2778793418647174,0.28671773673582224,-0.9140767824497242,-0.13611158421818662,-0.7779651982315376,0.6654478976233946,-1.0054844606946944,0.31066035501537015,-1.404021937842781,-0.25703494602352495,-1.1469869918192561,0.6654478976233946,-1.5904936014625282,0.38910062657167777,-0.6106032906764147,-0.45575660576339805,-0.15484668491301667,0.6654478976233946,-2.2595978062157296,0.9728599648709603,1.133455210237666,-0.9402541782401331,2.0737093884777993,1.4003656307129964,-2.2595978062157296,1.1104462389582659,0.0402193784277749,1.2204011085029118,-1.180181730075137,1.4003656307129964,-2.2595978062157296,3.357996283524666
NARC1HR,PIIND,2026-07-22 12:15:00,2026-07-22 13:15:00,Chemicals,Largecap,2744.4,0.3436928702011066,-1.3372686197347439,0.11619976473279876,-1.4534683844675427,0.0,-1.3627751056697335,0.26977983805674205,-1.6834280717096695,0.042944948988576204,-1.7263730206982457,0.0,-1.8146042850896382,0.30455518121943226,-1.7417286109896568,-0.13572527500722195,-1.6060033359824348,0.0,-1.9275615799446144,0.3446096249295952,-1.9639994169946107,-0.004826709569722637,-1.9591727074248881,0.0,-2.1206821163095912,0.5233976916514289,-1.3263372686197372,-0.7388769244172939,-0.5874603442024433,0.31336539862993895,-2.594373997959487,1.0434909777789465,0.1603264830199791,-0.7137577122883823,0.8740841953083613,1.053053490744782,-2.594373997959487,1.2496650658080846,-0.4226789097799166,1.4922923925944926,-1.9149713023744093,1.053053490744782,-2.594373997959487,3.5608756398390216
NARC1HR,PIDILITIND,2026-07-22 14:15:00,2026-07-22 15:15:00,Chemicals,Largecap,1606.1,1.0697879302749902,-1.3760039848079164,-0.15101948280822516,-1.2249845019996912,0.5914949255961588,-1.4009090343067077,0.49211316623665574,-1.3324201481850317,-0.4467344137833679,-0.8856857344016638,0.5914949255961588,-1.537886806550015,0.5276776993950804,-1.2390262125645868,-0.15890299768792865,-1.0801232148766582,0.5914949255961588,-1.537886806550015,0.636513927410239,-0.9899757175767299,0.02339267799639597,-1.0133683955731259,0.5914949255961588,-1.537886806550015,0.7929748098350369,-1.9363675985305973,-0.7673719635938413,-1.1689956349367558,0.5914949255961588,-2.9886059398543052,0.8723278985938298,-2.1169292073968005,-0.7966357102725975,-1.320293497124203,0.5914949255961588,-4.2961210385405675,1.14652463991622,1.488076707552466,1.5006705792838195,-0.012593871731353623,1.9239150737812238,-4.2961210385405675,3.5556132085781167
NARC1HR,ETERNAL,2026-07-22 14:15:00,2026-07-22 15:15:00,I.T,Largecap,290.6,2.1620671471260344,-1.8066070199587059,-0.15101948280822516,-1.6555875371504807,0.25808671713696274,-2.7185134205093053,0.49211316623665574,-1.410874053682043,-0.4467344137833679,-0.964139639898675,0.25808671713696274,-2.7185134205093053,0.5276776993950804,1.1871988988300108,-0.15890299768792865,1.3461018965179394,1.2560220233998498,-2.7185134205093053,0.636513927410239,1.410874053682032,0.02339267799639597,1.387481375685636,1.9098417068134754,-2.7185134205093053,0.7929748098350369,-1.2388162422574012,-0.7673719635938413,-0.47144427866355987,1.9098417068134754,-2.7185134205093053,0.8723278985938298,-3.6476256022023423,-0.7966357102725975,-2.850989891929745,1.9098417068134754,-4.834824501032353,1.14652463991622,7.2264280798348235,1.5006705792838195,5.725757500551004,8.860977288368899,-4.834824501032353,3.5556132085781167
NARC1HR,ABB,2026-07-23 09:15:00,2026-07-23 10:15:00,Industrials,Largecap,7617.0,1.3033648091501426,0.7942759616647033,0.15338570431329315,0.6408902573514101,0.8205330182486481,-0.07877116975186782,0.39176920094597856,0.46606275436522626,0.2097151621316091,0.25634759223361714,0.8861756597085435,-0.07877116975186782,0.48619676717196775,0.4923198109491933,-0.059099016033426655,0.5514188269826199,0.8861756597085435,-0.07877116975186782,0.6106958602225772,-0.3150846790074824,-0.27367499425696096,-0.041409684750521425,0.8861756597085435,-0.48575554680320154,0.6726471417642527,-1.851122489168966,-1.7589971745149846,-0.09212531465398133,0.8861756597085435,-2.244978337928316,0.8017019547975475,-4.253643166601028,0.32562286226852727,-4.579266028869555,0.8861756597085435,-4.470263883418668,1.6730498852021793,-5.349875278981231,1.3194315979867748,-6.6693068769680055,0.8861756597085435,-6.9843770513325465,3.8358233723470154
NARC1HR,HEROMOTOCO,2026-07-23 09:15:00,2026-07-23 10:15:00,Auto,Largecap,5148.8,3.242365302480388,0.13983840894964406,0.15338570431329315,-0.013547295363649098,0.6700590428837749,0.0,0.39176920094597856,0.02330640149159624,0.2097151621316091,-0.18640876064001285,0.6700590428837749,-0.12041640770664719,0.48619676717196775,0.2641392169048906,-0.059099016033426655,0.32323823293831727,0.6700590428837749,-0.12041640770664719,0.6106958602225772,0.503029832193902,-0.27367499425696096,0.7767048264508629,0.9613890615288945,-0.12041640770664719,0.6726471417642527,-2.928837787445626,-1.7589971745149846,-1.1698406129306416,0.9613890615288945,-3.142479801118714,0.8017019547975475,-1.7460379117464342,0.32562286226852727,-2.0716607740149615,0.9613890615288945,-3.2395898073337537,1.6730498852021793,3.7387352392790563,1.3194315979867748,2.4193036412922817,3.9776258545680676,-3.2395898073337537,3.8358233723470154
NARC1HR,VEDL,2026-07-23 09:15:00,2026-07-23 10:15:00,Metals & Mining,Largecap,266.7,2.183908045977012,0.07499062617173369,0.15338570431329315,-0.07839507814155947,0.22497187851520106,-0.2062242219722621,0.39176920094597856,0.01874765654292787,0.2097151621316091,-0.19096750558868122,0.22497187851520106,-0.2062242219722621,0.48619676717196775,-0.3937007874015741,-0.059099016033426655,-0.33460177136814745,0.3374578177727905,-0.3937007874015741,0.6106958602225772,-0.24371953505810673,-0.27367499425696096,0.02995545919885423,0.3374578177727905,-0.5811773528308972,0.6726471417642527,-2.1747281589801326,-1.7589971745149846,-0.415730984465148,0.3374578177727905,-2.474690663667034,0.8017019547975475,0.3187101612298626,0.32562286226852727,-0.006912701038664648,0.5249343832021136,-2.474690663667034,1.6730498852021793,-0.8811398575177987,1.3194315979867748,-2.2005714555045737,0.5249343832021136,-2.887139107611547,3.8358233723470154
NARC1HR,UNITDSPR,2026-07-23 09:15:00,2026-07-23 10:15:00,FMCG,Largecap,1423.5,1.685834702478739,0.512820512820511,0.15338570431329315,0.3594348085072179,0.6814190375834306,-0.22479803301721502,0.39176920094597856,0.10537407797681642,0.2097151621316091,-0.10434108415479268,0.6814190375834306,-0.22479803301721502,0.48619676717196775,-0.28099754127151044,-0.059099016033426655,-0.2218985252380838,0.6814190375834306,-0.8921671935370634,0.6106958602225772,-0.4987706357569288,-0.27367499425696096,-0.22509564149996786,0.6814190375834306,-0.8921671935370634,0.6726471417642527,3.4070951879171085,-1.7589971745149846,5.166092362432093,3.5475939585528637,-1.264488935721808,0.8017019547975475,5.212504390586581,0.32562286226852727,4.886881528318054,5.500526870389888,-1.264488935721808,1.6730498852021793,7.404285212504402,1.3194315979867748,6.084853614517628,7.9592553565156265,-1.264488935721808,3.8358233723470154
NARC1HR,APLAPOLLO,2026-07-23 09:15:00,2026-07-23 10:15:00,Industrials,Largecap,1842.2,1.498622589531684,-0.1302790142221344,0.15338570431329315,-0.2836647185354275,0.09770926066658969,-0.2605580284442466,0.39176920094597856,-0.3636955813701048,0.2097151621316091,-0.573410743501714,0.09770926066658969,-0.6568233633698961,0.48619676717196775,-0.0651395071110672,-0.059099016033426655,-0.006040491077640542,0.09770926066658969,-0.6568233633698961,0.6106958602225772,0.016284876777761248,-0.27367499425696096,0.2899598710347222,0.24970144392573168,-0.6568233633698961,0.6726471417642527,-1.454782325480397,-1.7589971745149846,0.3042148490345875,0.24970144392573168,-2.1550320269243306,0.8017019547975475,1.0205189447399787,0.32562286226852727,0.6948960824714514,1.1833677125176356,-2.1550320269243306,1.6730498852021793,1.7261969384431586,1.3194315979867748,0.4067653404563838,2.0518944739984724,-2.1550320269243306,3.8358233723470154
NARC1HR,DMART,2026-07-23 09:15:00,2026-07-23 10:15:00,Consumer Discretionary,Largecap,4061.4,1.942771084337358,0.5170630816959676,0.15338570431329315,0.36367737738267447,0.55645836411089,-0.23144728418772464,0.39176920094597856,1.270497857881514,0.2097151621316091,1.060782695749905,1.563500270842555,-0.23144728418772464,0.48619676717196775,0.9528733934111466,-0.059099016033426655,1.0119724094445732,1.563500270842555,-0.23144728418772464,0.6106958602225772,-0.21174964298025234,-0.27367499425696096,0.06192535127670862,1.563500270842555,-0.24129610479145525,0.6726471417642527,-1.236026985768457,-1.7589971745149846,0.5229701887465277,1.563500270842555,-1.7580144777662898,0.8017019547975475,-0.7706702122420861,0.32562286226852727,-1.0962930745106134,1.563500270842555,-1.7580144777662898,1.6730498852021793,-2.907864283252082,1.3194315979867748,-4.227295881238857,1.563500270842555,-7.541734377308318,3.8358233723470154
NARC1HR,ETERNAL,2026-07-23 09:15:00,2026-07-23 10:15:00,I.T,Largecap,294.2,1.5007762635846023,0.03399048266485849,0.15338570431329315,-0.11939522164843466,0.4248810333106645,-0.5778382053025166,0.39176920094597856,0.23793337865396502,0.2097151621316091,0.028218216522355927,0.4248810333106645,-0.5778382053025166,0.48619676717196775,-0.40788579197824637,-0.059099016033426655,-0.3487867759448197,0.6628144119646517,-0.5778382053025166,0.6106958602225772,-1.6655336505778329,-0.27367499425696096,-1.391858656320872,0.6628144119646517,-1.9374575118966675,0.6726471417642527,-5.387491502379326,-1.7589971745149846,-3.628494327864342,0.6628144119646517,-5.778382053025155,0.8017019547975475,-1.8014955812372557,0.32562286226852727,-2.127118443505783,0.6628144119646517,-5.99932019034669,1.6730498852021793,4.962610469068673,1.3194315979867748,3.643178871081899,7.528891910265134,-5.99932019034669,3.8358233723470154
NARC1HR,HEROMOTOCO,2026-07-23 10:15:00,2026-07-23 11:15:00,Auto,Largecap,5158.0,0.17868241143566,0.5506010081426815,-0.1960370697739279,0.7466380779166094,0.7813105854982627,-0.1744862349747911,0.15391758756692334,0.5157037611477344,-0.2179081337535641,0.7336118949012985,0.7813105854982627,-0.1744862349747911,0.18513502685312472,0.32376890267544756,-0.4550864064503073,0.7788553091257548,0.7813105854982627,-0.1744862349747911,0.24590030076239774,0.32958511050795725,-0.859447282162182,1.1890323926701392,0.7813105854982627,-0.1744862349747911,0.2570779451982659,-2.260566110895701,-1.5338910113034725,-0.7266750995922284,0.7813105854982627,-3.4121752617293555,0.43532819416184054,-1.2756882512601764,0.23096636842561266,-1.506654619685789,0.7813105854982627,-3.4121752617293555,1.4331504176667,3.119426134160519,1.3851731714873075,1.7342529626732115,3.792167506785593,-3.4121752617293555,3.6213373449958413
NARC1HR,BOSCHLTD,2026-07-23 10:15:00,2026-07-23 11:15:00,Auto,Largecap,42415.0,0.4975713777988444,1.167039962277494,-0.1960370697739279,1.363077032051422,1.3438641989862,-0.11788282447247056,0.15391758756692334,0.7426617941765912,-0.2179081337535641,0.9605699279301553,1.3438641989862,-0.11788282447247056,0.18513502685312472,0.14145938936696023,-0.4550864064503073,0.5965457958172675,1.3438641989862,-0.11788282447247056,0.24590030076239774,-0.27113049628668673,-0.859447282162182,0.5883167858754953,1.3438641989862,-0.6247789697041095,0.2570779451982659,-1.5678415654839073,-1.5338910113034725,-0.0339505541804348,1.3438641989862,-2.1572556878462823,0.43532819416184054,-1.4853235883531823,0.23096636842561266,-1.716289956778795,1.3438641989862,-2.1572556878462823,1.4331504176667,-2.782034657550392,1.3851731714873075,-4.167207829037699,1.3438641989862,-6.38924908640811,3.6213373449958413
NARC1HR,EICHERMOT,2026-07-23 10:15:00,2026-07-23 11:15:00,Auto,Largecap,7773.5,1.257001432851368,-0.07075319997427165,-0.1960370697739279,0.12528386979965625,0.09648163632856033,-0.4052228725799134,0.15391758756692334,-0.2894449089856588,-0.2179081337535641,-0.07153677523209467,0.09648163632856033,-0.4052228725799134,0.18513502685312472,-0.4438155271113353,-0.4550864064503073,0.011270879338971973,0.09648163632856033,-0.4502476361999075,0.24590030076239774,-0.48240818164275723,-0.859447282162182,0.3770391005194248,0.09648163632856033,-0.945520036019809,0.2570779451982659,-1.8588795265967684,-1.5338910113034725,-0.32498851529329587,0.09648163632856033,-2.5535473081623516,0.43532819416184054,-0.2894449089856588,0.23096636842561266,-0.5204112774112715,0.09648163632856033,-2.5535473081623516,1.4331504176667,0.984112690551231,1.3851731714873075,-0.4010604809360765,1.8202868720653465,-2.5535473081623516,3.6213373449958413
NARC1HR,DMART,2026-07-23 10:15:00,2026-07-23 11:15:00,Consumer Discretionary,Largecap,4102.2,1.0045797015807212,-0.433913509823991,-0.1960370697739279,-0.23787644005006311,0.06825605772513565,-0.7288771878504074,0.15391758756692334,-0.47779240407586077,-0.2179081337535641,-0.25988427032229666,0.06825605772513565,-0.7288771878504074,0.18513502685312472,-1.2042318755789538,-0.4550864064503073,-0.7491454691286465,0.06825605772513565,-1.2334844717468707,0.24590030076239774,-1.6868997123494656,-0.859447282162182,-0.8274524301872835,0.06825605772513565,-1.850226707620295,0.2570779451982659,-2.2500121885817292,-1.5338910113034725,-0.7161211772782567,0.06825605772513565,-2.7351177416995665,0.43532819416184054,-1.9184827653454195,0.23096636842561266,-2.149449133771032,0.06825605772513565,-2.7351177416995665,1.4331504176667,-5.136268343815509,1.3851731714873075,-6.521441515302817,0.06825605772513565,-8.461313441567942,3.6213373449958413
NARC1HR,HEROMOTOCO,2026-07-23 11:15:00,2026-07-23 12:15:00,Auto,Largecap,5186.1,0.544784800310194,-0.3123734598253214,-0.4213766784007825,0.10900321857546114,0.036636393436295656,-0.580397601280358,0.1270180131367992,-0.1369044175777656,-0.4135516178044044,0.2766472002266388,0.036636393436295656,-0.580397601280358,0.1407954119401634,-0.21403366691734593,-0.5652369654957834,0.35120329857843746,0.036636393436295656,-0.580397601280358,0.16110586006128863,-0.1369044175777656,-0.5351521282314682,0.39824771065370257,0.036636393436295656,-0.580397601280358,0.20905144573818282,-2.853782225564494,-0.6440526278279328,-2.209729597736561,0.036636393436295656,-3.935519947552113,0.5069674802157034,-1.5792213802279242,0.5033325990865716,-2.082553979314496,0.036636393436295656,-3.935519947552113,1.6797156703223757,2.5144135284703273,1.4774174880041115,1.0369960404662157,3.2297873160949564,-3.935519947552113,3.8783461961364183
NARC1HR,BOSCHLTD,2026-07-23 11:15:00,2026-07-23 12:15:00,Auto,Largecap,42640.0,0.5304727101261397,-0.9498123827392124,-0.4213766784007825,-0.5284357043384299,0.046904315197005,-0.9732645403377149,0.1270180131367992,-0.9615384615384581,-0.4135516178044044,-0.5479868437340537,0.046904315197005,-1.149155722326456,0.1407954119401634,-0.7973733583489628,-0.5652369654957834,-0.23213639285317944,0.046904315197005,-1.149155722326456,0.16110586006128863,-0.6918386491557182,-0.5351521282314682,-0.15668652092425006,0.046904315197005,-1.149155722326456,0.20905144573818282,-2.1224202626641597,-0.6440526278279328,-1.478367634836227,0.046904315197005,-2.6735459662288963,0.5069674802157034,-2.462476547842396,0.5033325990865716,-2.965809146928968,0.046904315197005,-2.6735459662288963,1.6797156703223757,-3.072232645403372,1.4774174880041115,-4.549650133407484,0.046904315197005,-6.883208255159479,3.8783461961364183
NARC1HR,DMART,2026-07-23 11:15:00,2026-07-23 12:15:00,Consumer Discretionary,Largecap,4076.4,-0.6289308176100517,-0.8610538710627003,-0.4213766784007825,-0.43967719266191774,0.0,-0.9371013639485892,0.1270180131367992,-0.9469139436757867,-0.4135516178044044,-0.5333623258713823,0.0,-1.0082425669708517,0.1407954119401634,-1.0646649004023234,-0.5652369654957834,-0.49942793490654,0.0,-1.22902561083309,0.16110586006128863,-1.604356785398886,-0.5351521282314682,-1.0692046571674179,0.0,-1.6730448434893574,0.20905144573818282,-1.5013246982631845,-0.6440526278279328,-0.8572720704352517,0.0,-2.119517221077427,0.5069674802157034,-0.43665979786086107,0.5033325990865716,-0.9399923969474326,0.0,-2.119517221077427,1.6797156703223757,-5.431262879010889,1.4774174880041115,-6.908680367015001,0.43665979786084996,-7.881954665881663,3.8783461961364183
NARC1HR,TORNTPHARM,2026-07-23 14:15:00,2026-07-23 15:15:00,Healthcare,Largecap,5073.8,0.51308464906199,-1.1510110765107107,-0.7516982307582307,-0.39931284575247994,0.09263274074657879,-1.2140801765934905,0.42766680406102425,-1.0603492451417118,-0.7848968454214875,-0.2754523997202243,0.09263274074657879,-1.2554692735228024,0.4687403444674409,-1.3599274705349051,-1.1821921117892749,-0.1777353587456303,0.09263274074657879,-1.444676573771142,0.4739115521813344,-1.3244511017383331,-0.9605944123132424,-0.36385668942509075,0.09263274074657879,-1.444676573771142,0.513434369215865,-1.8703929993299062,-0.007759558351847067,-1.8626334409780592,0.09263274074657879,-2.406480350033513,1.0118773660751128,-1.2574401829003934,1.1332859399709043,-2.390726122871298,0.09263274074657879,-2.406480350033513,2.2640895791805438,-3.6225314360045724,2.178523873563654,-5.801055309568227,0.09263274074657879,-4.268989711853055,4.471002534264152
NARC1HR,SBILIFE,2026-07-23 14:15:00,2026-07-23 15:15:00,Financials,Largecap,1850.9,0.751183931195909,-0.610513804095314,-0.7516982307582307,0.14118442666291675,0.7239721216705242,-0.750986006807508,0.42766680406102425,-0.9562915338483968,-0.7848968454214875,-0.1713946884269093,0.7239721216705242,-1.1237776216975637,0.4687403444674409,-0.7617915608622905,-1.1821921117892749,0.42040055092698436,0.7239721216705242,-1.1237776216975637,0.4739115521813344,-0.5834999189583523,-0.9605944123132424,0.3770944933548901,0.7239721216705242,-1.1237776216975637,0.513434369215865,0.021611108109564903,-0.007759558351847067,0.029370666461411968,2.085471932573335,-1.1237776216975637,1.0118773660751128,0.8806526554649086,1.1332859399709043,-0.25263328450599576,2.085471932573335,-1.1237776216975637,2.2640895791805438,0.8752498784375007,2.178523873563654,-1.3032739951261534,3.1930412231887084,-1.1237776216975637,4.471002534264152
NARC1HR,SBILIFE,2026-07-23 15:15:00,2026-07-24 10:00:00,Financials,Largecap,1838.9,-0.648333243287047,0.2012072434607548,-0.1898030203393589,0.3910102638001137,0.24471151231715282,-0.29365381478058117,0.16306225532670215,0.29365381478057007,0.0033368026850604457,0.29031701209550964,0.34803415085105094,-0.29365381478058117,0.2754379795774511,0.06525640328456372,-0.01101037904622444,0.07626678233078817,0.34803415085105094,-0.29365381478058117,0.4126017178929167,0.6525640328457261,0.48856568927635285,0.1639983435693732,0.8048289738430636,-0.29365381478058117,0.8901151596476469,0.3643482516721752,2.0053192016825454,-1.6409709500103702,2.7516450051661367,-0.29365381478058117,2.773686747519346,1.810865191146882,2.074091482524907,-0.2632262913780248,2.7516450051661367,-0.29365381478058117,3.632902914412723,2.778835173201366,3.7777250767912154,-0.9988899035898493,3.8664418946108947,-0.29365381478058117,5.807194762556948
NARC1HR,HCLTECH,2026-07-24 09:15:00,2026-07-24 10:15:00,I.T,Largecap,1251.9,1.2045270816491538,-0.39140506430226374,0.24756797779671277,-0.6389730420989765,0.007987858455149599,-1.0703730329898575,0.43152191021919306,-0.6550043933221561,0.16132914756627934,-0.8163335408884355,0.007987858455149599,-1.0703730329898575,0.5457529623645488,-0.7109194025081922,0.4679875170875779,-1.1789069195957702,0.007987858455149599,-1.0703730329898575,0.8276755316176946,0.5032350826743359,1.076778660777319,-0.5735435781029832,0.5112229411294633,-1.0703730329898575,1.3043744642297606,3.682402747823299,2.1810727653827895,1.5013299824405095,4.081795670580712,-1.0703730329898575,3.0498580475245416,6.74175253614504,2.4168907462354947,4.324861789909546,6.853582554517135,-1.0703730329898575,3.90811386648124,7.045291157440681,4.0698959238369845,2.975395233603696,9.42567297707484,-1.0703730329898575,6.089750840402294
NARC1HR,UNITDSPR,2026-07-24 09:15:00,2026-07-24 10:15:00,FMCG,Largecap,1460.5,3.1426553672316393,1.0544334132146505,0.24756797779671277,0.8068654354179376,1.0612803834303408,-0.0342348510783963,0.43152191021919306,1.1023622047243942,0.16132914756627934,0.9410330571581148,1.3351591920575112,-0.0342348510783963,0.5457529623645488,0.13009243409791704,0.4679875170875779,-0.33789508298966087,1.3351591920575112,-0.11639849366655852,0.8276755316176946,0.5546045874700312,1.076778660777319,-0.5221740733072879,1.3351591920575112,-0.4108182129407778,1.3043744642297606,2.5470729202327957,2.1810727653827895,0.36600015485000625,2.8277986990756565,-0.4108182129407778,3.0498580475245416,1.9719274221157157,2.4168907462354947,-0.444963324119779,2.944197192742215,-0.4108182129407778,3.90811386648124,4.108182129407734,4.0698959238369845,0.03828620557074913,5.2242382745635085,-0.4108182129407778,6.089750840402294
NARC1HR,UNITDSPR,2026-07-24 10:15:00,2026-07-24 11:15:00,FMCG,Largecap,1461.4,0.06162273194112444,0.05474202819213403,0.3806392654755129,-0.3258972372833789,0.4310934720131332,-0.4721499931572559,0.5725900830605007,0.3558231832489378,0.5031626114856487,-0.14733942823671087,0.4310934720131332,-0.4721499931572559,0.7523865603686546,0.4926782537292951,0.8401582651372849,-0.3474800114079898,0.5884768030655518,-0.4721499931572559,1.0327993221844518,1.1290543314629753,0.9475333046349695,0.18152102682800575,1.2727521554673604,-0.4721499931572559,1.3107371663270617,2.5318188038866873,2.032301866674204,0.49951693721248347,2.8807992336115973,-0.4721499931572559,2.901640102505085,1.8817572191049736,2.317883279986402,-0.4361260608814286,2.8807992336115973,-0.4721499931572559,3.7888164415615693,3.859312987546182,3.7879631160864378,0.07134987145974403,5.159436157109609,-0.4721499931572559,5.894755418637736
NARC1HR,ASTRAL,2026-07-24 11:15:00,2026-07-24 12:15:00,Plastic products,Largecap,1452.0,0.48442906574395206,0.1790633608815373,0.3886338710213486,-0.20957051013981132,0.6198347107438051,-0.1170798898071701,0.5423852287903379,-0.061983471074389396,0.4486899605558766,-0.510673431630266,0.6198347107438051,-0.22038567493113392,0.6783469566098348,0.26170798898070835,0.44692854870865045,-0.1852205597279421,0.6198347107438051,-0.37190082644629197,0.7657245849887572,0.7851239669421473,0.29118214273275494,0.4939418242093923,1.0330578512396604,-0.37190082644629197,0.9565340567273254,0.7575757575757569,1.5036178669407927,-0.7460421093650358,2.031680440771355,-0.37190082644629197,2.471417051162143,0.5234159779614167,1.7174080994795953,-1.1939921215181786,2.031680440771355,-0.37190082644629197,3.2997650468532083,0.19283746556473247,3.4480392372496187,-3.2552017716848862,3.6088154269972472,-0.39256198347107363,5.432178949171731
NARC1HR,TATAELXSI,2026-07-24 12:15:00,2026-07-24 13:15:00,I.T,Largecap,3531.9,2.0986904865146094,-0.5181347150259086,-0.15441124774235113,-0.3637234672835574,0.6993402984229347,-0.7559670432345289,0.23432545936594004,0.08777145445793,0.07826263633634944,0.009508818121580553,0.6993402984229347,-0.7616297177156839,0.31788397786523626,0.20102494408109628,-0.0979459052538924,0.2989708493349887,0.6993402984229347,-0.7616297177156839,0.46749237549694456,0.14439819926950204,0.07153417014844524,0.0728640291210568,0.6993402984229347,-0.7616297177156839,0.631509120729188,0.7304850080692926,1.1610283798917527,-0.43054337182246005,1.4468133299357255,-0.7616297177156839,2.1102505739743442,1.6166935643704416,1.2675071290794022,0.34918643529103943,2.774710495767141,-0.7616297177156839,2.930462284468174,3.86760667063053,3.092980037843076,0.774626632787454,5.467312211557518,-0.7616297177156839,5.06248941973912
NARC1HR,KPITTECH,2026-07-24 12:15:00,2026-07-24 13:15:00,I.T,Midcap,577.0,3.3216939743933915,0.5459272097053658,-0.15441124774235113,0.7003384574477169,1.0398613518197486,-1.0745233968804224,0.23432545936594004,0.6932409012131657,0.07826263633634944,0.6149782648768163,1.0398613518197486,-1.0745233968804224,0.31788397786523626,0.7625649913344912,-0.0979459052538924,0.8605108965883836,1.7331022530329365,-1.0745233968804224,0.46749237549694456,1.0311958405545996,0.07153417014844524,0.9596616704061544,1.7331022530329365,-1.0745233968804224,0.631509120729188,1.4731369150779994,1.1610283798917527,0.3121085351862467,2.963604852686319,-1.0745233968804224,2.1102505739743442,3.8128249566724337,1.2675071290794022,2.5453178275930313,4.922010398613508,-1.0745233968804224,2.930462284468174,3.223570190641256,3.092980037843076,0.1305901527981801,14.844020797227042,-1.0745233968804224,5.06248941973912
NARC1HR,TATAELXSI,2026-07-24 13:15:00,2026-07-24 14:15:00,I.T,Largecap,3548.7,0.47566465641721845,-0.03663313326005557,-0.16969253609258747,0.1330594028325319,0.08735593315862822,-0.5241355989517249,0.17240041150634547,-0.13244286640177183,-0.12932768604920106,-0.0031151803525707733,0.08735593315862822,-0.5241355989517249,0.24161005150512171,-0.3296981993406001,-0.028884697827359668,-0.3008135015132404,0.08735593315862822,-0.611491532110342,0.38639764817715333,0.6312170654042326,1.0115205448729716,-0.380303479468739,0.867923464930831,-0.7890213317552908,1.6928104262228052,0.2902471327528522,1.1223792373132073,-0.8321321045603551,0.9665511314002284,-0.7890213317552908,2.0296552067336826,1.048271197903472,1.2166777439681518,-0.16840654606467975,2.2881618620903543,-0.7890213317552908,2.866592865077603,3.615408459435865,2.956905568427918,0.6585028910079469,4.9680164567306395,-0.7890213317552908,4.988706488590039
NARC1HR,LTM,2026-07-24 13:15:00,2026-07-24 14:15:00,I.T,Largecap,4075.6,0.7365663156853941,0.3459613308469889,-0.16969253609258747,0.5156538669395764,0.426931004023956,-0.29443517518893403,0.17240041150634547,0.2944351751889229,-0.12932768604920106,0.423762861238124,0.426931004023956,-0.29443517518893403,0.24161005150512171,0.3533222102267253,-0.028884697827359668,0.38220690805408497,0.6575718912552597,-0.29443517518893403,0.38639764817715333,2.350574148591611,1.0115205448729716,1.3390536037186394,2.978702522328014,-0.29443517518893403,1.6928104262228052,2.8044950436745486,1.1223792373132073,1.6821158063613413,3.4203552851113983,-0.29443517518893403,2.0296552067336826,6.5511826479536905,1.2166777439681518,5.334504903985539,7.630778290313089,-0.29443517518893403,2.866592865077603,7.140052998331536,2.956905568427918,4.183147429903618,10.872018843851205,-0.29443517518893403,4.988706488590039
NARC1HR,KPITTECH,2026-07-24 13:15:00,2026-07-24 14:15:00,I.T,Midcap,583.25,1.0831889081455826,-0.7801114444920598,-0.16969253609258747,-0.6104189083994723,0.6429489927132437,-0.7801114444920598,0.17240041150634547,-0.32576082297470776,-0.12932768604920106,-0.1964331369255067,0.6429489927132437,-1.243034719245606,0.24161005150512171,-0.05143591941705328,-0.028884697827359668,-0.02255122158969361,0.6429489927132437,-1.243034719245606,0.38639764817715333,0.771538791255888,1.0115205448729716,-0.23998175361708363,1.860265752250334,-1.243034719245606,1.6928104262228052,0.9858551221603173,1.1223792373132073,-0.13652411515288998,1.860265752250334,-1.243034719245606,2.0296552067336826,3.471924560651529,1.2166777439681518,2.2552468166833775,3.797685383626237,-1.243034719245606,2.866592865077603,2.5289327046720933,2.956905568427918,-0.42797286375582466,13.61337333904844,-1.3287612516073688,4.988706488590039
NARC1HR,GODFRYPHLP,2026-07-24 14:15:00,2026-07-24 15:15:00,FMCG,Largecap,2127.0,1.0499311131169975,2.280206864127887,0.9665023505012026,1.3137045136266847,2.726845322049831,-0.32910202162670377,1.5090522263716195,2.487070992007534,1.0336959723036399,1.4533750197038942,3.0747531734837796,-0.32910202162670377,1.6336009852367355,3.953925716972262,1.0985121390382544,2.8554135779340077,4.701457451810054,-0.32910202162670377,1.7611186159186927,4.428772919605062,0.9726902791327179,3.456082640472344,5.06346967559943,-0.32910202162670377,1.8560503496437688,4.137282557592847,1.1994314145105751,2.9378511430822725,5.698166431593776,-0.32910202162670377,2.170353104086461,-4.184297132110959,1.41653142686568,-5.600828558976639,5.698166431593776,-5.115185707569347,3.013153802398115,0.04701457451810054,2.7978228723534397,-2.750808297835339,5.698166431593776,-5.359661495063472,5.096625691759375
NARC1HR,WIPRO,2026-07-24 14:15:00,2026-07-24 15:15:00,I.T,Largecap,177.32,-0.24191279887483264,-0.4849988720956433,0.9665023505012026,-1.4515012225968458,0.496277915632759,-0.8515677870516547,1.5090522263716195,-0.5583126550868345,1.0336959723036399,-1.5920086273904743,0.496277915632759,-0.8515677870516547,1.6336009852367355,-0.8233701782088709,1.0985121390382544,-1.9218823172471253,0.496277915632759,-0.9643582224227232,1.7611186159186927,-0.43424317617865027,0.9726902791327179,-1.4069334553113682,0.496277915632759,-0.9643582224227232,1.8560503496437688,0.5808707421610659,1.1994314145105751,-0.6185606723495092,0.823370178208882,-0.9643582224227232,2.170353104086461,2.103541619670657,1.41653142686568,0.687010192804977,2.4701105346266683,-0.9643582224227232,3.013153802398115,3.626212497180248,2.7978228723534397,0.8283896248268081,7.906609519512742,-0.9643582224227232,5.096625691759375
NARC1HR,ASTRAL,2026-07-24 14:15:00,2026-07-24 15:15:00,Plastic products,Largecap,1470.0,0.8230452674897082,0.2653061224489939,0.9665023505012026,-0.7011962280522087,0.7823129251700589,-0.6802721088435382,1.5090522263716195,0.13605442176871652,1.0336959723036399,-0.8976415505349233,0.7823129251700589,-0.6802721088435382,1.6336009852367355,0.6598639455782429,1.0985121390382544,-0.4386481934600115,0.7823129251700589,-0.6802721088435382,1.7611186159186927,0.21088435374148062,0.9726902791327179,-0.7618059253912373,0.7823129251700589,-0.6802721088435382,1.8560503496437688,-0.959183673469377,1.1994314145105751,-2.1586150879799524,0.7823129251700589,-1.4897959183673537,2.170353104086461,-0.2721088435374108,1.41653142686568,-1.6886402704030907,0.945578231292532,-1.4897959183673537,3.013153802398115,-1.3605442176870763,2.7978228723534397,-4.158367090040516,2.340136054421782,-1.7687074829931926,5.096625691759375
NARC1HR,LTM,2026-07-24 14:15:00,2026-07-24 15:15:00,I.T,Largecap,4098.0,0.5496123270193332,1.1151781356759427,0.9665023505012026,0.14867578517474012,1.3299170326988685,-0.43923865300146137,1.5090522263716195,2.1156661786237096,1.0336959723036399,1.0819702063200698,2.1229868228404003,-0.43923865300146137,1.6336009852367355,1.7911176183504018,1.0985121390382544,0.6926054793121474,2.4158125915080486,-0.43923865300146137,1.7611186159186927,1.8789653489507119,0.9726902791327179,0.906275069817994,2.4158125915080486,-0.43923865300146137,1.8560503496437688,2.0326988775012156,1.1994314145105751,0.8332674629906405,2.85505124450951,-0.43923865300146137,2.170353104086461,5.1464128843338175,1.41653142686568,3.729881457468138,7.042459736456808,-0.43923865300146137,3.013153802398115,6.525134211810624,2.7978228723534397,3.727311339457184,10.26598340653977,-0.43923865300146137,5.096625691759375
NARC1HR,LAURUSLABS,2026-07-24 14:15:00,2026-07-24 15:15:00,Healthcare,Largecap,1607.9,2.2316887080366277,3.36463710429753,0.9665023505012026,2.3981347537963273,3.6071895018346956,-0.2923067354935083,1.5090522263716195,2.618322034952425,1.0336959723036399,1.5846260626487851,3.6134087940792314,-0.2923067354935083,1.6336009852367355,3.638285963057397,1.0985121390382544,2.539773824019143,3.986566328751784,-0.2923067354935083,1.7611186159186927,4.384601032402502,0.9726902791327179,3.411910753269784,4.795074320542314,-0.2923067354935083,1.8560503496437688,6.4120903041233746,1.1994314145105751,5.2126588896128,7.873623981590883,-0.2923067354935083,2.170353104086461,9.148578891722114,1.41653142686568,7.732047464856434,9.583929348840092,-0.2923067354935083,3.013153802398115,12.88015423844766,2.7978228723534397,10.082331366094222,13.601592138814599,-0.2923067354935083,5.096625691759375
NARC1HR,KPITTECH,2026-07-24 14:15:00,2026-07-24 15:15:00,I.T,Midcap,583.1,-0.02571795970852664,0.9175098610872956,0.9665023505012026,-0.04899248941390699,1.8864688732635804,-0.12004801920768582,1.5090522263716195,0.6859886811867666,1.0336959723036399,-0.34770729111687326,1.8864688732635804,-0.12004801920768582,1.6336009852367355,0.7974618418796098,1.0985121390382544,-0.3010502971586446,1.8864688732635804,-0.41159320871205773,1.7611186159186927,0.12004801920766361,0.9726902791327179,-0.8526422599250543,1.8864688732635804,-0.41159320871205773,1.8560503496437688,0.32584462356370913,1.1994314145105751,-0.873586790946866,1.8864688732635804,-0.41159320871205773,2.170353104086461,3.7472131709826773,1.41653142686568,2.3306817441169976,3.9958840679128693,-0.41159320871205773,3.013153802398115,2.3838106671239867,2.7978228723534397,-0.41401220522945303,13.642599897101682,-1.3033784942548476,5.096625691759375
NARC1HR,SAIL,2026-07-27 09:15:00,2026-07-27 10:15:00,Metals & Mining,Largecap,165.95,1.8723143032535194,-0.6869539017776316,-0.0725986102047219,-0.6143552915729097,0.08436275986742903,-0.8436275986742903,0.25558872358128903,-0.7893943959023764,-0.06456186223693385,-0.7248325336654425,0.08436275986742903,-0.8436275986742903,0.30487982484291437,-1.3498041578788644,0.018997838172887162,-1.3688019960517517,0.08436275986742903,-1.4281410063271882,0.40868055069000014,-1.78366978005422,-0.004821909191325465,-1.7788478708628945,0.08436275986742903,-1.9282916541126793,0.558072484067874,-1.1750527267249122,0.14971589134029897,-1.3247686180652112,0.08436275986742903,-3.5733654715275565,1.359468542175273,5.061765592045808,0.7641272285134855,4.2976383635323225,5.995781862006644,-3.5733654715275565,2.3118910591563195,2.753841518529687,2.7009317897365333,0.05290972879315392,5.995781862006644,-3.5733654715275565,4.446935646174068
NARC1HR,GODFRYPHLP,2026-07-27 09:15:00,2026-07-27 10:15:00,FMCG,Largecap,2211.0,3.081728751923163,-0.027137042062408412,-0.0725986102047219,0.04546156814231349,0.6603346901854268,-0.5879692446856599,0.25558872358128903,0.8186341022161869,-0.06456186223693385,0.8831959644531208,1.0719131614653987,-0.5879692446856599,0.30487982484291437,0.3527815468113982,0.018997838172887162,0.33378370863851103,1.0719131614653987,-0.5879692446856599,0.40868055069000014,-0.40253279059249136,-0.004821909191325465,-0.3977108814011659,1.6824966078697434,-1.1849841700587893,0.558072484067874,-6.3772048846675755,0.14971589134029897,-6.5269207760078745,1.6824966078697434,-6.675712347354135,1.359468542175273,-6.716417910447758,0.7641272285134855,-7.480545138961244,1.6824966078697434,-8.955223880597018,2.3118910591563195,1.085481682496603,2.7009317897365333,-1.6154501072399303,2.6639529624604252,-8.955223880597018,4.446935646174068
NARC1HR,TRENT,2026-07-27 09:15:00,2026-07-27 10:15:00,Consumer Discretionary,Largecap,2948.4,1.0106546986878628,-0.08140008140008481,-0.0725986102047219,-0.008801471195362912,0.17297517297516496,-0.3018586351919761,0.25558872358128903,-0.1322751322751392,-0.06456186223693385,-0.06771327003820536,0.17297517297516496,-0.3018586351919761,0.30487982484291437,-0.013566680233345618,0.018997838172887162,-0.032564518406232784,0.17297517297516496,-0.3018586351919761,0.40868055069000014,-0.11531678198345441,-0.004821909191325465,-0.11049487279212894,0.17297517297516496,-0.3018586351919761,0.558072484067874,-1.2210012210012167,0.14971589134029897,-1.3707171123415156,0.17297517297516496,-1.3431013431013383,1.359468542175273,-0.7122507122507171,0.7641272285134855,-1.4763779407642026,0.17297517297516496,-1.3431013431013383,2.3118910591563195,2.0519603852937163,2.7009317897365333,-0.648971404442817,3.1949531949531984,-1.3431013431013383,4.446935646174068
NARC1HR,PATANJALI,2026-07-27 09:15:00,2026-07-27 10:15:00,FMCG,Largecap,344.4,0.27660503712330087,-0.11614401858303092,-0.0725986102047219,-0.04354540837830902,0.07259001161439294,-0.34843205574912606,0.25558872358128903,-0.18873403019743495,-0.06456186223693385,-0.12417216796050111,0.14518002322880807,-0.34843205574912606,0.30487982484291437,-0.10162601626014789,0.018997838172887162,-0.12062385443303505,0.14518002322880807,-0.377468060394881,0.40868055069000014,-0.07259001161440404,-0.004821909191325465,-0.06776810242307857,0.14518002322880807,-0.377468060394881,0.558072484067874,0.3774680603948921,0.14971589134029897,0.22775216905459314,1.4227642276422925,-0.4790940766550511,1.359468542175273,-0.261324041811839,0.7641272285134855,-1.0254512703253245,1.4227642276422925,-1.0307781649244951,2.3118910591563195,2.8455284552845628,2.7009317897365333,0.14459666554802952,5.052264808362383,-1.0307781649244951,4.446935646174068
NARC1HR,ASIANPAINT,2026-07-27 09:15:00,2026-07-27 10:15:00,Building Materials,Largecap,2715.0,1.8455998199414791,-0.01841620626150675,-0.0725986102047219,0.05418240394321515,0.2762430939226457,-0.08839779005525017,0.25558872358128903,0.13627992633515884,-0.06456186223693385,0.20084178857209267,0.32780847145488234,-0.08839779005525017,0.30487982484291437,-0.00736648250460048,0.018997838172887162,-0.026364320677487642,0.32780847145488234,-0.17311233885818345,0.40868055069000014,-0.13996316758748684,-0.004821909191325465,-0.13514125839616137,0.32780847145488234,-0.2578268876611389,0.558072484067874,0.906077348066292,0.14971589134029897,0.7563614567259931,1.2817679558011053,-0.3499079189686949,1.359468542175273,1.4990791896869249,0.7641272285134855,0.7349519611734394,1.952117863720071,-0.3499079189686949,2.3118910591563195,2.5782688766114115,2.7009317897365333,-0.12266291312512179,5.488029465930011,-1.7974217311233942,4.446935646174068
NARC1HR,COLPAL,2026-07-27 09:15:00,2026-07-27 10:15:00,FMCG,Largecap,2122.6,1.6181539639984477,0.023556016206538466,-0.0725986102047219,0.09615462641126037,0.3439178366154705,-0.17902572316969012,0.25558872358128903,0.17431451992839797,-0.06456186223693385,0.2388763821653318,0.3439178366154705,-0.17902572316969012,0.30487982484291437,0.5889004051634839,0.018997838172887162,0.5699025669905967,0.848016583435407,-0.17902572316969012,0.40868055069000014,0.6265900310939543,-0.004821909191325465,0.6314119402852797,0.848016583435407,-0.17902572316969012,0.558072484067874,1.502873833977203,0.14971589134029897,1.353157942636904,2.303778384999533,-0.17902572316969012,1.359468542175273,-0.07537925186091865,0.7641272285134855,-0.8395064803744041,2.303778384999533,-0.17902572316969012,2.3118910591563195,-0.43814190144161325,2.7009317897365333,-3.1390736911781465,4.2777725431075275,-3.5475360407047907,4.446935646174068
NARC1HR,ITC,2026-07-27 09:15:00,2026-07-27 10:15:00,FMCG,Largecap,287.2,-0.19113814074718238,-0.1392757660166999,-0.0725986102047219,-0.06667715581197799,0.08704735376043882,-0.1392757660166999,0.25558872358128903,-0.17409470752088874,-0.06456186223693385,-0.10953284528395489,0.08704735376043882,-0.24373259052924423,0.30487982484291437,-0.24373259052924423,0.018997838172887162,-0.26273042870213137,0.08704735376043882,-0.3830083565459441,0.40868055069000014,-0.24373259052924423,-0.004821909191325465,-0.23891068133791876,0.08704735376043882,-0.3830083565459441,0.558072484067874,-0.41782729805013297,0.14971589134029897,-0.5675431893904319,0.26114206128133866,-1.0271587743732602,1.359468542175273,0.1392757660167332,0.7641272285134855,-0.6248514624967523,0.644150417827305,-1.7061281337047318,2.3118910591563195,1.5494428969359264,2.7009317897365333,-1.1514888928006068,1.8628133704735372,-2.4895543175487367,4.446935646174068
NARC1HR,CONCOR,2026-07-27 09:15:00,2026-07-27 10:15:00,Transportation,Largecap,503.3,7.085106382978723,0.15895092390225685,-0.0725986102047219,0.23154953410697876,0.4172461752433909,-0.7053447248162148,0.25558872358128903,0.15895092390225685,-0.06456186223693385,0.22351278613919068,0.7152791575600892,-0.7053447248162148,0.30487982484291437,0.327836280548377,0.018997838172887162,0.30883844237548985,0.7152791575600892,-0.7053447248162148,0.40868055069000014,0.5265249354261758,-0.004821909191325465,0.5313468446175013,0.9139678124379103,-0.7053447248162148,0.558072484067874,2.652493542618717,0.14971589134029897,2.502777651278418,3.695608980727183,-0.7053447248162148,1.359468542175273,4.222133916153381,0.7641272285134855,3.4580066876398954,5.106298430359635,-0.7053447248162148,2.3118910591563195,4.887740909994043,2.7009317897365333,2.1868091202575095,5.642757798529718,-0.7053447248162148,4.446935646174068
NARC1HR,HCLTECH,2026-07-27 09:15:00,2026-07-27 10:15:00,I.T,Largecap,1298.2,1.0586953137163402,-0.09243568017255344,-0.0725986102047219,-0.019837069967831536,0.2156832537359321,-0.16946541364967205,0.25558872358128903,0.038514866738559306,-0.06456186223693385,0.10307672897549315,0.2156832537359321,-0.3158219072562085,0.30487982484291437,0.06932676012940675,0.018997838172887162,0.050328921956519584,0.2156832537359321,-0.3158219072562085,0.40868055069000014,-0.14635649360653646,-0.004821909191325465,-0.141534584415211,0.2156832537359321,-0.3158219072562085,0.558072484067874,2.9348328454783523,0.14971589134029897,2.7851169541380534,3.0426744723463184,-0.3774456940379034,1.359468542175273,3.597288553381617,0.7641272285134855,2.833161324868131,3.974734247419498,-0.3774456940379034,2.3118910591563195,4.252041287937147,2.7009317897365333,1.551109498200614,5.523031890309671,-0.3774456940379034,4.446935646174068
NARC1HR,JINDALSTEL,2026-07-27 09:15:00,2026-07-27 10:15:00,Metals & Mining,Largecap,1061.5,0.6161137440758191,0.018841262364577283,-0.0725986102047219,0.09143987256929918,0.6311822892133723,-0.19783325482806147,0.25558872358128903,-0.009420631182277539,-0.06456186223693385,0.055141231054656306,0.6311822892133723,-0.19783325482806147,0.30487982484291437,0.32972209138011355,0.018997838172887162,0.3107242532072264,0.6311822892133723,-0.19783325482806147,0.40868055069000014,0.1789919924634953,-0.004821909191325465,0.18381390165482075,0.6311822892133723,-0.19783325482806147,0.558072484067874,-0.452190296749877,0.14971589134029897,-0.6019061880901759,0.9891662741403628,-0.9420631182289196,1.359468542175273,2.929816297691934,0.7641272285134855,2.1656890691784483,3.25011775788977,-0.9420631182289196,2.3118910591563195,4.521902967498814,2.7009317897365333,1.820971177762281,6.29298162976919,-0.9420631182289196,4.446935646174068
NARC1HR,TCS,2026-07-27 09:15:00,2026-07-27 10:15:00,I.T,Largecap,2310.2,1.0586176727908958,-0.19911695957059994,-0.0725986102047219,-0.12651834936587802,0.20777421868236612,-0.303004068911783,0.25558872358128903,-0.2900181802441226,-0.06456186223693385,-0.2254563180071888,0.20777421868236612,-0.6319799151588534,0.30487982484291437,0.01298588866764927,0.018997838172887162,-0.006011949505237892,0.20777421868236612,-0.7358670245000476,0.40868055069000014,-0.2943468098000057,-0.004821909191325465,-0.28952490060868025,0.20777421868236612,-0.7358670245000476,0.558072484067874,3.70097827027962,0.14971589134029897,3.551262378939321,3.9650246731884886,-0.8007964678382828,1.359468542175273,6.094710414682725,0.7641272285134855,5.330583186169239,7.1552246558739485,-0.8007964678382828,2.3118910591563195,4.817764695697346,2.7009317897365333,2.116832905960813,7.999307419271062,-0.8007964678382828,4.446935646174068
NARC1HR,COFORGE,2026-07-27 09:15:00,2026-07-27 10:15:00,I.T,Largecap,1524.7,1.952524239384834,-0.49845871318948687,-0.0725986102047219,-0.42586010298476495,0.4459893749590105,-0.6230733914868503,0.25558872358128903,0.09838000918214185,-0.06456186223693385,0.16294187141907568,0.4459893749590105,-0.6361907260444721,0.30487982484291437,0.28202269298878146,0.018997838172887162,0.2630248548158943,0.4459893749590105,-0.6361907260444721,0.40868055069000014,-0.17708401652783978,-0.004821909191325465,-0.17226210733651431,0.6165147242080282,-0.6361907260444721,0.558072484067874,9.726503574473666,0.14971589134029897,9.576787683133366,10.12002361120221,-0.6361907260444721,1.359468542175273,13.740407949104739,0.7641272285134855,12.976280720591253,15.753918803699097,-0.6361907260444721,2.3118910591563195,13.40591591788547,2.7009317897365333,10.704984128148936,15.753918803699097,-0.6361907260444721,4.446935646174068
NARC1HR,LTF,2026-07-27 09:15:00,2026-07-27 10:15:00,Financials,Largecap,310.9,1.9344262295081904,0.11257639112256523,-0.0725986102047219,0.18517500132728715,0.2573174654229682,-0.080411707944672,0.25558872358128903,0.08041170794468311,-0.06456186223693385,0.14497357018161694,0.2573174654229682,-0.080411707944672,0.30487982484291437,0.0,0.018997838172887162,-0.018997838172887162,0.2573174654229682,-0.14474107430041405,0.40868055069000014,0.32164683177871023,-0.004821909191325465,0.3264687409700357,0.5628819556127374,-0.14474107430041405,0.558072484067874,-0.4181408813123011,0.14971589134029897,-0.5678567726526,0.6272113219685016,-0.8362817626246244,1.359468542175273,-2.959150852364101,0.7641272285134855,-3.723278080877586,0.9488581537471896,-3.023480218719843,2.3118910591563195,3.071727243486655,2.7009317897365333,0.3707954537501217,4.245738179478953,-3.168221293020257,4.446935646174068
NARC1HR,APLAPOLLO,2026-07-27 09:15:00,2026-07-27 10:15:00,Industrials,Largecap,1860.8,1.9616438356164334,-0.4782889079965491,-0.0725986102047219,-0.4056902977918272,0.17196904557179593,-0.5803955288048113,0.25558872358128903,-0.2901977644024001,-0.06456186223693385,-0.22563590216546625,0.17196904557179593,-0.5803955288048113,0.30487982484291437,-0.2848237317282898,0.018997838172887162,-0.3038215699011769,0.17196904557179593,-0.5803955288048113,0.40868055069000014,-0.4567927773000857,-0.004821909191325465,-0.45197086810876025,0.17196904557179593,-0.5803955288048113,0.558072484067874,-2.1388650042992285,0.14971589134029897,-2.2885808956395275,0.17196904557179593,-2.1926053310404092,1.359468542175273,0.19346517626828152,0.7641272285134855,-0.5706620522452039,0.4675408426483285,-2.1926053310404092,2.3118910591563195,-0.6072656921754072,2.7009317897365333,-3.3081974819119404,2.536543422184012,-2.998710232158208,4.446935646174068
NARC1HR,IDFCFIRSTB,2026-07-27 09:15:00,2026-07-27 10:15:00,Bank,Largecap,86.25,-0.057937427578214074,-0.7420289855072482,-0.0725986102047219,-0.6694303753025262,0.09275362318841296,-0.9855072463768044,0.25558872358128903,-0.8811594202898565,-0.06456186223693385,-0.8165975580529227,0.09275362318841296,-0.9855072463768044,0.30487982484291437,-0.6956521739130417,0.018997838172887162,-0.7146500120859288,0.09275362318841296,-1.0202898550724537,0.40868055069000014,-1.0550724637681141,-0.004821909191325465,-1.0502505545767886,0.09275362318841296,-1.333333333333342,0.558072484067874,0.13913043478261944,0.14971589134029897,-0.010585456557679535,0.32463768115942315,-1.982608695652166,1.359468542175273,-1.2753623188405783,0.7641272285134855,-2.039489547354064,0.6376811594202891,-1.982608695652166,2.3118910591563195,-0.5101449275362269,2.7009317897365333,-3.21107671727276,0.6376811594202891,-2.9565217391304355,4.446935646174068
NARC1HR,LTM,2026-07-27 09:15:00,2026-07-27 10:15:00,I.T,Largecap,4171.4,1.2598616336934043,-0.17739847533201347,-0.0725986102047219,-0.10479986512729157,0.14143932492689526,-0.39075610106916736,0.25558872358128903,0.1821930287193796,-0.06456186223693385,0.24675489095631342,0.2541113295296604,-0.39075610106916736,0.30487982484291437,0.4243179747806636,0.018997838172887162,0.40532013660777644,0.5417845327707838,-0.39075610106916736,0.40868055069000014,0.4698662319605029,-0.004821909191325465,0.4746881411518284,0.5873327899506231,-0.39075610106916736,0.558072484067874,4.787361557270953,0.14971589134029897,4.637645665930654,4.832909814450792,-0.39075610106916736,1.359468542175273,5.918876156686026,0.7641272285134855,5.15474892817254,7.589778012178172,-0.39075610106916736,2.3118910591563195,6.163398379440954,2.7009317897365333,3.462466589704421,8.325741957136689,-0.39075610106916736,4.446935646174068
NARC1HR,LAURUSLABS,2026-07-27 09:15:00,2026-07-27 10:15:00,Healthcare,Largecap,1666.4,2.5603151157065573,0.9301488238118161,-0.0725986102047219,1.0027474340165379,1.056168987037931,-0.18002880460873394,0.25558872358128903,1.0441670667306724,-0.06456186223693385,1.1087289289676063,1.116178588574157,-0.18002880460873394,0.30487982484291437,1.4462313970235119,0.018997838172887162,1.4272335588506246,1.5362457993278955,-0.18002880460873394,0.40868055069000014,1.6982717234757638,-0.004821909191325465,1.7030936326670894,2.1543446951512113,-0.18002880460873394,0.558072484067874,4.368698991838693,0.14971589134029897,4.218983100498394,4.776764282285151,-0.18002880460873394,1.359468542175273,6.901104176668271,0.7641272285134855,6.136976948154786,7.8912626020163135,-0.18002880460873394,2.3118910591563195,9.625540086413809,2.7009317897365333,6.924608296677276,9.805568891022553,-0.18002880460873394,4.446935646174068
NARC1HR,AUBANK,2026-07-27 09:15:00,2026-07-27 10:15:00,Bank,Largecap,1041.8,2.037218413320274,-0.1823766557880413,-0.0725986102047219,-0.1097780455833194,0.019197542714533,-0.4511422537915144,0.25558872358128903,0.2975619120752615,-0.06456186223693385,0.36212377431219533,0.38395085429066,-0.4511422537915144,0.30487982484291437,0.403148397005193,0.018997838172887162,0.38415055883230587,0.499136110577858,-0.4511422537915144,0.40868055069000014,1.4302169322326863,-0.004821909191325465,1.4350388414240118,1.564599731234395,-0.4511422537915144,0.558072484067874,1.4302169322326863,0.14971589134029897,1.2805010408923874,1.9389518141677886,-0.4511422537915144,1.359468542175273,0.710309080437721,0.7641272285134855,-0.05381814807576446,2.5916682664618884,-0.4511422537915144,2.3118910591563195,0.211172969859863,2.7009317897365333,-2.4897588198766702,2.5916682664618884,-1.8429641005951125,4.446935646174068
NARC1HR,IEX,2026-07-27 09:15:00,2026-07-27 10:15:00,Financials,Midcap,126.48,1.0142959827489806,-0.0948766603415585,-0.0725986102047219,-0.022278050136836605,0.23719165085389626,-0.16603415559772738,0.25558872358128903,0.0,-0.06456186223693385,0.06456186223693385,0.23719165085389626,-0.16603415559772738,0.30487982484291437,0.9013282732447836,0.018997838172887162,0.8823304350718965,1.0831752055660893,-0.3795066413662229,0.40868055069000014,0.3795066413662118,-0.004821909191325465,0.3843285505575373,1.2017710309930374,-0.3795066413662229,0.558072484067874,1.6603415559772294,0.14971589134029897,1.5106256646369305,3.336495888678037,-0.6878557874762881,1.359468542175273,5.787476280834913,0.7641272285134855,5.023349052321428,6.246046805819105,-0.6878557874762881,2.3118910591563195,5.518659076533838,2.7009317897365333,2.817727286797305,6.546489563567359,-0.6878557874762881,4.446935646174068
NARC1HR,HAL,2026-07-27 09:15:00,2026-07-27 10:15:00,Aerospace & Defence,Largecap,4626.0,0.9602793539938981,-0.3026372676178113,-0.0725986102047219,-0.23003865741308938,0.28102031993082477,-0.36748811067877085,0.25558872358128903,-0.25507998270644094,-0.06456186223693385,-0.1905181204695071,0.28102031993082477,-0.45395590142671693,0.30487982484291437,-0.03242542153047978,0.018997838172887162,-0.05142325970336695,0.28102031993082477,-0.45395590142671693,0.40868055069000014,-0.12105490704713562,-0.004821909191325465,-0.11623299785581015,0.28102031993082477,-0.45395590142671693,0.558072484067874,-1.9174232598357044,0.14971589134029897,-2.0671391511760033,0.4063986165153466,-2.721573713791603,1.359468542175273,-1.6926070038910557,0.7641272285134855,-2.456734232404541,0.4063986165153466,-2.721573713791603,2.3118910591563195,1.2019022913964728,2.7009317897365333,-1.4990294983400605,1.3618677042801508,-2.721573713791603,4.446935646174068
NARC1HR,KPITTECH,2026-07-27 09:15:00,2026-07-27 10:15:00,I.T,Midcap,587.55,0.3158613624722362,-0.9020508892860102,-0.0725986102047219,-0.8294522790812883,0.18721810909709813,-1.0467194281337688,0.25558872358128903,-0.5701642413411423,-0.06456186223693385,-0.5056023791042085,0.18721810909709813,-1.0552293421836278,0.30487982484291437,-0.43400561654326486,0.018997838172887162,-0.453003454716152,0.18721810909709813,-1.0552293421836278,0.40868055069000014,-0.5616543272912833,-0.004821909191325465,-0.5568324180999579,0.18721810909709813,-1.0552293421836278,0.558072484067874,2.4763849885116374,0.14971589134029897,2.3266690971713384,2.612543613309515,-1.0552293421836278,1.359468542175273,6.961109692792111,0.7641272285134855,6.1969824642786255,7.99080929282614,-1.0552293421836278,2.3118910591563195,4.9782997191728295,2.7009317897365333,2.2773679294362963,12.781890902901893,-2.050889286018198,4.446935646174068
NARC1HR,CAMS,2026-07-27 09:15:00,2026-07-27 10:15:00,Financials,Midcap,787.9,3.2634338138925356,-0.11422769386977283,-0.0725986102047219,-0.04162908366505093,0.2221094047467842,-0.49498667343571556,0.25558872358128903,-0.22845538773955676,-0.06456186223693385,-0.16389352550262293,0.2221094047467842,-0.49498667343571556,0.30487982484291437,-0.21576342175402274,0.018997838172887162,-0.2347612599269099,0.2221094047467842,-0.49498667343571556,0.40868055069000014,-0.5330625713922954,-0.004821909191325465,-0.52824066220097,0.2538393197106137,-0.5457545373778294,0.558072484067874,-0.4315268435080566,0.14971589134029897,-0.5812427348483555,0.2538393197106137,-1.2501586495748174,1.359468542175273,0.7107500951897494,0.7641272285134855,-0.05337713332373606,2.2401319964462374,-1.2501586495748174,2.3118910591563195,2.6526208909759985,2.7009317897365333,-0.04831089876053474,3.0587638025130204,-1.2501586495748174,4.446935646174068
NARC1HR,LODHA,2026-07-27 09:15:00,2026-07-27 10:15:00,Realty,Largecap,1195.8,3.5324675324675203,0.3135975915705025,-0.0725986102047219,0.3861962017752244,0.7568155209901173,-0.2885097842448614,0.25558872358128903,-0.05853821709316254,-0.06456186223693385,0.0060236451437713084,0.7568155209901173,-0.2885097842448614,0.30487982484291437,-0.8237163405251602,0.018997838172887162,-0.8427141786980473,0.7568155209901173,-1.0662318113396907,0.40868055069000014,-0.16725204883759615,-0.004821909191325465,-0.16243013964627068,0.7568155209901173,-1.1833082455259936,0.558072484067874,7.124937280481691,0.14971589134029897,6.975221389141392,8.546579695601286,-1.1833082455259936,1.359468542175273,8.044823549088488,0.7641272285134855,7.280696320575002,10.085298544907184,-1.1833082455259936,2.3118910591563195,3.6544572671015185,2.7009317897365333,0.9535254773649853,12.472821542063905,-1.1833082455259936,4.446935646174068
NARC1HR,KFINTECH,2026-07-27 09:15:00,2026-07-27 10:15:00,Financials,Midcap,910.0,4.315928239811995,-0.08791208791207872,-0.0725986102047219,-0.015313477707356818,0.5329670329670355,-0.5219780219780201,0.25558872358128903,-0.4340659340659414,-0.06456186223693385,-0.3695040718290076,0.5329670329670355,-0.5384615384615321,0.30487982484291437,-1.049450549450548,0.018997838172887162,-1.0684483876234352,0.5329670329670355,-1.505494505494509,0.40868055069000014,2.247252747252748,-0.004821909191325465,2.2520746564440737,2.637362637362628,-1.505494505494509,0.558072484067874,3.873626373626382,0.14971589134029897,3.723910482286083,5.137362637362641,-1.505494505494509,1.359468542175273,5.659340659340661,0.7641272285134855,4.895213430827176,7.967032967032961,-1.505494505494509,2.3118910591563195,4.505494505494512,2.7009317897365333,1.8045627157579784,7.967032967032961,-1.505494505494509,4.446935646174068
NARC1HR,GODFRYPHLP,2026-07-27 10:15:00,2026-07-27 11:15:00,FMCG,Largecap,2221.6,0.47942107643599297,0.9002520705797545,0.17932595734281587,0.7209261132369387,1.1973352538710902,-0.47713359740727546,0.3839250543275637,-1.0622974432841104,0.12211711475533864,-1.184414558039449,1.1973352538710902,-1.1118113071659996,0.43929302027380096,-0.8777457688152634,0.11634827795607958,-0.994094046771343,1.1973352538710902,-1.6564638098667483,0.5262659457205336,-0.9272596326971527,0.16979249326879575,-1.0970521259659485,1.1973352538710902,-1.6564638098667483,0.6440390765673879,-7.859200576161318,0.40672521600028694,-8.265925792161605,1.1973352538710902,-8.025747209218581,1.5483572985190102,-7.742167806985956,0.994518170142329,-8.736685977128285,1.1973352538710902,-9.389629096146912,2.4892603848979586,0.27007562117393746,2.7932464324395903,-2.523170811265653,2.1741087504501433,-9.389629096146912,4.620657035522308
NARC1HR,COLPAL,2026-07-27 10:15:00,2026-07-27 11:15:00,FMCG,Largecap,2136.4,0.6501460473004927,-0.0608500280846358,0.17932595734281587,-0.24017598542745167,0.1965923984272422,-0.2012731698183945,0.3839250543275637,-0.2293577981651418,0.12211711475533864,-0.35147491292048044,0.1965923984272422,-0.4540348249391646,0.43929302027380096,-0.0234038569556283,0.11634827795607958,-0.13975213491170788,0.1965923984272422,-0.4540348249391646,0.5262659457205336,-0.0187230855645093,0.16979249326879575,-0.18851557883330505,0.1965923984272422,-0.4540348249391646,0.6440390765673879,0.4633963677214137,0.40672521600028694,0.056671151721126745,1.6429507582849556,-0.4540348249391646,1.5483572985190102,-0.2714847406852683,0.994518170142329,-1.2660029108275972,1.6429507582849556,-1.001685077700809,2.4892603848979586,-1.1935967047369433,2.7932464324395903,-3.9868431371765336,3.6041939711664472,-4.170567309492612,4.620657035522308
NARC1HR,CONCOR,2026-07-27 10:15:00,2026-07-27 11:15:00,Transportation,Largecap,505.8,0.49672163719451934,0.1383946223803889,0.17932595734281587,-0.04093133496242696,0.41518386714116673,-0.32621589561091513,0.3839250543275637,0.009885330170034123,0.12211711475533864,-0.11223178458530451,0.41518386714116673,-0.32621589561091513,0.43929302027380096,0.029655990510080166,0.11634827795607958,-0.08669228744599941,0.41518386714116673,-0.43495452748121277,0.5262659457205336,1.0676156583629748,0.16979249326879575,0.897823165094179,1.87821273230524,-0.43495452748121277,0.6440390765673879,3.1435349940688084,0.40672521600028694,2.7368097780685217,3.706998813760376,-0.43495452748121277,1.5483572985190102,4.547251878212721,0.994518170142329,3.5527337080703925,4.883353103993682,-0.43495452748121277,2.4892603848979586,4.280347963622,2.7932464324395903,1.4871015311824096,5.120601028074345,-0.43495452748121277,4.620657035522308
NARC1HR,JINDALSTEL,2026-07-27 10:15:00,2026-07-27 11:15:00,Metals & Mining,Largecap,1065.0,0.32972209138011355,0.01877934272300763,0.17932595734281587,-0.16054661461980824,0.09389671361501595,-0.10328638497651976,0.3839250543275637,-0.046948356807507974,0.12211711475533864,-0.16906547156284663,0.09389671361501595,-0.21596244131455444,0.43929302027380096,-0.15023474178402774,0.11634827795607958,-0.26658301974010734,0.09389671361501595,-0.28169014084507005,0.5262659457205336,0.05633802816900069,0.16979249326879575,-0.11345446509979507,0.21596244131454334,-0.46948356807511304,0.6440390765673879,-1.089201877934265,0.40672521600028694,-1.495927093934552,0.657276995305156,-1.2676056338028152,1.5483572985190102,3.154929577464771,0.994518170142329,2.1604114073224423,3.276995305164321,-1.2676056338028152,2.4892603848979586,4.600938967136159,2.7932464324395903,1.8076925346965687,5.943661971830982,-1.2676056338028152,4.620657035522308
NARC1HR,COFORGE,2026-07-27 10:15:00,2026-07-27 11:15:00,I.T,Largecap,1525.3,0.039352003672843416,0.22946305644790943,0.17932595734281587,0.05013709910509356,0.5769356847833196,-0.13767783386874344,0.3839250543275637,-0.006556087327080906,0.12211711475533864,-0.12867320208241956,0.5769356847833196,-0.13767783386874344,0.43929302027380096,-0.21635088179374762,0.11634827795607958,-0.3326991597498272,0.5769356847833196,-0.2819117550645789,0.5262659457205336,-0.05244869861665835,0.16979249326879575,-0.2222411918854541,0.5769356847833196,-0.3015800170458216,0.6440390765673879,9.912804038549794,0.40672521600028694,9.506078822549506,10.142267094997703,-0.3015800170458216,1.5483572985190102,13.05972595554974,0.994518170142329,12.06520778540741,15.708385235691358,-0.3015800170458216,2.4892603848979586,13.374418147249711,2.7932464324395903,10.581171714810122,15.708385235691358,-0.3015800170458216,4.620657035522308
NARC1HR,RECLTD,2026-07-27 10:15:00,2026-07-27 11:15:00,Financials,Largecap,365.35,0.8557625948930392,-0.06842753524017864,0.17932595734281587,-0.2477534925829945,0.5337347748733956,-0.08211304228822325,0.3839250543275637,-0.21896811276858053,0.12211711475533864,-0.3410852275239192,0.5337347748733956,-0.23265361981662513,0.43929302027380096,-0.21896811276858053,0.11634827795607958,-0.33531639072466013,0.5337347748733956,-0.41056521144108293,0.5262659457205336,0.3831941973450048,0.16979249326879575,0.21340170407620906,0.6705898453537751,-0.41056521144108293,0.6440390765673879,1.2043246202271707,0.40672521600028694,0.7975994042268837,1.8475434514848788,-0.41056521144108293,1.5483572985190102,1.5601478034761085,0.994518170142329,0.5656296333337795,1.8475434514848788,-0.41056521144108293,2.4892603848979586,1.8338579444368452,2.7932464324395903,-0.959388488002745,3.6540303818256348,-0.41056521144108293,4.620657035522308
NARC1HR,LAURUSLABS,2026-07-27 10:15:00,2026-07-27 11:15:00,Healthcare,Largecap,1677.5,0.6661065770523278,1.2280178837555722,0.17932595734281587,1.0486919264127563,1.4008941877794445,-0.02384500745157281,0.3839250543275637,1.0432190760059523,0.12211711475533864,0.9211019612506137,1.4783904619970256,-0.02384500745157281,0.43929302027380096,1.0253353204172866,0.11634827795607958,0.908987042461207,1.4783904619970256,-0.02384500745157281,0.5262659457205336,1.520119225037253,0.16979249326879575,1.3503267317684573,1.7585692995529145,-0.02384500745157281,0.6440390765673879,3.9940387481371076,0.40672521600028694,3.587313532136821,4.4828614008942,-0.02384500745157281,1.5483572985190102,6.408345752608047,0.994518170142329,5.413827582465718,7.177347242921028,-0.02384500745157281,2.4892603848979586,8.923994038748152,2.7932464324395903,6.130747606308562,9.58569299552905,-0.02384500745157281,4.620657035522308
NARC1HR,GODFRYPHLP,2026-07-27 11:15:00,2026-07-27 12:15:00,FMCG,Largecap,2204.0,-0.792221822110184,-0.04990925589836159,0.004171146947493034,-0.05408040284585463,0.1769509981851325,-0.303992740471859,0.23497818607064805,0.263157894736854,0.03279218533429452,0.23036570940255952,1.1887477313974548,-0.303992740471859,0.29421428776756925,-0.13611615245009423,0.04659423628822987,-0.1827103887383241,1.1887477313974548,-0.303992740471859,0.40066066697857544,-0.208711433756803,0.1090736543180427,-0.31778508807484573,1.1887477313974548,-0.8393829401088904,0.5095724824276158,-7.758620689655171,0.18917061119079345,-7.947791300845965,1.1887477313974548,-7.849364791288571,1.4254017331423303,-5.762250453720508,0.9982395269068653,-6.760489980627374,1.1887477313974548,-8.666061705989115,2.4576727534419462,1.4972776769510032,2.792130759323584,-1.2948530823725806,2.9900181488203392,-8.666061705989115,4.579207892389845
NARC1HR,CONCOR,2026-07-27 11:15:00,2026-07-27 12:15:00,Transportation,Largecap,504.3,-0.29655990510083496,1.0311322625421449,0.004171146947493034,1.0269611155946519,1.3285742613523777,-0.009914733293681088,0.23497818607064805,1.844140392623439,0.03279218533429452,1.8113482072891445,1.883799325798119,-0.009914733293681088,0.29421428776756925,1.3682331945270576,0.04659423628822987,1.3216389582388277,2.1812413246083517,-0.009914733293681088,0.40066066697857544,1.0113027959547827,0.1090736543180427,0.90222914163674,2.1812413246083517,-0.009914733293681088,0.5095724824276158,4.293079516161025,0.18917061119079345,4.103908904970231,4.689668847908002,-0.009914733293681088,1.4254017331423303,4.531033115209193,0.9982395269068653,3.5327935883023276,5.195320245885382,-0.009914733293681088,2.4576727534419462,4.134443783462216,2.792130759323584,1.3423130241386323,5.433273844933573,-0.009914733293681088,4.579207892389845
NARC1HR,LAURUSLABS,2026-07-27 11:15:00,2026-07-27 12:15:00,Healthcare,Largecap,1685.9,0.5007451564828624,0.6524704905391809,0.004171146947493034,0.648299343591688,0.8066907883029772,-0.011863099827991164,0.23497818607064805,0.9253217865828223,0.03279218533429452,0.8925296012485278,0.9549795361528002,-0.011863099827991164,0.29421428776756925,1.0142950352927116,0.04659423628822987,0.9677007990044817,1.2515570318524238,-0.011863099827991164,0.40066066697857544,2.4260039148229273,0.1090736543180427,2.3169302605048845,2.669197461296635,-0.011863099827991164,0.5095724824276158,3.469956699685617,0.18917061119079345,3.2807860884948234,3.962275342547006,-0.011863099827991164,1.4254017331423303,5.563793819324991,0.9982395269068653,4.565554292418126,6.643335903671632,-0.011863099827991164,2.4576727534419462,8.405006228127387,2.792130759323584,5.612875468803804,9.039682068924604,-0.011863099827991164,4.579207892389845
NARC1HR,IEX,2026-07-27 11:15:00,2026-07-27 12:15:00,Financials,Midcap,126.76,0.1659423152904127,0.433890817292526,0.004171146947493034,0.42971967034503294,2.153676238561064,-0.10255601136005543,0.23497818607064805,0.03155569580308715,0.03279218533429452,-0.00123648953120737,2.153676238561064,-0.6942253076680394,0.29421428776756925,-0.27611233827706805,0.04659423628822987,-0.32270657456529794,2.153676238561064,-0.6942253076680394,0.40066066697857544,-0.6942253076680394,0.1090736543180427,-0.8032989619860821,2.153676238561064,-0.9072262543389109,0.5095724824276158,2.161565162511825,0.18917061119079345,1.9723945513210315,3.1082360366045947,-0.9072262543389109,1.4254017331423303,5.041022404544027,0.9982395269068653,4.042782877637161,6.011360050489101,-0.9072262543389109,2.4576727534419462,4.993688860839374,2.792130759323584,2.20155810151579,6.311139160618473,-0.9072262543389109,4.579207892389845
NARC1HR,KFINTECH,2026-07-27 11:15:00,2026-07-27 12:15:00,Financials,Midcap,920.65,2.4823287137529793,1.015586813664271,0.004171146947493034,1.011415666716778,1.4500624558735797,0.0,0.23497818607064805,1.069896268940429,0.03279218533429452,1.0371040836061345,1.4500624558735797,0.0,0.29421428776756925,1.5586813664258958,0.04659423628822987,1.512087130137666,1.9171237712485745,0.0,0.40066066697857544,2.4819421061206715,0.1090736543180427,2.3728684518026286,2.4819421061206715,0.0,0.5095724824276158,5.653614294248643,0.18917061119079345,5.4644436830578496,6.718079617661443,0.0,1.4254017331423303,3.4758051376744703,0.9982395269068653,2.4775656107676047,6.718079617661443,0.0,2.4576727534419462,2.9598653125509244,2.792130759323584,0.16773455322734065,6.718079617661443,0.0,4.579207892389845
NARC1HR,CONCOR,2026-07-27 12:15:00,2026-07-27 13:15:00,Transportation,Largecap,510.0,1.1302795954788891,0.19607843137254832,-0.06304352188600518,0.2591219532585535,0.460784313725493,-0.019607843137259273,0.19337395272887994,0.14705882352941124,-0.04167134722636365,0.1887301707557749,0.460784313725493,-0.019607843137259273,0.23415169686265933,-0.11764705882353343,0.034333597763141266,-0.1519806565866747,0.764705882352934,-0.1862745098039187,0.32087846903223444,-0.019607843137259273,0.023476753042389675,-0.04308459617964895,0.764705882352934,-0.36274509803921884,0.4817499268368987,2.9215686274509656,0.06763444891790404,2.8539341785330614,3.5196078431372735,-0.36274509803921884,1.3737804691941136,3.088235294117636,1.0696251766674274,2.0186101174502085,4.019607843137263,-0.36274509803921884,2.4649138860858275,2.86274509803921,2.601009277345436,0.2617358206937741,4.25490196078433,-0.36274509803921884,4.513926999497442
NARC1HR,DIVISLAB,2026-07-27 12:15:00,2026-07-27 13:15:00,Healthcare,Largecap,7441.5,0.7923608289313266,-0.12766243364913388,-0.06304352188600518,-0.0646189117631287,0.14110058455956143,-0.2956393200295615,0.19337395272887994,-0.22172949002217113,-0.04167134722636365,-0.18005814279580748,0.14110058455956143,-0.2956393200295615,0.23415169686265933,-0.32923469730564703,0.034333597763141266,-0.3635682950687883,0.14110058455956143,-0.44345898004434225,0.32087846903223444,-0.020157226365646874,0.023476753042389675,-0.04363397940803655,0.14110058455956143,-0.4837734327756471,0.4817499268368987,-1.1758382046630378,0.06763444891790404,-1.243472653580942,0.503930659141294,-1.222871732849562,1.3737804691941136,4.55553315863737,1.0696251766674274,3.485907981969943,4.589128535913467,-1.222871732849562,2.4649138860858275,13.68003762682255,2.601009277345436,11.079028349477113,14.224282738695159,-1.222871732849562,4.513926999497442
NARC1HR,RECLTD,2026-07-27 12:15:00,2026-07-27 13:15:00,Financials,Largecap,366.75,0.4656896315573089,0.09543285616906427,-0.06304352188600518,0.15847637805506945,0.24539877300613355,-0.2044989775051076,0.19337395272887994,0.08179959100205192,-0.04167134722636365,0.12347093822841557,0.24539877300613355,-0.2044989775051076,0.23415169686265933,0.12269938650306678,0.034333597763141266,0.08836578873992551,0.39536468984322504,-0.2044989775051076,0.32087846903223444,0.5589638718473067,0.023476753042389675,0.535487118804917,0.572597137014319,-0.2044989775051076,0.4817499268368987,0.531697341513282,0.06763444891790404,0.4640628925953779,1.4587593728698112,-0.4089979550102263,1.3737804691941136,2.5357873210633874,1.0696251766674274,1.46616214439596,3.258350374914798,-0.4089979550102263,2.4649138860858275,0.6952965235173858,2.601009277345436,-1.90571275382805,3.258350374914798,-0.4089979550102263,4.513926999497442
NARC1HR,ICICIPRULI,2026-07-27 12:15:00,2026-07-27 13:15:00,Financials,Largecap,508.05,0.04923198109492155,0.02952465308532215,-0.06304352188600518,0.09256817497132733,0.09841551028442197,-0.10825706131286639,0.19337395272887994,-0.019683102056888835,-0.04167134722636365,0.021988245169474813,0.09841551028442197,-0.10825706131286639,0.23415169686265933,0.15746481645506627,0.034333597763141266,0.123131218691925,0.16730636748349959,-0.10825706131286639,0.32087846903223444,0.18698946954038842,0.023476753042389675,0.16351271649799876,0.5019191024505432,-0.10825706131286639,0.4817499268368987,0.15746481645506627,0.06763444891790404,0.08983036753716223,0.570809959649643,-0.2854049798248215,1.3737804691941136,0.3936620411376879,1.0696251766674274,-0.6759631355297395,1.0530459600432973,-0.2854049798248215,2.4649138860858275,2.1356165731719168,2.601009277345436,-0.4653927041735191,2.5981694715087045,-0.2854049798248215,4.513926999497442
NARC1HR,KFINTECH,2026-07-27 12:15:00,2026-07-27 13:15:00,Financials,Midcap,932.2,1.2545484168793752,0.34863763140957627,-0.06304352188600518,0.4116811532955814,0.6543660158764064,0.0,0.19337395272887994,0.49881999570906554,-0.04167134722636365,0.5404913429354292,0.659729671744258,0.0,0.23415169686265933,1.2121862261317284,0.034333597763141266,1.177852628368587,1.2121862261317284,0.0,0.32087846903223444,1.7056425659729646,0.023476753042389675,1.682165812930575,2.4780090109418396,0.0,0.4817499268368987,3.9315597511263567,0.06763444891790404,3.8639253022084525,5.395837803046555,0.0,1.3737804691941136,2.0489165415146893,1.0696251766674274,0.9792913648472619,5.395837803046555,0.0,2.4649138860858275,1.1317313881141322,2.601009277345436,-1.4692778892313036,5.395837803046555,-1.0298219266251851,4.513926999497442
NARC1HR,SUNPHARMA,2026-07-27 13:15:00,2026-07-27 14:15:00,Healthcare,Largecap,1971.5,-0.17721518987341423,0.10144559979710088,0.006585941322727232,0.09485965847437365,0.1572406796855219,-0.09130103981739301,0.20744641530071917,-0.015216839969567353,-0.0013728846116280071,-0.013843955357939346,0.1572406796855219,-0.09130103981739301,0.2446389933830684,0.17752979964493765,0.030089260832585056,0.14744053881235258,0.27897539944203853,-0.09130103981739301,0.38939320038894326,0.634034998731936,-0.010178558374888182,0.6442135571068243,0.8775044382449915,-0.09130103981739301,1.0460780152034437,0.4767943190464141,0.1252134083065471,0.351580910739867,1.0905401978189122,-0.09130103981739301,1.4169983955919239,0.38549327922901,1.2528598183762236,-0.8673665391472136,1.0905401978189122,-0.5630230788739476,2.5781865945166986,-1.1108293177783501,2.597386134632902,-3.708215452411252,3.8244991123510097,-1.7499365965001235,4.538772746885392
NARC1HR,LAURUSLABS,2026-07-27 13:15:00,2026-07-27 14:15:00,Healthcare,Largecap,1722.8,1.2280392502497017,0.34827025771999587,0.006585941322727232,0.34168431639726865,0.4701648479219944,-0.081263060134662,0.20744641530071917,-0.046436034362662415,-0.0013728846116280071,-0.045063149751034405,0.6791270025539919,-0.162526120269324,0.2446389933830684,-0.6849315068493178,0.030089260832585056,-0.7150207676819028,0.6791270025539919,-1.0390062688646284,0.38939320038894326,0.6094729510099928,-0.010178558374888182,0.619651509384881,1.34664499651731,-1.0390062688646284,1.0460780152034437,1.6484792198746323,0.1252134083065471,1.5232658115680853,1.7993963315532824,-1.0390062688646284,1.4169983955919239,3.337589969816568,1.2528598183762236,2.0847301514403442,4.35918272579523,-1.0390062688646284,2.5781865945166986,5.287903413048545,2.597386134632902,2.690517278415643,6.704202461109832,-1.0390062688646284,4.538772746885392
NARC1HR,KFINTECH,2026-07-27 13:15:00,2026-07-27 14:15:00,Financials,Midcap,936.4,0.45054709289851225,1.4630499786416173,0.006585941322727232,1.4564640373188902,1.8688594617684684,-0.0320375907731707,0.20744641530071917,1.270824434002571,-0.0013728846116280071,1.272197318614199,2.018368218709954,-0.0320375907731707,0.2446389933830684,1.2494660401537905,0.030089260832585056,1.2193767793212054,2.018368218709954,-0.0320375907731707,0.38939320038894326,0.576676633917117,-0.010178558374888182,0.5868551922920052,2.1732165741136233,-0.0320375907731707,1.0460780152034437,3.8017941050833004,0.1252134083065471,3.676580696776753,4.923109782144386,-0.0320375907731707,1.4169983955919239,1.804784280222127,1.2528598183762236,0.5519244618459034,4.923109782144386,-0.0320375907731707,2.5781865945166986,0.6514310123878708,2.597386134632902,-1.945955122245031,4.923109782144386,-1.4737291755659965,4.538772746885392
NARC1HR,KFINTECH,2026-07-27 14:15:00,2026-07-27 15:15:00,Financials,Midcap,948.85,1.3295600170867283,-0.3530589661168815,0.01692280790853795,-0.36998177402541943,0.8325868156189076,-0.8167782051957673,0.7637742536670658,-0.45844970227116866,0.07761589642940933,-0.536065598700578,0.8325868156189076,-0.8167782051957673,0.8904073753155641,-0.7430046898877607,-0.04553072906354851,-0.6974739608242122,0.8325868156189076,-0.8273172788111904,0.9643331275654514,1.4912789165832274,0.23406196397331727,1.2572169526099102,1.5861305791220914,-0.8273172788111904,1.1100055865866305,2.229014069663271,0.20101875240200293,2.027995317261268,3.546398271591933,-0.8273172788111904,1.4252110966143754,-0.14227749380829602,1.1481050341825114,-1.2903825279908074,3.546398271591933,-0.8273172788111904,2.5759634625659706,-0.9854033830426379,2.7178287420293397,-3.7032321250719775,3.546398271591933,-2.7665068240501633,4.769354056509558
NARC1HR,DABUR,2026-07-28 09:15:00,2026-07-28 10:15:00,FMCG,Largecap,431.6,0.9945009945010019,1.0542168674698704,0.22547489767497148,0.828741969794899,1.4828544949026856,-0.023169601482864177,0.4440636955372522,0.810936051899902,0.25599514146223407,0.5549409104376679,1.4828544949026856,-0.023169601482864177,0.5427608902233473,-0.23169601482854185,0.2266043476429233,-0.45830036247146516,1.4828544949026856,-0.23169601482854185,0.6777563316679992,-1.8767377201112212,0.13363336298018494,-2.0103710830914063,1.4828544949026856,-2.004170528266924,0.7599797720852881,-0.32437442075997636,0.7009328360844505,-1.0253072568444268,1.4828544949026856,-2.108433734939763,1.8542563260080291,-2.8151065801668262,0.8453369627445105,-3.6604435429113367,1.4828544949026856,-3.7187210379981517,2.70421983596191,-3.938832252085267,2.804386911503466,-6.7432191635887335,1.4828544949026856,-3.9967562557923997,4.887992665497467
NARC1HR,INFY,2026-07-28 09:15:00,2026-07-28 10:15:00,I.T,Largecap,1110.0,1.185050136736554,-0.2702702702702675,0.22547489767497148,-0.495745167945239,0.34234234234233885,-0.35135135135135886,0.4440636955372522,-0.2702702702702675,0.25599514146223407,-0.5262654117325016,0.34234234234233885,-0.35135135135135886,0.5427608902233473,-0.3153153153153121,0.2266043476429233,-0.5419196629582355,0.34234234234233885,-0.4234234234234302,0.6777563316679992,0.3153153153153232,0.13363336298018494,0.18168195233513826,0.765765765765769,-0.5045045045044994,0.7599797720852881,3.6936936936937004,0.7009328360844505,2.99276085760925,4.162162162162164,-0.540540540540535,1.8542563260080291,6.441441441441431,0.8453369627445105,5.596104478696921,7.000000000000006,-0.540540540540535,2.70421983596191,4.324324324324325,2.804386911503466,1.5199374128208585,7.000000000000006,-0.540540540540535,4.887992665497467
NARC1HR,NESTLEIND,2026-07-28 09:15:00,2026-07-28 10:15:00,FMCG,Largecap,1477.8,1.5949401897428883,0.5142779807822517,0.22547489767497148,0.28880308310728026,0.5548788740018962,-0.24360535931789995,0.4440636955372522,0.6834483691974702,0.25599514146223407,0.42745322773523614,0.7917174177831887,-0.24360535931789995,0.5427608902233473,0.6428474759778036,0.2266043476429233,0.41624312833488025,0.9202869129787628,-0.24360535931789995,0.6777563316679992,0.040600893219666645,0.13363336298018494,-0.0930324697605183,0.9202869129787628,-0.24360535931789995,0.7599797720852881,1.360129922858322,0.7009328360844505,0.6591970867738715,2.469887670862092,-0.24360535931789995,1.8542563260080291,3.1398024089863474,0.8453369627445105,2.294465446241837,3.708214914061436,-0.24360535931789995,2.70421983596191,3.4849100013533585,2.804386911503466,0.6805230898498924,3.931519826769536,-0.24360535931789995,4.887992665497467
NARC1HR,WIPRO,2026-07-28 09:15:00,2026-07-28 10:15:00,I.T,Largecap,180.85,1.2881545785494053,0.11058888581698678,0.22547489767497148,-0.1148860118579847,0.27647221454243365,-0.1603538844346053,0.4440636955372522,0.1935305501796991,0.25599514146223407,-0.062464591282534954,0.40364943323196734,-0.1603538844346053,0.5427608902233473,0.033176665745093814,0.2266043476429233,-0.1934276818978295,0.40364943323196734,-0.1603538844346053,0.6777563316679992,0.044235554326799154,0.13363336298018494,-0.08939780865338579,0.40364943323196734,-0.1603538844346053,0.7599797720852881,2.1786010505944198,0.7009328360844505,1.4776682145099693,2.5158971523361995,-0.24329554879733983,1.8542563260080291,4.948852640309664,0.8453369627445105,4.103515677565154,5.391208183577545,-0.24329554879733983,2.70421983596191,4.174730439590824,2.804386911503466,1.3703435280873575,5.800387061100354,-0.24329554879733983,4.887992665497467
NARC1HR,SUNPHARMA,2026-07-28 09:15:00,2026-07-28 10:15:00,Healthcare,Largecap,1984.0,0.2627855265817658,0.11088709677420372,0.22547489767497148,-0.11458780090076776,0.4536290322580738,0.0,0.4440636955372522,-0.06552419354838301,0.25599514146223407,-0.3215193350106171,0.4536290322580738,-0.4838709677419284,0.5427608902233473,-0.07560483870967527,0.2266043476429233,-0.3022091863525986,0.4536290322580738,-0.4838709677419284,0.6777563316679992,-0.12600806451612545,0.13363336298018494,-0.25964142749631036,0.4536290322580738,-0.4838709677419284,0.7599797720852881,-0.6048387096774244,0.7009328360844505,-1.3057715457618748,0.4536290322580738,-1.1895161290322531,1.8542563260080291,0.8719758064516192,0.8453369627445105,0.026638843707108673,1.3860887096774244,-1.1895161290322531,2.70421983596191,-1.5322580645161343,2.804386911503466,-4.336644976019601,3.1703629032258096,-2.459677419354833,4.887992665497467
NARC1HR,MPHASIS,2026-07-28 09:15:00,2026-07-28 10:15:00,I.T,Largecap,2441.6,2.817197961847806,-0.5692988204456184,0.22547489767497148,-0.7947737181205898,0.22116644823066967,-0.7781782437745743,0.4440636955372522,-0.4587155963302725,0.25599514146223407,-0.7147107377925066,0.22116644823066967,-0.7781782437745743,0.5427608902233473,-0.3399410222804655,0.2266043476429233,-0.5665453699233889,0.22116644823066967,-0.7781782437745743,0.6777563316679992,-0.42185452162515347,0.13363336298018494,-0.5554878846053384,0.22116644823066967,-1.089449541284404,0.7599797720852881,-0.27850589777194124,0.7009328360844505,-0.9794387338563917,1.245085190039319,-1.6669397116644724,1.8542563260080291,-1.4580602883355165,0.8453369627445105,-2.303397251080027,1.245085190039319,-3.9564220183486154,2.70421983596191,-1.9454456094364359,2.804386911503466,-4.749832520939902,1.245085190039319,-8.981815203145471,4.887992665497467
NARC1HR,HCLTECH,2026-07-28 09:15:00,2026-07-28 10:15:00,I.T,Largecap,1335.6,2.6594926979246702,0.05241090146750338,0.22547489767497148,-0.1730639962074681,0.15723270440253234,-0.25456723569929895,0.4440636955372522,0.2620545073375169,0.25599514146223407,0.0060593658752828294,0.47918538484577056,-0.25456723569929895,0.5427608902233473,0.29200359389038866,0.2266043476429233,0.06539924624746535,0.47918538484577056,-0.25456723569929895,0.6777563316679992,0.17969451931716396,0.13363336298018494,0.04606115633697902,0.47918538484577056,-0.25456723569929895,0.7599797720852881,0.696316262354002,0.7009328360844505,-0.004616573730448437,1.0631925726265479,-1.5049415992812176,1.8542563260080291,2.186283318358795,0.8453369627445105,1.3409463556142844,2.5681341719077766,-1.5049415992812176,2.70421983596191,2.118897873614878,2.804386911503466,-0.6854890378885883,3.0173704702006754,-3.0922431865828104,4.887992665497467
NARC1HR,TCS,2026-07-28 09:15:00,2026-07-28 10:15:00,I.T,Largecap,2398.4,3.1569892473118255,0.04169446297532797,0.22547489767497148,-0.1837804346996435,0.08755837224816432,-0.3085390260173515,0.4440636955372522,0.1626084056037369,0.25599514146223407,-0.09338673585849716,0.2710140093395541,-0.3085390260173515,0.5427608902233473,0.3085390260173515,0.2266043476429233,0.0819346783744282,0.4503002001334133,-0.3085390260173515,0.6777563316679992,0.38775850567043246,0.13363336298018494,0.25412514269024755,0.7921947965310316,-0.3085390260173515,0.7599797720852881,2.1931287525016607,0.7009328360844505,1.4921959164172103,3.2146430953969185,-0.3085390260173515,1.8542563260080291,3.4981654436290865,0.8453369627445105,2.652828480884576,4.027685123415603,-0.3085390260173515,2.70421983596191,1.9721480987324735,2.804386911503466,-0.8322388127709925,4.027685123415603,-3.0145096731154175,4.887992665497467
NARC1HR,COFORGE,2026-07-28 09:15:00,2026-07-28 10:15:00,I.T,Largecap,1674.2,6.636942675159241,-0.2448930832636531,0.22547489767497148,-0.4703679809386246,0.34643411778758626,-0.8003822721299736,0.4440636955372522,-0.17321705889380423,0.25599514146223407,-0.4292122003560383,0.34643411778758626,-0.8003822721299736,0.5427608902233473,0.13737904670887424,0.2266043476429233,-0.08922530093404907,0.34643411778758626,-0.8003822721299736,0.6777563316679992,0.017919006092448342,0.13363336298018494,-0.1157143568877366,0.34643411778758626,-0.8003822721299736,0.7599797720852881,3.5838012184924217,0.7009328360844505,2.8828683824079713,5.417512841954375,-0.8003822721299736,1.8542563260080291,5.0471867160434725,0.8453369627445105,4.201849753298962,5.417512841954375,-0.8003822721299736,2.70421983596191,4.378210488591572,2.804386911503466,1.5738235770881057,6.008840043005614,-0.8003822721299736,4.887992665497467
NARC1HR,TECHM,2026-07-28 09:15:00,2026-07-28 10:15:00,I.T,Largecap,1618.8,1.2382739212007499,-0.024709661477628764,0.22547489767497148,-0.25018455915260024,0.42624166048925716,-0.16679021497405522,0.4440636955372522,0.6115641215715506,0.25599514146223407,0.35556898010931653,0.6918705213738496,-0.16679021497405522,0.5427608902233473,0.7042253521126751,0.2266043476429233,0.4776210044697518,0.9389671361502483,-0.16679021497405522,0.6777563316679992,0.9883864591055058,0.13363336298018494,0.8547530961253209,1.2478379046207078,-0.16679021497405522,0.7599797720852881,2.3041759327897093,0.7009328360844505,1.6032430967052589,3.34815913021993,-0.16679021497405522,1.8542563260080291,3.9103039288361785,0.8453369627445105,3.064966966091668,3.984432913269087,-0.16679021497405522,2.70421983596191,1.612305411415882,2.804386911503466,-1.1920815000875842,4.1882876204595965,-0.51272547566098,4.887992665497467
NARC1HR,NAUKRI,2026-07-28 09:15:00,2026-07-28 10:15:00,I.T,Largecap,1238.05,3.1708333333333227,0.33520455555107187,0.22547489767497148,0.1097296578761004,1.1711966398772367,-0.06461774564839873,0.4440636955372522,0.13327410039982723,0.25599514146223407,-0.12272104106240683,1.1711966398772367,-0.13327410039981613,0.5427608902233473,-0.0040386091030186755,0.2266043476429233,-0.23064295674594198,1.1711966398772367,-0.13327410039981613,0.6777563316679992,0.22212350066637132,0.13363336298018494,0.08849013768618638,1.1711966398772367,-0.4159767376115564,0.7599797720852881,1.7446791325067768,0.7009328360844505,1.0437462964223263,2.4918218165663752,-0.8481079116352319,1.8542563260080291,2.039497597027573,0.8453369627445105,1.1941606342830626,2.4918218165663752,-0.8481079116352319,2.70421983596191,2.0637292516457295,2.804386911503466,-0.7406576598577366,3.129922054844303,-2.7422155809539217,4.887992665497467
NARC1HR,GODREJPROP,2026-07-28 09:15:00,2026-07-28 10:15:00,Realty,Largecap,2113.9,1.972986010612643,-0.04257533468944308,0.22547489767497148,-0.26805023236441455,0.340602677515478,-0.17976252424429795,0.4440636955372522,0.08515066937886395,0.25599514146223407,-0.1708444720833701,0.340602677515478,-0.17976252424429795,0.5427608902233473,0.477789867070344,0.2266043476429233,0.2511855194274207,0.6291688348549984,-0.17976252424429795,0.6777563316679992,0.5061734235299653,0.13363336298018494,0.3725400605497804,0.7994701736127485,-0.17976252424429795,0.7599797720852881,1.518520270589896,0.7009328360844505,0.8175874345054455,2.2754151095132125,-0.17976252424429795,1.8542563260080291,-0.07568948389232721,0.8453369627445105,-0.9210264466368377,3.126921803301941,-0.27910497185297256,2.70421983596191,-3.1127300250721524,2.804386911503466,-5.917116936575619,3.126921803301941,-3.2451866218837333,4.887992665497467
NARC1HR,LTM,2026-07-28 09:15:00,2026-07-28 10:15:00,I.T,Largecap,4360.5,2.861388941309695,0.2912510033252991,0.22547489767497148,0.0657761056503276,0.5618621717693006,-0.27290448343079143,0.4440636955372522,0.15823873409011036,0.25599514146223407,-0.09775640737212371,0.5985552115583159,-0.27290448343079143,0.5427608902233473,0.03439972480219211,0.2266043476429233,-0.1922046228407312,0.5985552115583159,-0.27290448343079143,0.6777563316679992,-0.5137025570462028,0.13363336298018494,-0.6473359200263877,0.5985552115583159,-0.94713908955395,0.7599797720852881,1.3255360623781742,0.7009328360844505,0.6246032262937238,2.923976608187129,-1.552574246072691,1.8542563260080291,3.4904254099300536,0.8453369627445105,2.645088447185543,3.6280243091388664,-1.552574246072691,2.70421983596191,5.522302488246766,2.804386911503466,2.7179155767433003,8.253640637541547,-1.7543859649122862,4.887992665497467
NARC1HR,IEX,2026-07-28 09:15:00,2026-07-28 10:15:00,Financials,Midcap,128.66,1.5469613259668558,0.20985543292399989,0.22547489767497148,-0.01561946475097159,0.34198663143167884,-0.14767604539095425,0.4440636955372522,-0.00777242344162099,0.25599514146223407,-0.26376756490385506,0.34198663143167884,-0.14767604539095425,0.5427608902233473,0.6295662987719552,0.2266043476429233,0.40296195112903194,1.1580910928027377,-0.14767604539095425,0.6777563316679992,0.6528835690968515,0.13363336298018494,0.5192502061166666,1.1580910928027377,-0.14767604539095425,0.7599797720852881,3.9950256489973635,0.7009328360844505,3.294092812912913,4.445826208611847,-0.14767604539095425,1.8542563260080291,2.285092491838947,0.8453369627445105,1.4397555290944366,4.741178299393756,-0.14767604539095425,2.70421983596191,-0.24094512669050605,2.804386911503466,-3.045332038193972,4.741178299393756,-2.059692212031705,4.887992665497467
NARC1HR,SBICARD,2026-07-28 09:15:00,2026-07-28 10:15:00,Financials,Largecap,661.35,2.495156915924057,0.408255840326599,0.22547489767497148,0.18278094265162753,0.4762984803810433,-0.11340440009072195,0.4440636955372522,0.5216602404173099,0.25599514146223407,0.2656650989550758,0.816511680653198,-0.11340440009072195,0.5427608902233473,0.27217056021773267,0.2266043476429233,0.04556621257480936,0.816511680653198,-0.11340440009072195,0.6777563316679992,0.23436909352081425,0.13363336298018494,0.10073573054062931,0.816511680653198,-0.11340440009072195,0.7599797720852881,-0.6653058138655799,0.7009328360844505,-1.3662386499500303,0.816511680653198,-1.3759733877674485,1.8542563260080291,-0.7031072805624872,0.8453369627445105,-1.5484442433069976,0.816511680653198,-1.3759733877674485,2.70421983596191,0.060482346715051705,2.804386911503466,-2.7439045647884144,1.9429953882210693,-1.3759733877674485,4.887992665497467
NARC1HR,LODHA,2026-07-28 09:15:00,2026-07-28 10:15:00,Realty,Largecap,1277.0,3.5517353227375814,0.6695379796397782,0.22547489767497148,0.44406308196480676,0.8613938919342257,-0.023492560689108988,0.4440636955372522,1.2176977290524693,0.25599514146223407,0.9617025875902352,1.3234142521534986,-0.023492560689108988,0.5427608902233473,0.7400156617071385,0.2266043476429233,0.5134113140642151,1.8010963194988294,-0.023492560689108988,0.6777563316679992,0.3993735317149527,0.13363336298018494,0.2657401687347678,1.8010963194988294,-0.06264682850429804,0.7599797720852881,1.1746280344557603,0.7009328360844505,0.4736951983713098,3.085356303837128,-0.3915426781519238,1.8542563260080291,2.8856695379796404,0.8453369627445105,2.04033257523513,5.321064996084579,-0.3915426781519238,2.70421983596191,-2.122161315583393,2.804386911503466,-4.926548227086859,5.321064996084579,-3.9624119028974114,4.887992665497467
NARC1HR,NYKAA,2026-07-28 09:15:00,2026-07-28 10:15:00,I.T,Largecap,329.7,0.6717557251908257,0.030330603579020732,0.22547489767497148,-0.19514429409595074,0.36396724294813776,-0.030330603578998527,0.4440636955372522,-0.06066120715801926,0.25599514146223407,-0.3166563486202533,0.36396724294813776,-0.06066120715801926,0.5427608902233473,0.667273278738234,0.2266043476429233,0.44066893109531075,0.758265089475274,-0.13648771610554888,0.6777563316679992,-0.24264482863208814,0.13363336298018494,-0.37627819161227305,0.8189262966332933,-0.3942978465271474,0.7599797720852881,-0.28814073400060813,0.7009328360844505,-0.9890735700850586,0.8795875037913348,-0.5762814680012052,1.8542563260080291,0.424628450106157,0.8453369627445105,-0.4207085126383535,0.8795875037913348,-1.091901728844391,2.70421983596191,1.9411586290567273,2.804386911503466,-0.8632282824467388,3.9278131634819413,-1.091901728844391,4.887992665497467
NARC1HR,PAYTM,2026-07-28 09:15:00,2026-07-28 10:15:00,I.T,Largecap,1312.1,1.5164410058027045,-0.01524274064474973,0.22547489767497148,-0.2407176383197212,0.14480603612530007,-0.23626247999389838,0.4440636955372522,-0.08383507354621234,0.25599514146223407,-0.3398302150084464,0.14480603612530007,-0.23626247999389838,0.5427608902233473,-0.2972334425729639,0.2266043476429233,-0.5238377902158873,0.14480603612530007,-0.6783019586921624,0.6777563316679992,-0.7697584025607718,0.13363336298018494,-0.9033917655409567,0.14480603612530007,-0.8993216980412999,0.7599797720852881,0.19815562838199074,0.7009328360844505,-0.5027772077024597,0.3734471457968125,-1.4480603612529563,1.8542563260080291,1.4404389909305815,0.8453369627445105,0.5951020281860709,1.7681579147930782,-1.4480603612529563,2.70421983596191,8.101516652694162,2.804386911503466,5.297129741190696,9.56481975459187,-1.4480603612529563,4.887992665497467
NARC1HR,WAAREEENER,2026-07-28 09:15:00,2026-07-28 10:15:00,Industrials,Largecap,2771.0,1.094491061656333,-0.27787802237458914,0.22547489767497148,-0.5033529200495606,0.44388307470228927,-0.3103572717430447,0.4440636955372522,-0.4330566582461226,0.25599514146223407,-0.6890517997083567,0.44388307470228927,-0.5160591844099671,0.5427608902233473,-0.5160591844099671,0.2266043476429233,-0.7426635320528905,0.44388307470228927,-0.541320822807656,0.6777563316679992,-0.5088415734391893,0.13363336298018494,-0.6424749364193743,0.44388307470228927,-0.869722121977623,0.7599797720852881,-2.4539877300613466,0.7009328360844505,-3.154920566145797,0.44388307470228927,-3.0422230241790027,1.8542563260080291,-6.48502345723565,0.8453369627445105,-7.330360419980161,0.44388307470228927,-7.578491519307107,2.70421983596191,-3.367015517863592,2.804386911503466,-6.171402429367058,0.44388307470228927,-7.578491519307107,4.887992665497467
NARC1HR,DABUR,2026-07-28 10:15:00,2026-07-28 11:15:00,FMCG,Largecap,433.6,0.4633920296570837,-0.8648523985239853,-0.10130834290008076,-0.7635440556239046,0.10378228782288446,-1.0608856088560992,0.22184219886332296,-1.291512915129156,-0.191730285582942,-1.099782629546214,0.10378228782288446,-1.4529520295202936,0.25680339400919516,-2.329335793357934,-0.15063743153630982,-2.178698361821624,0.10378228782288446,-2.4561808118081285,0.3124676181230055,-2.1217712177121872,-0.19587809493799718,-1.92589312277419,0.10378228782288446,-2.5138376383763927,0.4301377625515012,-0.4151291512915156,0.5210691823222693,-0.9361983336137849,0.10378228782288446,-2.559963099631002,1.631444378580241,-2.836715867158679,0.8141236068760432,-3.650839474034722,0.3920664206642055,-4.1628228782287895,2.446302044761717,-4.843173431734316,2.3299284890616607,-7.173101920795977,0.3920664206642055,-4.866236162361625,4.607007128700144
NARC1HR,SAIL,2026-07-28 10:15:00,2026-07-28 11:15:00,Metals & Mining,Largecap,166.2,3.101736972704705,0.06016847172083395,-0.10130834290008076,0.1614768146209147,0.47533092659448606,-0.22864019253910906,0.22184219886332296,-0.006016847172074513,-0.191730285582942,0.1857134384108675,0.47533092659448606,-0.22864019253910906,0.25680339400919516,0.4211793020457488,-0.15063743153630982,0.5718167335820586,0.631768953068601,-0.22864019253910906,0.3124676181230055,0.006016847172096718,-0.19587809493799718,0.2018949421100939,0.631768953068601,-0.24067388688325808,0.4301377625515012,4.103489771359814,0.5210691823222693,3.582420589037545,5.836341756919383,-0.6498194945848246,1.631444378580241,2.11191335740073,0.8141236068760432,1.2977897505246867,5.836341756919383,-0.6498194945848246,2.446302044761717,2.954271961492183,2.3299284890616607,0.6243434724305224,5.836341756919383,-0.6498194945848246,4.607007128700144
NARC1HR,TITAN,2026-07-28 10:15:00,2026-07-28 11:15:00,Consumer Discretionary,Largecap,4790.7,0.9439726922185532,0.4633978333020261,-0.10130834290008076,0.5647061762021068,0.5740288475588162,-0.3047571336130317,0.22184219886332296,0.48427160957689175,-0.191730285582942,0.6760018951598338,0.6742229736781624,-0.3047571336130317,0.25680339400919516,0.7744170997975308,-0.15063743153630982,0.9250545313338406,0.8203394076022441,-0.3047571336130317,0.3124676181230055,0.8808733587993389,-0.19587809493799718,1.0767514537373362,1.17519360427496,-0.3047571336130317,0.4301377625515012,1.1605819608825563,0.5210691823222693,0.639512778560287,1.5905817521447707,-0.3047571336130317,1.631444378580241,1.0207276598409587,0.8141236068760432,0.20660405296491546,1.5905817521447707,-0.3047571336130317,2.446302044761717,2.056066963074299,2.3299284890616607,-0.2738615259873618,3.0120859164631586,-0.3047571336130317,4.607007128700144
NARC1HR,WIPRO,2026-07-28 10:15:00,2026-07-28 11:15:00,I.T,Largecap,180.7,-0.08294166436273454,0.2268954067515372,-0.10130834290008076,0.3282037496516179,0.3320420586607753,-0.027670171555049805,0.22184219886332296,0.21582733812950394,-0.191730285582942,0.40755762371244597,0.3320420586607753,-0.027670171555049805,0.25680339400919516,0.1272827891533046,-0.15063743153630982,0.2779202206896144,0.3320420586607753,-0.027670171555049805,0.3124676181230055,-0.07194244604316058,-0.19587809493799718,0.1239356488948366,0.3320420586607753,-0.16048699501935992,0.4301377625515012,2.185943552850045,0.5210691823222693,1.6648743705277755,2.8002213613724347,-0.16048699501935992,1.631444378580241,4.316546762589946,0.8141236068760432,3.5024231557139025,5.888212506917556,-0.16048699501935992,2.446302044761717,4.061981184283336,2.3299284890616607,1.7320526952216757,5.888212506917556,-0.16048699501935992,4.607007128700144
NARC1HR,GAIL,2026-07-28 10:15:00,2026-07-28 11:15:00,Energy,Largecap,175.87,1.5181251443084687,0.03980212657075377,-0.10130834290008076,0.14111046947083453,0.18763859669073124,-0.6084039347245107,0.22184219886332296,-0.15352248820151848,-0.191730285582942,0.03820779738142352,0.18763859669073124,-0.6084039347245107,0.25680339400919516,-0.06254619889691782,-0.15063743153630982,0.088091232639392,0.18763859669073124,-0.6084039347245107,0.3124676181230055,-0.6595780974583465,-0.19587809493799718,-0.4637000025203493,0.18763859669073124,-1.068971399329044,0.4301377625515012,-0.29567294023995494,0.5210691823222693,-0.8167421225622242,0.6368340251321936,-1.347586285324387,1.631444378580241,-0.30704497640302586,0.8141236068760432,-1.121168583279069,0.6368340251321936,-1.347586285324387,2.446302044761717,-0.5003695911752981,2.3299284890616607,-2.830298080236959,3.7015977710809,-2.115198726331946,4.607007128700144
NARC1HR,COFORGE,2026-07-28 10:15:00,2026-07-28 11:15:00,I.T,Largecap,1672.9,-0.07764902640066129,-0.2092175264510776,-0.10130834290008076,-0.10790918355099685,0.4184350529021552,-0.4064797656763819,0.22184219886332296,0.24508338812838648,-0.191730285582942,0.4368136737113285,0.4184350529021552,-0.4064797656763819,0.25680339400919516,0.09564229780620881,-0.15063743153630982,0.24627972934251863,0.4184350529021552,-0.567876143224344,0.3124676181230055,0.3586586167732664,-0.19587809493799718,0.5545367117112636,0.7830713132882972,-0.567876143224344,0.4301377625515012,3.0844641042500953,0.5210691823222693,2.5633949219278263,5.499432123856773,-0.567876143224344,1.631444378580241,4.979377129535534,0.8141236068760432,4.165253522659491,5.499432123856773,-0.567876143224344,2.446302044761717,4.42943391714985,2.3299284890616607,2.099505428088189,6.091218841532653,-0.567876143224344,4.607007128700144
NARC1HR,TECHM,2026-07-28 10:15:00,2026-07-28 11:15:00,I.T,Largecap,1632.5,0.8463059056091016,-0.1225114854517595,-0.10130834290008076,-0.02120314255167874,0.09188361408882795,-0.3124042879019906,0.22184219886332296,-0.1837672281776448,-0.191730285582942,0.007963057405297208,0.09188361408882795,-0.3124042879019906,0.25680339400919516,0.14088820826951842,-0.15063743153630982,0.29152563980582824,0.39816232771823223,-0.3124042879019906,0.3124676181230055,-0.33690658499234694,-0.19587809493799718,-0.14102849005434975,0.39816232771823223,-0.5758039816232796,0.4301377625515012,1.261868300153135,0.5210691823222693,0.7407991178308657,2.4808575803981547,-0.5758039816232796,1.631444378580241,2.842266462480869,0.8141236068760432,2.028142855604826,3.1117917304747333,-0.5758039816232796,2.446302044761717,1.1087289433384218,2.3299284890616607,-1.221199545723239,3.313935681470137,-1.3476263399693766,4.607007128700144
NARC1HR,LTM,2026-07-28 10:15:00,2026-07-28 11:15:00,I.T,Largecap,4380.5,0.4586629973626799,-1.1756648784385315,-0.10130834290008076,-1.0743565355384508,0.07989955484533073,-1.37198949891566,0.22184219886332296,-1.2806757219495535,-0.191730285582942,-1.0889454363666116,0.07989955484533073,-1.37198949891566,0.25680339400919516,-0.9679260358406494,-0.15063743153630982,-0.8172886043043396,0.07989955484533073,-1.3993836320054798,0.3124676181230055,-1.518091542061406,-0.19587809493799718,-1.3222134471234088,0.07989955484533073,-2.0020545599817363,0.4301377625515012,0.8903093254194694,0.5210691823222693,0.3692401430972001,2.454057755963923,-2.0020545599817363,1.631444378580241,2.246318913366041,0.8141236068760432,1.432195306489998,3.1548909941787384,-2.0020545599817363,2.446302044761717,4.835064490354979,2.3299284890616607,2.505136001293318,7.759388197694328,-2.202944869307155,4.607007128700144
NARC1HR,POLYCAB,2026-07-28 10:15:00,2026-07-28 11:15:00,Industrials,Largecap,9117.0,0.5514503143266847,0.09871668311944859,-0.10130834290008076,0.20002502601952935,0.12065372381264705,-0.016452780519904397,0.22184219886332296,-0.28518152901173544,-0.191730285582942,-0.09345124342879343,0.12065372381264705,-0.28518152901173544,0.25680339400919516,0.049358341559724295,-0.15063743153630982,0.1999957730960341,0.12065372381264705,-0.28518152901173544,0.3124676181230055,0.12613798398595222,-0.19587809493799718,0.3220160789239494,0.2906657891850406,-0.28518152901173544,0.4301377625515012,-1.1407261160469417,0.5210691823222693,-1.661795298369211,0.575847318196776,-1.5575298892179457,1.631444378580241,-1.2723483602062102,0.8141236068760432,-2.0864719670822534,0.575847318196776,-2.259515191400685,2.446302044761717,0.7568279039157577,2.3299284890616607,-1.573100585145903,1.0749149939673242,-2.873752330810575,4.607007128700144
NARC1HR,TITAN,2026-07-28 11:15:00,2026-07-28 12:15:00,Consumer Discretionary,Largecap,4830.0,0.8203394076022441,0.051759834368536595,0.045004135873073045,0.00675569849546355,0.20703933747412417,-0.15113871635611398,0.25910205653631585,0.27329192546583503,0.022451985397865453,0.25083994006796956,0.351966873706,-0.15734989648034103,0.3180603994484402,0.0600414078674838,-0.026347743377671245,0.08638915124515505,0.351966873706,-0.15734989648034103,0.38553412161394696,0.3913043478260825,0.024773957178179054,0.36653039064790344,0.43478260869564966,-0.15734989648034103,0.5560380837735048,0.21739130434783593,0.8221588018229444,-0.6047674974751085,0.763975155279506,-0.15734989648034103,1.8894485180088272,0.3871635610765978,0.77947590707041,-0.39231234599381226,0.763975155279506,-0.1884057971014541,2.625282274284332,1.3457556935817738,2.3270462368905824,-0.9812905433088086,2.1739130434782705,-0.1884057971014541,4.758004587773877
NARC1HR,LODHA,2026-07-28 11:15:00,2026-07-28 12:15:00,Realty,Largecap,1282.8,-0.8195453842585576,-0.07405675085749852,0.045004135873073045,-0.11906088673057157,0.25724976613656914,-0.2650452135952497,0.25910205653631585,-0.13252260679763594,0.022451985397865453,-0.1549745921955014,0.25724976613656914,-0.2650452135952497,0.3180603994484402,-0.5846585594013076,-0.026347743377671245,-0.5583108160236364,0.25724976613656914,-0.8419083255378879,0.38553412161394696,0.07015902712816935,0.024773957178179054,0.045385069949990295,0.5417835983785535,-0.8419083255378879,0.5560380837735048,1.9176800748363032,0.8221588018229444,1.0955212730133588,4.844870595572193,-0.8419083255378879,1.8894485180088272,1.4889304646086732,0.77947590707041,0.7094545575382631,4.844870595572193,-0.8419083255378879,2.625282274284332,-3.4222014343623264,2.3270462368905824,-5.749247671252909,4.844870595572193,-4.396632366697839,4.758004587773877
NARC1HR,MARICO,2026-07-28 13:15:00,2026-07-28 14:15:00,FMCG,Largecap,876.8,1.4227877385772025,0.8838959854014616,-0.04925341018498056,0.9331493955864422,1.0606751824817628,0.0,0.2064932370736169,0.8781934306569372,-0.022259912301512166,0.9004533429584494,1.0834854014598605,0.0,0.2544985016259391,0.78125,0.06016937041336216,0.7210806295866379,1.0834854014598605,0.0,0.44557975127965893,-0.005702554744524413,0.5468745075386728,-0.5525770622831973,1.0834854014598605,-0.6044708029196988,1.4718364636152292,0.2223996350364965,1.0736017551927208,-0.8512021201562243,1.0834854014598605,-0.6044708029196988,2.039243984603959,0.9466240875912524,0.429637749429069,0.5169863381621833,1.4028284671532942,-0.6044708029196988,2.576850776363042,-0.9865419708029122,2.1869284589865203,-3.1734704297894325,1.4028284671532942,-2.8113594890510907,4.690159852440553
NARC1HR,KALYANKJIL,2026-07-28 13:15:00,2026-07-28 14:15:00,Consumer Discretionary,Largecap,600.35,1.0945524964216524,0.4414091779795015,-0.04925341018498056,0.4906625881644821,0.4414091779795015,-0.21654035146165818,0.2064932370736169,0.9661031065211878,-0.022259912301512166,0.9883630188227,1.007745481802269,-0.21654035146165818,0.2544985016259391,1.2742566836012381,0.06016937041336216,1.214087313187876,1.7739651869742579,-0.21654035146165818,0.44557975127965893,2.257016740234863,0.5468745075386728,1.7101422326961901,3.9893395519280395,-0.21654035146165818,1.4718364636152292,4.738902306987569,1.0736017551927208,3.6653005517948483,5.721662363621216,-0.21654035146165818,2.039243984603959,6.437911218455894,0.429637749429069,6.008273469026825,8.095277754643138,-0.21654035146165818,2.576850776363042,-0.8578329307903698,2.1869284589865203,-3.04476138977689,8.095277754643138,-2.2986591155159553,4.690159852440553
NARC1HR,MARICO,2026-07-28 14:15:00,2026-07-28 15:15:00,FMCG,Largecap,881.85,0.5759580291970989,-0.25514543289675284,0.4910762336610544,-0.7462216665578072,0.3572036060554451,-0.6577082270227463,1.2411014007302064,-0.47627147474060827,0.636678967507294,-1.1129504422479024,0.3572036060554451,-0.8901740658842194,1.3526657739206778,-0.5783296478993005,0.5710922921742311,-1.1494219400735317,0.3572036060554451,-1.1736689913250609,1.485590047585003,-0.9922322390429228,0.659761889303022,-1.6519941283459447,0.3572036060554451,-1.1736689913250609,1.5898131535303257,-0.37988320009072485,1.0284403728149063,-1.4083235729056311,0.3572036060554451,-1.1736689913250609,2.123665494375714,0.5839995464081094,0.9066501032584852,-0.3226505568503758,0.8221352837784135,-1.1736689913250609,2.666429406068777,-2.330328287123673,3.059687986841715,-5.390016273965388,0.8221352837784135,-3.96892895617168,4.9666174725328425
NARC1HR,KALYANKJIL,2026-07-28 14:15:00,2026-07-28 15:15:00,Consumer Discretionary,Largecap,607.05,1.1160156575330982,2.059138456469811,0.4910762336610544,1.5680622228087568,2.8416110699283514,-0.008236553825868853,1.2411014007302064,1.7296763034346352,0.636678967507294,1.092997335927341,2.8416110699283514,-0.008236553825868853,1.3526657739206778,1.128407874145454,0.5710922921742311,0.5573155819712229,2.8416110699283514,-0.008236553825868853,1.485590047585003,3.6076105757351318,0.659761889303022,2.94784868643211,4.554814265711249,-0.008236553825868853,1.5898131535303257,3.887653405815006,1.0284403728149063,2.8592130330000995,4.554814265711249,-0.008236553825868853,2.123665494375714,4.077094143810234,0.9066501032584852,3.1704440405517484,6.902232106086825,-0.008236553825868853,2.666429406068777,-5.444362078906173,3.059687986841715,-8.504050065747888,6.902232106086825,-5.650275924553161,4.9666174725328425
NARC1HR,SAIL,2026-07-29 09:15:00,2026-07-29 10:15:00,Metals & Mining,Largecap,173.6,4.666586277583495,0.20161290322580072,0.11086620984520287,0.09074669338059785,0.7258064516129092,-0.10944700460829848,0.3764293309846678,-0.45506912442395686,-0.02029347421861822,-0.43477565020533865,0.7258064516129092,-0.5126728110598999,0.4188040341455338,-0.334101382488472,0.06942480621485474,-0.40352618870332674,0.7258064516129092,-0.6336405529953848,0.5348181067752437,-1.1866359447004649,0.20042448689092682,-1.3870604315913917,0.7258064516129092,-1.2269585253456228,0.7774258758789283,-2.782258064516119,0.10354559746217304,-2.885803661978292,0.7258064516129092,-2.8917050691244173,1.650766384863143,-2.465437788018432,0.9793017353268634,-3.4447395233452953,0.7258064516129092,-3.4562211981566837,2.464740522158054,-0.40322580645160144,2.4467887330470464,-2.850014539498648,1.0944700460829626,-3.4562211981566837,4.430780477119967
NARC1HR,INFY,2026-07-29 09:15:00,2026-07-29 10:15:00,I.T,Largecap,1148.2,0.10462074978203617,0.1828949660337864,0.11086620984520287,0.07202875618858354,0.6967427277477789,-0.04354642048424173,0.3764293309846678,0.9231841142657959,-0.02029347421861822,0.9434775884844142,0.9406026824595015,-0.04354642048424173,0.4188040341455338,1.2628461940428437,0.06942480621485474,1.193421387827989,1.419613307786105,-0.04354642048424173,0.5348181067752437,0.46159205713289797,0.20042448689092682,0.2611675702419711,1.419613307786105,-0.04354642048424173,0.7774258758789283,2.900191604250124,0.10354559746217304,2.796646006787951,3.440167218254664,-0.04354642048424173,1.650766384863143,-1.9770074899843282,0.9793017353268634,-2.9563092253111916,3.440167218254664,-3.570806479707367,2.464740522158054,2.212158160599187,2.4467887330470464,-0.23463057244785945,3.440167218254664,-3.570806479707367,4.430780477119967
NARC1HR,TATAELXSI,2026-07-29 09:15:00,2026-07-29 10:15:00,I.T,Largecap,3694.7,2.3462603878116273,-0.3166698243429744,0.11086620984520287,-0.4275360341881773,0.002706579695255229,-0.5169567217906734,0.3764293309846678,-0.41681327306681837,-0.02029347421861822,-0.39651979884820016,0.002706579695255229,-0.5846212141716434,0.4188040341455338,-0.500717243619242,0.06942480621485474,-0.5701420498340967,0.002706579695255229,-0.6279264892954717,0.5348181067752437,-0.8877581400384305,0.20042448689092682,-1.0881826269293573,0.002706579695255229,-1.0474463420575342,0.7774258758789283,-0.15968820201910372,0.10354559746217304,-0.2632337994812768,0.7145370395431394,-1.139470051695668,1.650766384863143,-1.5346306872005777,0.9793017353268634,-2.513932422527441,0.7145370395431394,-3.4698351692965534,2.464740522158054,2.140904538934163,2.4467887330470464,-0.30588419411288337,2.552304652610493,-3.4698351692965534,4.430780477119967
NARC1HR,TATASTEEL,2026-07-29 09:15:00,2026-07-29 10:15:00,Metals & Mining,Largecap,186.97,1.8910081743869211,0.28346793603251097,0.11086620984520287,0.1726017261873081,0.4867090977162203,-0.01069690324652095,0.3764293309846678,-0.016045354869764772,-0.02029347421861822,0.004248119348853448,0.4867090977162203,-0.12836283895812928,0.4188040341455338,0.6578595496603779,0.06942480621485474,0.5884347434455232,0.9092367759533593,-0.12836283895812928,0.5348181067752437,0.3957854201208866,0.20042448689092682,0.19536093322995976,0.9092367759533593,-0.12836283895812928,0.7774258758789283,0.058832967855804164,0.10354559746217304,-0.044712629606368876,1.080387227897539,-0.12836283895812928,1.650766384863143,-0.021393806493019696,0.9793017353268634,-1.000695541819883,1.4601272931486386,-0.4653152912231895,2.464740522158054,1.9307910359950942,2.4467887330470464,-0.5159976970519522,3.492538909985554,-0.4653152912231895,4.430780477119967
NARC1HR,LT,2026-07-29 09:15:00,2026-07-29 10:15:00,Realty,Largecap,3948.9,1.3734147969399757,-0.025323507812302637,0.11086620984520287,-0.1361897176575055,0.14940869609259,-0.2253792195294868,0.3764293309846678,-0.2253792195294868,-0.02029347421861822,-0.2050857453108686,0.14940869609259,-0.2253792195294868,0.4188040341455338,-0.12155283749905044,0.06942480621485474,-0.1909776437139052,0.14940869609259,-0.3975790726531536,0.5348181067752437,-0.5469877687457214,0.20042448689092682,-0.7474122556366483,0.14940869609259,-0.6761376585884715,0.7774258758789283,-1.2737724429587982,0.10354559746217304,-1.3773180404209713,0.14940869609259,-1.6561574109245636,1.650766384863143,-0.3216085492162457,0.9793017353268634,-1.300910284543109,0.6128288890577149,-1.6561574109245636,2.464740522158054,2.821038770290474,2.4467887330470464,0.3742500372434274,3.167970827318989,-1.6561574109245636,4.430780477119967
NARC1HR,BRITANNIA,2026-07-29 09:15:00,2026-07-29 10:15:00,FMCG,Largecap,5559.0,1.0819165378670892,0.05396654074474316,0.11086620984520287,-0.05689966910045971,0.22486058643640394,-0.18888289260657887,0.3764293309846678,-0.02698327037237158,-0.02029347421861822,-0.006689796153753362,0.22486058643640394,-0.18888289260657887,0.4188040341455338,0.02698327037236048,0.06942480621485474,-0.04244153584249426,0.22486058643640394,-0.18888289260657887,0.5348181067752437,-0.21586616297895045,0.20042448689092682,-0.4162906498698773,0.2788271271811471,-0.2878215506386006,0.7774258758789283,-0.6475984889368624,0.10354559746217304,-0.7511440863990355,0.2788271271811471,-1.3761467889908285,1.650766384863143,-3.255981291599208,0.9793017353268634,-4.235283026926071,0.2788271271811471,-3.2829645619715797,2.464740522158054,-1.798884691491276,2.4467887330470464,-4.245673424538323,0.2788271271811471,-3.5078251484079837,4.430780477119967
NARC1HR,WIPRO,2026-07-29 09:15:00,2026-07-29 10:15:00,I.T,Largecap,184.89,1.0327868852458844,-0.26502244577856215,0.11086620984520287,-0.37588865562376506,0.27583968846343065,-0.30829141651792513,0.3764293309846678,0.3299259018876066,-0.02029347421861822,0.35021937610622483,0.47055005679053075,-0.31370003786034273,0.4188040341455338,-0.12980691221806673,0.06942480621485474,-0.19923171843292148,0.47055005679053075,-0.31370003786034273,0.5348181067752437,-0.5516793769268169,0.20042448689092682,-0.7521038638177437,0.47055005679053075,-0.5624966196116521,0.7774258758789283,2.65563307912815,0.10354559746217304,2.552087481665977,3.0883227865217133,-0.9573259776083032,1.650766384863143,-0.9411001135810393,0.9793017353268634,-1.9204018489079027,3.488560765860793,-2.1959002650224324,2.464740522158054,1.384607063659482,2.4467887330470464,-1.0621816693875643,3.488560765860793,-2.1959002650224324,4.430780477119967
NARC1HR,AUROPHARMA,2026-07-29 09:15:00,2026-07-29 10:15:00,Healthcare,Largecap,1578.0,1.3682790518404264,-0.025348542458814016,0.11086620984520287,-0.1362147523040169,0.12040557667933882,-0.5069708491761693,0.3764293309846678,0.3041825095057016,-0.02029347421861822,0.3244759837243198,0.3865652724968305,-0.5069708491761693,0.4188040341455338,0.5513307984790883,0.06942480621485474,0.48190599226423353,0.754119138149556,-0.5069708491761693,0.5348181067752437,1.0012674271229427,0.20042448689092682,0.8008429402320159,1.2040557667934104,-0.5069708491761693,0.7774258758789283,1.0202788339670477,0.10354559746217304,0.9167332365048746,1.8694550063371285,-0.5069708491761693,1.650766384863143,-0.4626108998732503,0.9793017353268634,-1.4419126352001137,1.8694550063371285,-0.747782002534847,2.464740522158054,2.0025348542458854,2.4467887330470464,-0.44425387880116096,2.6615969581748944,-2.6108998732572886,4.430780477119967
NARC1HR,NMDC,2026-07-29 09:15:00,2026-07-29 10:15:00,Metals & Mining,Largecap,85.38,1.94626865671641,0.890138205668789,0.11086620984520287,0.7792719958235861,1.018973998594519,0.0,0.3764293309846678,0.8081517919887427,-0.02029347421861822,0.8284452662073609,1.018973998594519,0.0,0.4188040341455338,1.1126727570859751,0.06942480621485474,1.0432479508711203,1.2532208948231593,0.0,0.5348181067752437,1.1126727570859751,0.20042448689092682,0.9122482701950483,1.2532208948231593,0.0,0.7774258758789283,-0.24595924104005018,0.10354559746217304,-0.34950483850222325,1.2532208948231593,-0.2693839306629031,1.650766384863143,-0.3865073787772344,0.9793017353268634,-1.3658091141040978,1.2532208948231593,-0.7847271023659008,2.464740522158054,-0.16397282736003715,2.4467887330470464,-2.6107615604070835,1.2532208948231593,-2.7289763410634826,4.430780477119967
NARC1HR,MANAPPURAM,2026-07-29 09:15:00,2026-07-29 10:15:00,Financials,Largecap,366.4,1.4256055363321751,-0.5049126637554524,0.11086620984520287,-0.6157788736006553,0.027292576419224446,-0.7914847161571981,0.3764293309846678,-0.6550218340611313,-0.02029347421861822,-0.6347283598425131,0.027292576419224446,-0.7914847161571981,0.4188040341455338,-0.9825327510916915,0.06942480621485474,-1.0519575573065463,0.027292576419224446,-1.0644104803493426,0.5348181067752437,-1.2691048034934482,0.20042448689092682,-1.469529290384375,0.027292576419224446,-1.3646288209607005,0.7774258758789283,1.310043668122285,0.10354559746217304,1.2064980706601118,4.134825327510927,-1.5556768558951939,1.650766384863143,1.1053493449781682,0.9793017353268634,0.1260476096513048,4.134825327510927,-1.5556768558951939,2.464740522158054,-1.2827510917030494,2.4467887330470464,-3.7295398247500957,4.134825327510927,-3.9301310043668103,4.430780477119967
NARC1HR,JINDALSTEL,2026-07-29 09:15:00,2026-07-29 10:15:00,Metals & Mining,Largecap,1084.0,2.8072837632776793,1.060885608856088,0.11086620984520287,0.9500193990108852,1.291512915129145,-0.009225092250919609,0.3764293309846678,1.0701107011070077,-0.02029347421861822,1.090404175325626,1.291512915129145,-0.009225092250919609,0.4188040341455338,1.3468634686346848,0.06942480621485474,1.27743866241983,1.466789667896684,-0.009225092250919609,0.5348181067752437,0.405904059040596,0.20042448689092682,0.2054795721496692,1.466789667896684,-0.009225092250919609,0.7774258758789283,0.4889298892988947,0.10354559746217304,0.3853842918367216,3.3210332103321027,-0.009225092250919609,1.650766384863143,2.4907749077490715,0.9793017353268634,1.5114731724222081,3.3210332103321027,-0.009225092250919609,2.464740522158054,3.2564575645756433,2.4467887330470464,0.8096688315285969,4.0867158671586745,-0.009225092250919609,4.430780477119967
NARC1HR,TVSMOTOR,2026-07-29 09:15:00,2026-07-29 10:15:00,Auto,Largecap,4029.0,0.39870421131322775,0.4194589228096346,0.11086620984520287,0.3085927129644317,0.4839910647803425,-0.2755026061057264,0.3764293309846678,0.5212211466865124,-0.02029347421861822,0.5415146209051307,0.7619756763464824,-0.2755026061057264,0.4188040341455338,0.47158103747828584,0.06942480621485474,0.4021562312634311,0.7619756763464824,-0.2755026061057264,0.5348181067752437,0.8438818565400741,0.20042448689092682,0.6434573696491472,0.9655001241002825,-0.2755026061057264,0.7774258758789283,3.4723256391163915,0.10354559746217304,3.3687800416542184,3.8148423926532615,-0.2755026061057264,1.650766384863143,6.142963514519728,0.9793017353268634,5.163661779192864,6.346487962273506,-0.2755026061057264,2.464740522158054,10.111690245718542,2.4467887330470464,7.664901512671495,10.362372797220143,-0.2755026061057264,4.430780477119967
NARC1HR,UNITDSPR,2026-07-29 09:15:00,2026-07-29 10:15:00,FMCG,Largecap,1525.2,0.9264160931709897,-0.12457382638343395,0.11086620984520287,-0.23544003622863682,0.4261736165748653,-0.734329923944399,0.3764293309846678,-0.5573039601363794,-0.02029347421861822,-0.5370104859177611,0.4261736165748653,-0.734329923944399,0.4188040341455338,-0.4589562024652549,0.06942480621485474,-0.5283810086801096,0.4261736165748653,-0.734329923944399,0.5348181067752437,-1.0359297141358526,0.20042448689092682,-1.2363542010267794,0.4261736165748653,-1.134277471806977,0.7774258758789283,0.24259113558877665,0.10354559746217304,0.1390455381266036,0.6425386834513436,-2.0521898767374758,1.650766384863143,-0.3081563073695337,0.9793017353268634,-1.287458042696397,0.6687647521636642,-2.0521898767374758,2.464740522158054,0.15735641227379027,2.4467887330470464,-2.289432320773256,1.4948859166010964,-2.0521898767374758,4.430780477119967
NARC1HR,BAJAJ-AUTO,2026-07-29 09:15:00,2026-07-29 10:15:00,Auto,Largecap,11454.0,0.12237762237761185,0.35358826610791816,0.11086620984520287,0.24272205626271529,0.42343286188231133,-0.10476689366160086,0.3764293309846678,0.2400907979745126,-0.02029347421861822,0.2603842721931308,0.4452592980618064,-0.10476689366160086,0.4188040341455338,0.20953378732320171,0.06942480621485474,0.14010898110834696,0.4452592980618064,-0.10476689366160086,0.5348181067752437,-0.16588091496420043,0.20042448689092682,-0.3663054018551273,0.4452592980618064,-0.3099353937489058,0.7774258758789283,0.19207263837961452,0.10354559746217304,0.08852704091744149,0.6198707874978115,-1.4318142133752376,1.650766384863143,0.4889121704208188,0.9793017353268634,-0.4903895649060446,0.659158372620916,-1.4318142133752376,2.464740522158054,2.4096385542168752,2.4467887330470464,-0.03715017883017113,2.592980618124674,-1.4318142133752376,4.430780477119967
NARC1HR,DIXON,2026-07-29 09:15:00,2026-07-29 10:15:00,Consumer Discretionary,Largecap,14062.0,0.80286738351254,0.3697909258995935,0.11086620984520287,0.2589247160543906,0.4480159294552699,-0.08533636751528739,0.3764293309846678,0.22756364670744045,-0.02029347421861822,0.24785712092605866,0.4977954771725246,-0.08533636751528739,0.4188040341455338,0.19911819086901872,0.06942480621485474,0.12969338465416397,0.4977954771725246,-0.15645000711136392,0.5348181067752437,0.9813682264258272,0.20042448689092682,0.7809437395349004,1.2587114208505223,-0.15645000711136392,0.7774258758789283,2.2756364670743823,0.10354559746217304,2.172090869612209,2.9867728630351253,-0.15645000711136392,1.650766384863143,2.197411463518706,0.9793017353268634,1.2181097281918425,2.9867728630351253,-0.15645000711136392,2.464740522158054,1.863177357417145,2.4467887330470464,-0.5836113756299013,3.747688806713123,-3.4347887924903953,4.430780477119967
NARC1HR,KPITTECH,2026-07-29 09:15:00,2026-07-29 10:15:00,I.T,Midcap,632.5,3.688524590163933,-0.6877470355731274,0.11086620984520287,-0.7986132454183303,0.06324110671935834,-0.9565217391304226,0.3764293309846678,-1.4940711462450684,-0.02029347421861822,-1.4737776720264502,0.06324110671935834,-1.6205533596837962,0.4188040341455338,-1.691699604743091,0.06942480621485474,-1.7611244109579458,0.06324110671935834,-2.1264822134387407,0.5348181067752437,-3.130434782608693,0.20042448689092682,-3.3308592694996197,0.06324110671935834,-3.3438735177865553,0.7774258758789283,-6.166007905138338,0.10354559746217304,-6.269553502600511,4.766798418972318,-6.513833992094864,1.650766384863143,-7.573122529644261,0.9793017353268634,-8.552424264971124,4.766798418972318,-9.011857707509884,2.464740522158054,-0.8142292490118552,2.4467887330470464,-3.2610179820589016,4.766798418972318,-9.011857707509884,4.430780477119967
NARC1HR,KALYANKJIL,2026-07-29 09:15:00,2026-07-29 10:15:00,Consumer Discretionary,Largecap,613.55,0.25326797385620825,2.1758617879553466,0.11086620984520287,2.064995578110144,2.2573547388150983,-0.30967321326704766,0.3764293309846678,1.6217097221090437,-0.02029347421861822,1.642003196327662,3.447151821367478,-0.30967321326704766,0.4188040341455338,2.3306983945888815,0.06942480621485474,2.261273588374027,3.447151821367478,-0.30967321326704766,0.5348181067752437,2.452937820878498,0.20042448689092682,2.2525133339875714,3.447151821367478,-0.30967321326704766,0.7774258758789283,3.976856001955853,0.10354559746217304,3.87331040449368,4.27837992013691,-0.30967321326704766,1.650766384863143,1.540216771249292,0.9793017353268634,0.5609150359224286,5.769700920870369,-0.30967321326704766,2.464740522158054,-5.908238937331922,2.4467887330470464,-8.355027670378968,5.769700920870369,-6.7557656262733135,4.430780477119967
NARC1HR,KAYNES,2026-07-29 09:15:00,2026-07-29 10:15:00,Consumer Discretionary,Largecap,3400.5,3.9590339345765724,0.23525952065872602,0.11086620984520287,0.12439331081352314,0.6352007057785602,-0.0705778561976178,0.3764293309846678,0.17938538450228414,-0.02029347421861822,0.19967885872090235,0.6381414497867999,-0.0705778561976178,0.4188040341455338,0.464637553300995,0.06942480621485474,0.39521274708614024,0.6734303778856088,-0.0705778561976178,0.5348181067752437,4.593442140861637,0.20042448689092682,4.39301765397071,5.360976327010736,-0.0705778561976178,0.7774258758789283,7.06072636377002,0.10354559746217304,6.9571807663078475,9.775033083370088,-0.0705778561976178,1.650766384863143,12.612851051315976,0.9793017353268634,11.633549315989113,12.895162476106448,-0.0705778561976178,2.464740522158054,15.688869283928831,2.4467887330470464,13.242080550881784,16.38876635788855,-0.0705778561976178,4.430780477119967
NARC1HR,SWIGGY,2026-07-29 09:15:00,2026-07-29 10:15:00,I.T,Largecap,284.31,4.525735294117639,0.9461503288663797,0.11086620984520287,0.8352841190211768,1.0516689529035173,-0.26027927262495254,0.3764293309846678,0.5803524322042675,-0.02029347421861822,0.6006459064228857,1.4737434490520895,-0.26027927262495254,0.4188040341455338,0.39745348387323354,0.06942480621485474,0.3280286776583788,1.4737434490520895,-0.32710773451514186,0.5348181067752437,1.9098870950722935,0.20042448689092682,1.7094626081813666,1.997819281769897,-0.32710773451514186,0.7774258758789283,2.3847209032394012,0.10354559746217304,2.281175305777228,3.176110583517988,-0.42559178361646355,1.650766384863143,2.9158313108930356,0.9793017353268634,1.9365295755661722,5.114135978333523,-1.4456051493088595,2.464740522158054,2.845485561534944,2.4467887330470464,0.39869682848789756,5.114135978333523,-2.535964264359314,4.430780477119967
NARC1HR,NMDC,2026-07-29 10:15:00,2026-07-29 11:15:00,Metals & Mining,Largecap,86.26,1.030686343405951,0.046371435195902144,0.03006666300030257,0.016304772195599573,0.19707859958266738,-0.13911430558776194,0.3019423573774416,0.13911430558775084,0.07356477279719457,0.06554953279055627,0.19707859958266738,-0.13911430558776194,0.3836171836081935,0.08115001159285651,0.10830609771644205,-0.02715608612358554,0.22026431718060735,-0.13911430558776194,0.5476680817698152,-0.1854857407836863,0.2533989129246977,-0.438884653708384,0.22026431718060735,-0.5216786459540934,0.7817889772626331,-1.217250173892892,0.26435567144734334,-1.4816058453402354,0.22026431718060735,-1.5650359378622913,1.5767624658343629,-1.507071643867386,0.8491217576534695,-2.3561934015208554,0.22026431718060735,-1.7968931138418909,2.4064720032272136,-1.982378854625555,2.0013896584508593,-3.983768513076414,0.22026431718060735,-3.7213076744725293,4.345934591601593
NARC1HR,ZYDUSLIFE,2026-07-29 10:15:00,2026-07-29 11:15:00,Healthcare,Largecap,1124.4,1.288172236735452,-0.13340448239060887,0.03006666300030257,-0.16347114539091145,0.16008537886873508,-0.31127712557809106,0.3019423573774416,0.06225542511559823,0.07356477279719457,-0.011309347681596346,0.1956599075062071,-0.31127712557809106,0.3836171836081935,0.07114905727498844,0.10830609771644205,-0.03715704044145361,0.32017075773744796,-0.31127712557809106,0.5476680817698152,-0.01778726431874711,0.2533989129246977,-0.2711861772434448,0.48914976876557326,-0.31127712557809106,0.7817889772626331,-0.6759160441124235,0.26435567144734334,-0.9402717155597669,0.6759160441124124,-1.0049804340092616,1.5767624658343629,-0.12451085023124087,0.8491217576534695,-0.9736326078847104,0.6759160441124124,-1.1117040199217332,2.4064720032272136,-1.07612949128425,2.0013896584508593,-3.0775191497351093,1.0227676983279865,-1.83208822483103,4.345934591601593
NARC1HR,KALYANKJIL,2026-07-29 10:15:00,2026-07-29 11:15:00,Consumer Discretionary,Largecap,629.0,2.5181321815663127,-0.32591414944355135,0.03006666300030257,-0.35598081244385393,0.1907790143084398,-0.59618441971383,0.3019423573774416,-0.2702702702702786,0.07356477279719457,-0.3438350430674732,0.1907790143084398,-0.7472178060413448,0.3836171836081935,-0.06359300476946883,0.10830609771644205,-0.1718991024859109,0.31796502384737746,-0.7472178060413448,0.5476680817698152,0.0,0.2533989129246977,-0.2533989129246977,0.31796502384737746,-0.7472178060413448,0.7817889772626331,2.1701112877583473,0.26435567144734334,1.9057556163110039,2.1939586645469022,-0.7472178060413448,1.5767624658343629,0.07949125596184992,0.8491217576534695,-0.7696305016916196,3.1717011128775896,-1.8521462639109698,2.4064720032272136,-8.656597774244846,2.0013896584508593,-10.657987432695705,3.1717011128775896,-9.046104928457865,4.345934591601593
NARC1HR,SWIGGY,2026-07-29 10:15:00,2026-07-29 11:15:00,I.T,Largecap,285.16,0.29896943477192295,0.8205919483798452,0.03006666300030257,0.7905252853795426,1.0660681722541643,-0.16131294711742017,0.3019423573774416,1.2554355449572174,0.07356477279719457,1.1818707721600228,1.511432178426153,-0.16131294711742017,0.3836171836081935,1.6061158647776574,0.10830609771644205,1.4978097670612154,1.693785944732773,-0.16131294711742017,0.5476680817698152,0.9959321082900763,0.2533989129246977,0.7425331953653787,1.693785944732773,-0.16131294711742017,0.7817889772626331,1.6867723383363842,0.26435567144734334,1.4224166668890408,2.868565016131286,-0.7224014588301353,1.5767624658343629,0.33665310702761797,0.8491217576534695,-0.5124686506258516,4.800813578341989,-1.7393743863094557,2.4064720032272136,2.3635853555898256,2.0013896584508593,0.3621956971389664,4.800813578341989,-2.826483377752842,4.345934591601593
NARC1HR,DIVISLAB,2026-07-29 11:15:00,2026-07-29 12:15:00,Healthcare,Largecap,7685.5,0.5758031800039198,1.0539327304664559,0.006993440268893147,1.0469392901975627,1.0864615184438264,-0.03903454557283581,0.27366418476402427,0.8392427298158811,0.011737467609423435,0.8275052622064577,1.1905536399713812,-0.03903454557283581,0.3259785780831065,1.2360939431396822,0.11457513554107251,1.1215188075986098,1.2686227311170306,-0.03903454557283581,0.48585550209879613,0.9823693969162717,0.29165179349805603,0.6907176034182156,1.3271745494762843,-0.03903454557283581,0.7276734777632026,2.8300045540303076,-0.07730563112173457,2.907310185152042,2.882050614794096,-0.03903454557283581,1.4340595403098555,4.391386376943585,0.8768492624714739,3.5145371144721107,5.198100318782117,-0.03903454557283581,2.288557026745533,8.89337063301021,1.8415623939485695,7.051808239061641,10.59787912302388,-0.03903454557283581,4.188896606243266
NARC1HR,PFC,2026-07-29 11:15:00,2026-07-29 12:15:00,Financials,Largecap,430.25,1.7139479905437405,-1.0342823939569978,0.006993440268893147,-1.041275834225891,0.11621150493899002,-1.0691458454387015,0.27366418476402427,-0.8018593840790178,0.011737467609423435,-0.8135968516884412,0.11621150493899002,-1.0691458454387015,0.3259785780831065,-0.4764671702498613,0.11457513554107251,-0.5910423057909338,0.11621150493899002,-1.0691458454387015,0.48585550209879613,-0.6042998256827525,0.29165179349805603,-0.8959516191808086,0.11621150493899002,-1.0691458454387015,0.7276734777632026,-1.104009296920394,-0.07730563112173457,-1.0267036657986595,0.11621150493899002,-1.5920976176641566,1.4340595403098555,-1.3480534572922753,0.8768492624714739,-2.224902719763749,0.11621150493899002,-2.3009877977919757,2.288557026745533,-3.1028471818710157,1.8415623939485695,-4.944409575819585,0.11621150493899002,-3.6839047065659547,4.188896606243266
NARC1HR,RECLTD,2026-07-29 11:15:00,2026-07-29 12:15:00,Financials,Largecap,376.6,1.8113003514463433,-0.7966011683483765,0.006993440268893147,-0.8035946086172696,0.13276686139138683,-0.8762612851832219,0.27366418476402427,-0.5841741901221553,0.011737467609423435,-0.5959116577315787,0.13276686139138683,-0.8762612851832219,0.3259785780831065,-0.14604354753053883,0.11457513554107251,-0.26061868307161135,0.15932023366966863,-0.8762612851832219,0.48585550209879613,-0.31864046733935947,0.29165179349805603,-0.6102922608374155,0.15932023366966863,-0.8762612851832219,0.7276734777632026,-0.4646840148698872,-0.07730563112173457,-0.38737838374815264,0.17259691980882064,-1.4471587891662363,1.4340595403098555,-1.0754115772703132,0.8768492624714739,-1.952260839741787,0.17259691980882064,-1.7525225703664438,2.288557026745533,-3.1465746149761054,1.8415623939485695,-4.988137008924674,0.17259691980882064,-3.2660647902283624,4.188896606243266
NARC1HR,KAYNES,2026-07-29 11:15:00,2026-07-29 12:15:00,Consumer Discretionary,Largecap,3544.9,3.922488346867592,2.493723377246182,0.006993440268893147,2.486729936977289,2.6827272983723116,-0.4485316934187189,0.27366418476402427,2.7278625631188325,0.011737467609423435,2.716125095509409,2.9337922085249213,-0.4485316934187189,0.3259785780831065,3.1481847160709675,0.11457513554107251,3.033609580529895,3.952156619368674,-0.4485316934187189,0.48585550209879613,1.7236029225083938,0.29165179349805603,1.4319511290103377,3.952156619368674,-0.4485316934187189,0.7276734777632026,1.969025924567691,-0.07730563112173457,2.0463315556894255,5.303393607718121,-0.4485316934187189,1.4340595403098555,8.327456345736127,0.8768492624714739,7.450607083264654,8.88318429292787,-0.4485316934187189,2.288557026745533,10.251347005557276,1.8415623939485695,8.409784611608707,11.800050777172832,-0.4485316934187189,4.188896606243266
NARC1HR,SWIGGY,2026-07-29 11:15:00,2026-07-29 12:15:00,I.T,Largecap,287.34,0.764483097208557,0.2262128488898396,0.006993440268893147,0.21921940862094647,0.922252383935418,-0.1148465232825191,0.27366418476402427,0.685598942019916,0.011737467609423435,0.6738614744104926,0.922252383935418,-0.1148465232825191,0.3259785780831065,0.2296930465650604,0.11457513554107251,0.11511791102398788,0.922252383935418,-0.1148465232825191,0.48585550209879613,0.4002227326512342,0.29165179349805603,0.10857093915317817,1.231989977030712,-0.27493561634299724,0.7276734777632026,0.4524256977796348,-0.07730563112173457,0.5297313289013694,2.0881186051367795,-2.1264007795642637,1.4340595403098555,-0.32365838379617706,0.8768492624714739,-1.200507646267651,4.005707524187385,-2.4848611401127485,2.288557026745533,0.7517226978492442,1.8415623939485695,-1.0898396960993253,4.005707524187385,-3.5637224194334127,4.188896606243266
NARC1HR,TRENT,2026-07-29 12:15:00,2026-07-29 13:15:00,Consumer Discretionary,Largecap,2998.1,1.1402354687447103,-0.20012674693973276,-0.06389236783455644,-0.13623437910517633,0.04669624095261504,-0.28017744571562364,0.2603967099125651,-0.2334812047630197,-0.002510315279928156,-0.23097088948309155,0.22681031319835565,-0.28017744571562364,0.3217377882389132,0.04669624095261504,0.15103591723182655,-0.10433967627921151,0.22681031319835565,-0.28017744571562364,0.4723781032345782,0.1300823855108213,0.08177440871010977,0.04830797680071153,0.4002534938794655,-0.6037156866015136,0.6183651187423599,-0.08672159034054383,-0.2940839341943155,0.20736234385377167,1.4842733731363245,-0.6037156866015136,1.2891146277946604,0.42026616857342436,0.7889775459226313,-0.3687113773492069,1.4842733731363245,-0.6037156866015136,2.179592948369876,3.232046963076618,1.7362926616289123,1.4957543014477057,4.743003902471576,-0.6037156866015136,4.034039618587704
NARC1HR,PATANJALI,2026-07-29 12:15:00,2026-07-29 13:15:00,FMCG,Largecap,350.8,1.387283236994219,1.8529076396807342,-0.06389236783455644,1.9168000075152907,2.4657924743443527,-0.1852907639680823,0.2603967099125651,2.052451539338662,-0.002510315279928156,2.05496185461859,2.8933865450399,-0.1852907639680823,0.3217377882389132,1.710376282782211,0.15103591723182655,1.5593403655503846,2.8933865450399,-0.1852907639680823,0.4723781032345782,1.767388825541616,0.08177440871010977,1.6856144168315061,2.8933865450399,-0.1852907639680823,0.6183651187423599,1.5108323831242831,-0.2940839341943155,1.8049163173185987,3.135689851767398,-0.1852907639680823,1.2891146277946604,1.6676168757126408,0.7889775459226313,0.8786393297900096,3.135689851767398,-0.1852907639680823,2.179592948369876,1.0689851767388792,1.7362926616289123,-0.6673074848900331,4.218928164196134,-0.1852907639680823,4.034039618587704
NARC1HR,DIVISLAB,2026-07-29 12:15:00,2026-07-29 13:15:00,Healthcare,Largecap,7716.0,0.39685121332380113,0.7192846034214551,-0.06389236783455644,0.7831769712560115,0.9266459305339536,-0.04536029030586253,0.2603967099125651,0.5767236910316331,-0.002510315279928156,0.5792340063115613,0.9266459305339536,-0.04536029030586253,0.3217377882389132,0.5832037325038897,0.15103591723182655,0.43216781527206316,0.9266459305339536,-0.04536029030586253,0.4723781032345782,1.2765681700362963,0.08177440871010977,1.1947937613261865,1.3284085018144154,-0.04536029030586253,0.6183651187423599,2.540176257128035,-0.2940839341943155,2.8342601913223504,2.669777086573344,-0.04536029030586253,1.2891146277946604,4.179626749611187,0.7889775459226313,3.390649203688556,4.782270606531891,-0.04536029030586253,2.179592948369876,8.62493519958527,1.7362926616289123,6.888642537956358,10.160705028512185,-0.04536029030586253,4.034039618587704
NARC1HR,KAYNES,2026-07-29 12:15:00,2026-07-29 13:15:00,Consumer Discretionary,Largecap,3662.0,3.303337188637201,-1.3326051338066636,-0.06389236783455644,-1.2687127659721071,0.1392681594756917,-1.9442927362097184,0.2603967099125651,-1.3571818678317804,-0.002510315279928156,-1.3546715525518522,0.1392681594756917,-1.9442927362097184,0.3217377882389132,-1.5292190060076427,0.15103591723182655,-1.6802549232394692,0.1392681594756917,-1.9442927362097184,0.4723781032345782,-0.26761332605134136,0.08177440871010977,-0.34938773476145113,0.1392681594756917,-2.162752594210804,0.6183651187423599,-1.8296013107591436,-0.2940839341943155,-1.535517376564828,1.9361004915346758,-2.162752594210804,1.2891146277946604,3.760240305843787,0.7889775459226313,2.971262759921156,5.4014199890770165,-2.3457127252867305,2.179592948369876,7.1682140906608405,1.7362926616289123,5.431921429031928,8.225013653741131,-2.3457127252867305,4.034039618587704
NARC1HR,JIOFIN,2026-07-29 12:15:00,2026-07-29 13:15:00,Financials,Largecap,253.47,6.120996441281146,-1.9450033534540556,-0.06389236783455644,-1.8811109856194992,0.16964532291789958,-2.0396891150826435,0.2603967099125651,-1.7240699096540024,-0.002510315279928156,-1.7215595943740742,0.16964532291789958,-2.0396891150826435,0.3217377882389132,-1.8305913914861693,0.15103591723182655,-1.9816273087179959,0.16964532291789958,-2.0396891150826435,0.4723781032345782,-1.917386672979049,0.08177440871010977,-1.9991610816891587,0.16964532291789958,-2.0396891150826435,0.6183651187423599,-2.9865467313686,-0.2940839341943155,-2.6924627971742847,0.16964532291789958,-3.3021659367972522,1.2891146277946604,-0.7574860930287586,0.7889775459226313,-1.5464636389513897,0.16964532291789958,-3.3021659367972522,2.179592948369876,3.2272063755079516,1.7362926616289123,1.4909137138790394,5.81133861995502,-3.3021659367972522,4.034039618587704
NARC1HR,LICHSGFIN,2026-07-29 13:15:00,2026-07-29 14:15:00,Financials,Largecap,555.95,0.7155797101449313,-0.13490421800521624,-0.009905102867290181,-0.12499911513792605,0.17087867613991836,-0.3057828941451679,0.24796760656574732,-0.06295530173576758,0.05163245440188166,-0.11458775613764924,0.17087867613991836,-0.3057828941451679,0.3095135611483419,-0.6925083190934433,-0.037419357989839225,-0.6550889611036042,0.17087867613991836,-0.6925083190934433,0.39968300317912103,-3.4265671373325035,-0.3755721782428567,-3.050994959089647,0.17087867613991836,-3.5165032826693143,0.9256506857828111,-2.6441226729022493,-0.6052806663245274,-2.038842006577722,0.17087867613991836,-3.5165032826693143,1.117374367582261,-5.243277273136093,0.6415109460769804,-5.884788219213074,0.17087867613991836,-6.1966004137062765,2.087660867049047,-7.6895404262973255,1.6779795155906243,-9.36751994188795,0.17087867613991836,-8.38204874539078,3.9386892444579056
NARC1HR,PATANJALI,2026-07-29 13:15:00,2026-07-29 14:15:00,FMCG,Largecap,356.7,1.6818700114024976,0.0,-0.009905102867290181,0.009905102867290181,0.5326604990187889,-0.30838239416876023,0.24796760656574732,-0.09812167087187573,0.05163245440188166,-0.1497541252737574,0.5326604990187889,-0.30838239416876023,0.3095135611483419,0.0841042893187538,-0.037419357989839225,0.12152364730859302,0.5887300252312988,-0.30838239416876023,0.39968300317912103,0.36445192038128127,-0.3755721782428567,0.740024098624138,1.4297729184188368,-0.43453882814690203,0.9256506857828111,-0.18222596019062953,-0.6052806663245274,0.42305470613389784,1.4297729184188368,-0.4625735912531459,1.117374367582261,-0.2102607232968845,0.6415109460769804,-0.851771669373865,1.4297729184188368,-0.9812167087188128,2.087660867049047,-0.5887300252312766,1.6779795155906243,-2.2667095408219007,2.4950939164564145,-1.331651247546961,3.9386892444579056
NARC1HR,ASIANPAINT,2026-07-29 13:15:00,2026-07-29 14:15:00,Building Materials,Largecap,2825.6,2.842584167424933,-1.6845979614949047,-0.009905102867290181,-1.6746928586276146,0.516704416761038,-1.953567383918453,0.24796760656574732,-2.5729048697621715,0.05163245440188166,-2.624537324164053,0.516704416761038,-2.657842582106451,0.3095135611483419,-2.2862400906002223,-0.037419357989839225,-2.248820732610383,0.516704416761038,-2.707389580973951,0.39968300317912103,-3.7761891279728177,-0.3755721782428567,-3.4006169497299608,0.516704416761038,-5.641279728199322,0.9256506857828111,-3.4010475651189087,-0.6052806663245274,-2.7957668987943816,0.516704416761038,-5.641279728199322,1.117374367582261,-2.604756511891282,0.6415109460769804,-3.2462674579682624,0.516704416761038,-5.641279728199322,2.087660867049047,-2.346404303510752,1.6779795155906243,-4.024383819101376,0.516704416761038,-5.641279728199322,3.9386892444579056
NARC1HR,PGEL,2026-07-29 13:15:00,2026-07-29 14:15:00,Consumer Discretionary,Midcap,616.0,2.359587902957805,-0.543831168831177,-0.009905102867290181,-0.5339260659638868,0.4951298701298734,-0.6006493506493626,0.24796760656574732,-0.04870129870129247,0.05163245440188166,-0.10033375310317413,0.4951298701298734,-0.6574675324675261,0.3095135611483419,-0.649350649350644,-0.037419357989839225,-0.6119312913608048,0.4951298701298734,-1.0389610389610393,0.39968300317912103,-1.095779220779225,-0.3755721782428567,-0.7202070425363682,0.4951298701298734,-1.2337662337662425,0.9256506857828111,-0.909090909090915,-0.6052806663245274,-0.3038102427663876,1.0795454545454497,-1.5746753246753342,1.117374367582261,-0.14610389610388852,0.6415109460769804,-0.787614842180869,1.8587662337662403,-1.5746753246753342,2.087660867049047,-1.6233766233766267,1.6779795155906243,-3.301356138967251,2.678571428571419,-2.1753246753246747,3.9386892444579056
NARC1HR,CROMPTON,2026-07-29 13:15:00,2026-07-29 14:15:00,Consumer Discretionary,Midcap,258.6,2.904894548348591,2.2428460943541895,-0.009905102867290181,2.2527511972214795,2.281515854601701,0.0,0.24796760656574732,2.5328692962103494,0.05163245440188166,2.481236841808468,3.054911059551424,0.0,0.3095135611483419,2.4748646558391263,-0.037419357989839225,2.5122840138289657,3.054911059551424,0.0,0.39968300317912103,0.13534416086617984,-0.3755721782428567,0.5109163391090366,3.054911059551424,-0.07733952049499004,0.9256506857828111,0.5027068832172965,-0.6052806663245274,1.1079875495418239,3.054911059551424,-0.07733952049499004,1.117374367582261,0.25135344160864825,0.6415109460769804,-0.3901575044683322,3.054911059551424,-0.17401392111370262,2.087660867049047,3.46094354215003,1.6779795155906243,1.7829640265594058,4.795050270688317,-0.17401392111370262,3.9386892444579056
NARC1HR,KPITTECH,2026-07-29 13:15:00,2026-07-29 14:15:00,I.T,Midcap,642.65,4.49593495934959,-0.27230996654477035,-0.009905102867290181,-0.26240486367748017,1.0036567338364666,-1.4082315412744073,0.24796760656574732,-0.5835213568816666,0.05163245440188166,-0.6351538112835483,1.0036567338364666,-1.4082315412744073,0.3095135611483419,-0.645763634949037,-0.037419357989839225,-0.6083442769591978,1.0036567338364666,-1.4082315412744073,0.39968300317912103,-7.414611374776314,-0.3755721782428567,-7.039039196533457,1.0036567338364666,-7.8114058974558365,0.9256506857828111,-9.204076869213406,-0.6052806663245274,-8.59879620288888,1.0036567338364666,-9.725355948027703,1.117374367582261,-6.9477942892709805,0.6415109460769804,-7.589305235347961,1.0036567338364666,-10.448922430560959,2.087660867049047,-2.1162374542908258,1.6779795155906243,-3.7942169698814503,1.0036567338364666,-10.448922430560959,3.9386892444579056
NARC1HR,360ONE,2026-07-29 13:15:00,2026-07-29 14:15:00,Financials,Largecap,1156.2,1.2079831932773066,-0.36325895173845435,-0.009905102867290181,-0.35335384887116417,0.008649022660423,-0.4843452689846206,0.24796760656574732,-0.14703338522746856,0.05163245440188166,-0.19866583962935022,0.008649022660423,-0.4843452689846206,0.3095135611483419,0.5016433143054888,-0.037419357989839225,0.539062672295328,1.193565127140639,-0.4843452689846206,0.39968300317912103,-1.487631897595576,-0.3755721782428567,-1.1120597193527193,1.193565127140639,-1.5222279882373457,0.9256506857828111,-1.8595398719944645,-0.6052806663245274,-1.254259205669937,1.193565127140639,-2.637951911434011,1.117374367582261,-1.600069192181286,0.6415109460769804,-2.2415801382582665,1.193565127140639,-2.637951911434011,2.087660867049047,2.923369659228503,1.6779795155906243,1.2453901436378787,3.329873724269161,-2.637951911434011,3.9386892444579056
NARC1HR,KAYNES,2026-07-29 13:15:00,2026-07-29 14:15:00,Consumer Discretionary,Largecap,3610.0,-1.4199890770071,-0.6648199445983383,-0.009905102867290181,-0.6549148417310481,0.041551246537396835,-0.709141274238223,0.24796760656574732,0.19390581717451116,0.05163245440188166,0.1422733627726295,0.34903047091412454,-0.7534626038781078,0.3095135611483419,1.168975069252065,-0.037419357989839225,1.2063944272419043,1.459833795013843,-0.7534626038781078,0.39968300317912103,0.47922437673131313,-0.3755721782428567,0.8547965549741698,3.404432132963997,-0.7534626038781078,0.9256506857828111,-0.6648199445983383,-0.6052806663245274,-0.05953927827381089,3.404432132963997,-0.9390581717451552,1.117374367582261,5.512465373961217,0.6415109460769804,4.870954427884237,6.919667590027712,-0.9390581717451552,2.087660867049047,8.15512465373962,1.6779795155906243,6.4771451381489955,9.783933518005528,-0.9390581717451552,3.9386892444579056
NARC1HR,JIOFIN,2026-07-29 13:15:00,2026-07-29 14:15:00,Financials,Largecap,248.85,-1.822700911350461,0.1004621257785887,-0.009905102867290181,0.11036722864587889,0.20494273658830942,-0.16073940124573527,0.24796760656574732,0.16073940124572417,0.05163245440188166,0.1091069468438425,0.3013863773357439,-0.16073940124573527,0.3095135611483419,-0.0964436407474345,-0.037419357989839225,-0.059024282757595276,0.8639742816958007,-0.192887281494869,0.39968300317912103,-1.446654611211573,-0.3755721782428567,-1.0710824329687163,0.8639742816958007,-1.446654611211573,0.9256506857828111,-1.446654611211573,-0.6052806663245274,-0.8413739448870456,0.8639742816958007,-1.5069318866787196,1.117374367582261,2.4914607193088356,0.6415109460769804,1.849949773231855,2.808921036769152,-1.5069318866787196,2.087660867049047,5.123568414707669,1.6779795155906243,3.4455888991170447,7.775768535262206,-1.5069318866787196,3.9386892444579056
NARC1HR,PATANJALI,2026-07-29 14:15:00,2026-07-29 15:15:00,FMCG,Largecap,356.0,-0.19624334174376257,0.3511235955056202,-0.19722155852761528,0.5483451540332355,1.2499999999999956,-0.23876404494382886,0.6611120502007002,0.77247191011236,-0.368681961574631,1.1411538716869911,1.6292134831460636,-0.23876404494382886,0.7318967668015711,0.561797752808979,-0.3620655567086875,0.9238633095176665,1.6292134831460636,-0.23876404494382886,0.8300041708730579,0.23876404494382886,-0.299177188077082,0.5379412330209108,1.6292134831460636,-0.23876404494382886,0.8862758445297084,-0.43539325842697485,-0.14274835074842418,-0.29264490767855067,1.6292134831460636,-0.4634831460674116,1.1178853134154836,-0.5898876404494491,0.4114273004802716,-1.0013149409297206,1.6292134831460636,-0.800561797752819,2.077707959348686,-0.0702247191011196,1.9336033920373383,-2.003828111138458,2.696629213483148,-1.1376404494382042,4.121007020347813
NARC1HR,PGEL,2026-07-29 14:15:00,2026-07-29 15:15:00,Consumer Discretionary,Midcap,610.9,-0.827922077922083,0.4583401538713394,-0.19722155852761528,0.6555617123989547,1.235881486331647,-0.29464724177442614,0.6611120502007002,-0.40923228024226654,-0.368681961574631,-0.04055031866763553,1.235881486331647,-0.40923228024226654,0.7318967668015711,-0.27009330495989525,-0.3620655567086875,0.09197225174879226,1.235881486331647,-0.40923228024226654,0.8300041708730579,-0.1964314945162804,-0.299177188077082,0.1027456935608016,1.235881486331647,-0.7529873956457767,0.8862758445297084,0.7448027500409404,-0.14274835074842418,0.8875511007893646,1.923391717138645,-0.7529873956457767,1.1178853134154836,-0.46652479947618675,0.4114273004802716,-0.8779520999564583,2.709117695203811,-0.7529873956457767,2.077707959348686,0.37649369782288833,1.9336033920373383,-1.55710969421445,3.5357669012931803,-2.2753314781469913,4.121007020347813
NARC1HR,CROMPTON,2026-07-29 14:15:00,2026-07-29 15:15:00,Consumer Discretionary,Midcap,263.45,1.8754833720030728,-1.1956728031884523,-0.19722155852761528,-0.998451244660837,1.0438413361169019,-1.271588536724222,0.6611120502007002,-1.6891250711709938,-0.368681961574631,-1.3204431095963627,1.0438413361169019,-1.8029986714746649,0.7318967668015711,-1.7081040045549445,-0.3620655567086875,-1.346038447846257,1.0438413361169019,-1.916872271778336,0.8300041708730579,-0.7401784019738011,-0.299177188077082,-0.44100121389671915,1.0438413361169019,-1.916872271778336,0.8862758445297084,-1.3095464034921234,-0.14274835074842418,-1.1667980527436992,1.0438413361169019,-1.916872271778336,1.1178853134154836,-1.214651736572403,0.4114273004802716,-1.6260790370526745,1.0438413361169019,-2.0117669386980452,2.077707959348686,1.4044410704118437,1.9336033920373383,-0.5291623216254946,2.8658189409755286,-2.0117669386980452,4.121007020347813
NARC1HR,DIXON,2026-07-29 14:15:00,2026-07-29 15:15:00,Consumer Discretionary,Largecap,14286.0,0.6481611948710775,0.18899622007559902,-0.19722155852761528,0.38621777860321427,0.5179896402071948,-0.49699006019879866,0.6611120502007002,0.594988100237992,-0.368681961574631,0.963670061812623,1.3719725605487954,-0.49699006019879866,0.7318967668015711,0.4129917401652028,-0.3620655567086875,0.7750572968738902,1.3719725605487954,-0.49699006019879866,0.8300041708730579,0.4129917401652028,-0.299177188077082,0.7121689282422847,1.3719725605487954,-0.49699006019879866,0.8862758445297084,0.24499510009798886,-0.14274835074842418,0.38774345084641304,1.3719725605487954,-0.8329833403331932,1.1178853134154836,-3.7449251014979645,0.4114273004802716,-4.1563524019782365,2.1209575808483816,-4.794904101917963,2.077707959348686,0.26599468010639615,1.9336033920373383,-1.6676087119309422,2.1209575808483816,-4.948901021979557,4.121007020347813
NARC1HR,JIOFIN,2026-07-29 14:15:00,2026-07-29 15:15:00,Financials,Largecap,249.49,0.25718304199318087,-0.8216762194877547,-0.19722155852761528,-0.6244546609601395,0.16433524389753984,-1.110264940478578,0.6611120502007002,-1.5351316686039618,-0.368681961574631,-1.1664497070293307,0.16433524389753984,-1.5591807286865267,0.7318967668015711,-1.6994669125015016,-0.3620655567086875,-1.3374013557928142,0.16433524389753984,-1.6994669125015016,0.8300041708730579,-1.1423303539220053,-0.299177188077082,-0.8431531658449234,0.16433524389753984,-1.7595895627079305,0.8862758445297084,-1.1303058238807284,-0.14274835074842418,-0.9875574731323042,0.16433524389753984,-1.7595895627079305,1.1178853134154836,2.709527435969372,0.4114273004802716,2.2981001354891006,3.0341897470840484,-1.7595895627079305,2.077707959348686,5.174556094432625,1.9336033920373383,3.240952702395287,7.499298569080914,-1.7595895627079305,4.121007020347813
NARC1HR,HEROMOTOCO,2026-07-30 09:15:00,2026-07-30 10:15:00,Auto,Largecap,5332.2,3.161275344373937,-0.028130977832785398,0.009969625086393675,-0.03810060291917907,0.4013352837478168,-0.09752072315366567,0.2940227710659048,-0.09752072315366567,0.01616631908591075,-0.11368704223957642,0.4013352837478168,-0.28318517685007594,0.3595317535036299,-0.24942800345073568,0.24198024938713136,-0.49140825283786704,0.4013352837478168,-0.4819774202017846,0.554083919032756,-0.29443756798319676,0.038981042540763615,-0.3334186105239604,0.4013352837478168,-0.4819774202017846,0.6602388828851953,-0.04125876748808377,0.86711838228354,-0.9083771497716238,1.172124076366221,-1.1852518660215305,1.8271270145877312,1.7028618581448551,1.7994746157421444,-0.09661275759728927,2.406136303964601,-1.1852518660215305,3.0131705484679614,5.847492592175851,2.3114412375639404,3.536051354611911,7.9291849518022595,-1.1852518660215305,4.491926839210267
NARC1HR,WIPRO,2026-07-30 09:15:00,2026-07-30 10:15:00,I.T,Largecap,188.87,2.9825517993457007,1.1224651876952318,0.009969625086393675,1.1124955626088382,1.3077778366071824,0.0,0.2940227710659048,0.2329644729178737,0.01616631908591075,0.21679815383196294,1.3077778366071824,0.0,0.3595317535036299,-0.19590194313549025,0.24198024938713136,-0.4378821925226216,1.3077778366071824,-0.27002700270026825,0.554083919032756,-0.24884841425318882,0.038981042540763615,-0.28782945679395244,1.3077778366071824,-0.43416106316513936,0.6602388828851953,-3.028538147932436,0.86711838228354,-3.895656530215976,1.3077778366071824,-4.256896277863076,1.8271270145877312,-1.4666172499603003,1.7994746157421444,-3.2660918657024447,1.3077778366071824,-4.256896277863076,3.0131705484679614,-1.376608249060196,2.3114412375639404,-3.6880494866241365,1.3077778366071824,-4.256896277863076,4.491926839210267
NARC1HR,MANAPPURAM,2026-07-30 09:15:00,2026-07-30 10:15:00,Financials,Largecap,373.25,0.6064690026954089,-0.7367716008037539,0.009969625086393675,-0.7467412258901476,0.09377093101139433,-0.8707300736771617,0.2940227710659048,-1.0046885465505695,0.01616631908591075,-1.0208548656364802,0.09377093101139433,-1.1386470194239773,0.3595317535036299,0.05358338914935867,0.24198024938713136,-0.1883968602377727,0.2813127930341608,-1.2458137977226946,0.554083919032756,-0.17414601473542124,0.038981042540763615,-0.21312705727618486,0.2813127930341608,-1.2458137977226946,0.6602388828851953,-0.7501674480910991,0.86711838228354,-1.6172858303746391,0.5760214333556446,-1.7548559946416686,1.8271270145877312,-0.7769591426657674,1.7994746157421444,-2.576433758407912,1.0046885465505584,-4.273275284661748,3.0131705484679614,-1.5003348961821872,2.3114412375639404,-3.8117761337461276,1.0046885465505584,-5.6932350971198975,4.491926839210267
NARC1HR,TVSMOTOR,2026-07-30 09:15:00,2026-07-30 10:15:00,Auto,Largecap,4168.0,2.1568627450980316,-0.263915547024951,0.009969625086393675,-0.27388517211134467,0.14395393474089246,-0.39107485604606973,0.2940227710659048,-0.2399232245681393,0.01616631908591075,-0.25608954365405007,0.14395393474089246,-0.39107485604606973,0.3595317535036299,-0.09836852207294466,0.24198024938713136,-0.340348771460076,0.2519193857965396,-0.39107485604606973,0.554083919032756,-0.3071017274472232,0.038981042540763615,-0.3460827699879868,0.2519193857965396,-0.39107485604606973,0.6602388828851953,2.6031669865643092,0.86711838228354,1.7360486042807692,2.7999040307101764,-0.39107485604606973,1.8271270145877312,3.0038387715930925,1.7994746157421444,1.2043641558509481,4.959213051823408,-0.39107485604606973,3.0131705484679614,5.734165067178498,2.3114412375639404,3.422723829614558,6.809021113243774,-0.39107485604606973,4.491926839210267
NARC1HR,ASTRAL,2026-07-30 09:15:00,2026-07-30 10:15:00,Plastic products,Largecap,1487.8,-0.033595377276085525,-0.013442667025143074,0.009969625086393675,-0.023412292111536746,0.1478693372765294,-0.49065734641752234,0.2940227710659048,-0.39655867724155414,0.01616631908591075,-0.4127249963274649,0.1478693372765294,-0.49065734641752234,0.3595317535036299,-0.32262400860330054,0.24198024938713136,-0.5646042579904319,0.1478693372765294,-0.5108213469552259,0.554083919032756,-0.9745933593224843,0.038981042540763615,-1.0135744018632478,0.1478693372765294,-1.021642693910474,0.6602388828851953,-2.137384056996905,0.86711838228354,-3.004502439280445,0.1478693372765294,-2.453286732087645,1.8271270145877312,-3.1186987498319607,1.7994746157421444,-4.918173365574106,0.1478693372765294,-4.207554778868117,3.0131705484679614,-2.8901734104046284,2.3114412375639404,-5.201614647968569,0.1478693372765294,-4.69149079177309,4.491926839210267
NARC1HR,ALKEM,2026-07-30 09:15:00,2026-07-30 10:15:00,Healthcare,Largecap,5803.5,2.0126560028124407,0.8184716119582935,0.009969625086393675,0.8085019868718999,1.3612475230464272,-0.06030843456534818,0.2940227710659048,1.128629275437243,0.01616631908591075,1.1124629563513322,1.3612475230464272,-0.06030843456534818,0.3595317535036299,0.5600068923925283,0.24198024938713136,0.31802664300539696,1.3612475230464272,-0.06030843456534818,0.554083919032756,0.5600068923925283,0.038981042540763615,0.5210258498517647,1.3612475230464272,-0.06030843456534818,0.6602388828851953,-0.0947703971741154,0.86711838228354,-0.9618887794576554,1.3612475230464272,-0.413543551305251,1.8271270145877312,-1.5249418454380992,1.7994746157421444,-3.3244164611802436,1.3612475230464272,-2.291720513483242,3.0131705484679614,-2.7569570087016437,2.3114412375639404,-5.068398246265584,1.3612475230464272,-4.264667872835359,4.491926839210267
NARC1HR,SONACOMS,2026-07-30 09:15:00,2026-07-30 10:15:00,Auto,Largecap,736.85,3.048737850499972,0.7260636493180428,0.009969625086393675,0.7160940242316491,0.970346746284867,0.0,0.2940227710659048,0.7396349324828577,0.01616631908591075,0.723468613396947,0.970346746284867,0.0,0.3595317535036299,1.4792698649657376,0.24198024938713136,1.2372896155786064,1.6149826966139536,0.0,0.554083919032756,2.0085499083938307,0.038981042540763615,1.9695688658530672,2.334260704349589,0.0,0.6602388828851953,4.63459320078714,0.86711838228354,3.7674748185036004,4.831376806677068,0.0,1.8271270145877312,5.957793309357395,1.7994746157421444,4.158318693615251,6.534572843862385,0.0,3.0131705484679614,10.287032638936001,2.3114412375639404,7.975591401372061,11.908800977132383,0.0,4.491926839210267
NARC1HR,VOLTAS,2026-07-30 10:15:00,2026-07-30 11:15:00,Consumer Discretionary,Largecap,1326.9,1.0124847746650456,0.5501544954404913,0.1369291146816707,0.41322538075882065,0.700881754465299,-0.05275454065868379,0.3935054574593007,0.15072725902478545,-0.005374234295426709,0.15610149332021217,0.700881754465299,-0.05275454065868379,0.4162294796218414,-0.38435451051324065,-0.018510367171121936,-0.36584414334211873,0.700881754465299,-0.4144999623181822,0.45984993875237223,-0.09043635541488015,-0.09598209161864674,0.0055457362037665825,0.700881754465299,-0.5200090436355498,0.5949220474174174,1.7333634787851437,0.7700810605850698,0.963282418200074,2.027281633883482,-0.5200090436355498,1.8026025696192962,0.20348179968345814,1.707584785584604,-1.5041029859011459,2.027281633883482,-0.8968271911975356,2.9907034740178715,-1.5148089531991982,2.1145106362834074,-3.6293195894826056,2.3438088778355404,-2.615117944080192,4.447162656744215
NARC1HR,WIPRO,2026-07-30 10:15:00,2026-07-30 11:15:00,I.T,Largecap,189.0,0.06883041245300259,-0.33333333333332993,0.1369291146816707,-0.4702624480150006,0.021164021164010727,-0.5026455026454935,0.3935054574593007,-0.31746031746031633,-0.005374234295426709,-0.3120860831648896,0.021164021164010727,-0.5026455026454935,0.4162294796218414,-0.31746031746031633,-0.018510367171121936,-0.2989499502891944,0.021164021164010727,-0.5026455026454935,0.45984993875237223,-0.6455026455026491,-0.09598209161864674,-0.5495205538840024,0.021164021164010727,-0.6772486772486763,0.5949220474174174,-2.8148148148148144,0.7700810605850698,-3.584895875399884,0.021164021164010727,-4.3227513227513175,1.8026025696192962,-1.444444444444437,1.707584785584604,-3.152029230029041,0.021164021164010727,-4.3227513227513175,2.9907034740178715,-1.6349206349206336,2.1145106362834074,-3.749431271204041,0.4285714285714226,-4.3227513227513175,4.447162656744215
NARC1HR,ALKEM,2026-07-30 10:15:00,2026-07-30 11:15:00,Healthcare,Largecap,5860.5,0.9821659343499656,-0.4948383243750576,0.1369291146816707,-0.6317674390567283,0.3156727241703017,-0.5801552768535112,0.3935054574593007,-0.8531695247845694,-0.005374234295426709,-0.8477952904891427,0.3156727241703017,-0.9726132582544178,0.4162294796218414,-0.41805306714444157,-0.018510367171121936,-0.39954269997331965,0.3156727241703017,-0.9726132582544178,0.45984993875237223,-0.3668628956573716,-0.09598209161864674,-0.2708808040387249,0.3156727241703017,-0.9726132582544178,0.5949220474174174,-1.5613002303557666,0.7700810605850698,-2.3313812909408362,0.3156727241703017,-2.090265335722208,1.8026025696192962,-2.6618889173278704,1.707584785584604,-4.369473702912474,0.3156727241703017,-3.2420441941813816,2.9907034740178715,-4.018428461735346,2.1145106362834074,-6.1329390980187535,0.3156727241703017,-5.195802405938055,4.447162656744215
NARC1HR,SONACOMS,2026-07-30 10:15:00,2026-07-30 11:15:00,Auto,Largecap,743.6,0.9160616136255628,0.18827326519634813,0.1369291146816707,0.05134415051467742,0.6925766541151068,-0.34292630446477457,0.3935054574593007,0.289133942980091,-0.005374234295426709,0.2945081772755177,0.6925766541151068,-0.34292630446477457,0.4162294796218414,1.0825712748789629,-0.018510367171121936,1.1010816420500849,1.4053254437869755,-0.34292630446477457,0.45984993875237223,1.1229155459924645,-0.09598209161864674,1.2188976376111111,1.5330823023130602,-0.34292630446477457,0.5949220474174174,3.240989779451331,0.7700810605850698,2.4709087188662613,3.8797740720817764,-0.34292630446477457,1.8026025696192962,4.834588488434632,1.707584785584604,3.127003702850028,5.567509413663263,-0.34292630446477457,2.9907034740178715,7.107315761161925,2.1145106362834074,4.992805124878518,10.892953200645517,-0.34292630446477457,4.447162656744215
NARC1HR,ALKEM,2026-07-30 11:15:00,2026-07-30 12:15:00,Healthcare,Largecap,5830.5,-0.5119017148707439,0.042877969299381924,0.1944796273454875,-0.15160165804610556,0.18008747105737744,-0.1715118771974944,0.4048015925098752,0.274419003515991,0.15215535909669747,0.12226364441929355,0.274419003515991,-0.1715118771974944,0.43897233922447926,0.14578509561786746,-0.06585855858262811,0.21164365420049558,0.31729697281537295,-0.1715118771974944,0.4742221924001383,-0.4630820684332404,-0.26043250007382174,-0.20264956835941866,0.31729697281537295,-0.5316868193122382,0.5099437867405426,-0.9947688877454786,0.9721318565738042,-1.9669007443192827,0.31729697281537295,-1.5864848640768425,1.9123117023099543,-1.8437526798730786,1.8592238756093145,-3.702976555482393,0.31729697281537295,-2.7441900351599324,3.107705919476843,-3.8675928308035346,2.0375944012075298,-5.905187232011064,0.31729697281537295,-4.708001029071262,4.527575621460971
NARC1HR,RBLBANK,2026-07-30 11:15:00,2026-07-30 12:15:00,Bank,Largecap,380.8,1.6008537886873064,-0.05252100840336116,0.1944796273454875,-0.24700063574884865,0.2363445378151141,-0.15756302521009458,0.4048015925098752,0.09191176470586537,0.15215535909669747,-0.0602435943908321,0.2363445378151141,-0.15756302521009458,0.43897233922447926,0.4989495798319199,-0.06585855858262811,0.564808138414548,0.6959033613445298,-0.15756302521009458,0.4742221924001383,-1.8382352941176516,-0.26043250007382174,-1.57780279404383,0.6959033613445298,-2.127100840336138,0.5099437867405426,-1.260504201680679,0.9721318565738042,-2.2326360582544833,0.6959033613445298,-2.127100840336138,1.9123117023099543,-0.564600840336138,1.8592238756093145,-2.4238247159454525,0.6959033613445298,-2.127100840336138,3.107705919476843,2.42909663865547,2.0375944012075298,0.39150223744794044,3.125,-2.127100840336138,4.527575621460971
NARC1HR,SONACOMS,2026-07-30 11:15:00,2026-07-30 12:15:00,Auto,Largecap,750.7,0.9548144163528782,0.4196083655255034,0.1944796273454875,0.2251287381800159,0.572798721193557,-0.09990675369655477,0.4048015925098752,0.2863993605967785,0.15215535909669747,0.13424400150008103,0.572798721193557,-0.09990675369655477,0.43897233922447926,0.16651125616091722,-0.06585855858262811,0.23236981474354534,0.572798721193557,-0.18649260690023484,0.4742221924001383,0.2863993605967785,-0.26043250007382174,0.5468318606706002,0.572798721193557,-0.18649260690023484,0.5099437867405426,2.6908218995604027,0.9721318565738042,1.7186900429865986,2.897295857199955,-0.18649260690023484,1.9123117023099543,4.302650859198076,1.8592238756093145,2.4434269835887616,4.569068869055548,-0.18649260690023484,3.107705919476843,5.44824830158519,2.0375944012075298,3.4106539003776604,9.844145464233378,-0.18649260690023484,4.527575621460971
NARC1HR,FORCEMOT,2026-07-30 12:15:00,2026-07-30 13:15:00,Auto,Largecap,17659.0,0.6727096516732312,0.2435018970496694,0.018579728483422712,0.2249221685662467,0.6512260037374817,-0.5039922985446532,0.22013895638003492,0.3341072540913981,0.013393306429104227,0.32071394766229383,0.6512260037374817,-0.5039922985446532,0.2676840892712229,-0.3963984370575879,-0.23229307227659465,-0.16410536478099327,0.6512260037374817,-0.5039922985446532,0.28943792936789087,-0.27747890594030933,0.21941847241354634,-0.49689737835385567,0.6512260037374817,-0.6172489948468196,0.599460331657561,2.4633331445721662,1.057424495508127,1.4059086490640393,3.8960303527945994,-0.6172489948468196,2.010903359280331,3.941333031315475,1.773632118296431,2.167700913019044,4.91534061951413,-0.6172489948468196,3.158429708414504,5.934650886233639,2.1821576628616692,3.7524932233719697,6.9482983181380575,-0.6172489948468196,4.602399673715528
NARC1HR,INDHOTEL,2026-07-30 12:15:00,2026-07-30 13:15:00,Services,Largecap,745.45,0.6005398110661364,0.11402508551880963,0.018579728483422712,0.09544535703538692,0.22134281306593895,-0.04024414783018182,0.22013895638003492,0.1743913072640657,0.013393306429104227,0.1609980008349615,0.3018311087262804,-0.04024414783018182,0.2676840892712229,-0.02012207391509646,-0.23229307227659465,0.2121709983614982,0.3018311087262804,-0.05365886377357576,0.28943792936789087,0.39573412032998245,0.21941847241354634,0.1763156479164361,0.6439063652827093,-0.05365886377357576,0.599460331657561,-0.02012207391509646,1.057424495508127,-1.0775465694232234,1.6030585552350818,-0.05365886377357576,2.010903359280331,0.1408545174055975,1.773632118296431,-1.6327776008908335,1.6030585552350818,-1.1536655711315347,3.158429708414504,-1.6500100610369661,2.1821576628616692,-3.8321677238986354,1.6030585552350818,-1.8042792943859465,4.602399673715528
NARC1HR,HAVELLS,2026-07-30 12:15:00,2026-07-30 13:15:00,Consumer Discretionary,Largecap,1255.8,1.6348332793784337,-0.0875935658544269,0.018579728483422712,-0.10617329433784961,0.14333492594362784,-0.12740882306099266,0.22013895638003492,-0.05574136008918984,0.013393306429104227,-0.06913466651829407,0.16722408026756952,-0.22296544035673715,0.2676840892712229,-0.06370441153049633,-0.23229307227659465,0.16858866074609832,0.16722408026756952,-0.22296544035673715,0.28943792936789087,0.49370918936135766,0.21941847241354634,0.2742907169478113,0.6848224239528689,-0.22296544035673715,0.599460331657561,0.33444816053511683,1.057424495508127,-0.7229763349730101,1.4413123108775405,-0.22296544035673715,2.010903359280331,1.1546424589902848,1.773632118296431,-0.6189896593061461,1.4413123108775405,-0.22296544035673715,3.158429708414504,2.404841535276314,2.1821576628616692,0.22268387241464493,3.6391145086797305,-0.22296544035673715,4.602399673715528
NARC1HR,INDUSTOWER,2026-07-30 12:15:00,2026-07-30 13:15:00,Telecom,Largecap,394.9,0.5730294155100069,-0.025322866548482814,0.018579728483422712,-0.04390259503190552,0.41782729805015517,-0.18992149911369882,0.22013895638003492,-0.03798429982273532,0.013393306429104227,-0.05137760625183955,0.41782729805015517,-0.20258293238794023,0.2676840892712229,-0.39250443150163905,-0.23229307227659465,-0.1602113592250444,0.41782729805015517,-0.4684730311471208,0.28943792936789087,-0.6204102304380843,0.21941847241354634,-0.8398287028516307,0.41782729805015517,-0.8736388959230124,0.599460331657561,-0.10129146619396456,1.057424495508127,-1.1587159617020915,0.41782729805015517,-5.950873638895926,2.010903359280331,0.1519371992909635,1.773632118296431,-1.6216949190054675,0.7343631299063125,-5.950873638895926,3.158429708414504,-1.9625221575082286,2.1821576628616692,-4.144679820369898,0.860977462648771,-5.950873638895926,4.602399673715528
NARC1HR,SONACOMS,2026-07-30 12:15:00,2026-07-30 13:15:00,Auto,Largecap,750.75,0.006660450246420702,0.3796203796203823,0.018579728483422712,0.3610406511369596,0.4129204129204256,-0.17982017982017817,0.22013895638003492,0.4262404262404429,0.013393306429104227,0.41284711981133865,0.5261405261405283,-0.17982017982017817,0.2676840892712229,0.2797202797202747,-0.23229307227659465,0.5120133519968694,0.5261405261405283,-0.17982017982017817,0.28943792936789087,2.164502164502169,0.21941847241354634,1.9450836920886225,2.2977022977022976,-0.17982017982017817,0.599460331657561,2.564102564102555,1.057424495508127,1.506678068594428,2.8904428904428903,-0.17982017982017817,2.010903359280331,3.5098235098235175,1.773632118296431,1.7361913915270866,4.562104562104552,-0.17982017982017817,3.158429708414504,5.347985347985351,2.1821576628616692,3.165827685123682,9.83682983682983,-0.17982017982017817,4.602399673715528
NARC1HR,VEDL,2026-07-30 14:15:00,2026-07-30 15:15:00,Metals & Mining,Largecap,268.45,1.6278629566534253,-1.5272862730489778,0.4221058349006301,-1.949392107949608,0.20487986589681206,-1.6017880424660125,1.1593240130967197,-1.415533618923459,0.5468403526968412,-1.9623739716203001,0.20487986589681206,-2.0301732166138953,1.254129759198794,-1.098901098901095,0.6318923925051597,-1.7307934914062546,0.20487986589681206,-2.0301732166138953,1.3826735045012086,-0.5028869435648953,0.655721050138389,-1.1586079937032843,0.20487986589681206,-2.0301732166138953,1.492182180594028,-1.5272862730489778,0.5849708634229356,-2.1122571364719134,0.20487986589681206,-2.0301732166138953,1.8484262776610336,1.2106537530266248,1.720191340159412,-0.5095375871327872,1.2292791953808946,-2.0301732166138953,3.271927603550834,2.10467498603093,1.8651206721375422,0.23955431389338777,5.177872974483155,-2.0301732166138953,4.499864490044864
NARC1HR,EICHERMOT,2026-07-30 14:15:00,2026-07-30 15:15:00,Auto,Largecap,7920.0,0.4821111393047417,-1.174242424242422,0.4221058349006301,-1.5963482591430522,0.0,-1.5909090909090873,1.1593240130967197,-1.174242424242422,0.5468403526968412,-1.7210827769392631,0.0,-1.5909090909090873,1.254129759198794,-1.0101010101010055,0.6318923925051597,-1.641993402606165,0.0,-1.5909090909090873,1.3826735045012086,-0.7638888888888862,0.655721050138389,-1.4196099390272752,0.0,-1.5909090909090873,1.492182180594028,-1.0732323232323204,0.5849708634229356,-1.658203186655256,0.0,-1.5909090909090873,1.8484262776610336,0.4861111111111205,1.720191340159412,-1.2340802290482915,1.7171717171717171,-1.5909090909090873,3.271927603550834,1.4898989898989967,1.8651206721375422,-0.37522168223854546,1.862373737373746,-1.5909090909090873,4.499864490044864
NARC1HR,SONACOMS,2026-07-30 14:15:00,2026-07-30 15:15:00,Auto,Largecap,762.0,1.3297872340425565,0.6233595800524849,0.4221058349006301,0.20125374515185485,1.1154855643044526,-0.032808398950134876,1.1593240130967197,0.5118110236220552,0.5468403526968412,-0.03502932907478595,1.1154855643044526,-0.032808398950134876,1.254129759198794,0.8923884514435709,0.6318923925051597,0.2604960589384112,1.1154855643044526,-0.032808398950134876,1.3826735045012086,0.9842519685039353,0.655721050138389,0.32853091836554627,1.3713910761155024,-0.032808398950134876,1.492182180594028,0.8792650918635125,0.5849708634229356,0.29429422844057695,1.469816272965896,-0.032808398950134876,1.8484262776610336,2.801837270341201,1.720191340159412,1.081645930181789,3.0839895013123453,-0.032808398950134876,3.271927603550834,4.494750656167978,1.8651206721375422,2.6296299840304362,8.215223097112867,-0.032808398950134876,4.499864490044864
NARC1HR,HYUNDAI,2026-07-30 15:15:00,2026-07-31 10:00:00,Auto,Largecap,2156.3,7.718053751623555,1.0527292120762421,0.06727458238852892,0.9854546296877132,1.2382321569354815,-0.04637573621480984,0.33374253874505905,1.7947409915132218,0.02718829448913787,1.7675526970240838,1.9245930529147248,-0.04637573621480984,0.41477600442849644,2.0034318044798827,0.05553854980290702,1.9478932546769756,2.397625562305783,-0.04637573621480984,0.4965116099526187,1.5582247368176816,0.13005810955663635,1.4281666272610452,2.397625562305783,-0.04637573621480984,0.6370823029209535,2.9448592496405857,0.939032656668759,2.0058265929718266,4.234104716412368,-0.04637573621480984,1.9215118133361067,2.5506654918146854,1.1769761628864153,1.3736893289282701,4.234104716412368,-0.04637573621480984,2.710727432915712,2.3373371052265224,1.1794383566061581,1.1578987486203642,4.234104716412368,-0.04637573621480984,3.883673094055477
NARC1HR,BAJFINANCE,2026-07-31 09:15:00,2026-07-31 10:15:00,Financials,Largecap,1122.9,2.5479452054794516,0.008905512512247249,-0.008250415210936713,0.017155927723183962,0.16920473773265332,-0.347314987977565,0.3122265249229721,0.40965357556326243,0.049867121198938366,0.35978645436432405,0.543236263246949,-0.347314987977565,0.3728224922510994,1.0063229138836949,-0.0037968609186801684,1.0101197748023751,1.0775670139816507,-0.347314987977565,0.4409786260684596,1.0864725264938757,0.16615623818547792,0.9203162883083977,1.2378662392020567,-0.347314987977565,0.6324256386183433,3.232701041944952,0.9570023179555079,2.275698723989444,4.7644491940511235,-0.347314987977565,1.9061777118279846,2.057173390328604,1.09840385505758,0.9587695352710237,4.7644491940511235,-0.347314987977565,2.6769775816583175,-2.5113545284531136,1.193383563687511,-3.7047380921406248,4.7644491940511235,-3.375189242140897,3.8499250853445317
NARC1HR,CGPOWER,2026-07-31 09:15:00,2026-07-31 10:15:00,Industrials,Largecap,875.5,3.0000000000000027,-0.3655054254711687,-0.008250415210936713,-0.357255010260232,0.14848657909765084,-0.456881781838947,0.3122265249229721,-0.456881781838947,0.049867121198938366,-0.5067489030378853,0.14848657909765084,-0.49114791547686387,0.3728224922510994,-0.8680753854940049,-0.0037968609186801684,-0.8642785245753247,0.14848657909765084,-1.027984009137639,0.4409786260684596,-0.49114791547686387,0.16615623818547792,-0.6573041536623419,0.14848657909765084,-1.027984009137639,0.6324256386183433,-1.5762421473443644,0.9570023179555079,-2.5332444652998722,0.14848657909765084,-2.170188463735012,1.9061777118279846,-0.34266133637921303,1.09840385505758,-1.4410651914367931,0.14848657909765084,-3.318103940605366,2.6769775816583175,-0.3483723586521936,1.193383563687511,-1.5417559223397046,1.87892632781268,-3.318103940605366,3.8499250853445317
NARC1HR,HINDZINC,2026-07-31 09:15:00,2026-07-31 10:15:00,Metals & Mining,Largecap,542.0,1.109971084786876,-0.11070110701107971,-0.008250415210936713,-0.102450691800143,0.08302583025832089,-0.35055350553505615,0.3122265249229721,0.3136531365313777,0.049867121198938366,0.26378601533243934,0.3228782287822973,-0.35055350553505615,0.3728224922510994,-0.046125461254609146,-0.0037968609186801684,-0.04232860033592898,0.35055350553505615,-0.35055350553505615,0.4409786260684596,-0.46125461254612476,0.16615623818547792,-0.6274108507316027,0.35055350553505615,-0.5258302583025842,0.6324256386183433,0.9225092250922495,0.9570023179555079,-0.03449309286325841,1.4114391143911442,-0.9040590405903992,1.9061777118279846,2.4907749077490715,1.09840385505758,1.3923710526914914,3.9298892988929746,-0.9040590405903992,2.6769775816583175,10.083025830258308,1.193383563687511,8.889642266570796,11.845018450184508,-0.9040590405903992,3.8499250853445317
NARC1HR,HINDALCO,2026-07-31 09:15:00,2026-07-31 10:15:00,Metals & Mining,Largecap,985.0,0.5307205552153471,0.0,-0.008250415210936713,0.008250415210936713,0.3045685279187804,-0.1827411167512616,0.3122265249229721,0.030456852791882483,0.049867121198938366,-0.019410268407055883,0.3045685279187804,-0.1827411167512616,0.3728224922510994,-0.1878172588832494,-0.0037968609186801684,-0.18402039796456923,0.3045685279187804,-0.27918781725888575,0.4409786260684596,-0.5228426395939012,0.16615623818547792,-0.6889988777793792,0.3045685279187804,-0.5786802030456895,0.6324256386183433,0.10152284263960087,0.9570023179555079,-0.8554794753159071,0.5126903553299478,-1.2588832487309576,1.9061777118279846,1.898477157360401,1.09840385505758,0.8000733023028208,2.6700507614213054,-1.2588832487309576,2.6769775816583175,4.868020304568543,1.193383563687511,3.6746367408810325,5.98984771573603,-1.2588832487309576,3.8499250853445317
NARC1HR,ASHOKLEY,2026-07-31 09:15:00,2026-07-31 10:15:00,Auto,Largecap,164.45,2.8455284552845406,0.5411979325022909,-0.008250415210936713,0.5494483477132276,1.173608999695963,-0.018242626938280715,0.3122265249229721,0.6932198236546228,0.049867121198938366,0.6433527024556844,1.173608999695963,-0.018242626938280715,0.3728224922510994,0.32836728488903066,-0.0037968609186801684,0.3321641458077108,1.173608999695963,-0.018242626938280715,0.4409786260684596,0.3222864092429223,0.16615623818547792,0.15613017105744437,1.173608999695963,-0.018242626938280715,0.6324256386183433,4.293098206141677,0.9570023179555079,3.336095888186169,4.651869869261183,-0.018242626938280715,1.9061777118279846,5.600486470051691,1.09840385505758,4.50208261499411,6.512617816965638,-0.018242626938280715,2.6769775816583175,7.059896625114015,1.193383563687511,5.866513061426504,8.330799635147468,-0.018242626938280715,3.8499250853445317
NARC1HR,BHARATFORG,2026-07-31 09:15:00,2026-07-31 10:15:00,Industrials,Largecap,2199.2,1.593754330854158,0.16824299745363813,-0.008250415210936713,0.17649341266457486,0.49108766824299543,-0.04547108039286707,0.3122265249229721,0.17733721353219156,0.049867121198938366,0.12747009233325318,0.49108766824299543,-0.04547108039286707,0.3728224922510994,-0.6184066933430321,-0.0037968609186801684,-0.614609832424352,0.49108766824299543,-0.6411422335394601,0.4409786260684596,-0.6002182611858808,0.16615623818547792,-0.7663744993713588,0.49108766824299543,-0.7775554747180724,0.6324256386183433,0.5547471807930249,0.9570023179555079,-0.40225513716248307,1.5141869770825878,-0.7775554747180724,1.9061777118279846,-0.49563477628227215,1.09840385505758,-1.5940386313398522,1.5141869770825878,-0.7775554747180724,2.6769775816583175,1.4186977082575547,1.193383563687511,0.22531414457004373,2.532739177882881,-1.050381957075297,3.8499250853445317
NARC1HR,M&M,2026-07-31 09:15:00,2026-07-31 10:15:00,Auto,Largecap,3352.7,-0.8047575372052473,1.2616696990485288,-0.008250415210936713,1.2699201142594654,1.41080323321503,-0.020878694783299512,0.3122265249229721,1.3571151609150789,0.049867121198938366,1.3072480397161406,1.4644913055149589,-0.020878694783299512,0.3728224922510994,1.9357532734810778,-0.0037968609186801684,1.939550134399758,2.3652578518805756,-0.020878694783299512,0.4409786260684596,2.559131446297025,0.16615623818547792,2.392975208111547,2.603871506546973,-0.020878694783299512,0.6324256386183433,1.5002833537149263,0.9570023179555079,0.5432810357594183,3.3495391773794347,-0.020878694783299512,1.9061777118279846,2.290691084797336,1.09840385505758,1.192287229739756,3.3495391773794347,-0.020878694783299512,2.6769775816583175,3.328660482596124,1.193383563687511,2.1352769189086134,3.969934679512055,-0.020878694783299512,3.8499250853445317
NARC1HR,SIEMENS,2026-07-31 09:15:00,2026-07-31 10:15:00,Industrials,Largecap,3764.7,2.8016711722782084,0.5392195925306265,-0.008250415210936713,0.5474700077415632,0.6906260791032404,-0.16203150317422033,0.3122265249229721,0.6587510292984877,0.049867121198938366,0.6088839080995494,0.8473450739766797,-0.16203150317422033,0.3728224922510994,0.37984434350679663,-0.0037968609186801684,0.3836412044254768,1.0439078811060654,-0.16203150317422033,0.4409786260684596,0.4887507636730737,0.16615623818547792,0.32259452548759576,1.0439078811060654,-0.16203150317422033,0.6324256386183433,0.6189072170425414,0.9570023179555079,-0.3380951009129666,1.5539086779823075,-1.8726591760299671,1.9061777118279846,6.996573432145992,1.09840385505758,5.898169577088412,7.843918506122671,-1.8726591760299671,2.6769775816583175,5.47985231226924,1.193383563687511,4.286468748581729,8.21048157887747,-1.8726591760299671,3.8499250853445317
NARC1HR,VOLTAS,2026-07-31 09:15:00,2026-07-31 10:15:00,Consumer Discretionary,Largecap,1348.6,0.6417910447761077,0.06673587423995375,-0.008250415210936713,0.07498628945089046,0.22986801127096168,-0.15571703989321062,0.3122265249229721,0.10381135992882928,0.049867121198938366,0.05394423872989092,0.22986801127096168,-0.15571703989321062,0.3728224922510994,0.09639626279105418,-0.0037968609186801684,0.10019312370973435,0.2521133026842648,-0.15571703989321062,0.4409786260684596,0.17796233130653594,0.16615623818547792,0.011806093121058014,0.31143407978644344,-0.15571703989321062,0.6324256386183433,-0.7860002966038837,0.9570023179555079,-1.7430026145593915,0.31143407978644344,-2.4914726382915586,1.9061777118279846,-0.8972267536704659,1.09840385505758,-1.995630608728046,0.6970191309506157,-2.4914726382915586,2.6769775816583175,-4.8198131395521315,1.193383563687511,-6.013196703239642,0.6970191309506157,-5.946907904493537,3.8499250853445317
NARC1HR,CHOLAFIN,2026-07-31 09:15:00,2026-07-31 10:15:00,Financials,Largecap,1842.8,3.0764067569079234,-0.7325808552203217,-0.008250415210936713,-0.724330440009385,0.2604731929672255,-0.7759930540481852,0.3122265249229721,-0.5100933362274684,0.049867121198938366,-0.5599604574264068,0.2604731929672255,-0.9062296505317979,0.3728224922510994,-0.47753418710657636,-0.0037968609186801684,-0.4737373261878962,0.2604731929672255,-1.2806598654221735,0.4409786260684596,0.9442153245061924,0.16615623818547792,0.7780590863207144,0.9876275233340559,-1.2806598654221735,0.6324256386183433,2.5396136314304263,0.9570023179555079,1.5826113134749185,3.8094204471456505,-1.2806598654221735,1.9061777118279846,1.5031473844150156,1.09840385505758,0.4047435293574355,3.8094204471456505,-1.2806598654221735,2.6769775816583175,3.08226611677882,1.193383563687511,1.8888825530913091,5.9528977642717695,-1.2806598654221735,3.8499250853445317
NARC1HR,MOTHERSON,2026-07-31 09:15:00,2026-07-31 10:15:00,Auto,Largecap,149.62,1.914038553232067,0.31412912712203145,-0.008250415210936713,0.32237954233296817,0.5280042775029914,-0.24729314262799118,0.3122265249229721,0.43443389921133946,0.049867121198938366,0.3845667780124011,0.5881566635476565,-0.24729314262799118,0.3728224922510994,0.521320679053594,-0.0037968609186801684,0.5251175399722742,0.721828632535737,-0.24729314262799118,0.4409786260684596,0.9290201844672996,0.16615623818547792,0.7628639462818216,1.8580403689346436,-0.24729314262799118,0.6324256386183433,2.5330838123245547,0.9570023179555079,1.5760814943690469,2.753642561154934,-0.24729314262799118,1.9061777118279846,1.8580403689346436,1.09840385505758,0.7596365138770635,4.177249030878216,-0.24729314262799118,2.6769775816583175,11.85002005079534,1.193383563687511,10.656636487107829,12.919395802700162,-0.855500601523862,3.8499250853445317
NARC1HR,KEI,2026-07-31 09:15:00,2026-07-31 10:15:00,Industrials,Largecap,4992.0,4.054194893173535,1.2219551282051322,-0.008250415210936713,1.2302055434160688,1.5124198717948678,-0.48076923076922906,0.3122265249229721,1.472355769230771,0.049867121198938366,1.4224886480318326,1.862980769230771,-0.48076923076922906,0.3728224922510994,0.9415064102564097,-0.0037968609186801684,0.9453032711750898,1.862980769230771,-0.48076923076922906,0.4409786260684596,0.861378205128216,0.16615623818547792,0.695221966942738,1.862980769230771,-0.48076923076922906,0.6324256386183433,0.6189903846153699,0.9570023179555079,-0.338011933340138,1.862980769230771,-0.576923076923086,1.9061777118279846,7.902644230769229,1.09840385505758,6.8042403757116485,8.453525641025639,-0.576923076923086,2.6769775816583175,12.359775641025639,1.193383563687511,11.166392077338127,12.760416666666675,-0.576923076923086,3.8499250853445317
NARC1HR,GVT&D,2026-07-31 09:15:00,2026-07-31 10:15:00,Industrials,Largecap,4381.9,0.7333333333333192,-0.1026951778908658,-0.008250415210936713,-0.09444476267992909,0.15518382436843225,-0.3103676487368423,0.3122265249229721,-0.10954152308357834,0.049867121198938366,-0.15940864428251672,0.15518382436843225,-0.34916360482893927,0.3728224922510994,-1.408064994637026,-0.0037968609186801684,-1.4042681337183458,0.15518382436843225,-1.547274013555744,0.4409786260684596,-0.7165841301718379,0.16615623818547792,-0.8827403683573158,0.15518382436843225,-1.7184326433738573,0.6324256386183433,-1.4422967206006443,0.9570023179555079,-2.399299038556152,0.15518382436843225,-2.601611173235352,1.9061777118279846,-0.7896118122275642,1.09840385505758,-1.8880156672851443,0.4130628266277192,-2.601611173235352,2.6769775816583175,-0.8101508478057462,1.193383563687511,-2.0035344114932574,1.5997626600333215,-7.551518747575248,3.8499250853445317
NARC1HR,NATIONALUM,2026-07-31 09:15:00,2026-07-31 10:15:00,Metals & Mining,Largecap,353.45,0.411931818181821,0.1131701796576623,-0.008250415210936713,0.121420594868599,0.43853444617343307,-0.29707172160136075,0.3122265249229721,0.16975526948650455,0.049867121198938366,0.11988814828756618,0.43853444617343307,-0.29707172160136075,0.3728224922510994,0.2404866317725407,-0.0037968609186801684,0.24428349269122088,0.6507285330315415,-0.29707172160136075,0.4409786260684596,0.028292544914432227,0.16615623818547792,-0.1378636932710457,0.6507285330315415,-0.41024190125901194,0.6324256386183433,0.9195077097184923,0.9570023179555079,-0.03749460823701567,2.3058424105248276,-1.640967605036081,1.9061777118279846,6.351676333286171,1.09840385505758,5.253272478228592,8.204838025180372,-1.640967605036081,2.6769775816583175,6.832649596831253,1.193383563687511,5.639266033143742,8.940444192955166,-1.640967605036081,3.8499250853445317
NARC1HR,SOLARINDS,2026-07-31 09:15:00,2026-07-31 10:15:00,Aerospace & Defence,Largecap,18577.0,2.5786858089453357,-0.9258760833288471,-0.008250415210936713,-0.9176256681179104,0.22608602034774883,-0.9527910857511923,0.3122265249229721,-0.9151100823599045,0.049867121198938366,-0.9649772035588429,0.22608602034774883,-1.1681111051299986,0.3728224922510994,-1.0604510954405955,-0.0037968609186801684,-1.0566542345219152,0.22608602034774883,-1.2757711148194018,0.4409786260684596,-0.9474080852667321,0.16615623818547792,-1.1135643234522101,0.22608602034774883,-1.2757711148194018,0.6324256386183433,-0.7913010712170987,0.9570023179555079,-1.7483033891726065,0.22608602034774883,-1.2757711148194018,1.9061777118279846,1.0819830973784805,1.09840385505758,-0.016420757679099562,1.2004091080368262,-1.2757711148194018,2.6769775816583175,-0.8774290789686168,1.193383563687511,-2.0708126426561275,1.7925391613285324,-4.096463368681702,3.8499250853445317
NARC1HR,BAJAJFINSV,2026-07-31 09:15:00,2026-07-31 10:15:00,Financials,Largecap,1987.8,2.8881987577639823,-0.03521481034309826,-0.008250415210936713,-0.026964395132161544,0.3974242881577661,-0.29681054432034726,0.3122265249229721,-0.533252842338261,0.049867121198938366,-0.5831199635371993,0.3974242881577661,-0.6338665861756687,0.3728224922510994,0.6036824630244464,-0.0037968609186801684,0.6074793239431265,0.8652781970017065,-0.6338665861756687,0.4409786260684596,0.9608612536472494,0.16615623818547792,0.7947050154617714,1.4186537881074601,-0.6338665861756687,0.6324256386183433,4.079887312606911,0.9570023179555079,3.1228849946514035,5.257068115504593,-0.6338665861756687,1.9061777118279846,4.6533856524801465,1.09840385505758,3.5549817974225664,5.257068115504593,-0.6338665861756687,2.6769775816583175,1.0866284334440257,1.193383563687511,-0.10675513024348526,6.575108159774623,-0.6338665861756687,3.8499250853445317
NARC1HR,MUTHOOTFIN,2026-07-31 09:15:00,2026-07-31 10:15:00,Financials,Largecap,3069.1,1.4343788214297604,0.25414616662866596,-0.008250415210936713,0.2623965818396027,0.492000912319579,-0.05864911537583062,0.3122265249229721,0.042357694438122095,0.049867121198938366,-0.007509426760816271,0.492000912319579,-0.0781988205011297,0.3728224922510994,0.1433645042520748,-0.0037968609186801684,0.14716136517075498,0.492000912319579,-0.23133817731582074,0.4409786260684596,1.2120817177674326,0.16615623818547792,1.0459254795819546,1.3130885275813853,-0.23133817731582074,0.6324256386183433,-7.885047733863349,0.9570023179555079,-8.842050051818857,2.466521129972965,-12.971229350623958,1.9061777118279846,-5.675931054706584,1.09840385505758,-6.774334909764164,2.466521129972965,-12.971229350623958,2.6769775816583175,-5.6205402235183,1.193383563687511,-6.813923787205811,2.466521129972965,-12.971229350623958,3.8499250853445317
NARC1HR,LAURUSLABS,2026-07-31 09:15:00,2026-07-31 10:15:00,Healthcare,Largecap,1817.2,1.8039215686274535,0.24763372220999447,-0.008250415210936713,0.2558841374209312,0.2751485802333198,-0.09905348888399335,0.3122265249229721,0.11005943209332347,0.049867121198938366,0.060192310894385107,0.3191723530706625,-0.11005943209333457,0.3728224922510994,0.09905348888399335,-0.0037968609186801684,0.10285034980267352,0.3191723530706625,-0.3631961259079941,0.4409786260684596,-0.07704160246533309,0.16615623818547792,-0.24319784065081101,0.5172793308386492,-0.3631961259079941,0.6324256386183433,0.5282852740479793,0.9570023179555079,-0.4287170439075286,0.6933744221879756,-1.5463350209113047,1.9061777118279846,0.40171692714066065,1.09840385505758,-0.6966869279169194,1.1611270085846392,-1.5463350209113047,2.6769775816583175,1.298701298701288,1.193383563687511,0.10531773501377706,2.1681708122386123,-1.5463350209113047,3.8499250853445317
NARC1HR,COCHINSHIP,2026-07-31 09:15:00,2026-07-31 10:15:00,Aerospace & Defence,Largecap,1421.6,1.2535612535612417,-0.534608891389976,-0.008250415210936713,-0.5263584761790393,0.13365222284749123,-0.5979178390545847,0.3122265249229721,-0.5275745638716911,0.049867121198938366,-0.5774416850706294,0.13365222284749123,-0.6682611142374784,0.3728224922510994,-0.4642656162070824,-0.0037968609186801684,-0.46046875528840225,0.13365222284749123,-0.9144625773776061,0.4409786260684596,-0.32357906584129514,0.16615623818547792,-0.48973530402677307,0.13365222284749123,-0.9144625773776061,0.6324256386183433,1.4631401238041741,0.9570023179555079,0.5061378058486662,1.5545863815419336,-0.9144625773776061,1.9061777118279846,1.660101294316263,1.09840385505758,0.5616974392586829,1.9977490151941613,-0.9144625773776061,2.6769775816583175,6.253517163759148,1.193383563687511,5.060133600071637,6.288688801350606,-0.9144625773776061,3.8499250853445317
NARC1HR,ABCAPITAL,2026-07-31 09:15:00,2026-07-31 10:15:00,Financials,Largecap,408.2,2.8470647518266556,-0.42871141597256024,-0.008250415210936713,-0.4204610007616235,0.2817246447819777,-0.5389514943655027,0.3122265249229721,-0.6491915727584452,0.049867121198938366,-0.6990586939573835,0.2817246447819777,-0.7716805487506084,0.3728224922510994,-0.46545810877020033,-0.0037968609186801684,-0.4616612478515202,0.2817246447819777,-0.8451739343459108,0.4409786260684596,0.22048015678590716,0.16615623818547792,0.05432391860042923,0.5267025967663042,-0.8451739343459108,0.6324256386183433,4.838314551690348,0.9570023179555079,3.8813122337348402,4.850563449289558,-2.4742773150416397,1.9061777118279846,3.1479666829985264,1.09840385505758,2.0495628279409464,5.512003919647235,-2.4742773150416397,2.6769775816583175,0.8451739343459108,1.193383563687511,-0.34820962934160016,5.512003919647235,-2.4742773150416397,3.8499250853445317
NARC1HR,HAL,2026-07-31 09:15:00,2026-07-31 10:15:00,Aerospace & Defence,Largecap,4663.9,1.5856766352290164,-0.6861210574840793,-0.008250415210936713,-0.6778706422731425,0.10935054353653495,-0.7697420613649419,0.3122265249229721,-0.4502669439739315,0.049867121198938366,-0.5001340651728698,0.10935054353653495,-0.7697420613649419,0.3728224922510994,-0.3559252985698591,-0.0037968609186801684,-0.35212843765117896,0.10935054353653495,-0.7697420613649419,0.4409786260684596,-0.3988078646626092,0.16615623818547792,-0.5649641028480872,0.10935054353653495,-0.7697420613649419,0.6324256386183433,0.37951070992090497,0.9570023179555079,-0.577491608034603,0.5381762044640803,-0.7697420613649419,1.9061777118279846,0.46313171380176765,1.09840385505758,-0.6352721412558124,1.1599734128090233,-0.7697420613649419,2.6769775816583175,5.319582323806271,1.193383563687511,4.12619876011876,6.670383155728055,-1.2993417526104611,3.8499250853445317
NARC1HR,POWERINDIA,2026-07-31 09:15:00,2026-07-31 10:15:00,Industrials,Largecap,32465.0,1.7711598746081414,0.0616048051748086,-0.008250415210936713,0.0698552203857453,0.2926228245803131,-0.0770060064685052,0.3122265249229721,-0.046203603881100896,0.049867121198938366,-0.09607072508003926,0.2926228245803131,-0.1848144155244147,0.3728224922510994,-0.5852456491606373,-0.0037968609186801684,-0.5814487882419571,0.338826428461414,-0.7392576620976476,0.4409786260684596,-0.23101801940551558,0.16615623818547792,-0.3971742575909935,0.338826428461414,-0.7392576620976476,0.6324256386183433,-1.0010780840905564,0.9570023179555079,-1.9580804020460643,0.338826428461414,-1.4169105190204867,1.9061777118279846,0.046203603881100896,1.09840385505758,-1.0522002511764792,0.7084552595102434,-1.8481441552441136,2.6769775816583175,-0.3696288310488183,1.193383563687511,-1.5630123947363292,0.7084552595102434,-4.081318342830742,3.8499250853445317
NARC1HR,MAZDOCK,2026-07-31 09:15:00,2026-07-31 10:15:00,Aerospace & Defence,Largecap,2392.4,2.0213219616204814,-0.45560942986122566,-0.008250415210936713,-0.44735901465028893,0.39291088446749,-0.5183079752549724,0.3122265249229721,-0.643705066042477,0.049867121198938366,-0.6935721872414153,0.39291088446749,-0.8819595385387013,0.3728224922510994,-0.20899515131248547,-0.0037968609186801684,-0.2051982903938053,0.39291088446749,-0.8819595385387013,0.4409786260684596,-0.30931282394248694,0.16615623818547792,-0.47546906212796486,0.39291088446749,-0.8819595385387013,0.6324256386183433,-0.18391573315499343,0.9570023179555079,-1.1409180511105013,0.8192609931449546,-0.8819595385387013,1.9061777118279846,0.4681491389399772,1.09840385505758,-0.6302547161176029,0.8192609931449546,-0.8819595385387013,2.6769775816583175,5.337736164520979,1.193383563687511,4.144352600833468,7.590703895669626,-1.0073566293261949,3.8499250853445317
NARC1HR,HYUNDAI,2026-07-31 09:15:00,2026-07-31 10:15:00,Auto,Largecap,2166.0,3.1919961886612613,1.3388734995383178,-0.008250415210936713,1.3471239147492544,1.46814404432134,0.0,0.3122265249229721,1.4912280701754543,0.049867121198938366,1.441360948976516,1.689750692520775,0.0,0.3728224922510994,1.2003693444136765,-0.0037968609186801684,1.2041662053323567,1.939058171745156,0.0,0.4409786260684596,1.2927054478301114,0.16615623818547792,1.1265492096446335,1.939058171745156,0.0,0.6324256386183433,2.4469067405355593,0.9570023179555079,1.4899044225800515,3.7673130193905724,0.0,1.9061777118279846,2.2483841181901942,1.09840385505758,1.1499802631326141,3.7673130193905724,0.0,2.6769775816583175,1.689750692520775,1.193383563687511,0.49636712883326406,3.7673130193905724,0.0,3.8499250853445317
NARC1HR,BAJFINANCE,2026-07-31 10:15:00,2026-07-31 11:15:00,Financials,Largecap,1126.3,0.30278742541631765,0.40841694042441645,-0.018814587020477003,0.42723152744489346,0.7724407351505036,-0.05327177483795964,0.2532350305125943,0.4794459735417034,0.016137990320834558,0.4633079832208688,0.7724407351505036,-0.05327177483795964,0.314903589623374,0.7813193642901561,0.13874562372056676,0.6425737405695894,0.9322560596643825,-0.05327177483795964,0.4640170561944093,1.4205806623457384,0.19430608208192177,1.2262745802638166,1.6336677616975992,-0.05327177483795964,0.6641979803517826,2.725739145875883,0.8962675643563259,1.8294715815195568,4.448193198970096,-0.05327177483795964,1.9500885196447242,2.0864778478203005,0.8861046555654746,1.200373192254826,4.448193198970096,-0.05327177483795964,2.6777398390410734,-3.4893012518867006,1.078919456838108,-4.568220708724809,4.448193198970096,-3.666873834679918,3.8254449751339528
NARC1HR,TORNTPHARM,2026-07-31 10:15:00,2026-07-31 11:15:00,Healthcare,Largecap,5039.4,1.6397410298299553,0.6290431400563623,-0.018814587020477003,0.6478577270768393,0.9644005238719,-0.027781085049805032,0.2532350305125943,1.4962098662539391,0.016137990320834558,1.4800718759331046,2.010159939675371,-0.027781085049805032,0.314903589623374,1.476366234075499,0.13874562372056676,1.3376206103549322,2.010159939675371,-0.027781085049805032,0.4640170561944093,1.6728181926419783,0.19430608208192177,1.4785121105600565,2.010159939675371,-0.027781085049805032,0.6641979803517826,0.8453387308013038,0.8962675643563259,-0.05092883355502209,4.179068936778196,-0.027781085049805032,1.9500885196447242,-0.513950073421432,0.8861046555654746,-1.4000547289869065,4.179068936778196,-0.8512918204548137,2.6777398390410734,-2.2601897051236164,1.078919456838108,-3.3391091619617246,4.179068936778196,-2.7463586934952544,3.8254449751339528
NARC1HR,ASHOKLEY,2026-07-31 10:15:00,2026-07-31 11:15:00,Auto,Largecap,165.25,0.4864700516874487,-0.22995461422087304,-0.018814587020477003,-0.21114002720039604,0.13918305597577785,-0.42360060514371467,0.2532350305125943,-0.07866868381239955,0.016137990320834558,-0.09480667413323411,0.13918305597577785,-0.42360060514371467,0.314903589623374,-0.16338880484115803,0.13874562372056676,-0.3021344285617248,0.2118003025718629,-0.42360060514371467,0.4640170561944093,0.6354009077155887,0.19430608208192177,0.44109482563366686,0.810892586989409,-0.42360060514371467,0.6641979803517826,5.246596066565812,0.8962675643563259,4.350328502209486,5.28895612708018,-0.42360060514371467,1.9500885196447242,4.822995461422086,0.8861046555654746,3.9368908058566117,5.996974281391831,-0.42360060514371467,2.6777398390410734,7.055975794251124,1.078919456838108,5.977056337413016,7.8063540090771655,-0.42360060514371467,3.8254449751339528
NARC1HR,SIEMENS,2026-07-31 10:15:00,2026-07-31 11:15:00,Industrials,Largecap,3799.8,0.9323452067893978,-0.2763303331754341,-0.018814587020477003,-0.2575157461549571,0.042107479341013665,-0.6526659297857784,0.2532350305125943,-0.25790831096373923,0.016137990320834558,-0.2740463012845738,0.042107479341013665,-0.6526659297857784,0.314903589623374,-0.439496815621887,0.13874562372056676,-0.5782424393424538,0.042107479341013665,-0.6526659297857784,0.4640170561944093,0.05263434917626153,0.19430608208192177,-0.14167173290566024,0.22632770145796233,-0.6526659297857784,0.6641979803517826,1.7579872624874815,0.8962675643563259,0.8617196981311556,1.98957839886309,-2.7790936365071905,1.9500885196447242,6.442444339175735,0.8861046555654746,5.55633968361026,7.210905837149317,-2.7790936365071905,2.6777398390410734,4.426548765724503,1.078919456838108,3.347629308886395,7.210905837149317,-2.7790936365071905,3.8254449751339528
NARC1HR,KEI,2026-07-31 10:15:00,2026-07-31 11:15:00,Industrials,Largecap,5048.0,1.1217948717948678,-0.7329635499207621,-0.018814587020477003,-0.7141489629002851,0.3961965134706924,-0.7329635499207621,0.2532350305125943,-0.4853407290015821,0.016137990320834558,-0.5014787193224166,0.3961965134706924,-0.8518225039619631,0.314903589623374,-0.25752773375594673,0.13874562372056676,-0.3962733574765135,0.3961965134706924,-0.8518225039619631,0.4640170561944093,-1.1390649762282101,0.19430608208192177,-1.333371058310132,0.3961965134706924,-1.347068145800312,0.6641979803517826,0.01584786053883125,0.8962675643563259,-0.8804197038174947,0.3961965134706924,-1.6798732171156905,1.9500885196447242,6.71553090332806,0.8861046555654746,5.829426247762585,7.2503961965134645,-1.6798732171156905,2.6777398390410734,11.392630744849463,1.078919456838108,10.313711288011355,11.509508716323303,-1.6798732171156905,3.8254449751339528
NARC1HR,MAZDOCK,2026-07-31 10:15:00,2026-07-31 11:15:00,Aerospace & Defence,Largecap,2375.7,-0.6980438053837301,0.4335564254746016,-0.018814587020477003,0.4523710124950786,0.5261607105274235,-0.021046428421100938,0.2532350305125943,0.5219514248432144,0.016137990320834558,0.5058134345223799,0.723997137685739,-0.021046428421100938,0.314903589623374,0.3914635686323997,0.13874562372056676,0.25271794491183297,0.723997137685739,-0.021046428421100938,0.4640170561944093,0.3072778549480182,0.19430608208192177,0.11297177286609641,0.723997137685739,-0.021046428421100938,0.6641979803517826,0.3662078545271008,0.8962675643563259,-0.5300597098292251,1.5279707033716505,-0.021046428421100938,1.9500885196447242,0.6945321378962088,0.8861046555654746,-0.19157251766926575,1.5279707033716505,-0.021046428421100938,2.6777398390410734,5.724628530538367,1.078919456838108,4.645709073700259,8.347013511807045,-0.31148714063221616,3.8254449751339528
NARC1HR,HYUNDAI,2026-07-31 10:15:00,2026-07-31 11:15:00,Auto,Largecap,2199.3,1.5373961218836607,0.009093802573545418,-0.018814587020477003,0.02790838959402242,0.16368844632381752,-0.4683308325376334,0.2532350305125943,-0.4092211158095771,0.016137990320834558,-0.42535910613041167,0.16368844632381752,-0.6047378711408258,0.314903589623374,-0.24098576819897577,0.13874562372056676,-0.3797313919195425,0.16368844632381752,-0.6774882917291891,0.4640170561944093,-0.5865502659937238,0.19430608208192177,-0.7808563480756456,0.16368844632381752,-0.7320511071704838,0.6641979803517826,0.9093802573546084,0.8962675643563259,0.013112692998282438,2.1961533215113738,-1.2776792615832422,1.9500885196447242,1.136725321693266,0.8861046555654746,0.25062066612779144,2.1961533215113738,-1.2776792615832422,2.6777398390410734,0.27736097849315744,1.078919456838108,-0.8015584783449505,2.1961533215113738,-1.2776792615832422,3.8254449751339528
NARC1HR,BAJFINANCE,2026-07-31 11:15:00,2026-07-31 12:15:00,Financials,Largecap,1134.8,0.7546834768711763,0.2555516390553514,0.08878347744164962,0.16676816161370178,0.33486076841733325,-0.3084243919633467,0.31943796132274915,0.45823052520268526,0.11949413137906387,0.3387363938236214,0.46704265068733264,-0.3084243919633467,0.37912309898462143,0.6609094113500191,0.12508335183013072,0.5358260595198884,0.8724004229820226,-0.3084243919633467,0.48637406684186363,1.2777581952766903,0.09394702497903983,1.1838111702976506,1.4716249559393768,-0.3084243919633467,0.5894731124995067,1.8769827282340446,0.947779046287998,0.9292036819460465,3.6658442016214376,-0.3084243919633467,1.9764852873517604,0.5992245329573542,0.6432690973654698,-0.04404456440811555,3.6658442016214376,-0.3084243919633467,2.5996390652785144,-4.564681001057447,1.0775081782193603,-5.642189179276807,3.6658442016214376,-4.65280225590412,3.761934375802966
NARC1HR,TORNTPHARM,2026-07-31 11:15:00,2026-07-31 12:15:00,Healthcare,Largecap,5115.1,1.50216295590746,-0.3518992786064823,0.08878347744164962,-0.4406827560481319,0.45551406619614987,-0.5063439619948928,0.31943796132274915,-0.32843932669938125,0.11949413137906387,-0.4479334580784451,0.45551406619614987,-0.5063439619948928,0.37912309898462143,0.16812965533419266,0.12508335183013072,0.04304630350406194,0.45551406619614987,-0.5552188618013432,0.48637406684186363,0.007819983969015176,0.09394702497903983,-0.08612704101002465,0.45551406619614987,-0.5552188618013432,0.5894731124995067,-0.5591288537858619,0.947779046287998,-1.5069079000738599,2.6372895935563356,-1.4682019901859245,1.9764852873517604,-1.9374010283279008,0.6432690973654698,-2.580670125693371,2.6372895935563356,-2.318625246818251,2.5996390652785144,-3.765322281089334,1.0775081782193603,-4.842830459308694,2.6372895935563356,-4.185646419424849,3.761934375802966
NARC1HR,MOTHERSON,2026-07-31 11:15:00,2026-07-31 12:15:00,Auto,Largecap,151.59,0.6239628277464382,-0.3100468368625875,0.08878347744164962,-0.3988303143042371,0.013193482419682212,-0.5673197440464461,0.31943796132274915,-0.3232403192822808,0.11949413137906387,-0.44273445066134465,0.013193482419682212,-0.5673197440464461,0.37912309898462143,-0.224289201134642,0.12508335183013072,-0.34937255296477276,0.013193482419682212,-0.5673197440464461,0.48637406684186363,-0.46836862589880734,0.09394702497903983,-0.5623156508778472,0.013193482419682212,-0.9565274754271491,0.5894731124995067,1.471073289794833,0.947779046287998,0.5232942435068351,1.8470875387558428,-0.9565274754271491,1.9764852873517604,0.07916089451811548,0.6432690973654698,-0.5641082028473543,2.8234052378125263,-0.9565274754271491,2.5996390652785144,10.759284913252865,1.0775081782193603,9.681776735033504,11.451942740286292,-2.143940893198759,3.761934375802966
NARC1HR,BAJAJFINSV,2026-07-31 11:15:00,2026-07-31 12:15:00,Financials,Largecap,2004.3,0.556893437688144,0.2793992915232302,0.08878347744164962,0.19061581408158057,0.5338522177318783,-0.11475328044703303,0.31943796132274915,0.9479618819538072,0.11949413137906387,0.8284677505747433,0.9679189742054728,-0.11475328044703303,0.37912309898462143,0.8381978745696683,0.12508335183013072,0.7131145227395376,1.122586439155815,-0.11475328044703303,0.48637406684186363,0.9529511550167236,0.09394702497903983,0.8590041300376837,1.122586439155815,-0.11475328044703303,0.5894731124995067,3.492491144040333,0.947779046287998,2.5447120977523348,4.390560295364976,-0.11475328044703303,1.9764852873517604,4.051289727086771,0.6432690973654698,3.4080206297213014,4.390560295364976,-0.11475328044703303,2.5996390652785144,-0.4440453025994051,1.0775081782193603,-1.5215534808187654,5.697749837848631,-0.6785411365563987,3.761934375802966
NARC1HR,ABCAPITAL,2026-07-31 11:15:00,2026-07-31 12:15:00,Financials,Largecap,410.25,1.0467980295566504,-0.12187690432663434,0.08878347744164962,-0.21066038176828394,0.0,-0.5971968312004861,0.31943796132274915,-0.06093845216331717,0.11949413137906387,-0.18043258354238104,0.048750761730653736,-0.5971968312004861,0.37912309898462143,-0.06093845216331717,0.12508335183013072,-0.1860218039934479,0.1096892138939598,-0.5971968312004861,0.48637406684186363,-1.6940889701401507,0.09394702497903983,-1.7880359951191904,0.6703229737964556,-2.9616087751371034,0.5894731124995067,4.058500914076779,0.947779046287998,3.110721867788781,4.984765386959178,-2.9616087751371034,1.9764852873517604,1.9622181596587573,0.6432690973654698,1.3189490622932876,4.984765386959178,-2.9616087751371034,2.5996390652785144,-0.9506398537477145,1.0775081782193603,-2.028148031967075,4.984765386959178,-2.9616087751371034,3.761934375802966
NARC1HR,HDFCAMC,2026-07-31 11:15:00,2026-07-31 12:15:00,Financials,Largecap,2593.8,0.7457469121417093,0.12337111573752502,0.08878347744164962,0.0345876382958754,0.2004780630734837,-0.030842778934392356,0.31943796132274915,0.35469195774537887,0.11949413137906387,0.235197826366315,0.470352378749328,-0.030842778934392356,0.37912309898462143,0.8520317680623002,0.12508335183013072,0.7269484162321694,0.9329940627650579,-0.030842778934392356,0.48637406684186363,0.8635978101626751,0.09394702497903983,0.7696507851836353,1.3956357467807878,-0.030842778934392356,0.5894731124995067,-0.6823964839232088,0.947779046287998,-1.6301755302112069,1.9662271570668466,-0.7980569049271469,1.9764852873517604,-1.773459788726961,0.6432690973654698,-2.4167288860924305,1.9662271570668466,-1.997069936001239,2.5996390652785144,-1.5961138098542715,1.0775081782193603,-2.6736219880736316,1.9662271570668466,-2.7989821882951738,3.761934375802966
NARC1HR,HYUNDAI,2026-07-31 11:15:00,2026-07-31 12:15:00,Auto,Largecap,2189.7,-0.43650252353023555,0.059368863314612774,0.08878347744164962,-0.029414614127036845,0.36991368680643344,-0.018267342558320188,0.31943796132274915,-0.09133671279171196,0.11949413137906387,-0.21083084417077583,0.36991368680643344,-0.2146412750605009,0.37912309898462143,-0.15070557610630253,0.12508335183013072,-0.2757889279364333,0.36991368680643344,-0.29684431657304167,0.48637406684186363,0.2831438096543071,0.09394702497903983,0.18919678467526724,0.4658172352377088,-0.4018815362834993,0.5894731124995067,0.927067634835832,0.947779046287998,-0.02071141145216604,2.644197835319906,-0.8448645933232912,1.9764852873517604,1.402018541352712,0.6432690973654698,0.7587494439872422,2.644197835319906,-0.8448645933232912,2.5996390652785144,0.7809288943691151,1.0775081782193603,-0.29657928385024523,2.644197835319906,-0.8448645933232912,3.761934375802966
NARC1HR,TATASTEEL,2026-07-31 13:15:00,2026-07-31 14:15:00,Metals & Mining,Largecap,190.63,0.7238719222234069,-0.3304831348685866,-0.12402609175866547,-0.20645704310992113,0.02622882022766948,-0.5350679326443841,0.19592119826565405,-0.5035933483711896,-0.11606070231888793,-0.3875326460523017,0.02622882022766948,-0.5403136966899202,0.22160455662501394,-0.38294077532392556,-0.2199738213440483,-0.16296695397987726,0.07344069663748343,-0.760635786602315,0.3038652080535899,-0.15737292136598358,0.7337652807096617,-0.8911382020756453,1.5055342810680328,-0.760635786602315,1.5859248261273151,-0.05245764045532786,0.7546965351253164,-0.8071541755806443,1.5055342810680328,-0.760635786602315,1.9594405304522944,-0.24655091014006425,0.5054798304875793,-0.7520307406276435,1.5055342810680328,-1.1225935057441072,2.5315644046830728,-0.7501442585112539,1.1063743506098027,-1.8565186091210566,1.5842207417510412,-2.035356449666892,3.891248970198392
NARC1HR,GAIL,2026-07-31 13:15:00,2026-07-31 14:15:00,Energy,Largecap,177.85,0.29889465373336144,1.71492831037392,-0.12402609175866547,1.8389544021325854,2.0972729828507175,-0.16868147315152182,0.19592119826565405,1.5687377003092529,-0.11606070231888793,1.6847984026281408,2.4515040764689466,-0.16868147315152182,0.22160455662501394,1.7711554680911012,-0.2199738213440483,1.9911292894351496,2.4515040764689466,-0.16868147315152182,0.3038652080535899,-3.0981163902164655,0.7337652807096617,-3.831881670926127,2.547090244588146,-3.2049479898791033,1.5859248261273151,-2.131009277481022,0.7546965351253164,-2.8857058126063384,2.547090244588146,-3.2049479898791033,1.9594405304522944,-1.1245431543435491,0.5054798304875793,-1.6300229848311285,2.547090244588146,-3.2049479898791033,2.5315644046830728,-2.9294349170649436,1.1063743506098027,-4.035809267674747,2.547090244588146,-3.3511385999437815,3.891248970198392
NARC1HR,HDFCAMC,2026-07-31 13:15:00,2026-07-31 14:15:00,Financials,Largecap,2615.4,0.28374233128833914,-0.042058576126013936,-0.12402609175866547,0.08196751563265153,0.1758813183451835,-0.17205781142464183,0.19592119826565405,0.04205857612602504,-0.11606070231888793,0.15811927844491297,0.1758813183451835,-0.17205781142464183,0.22160455662501394,-0.05352909688767227,-0.2199738213440483,0.16644472445637604,0.31352756748488364,-0.252351456756128,0.3038652080535899,-0.2905865259616114,0.7337652807096617,-1.0243518066712731,1.1241110346409844,-0.6385256557314478,1.5859248261273151,-1.5867553720272265,0.7546965351253164,-2.341451907152543,1.1241110346409844,-1.9576355433203463,1.9594405304522944,-2.894394738854489,0.5054798304875793,-3.399874569342068,1.1241110346409844,-2.928806301139397,2.5315644046830728,-3.0320409879942,1.1063743506098027,-4.138415338604003,1.1241110346409844,-3.6017435191557756,3.891248970198392
NARC1HR,DELHIVERY,2026-07-31 13:15:00,2026-07-31 14:15:00,Transportation,Largecap,488.5,2.8096390613490563,-0.7574206755373569,-0.12402609175866547,-0.6333945837786914,0.22517911975434846,-0.9723643807574178,0.19592119826565405,-1.156601842374616,-0.11606070231888793,-1.040541140055728,0.22517911975434846,-1.4738996929375636,0.22160455662501394,-1.5967246673490254,-0.2199738213440483,-1.376750846004977,0.22517911975434846,-1.678607983623337,0.3038652080535899,-0.7676560900716445,0.7337652807096617,-1.5014213707813062,0.22517911975434846,-2.3439099283520948,1.5859248261273151,-3.4800409416581357,0.7546965351253164,-4.234737476783452,0.22517911975434846,-4.022517911975432,1.9594405304522944,-3.377686796315249,0.5054798304875793,-3.8831666268028284,0.22517911975434846,-4.032753326509719,2.5315644046830728,-3.3879222108495366,1.1063743506098027,-4.49429656145934,0.22517911975434846,-7.369498464687818,3.891248970198392
NARC1HR,GAIL,2026-07-31 14:15:00,2026-07-31 15:15:00,Energy,Largecap,181.73,2.1816137194264895,-3.7638254553458483,0.5405365318720903,-4.304361987217939,0.35767347163373486,-4.253562978044345,1.3955470160610883,-3.7748307929345692,0.6929934115743165,-4.467824204508886,0.35767347163373486,-4.253562978044345,1.5289315787469482,-5.16700599790898,0.86099717966819,-6.02800317757717,0.35767347163373486,-5.271556705001923,1.6837217737038008,-4.847851207835808,0.8887848548639737,-5.736636062699781,0.35767347163373486,-5.271556705001923,1.8158644257083987,-4.336103009959825,1.0352595681065686,-5.371362578066393,0.35767347163373486,-5.271556705001923,2.411692120917259,-3.93440818797115,1.4664839534336143,-5.400892141404764,0.35767347163373486,-5.271556705001923,2.9168921365588774,-4.935893908545641,1.3791531282293326,-6.315047036774973,0.35767347163373486,-5.513674131953983,4.063027788314143
NARC1HR,PETRONET,2026-07-31 14:15:00,2026-07-31 15:15:00,Energy,Largecap,280.8,0.555058191584612,0.694444444444442,0.5405365318720903,0.1539079125723517,0.8903133903133797,-0.6232193732193747,1.3955470160610883,0.7656695156694981,0.6929934115743165,0.07267610409518166,1.2642450142450246,-0.6232193732193747,1.5289315787469482,0.7834757834757733,0.86099717966819,-0.07752139619241671,1.2642450142450246,-0.6232193732193747,1.6837217737038008,0.3383190883190945,0.8887848548639737,-0.5504657665448792,1.2642450142450246,-0.6232193732193747,1.8158644257083987,0.6232193732193636,1.0352595681065686,-0.412040194887205,1.4423076923076872,-0.6232193732193747,2.411692120917259,0.2849002849002913,1.4664839534336143,-1.181583668533323,1.4957264957264904,-1.1930199430199462,2.9168921365588774,-0.92592592592593,1.3791531282293326,-2.3050790541552626,1.4957264957264904,-1.9230769230769384,4.063027788314143
NARC1HR,DELHIVERY,2026-07-31 14:15:00,2026-07-31 15:15:00,Transportation,Largecap,481.5,-1.4329580348004134,-0.830737279335414,0.5405365318720903,-1.3712738112075042,1.3395638629283502,-0.9241952232606376,1.3955470160610883,-0.8826583592938753,0.6929934115743165,-1.5756517708681916,1.3395638629283502,-0.9241952232606376,1.5289315787469482,0.674974039460019,0.86099717966819,-0.186023140208171,1.3395638629283502,-0.9241952232606376,1.6837217737038008,-1.131879543094494,0.8887848548639737,-2.0206643979584675,1.3395638629283502,-1.5991692627206677,1.8158644257083987,-1.0903426791277204,1.0352595681065686,-2.125602247234289,1.3395638629283502,-2.627206645898228,2.411692120917259,-2.2741433021806867,1.4664839534336143,-3.740627255614301,1.3395638629283502,-2.637590861889927,2.9168921365588774,-1.8587746625129742,1.3791531282293326,-3.2379277907423067,1.3395638629283502,-6.022845275181721,4.063027788314143
NARC1HR,TITAN,2026-07-31 15:15:00,2026-08-03 10:00:00,Consumer Discretionary,Largecap,4889.6,0.3983409305572838,0.08998691099475487,0.14586060603850382,-0.05587369504374895,0.29450261780104015,-0.05317408376963595,0.44492565793604144,0.08180628272251855,0.14756679528054417,-0.06576051255802562,0.29450261780104015,-0.05317408376963595,0.5099428093431327,0.018406413612548356,0.12052762653370507,-0.10212121292115671,0.29450261780104015,-0.05317408376963595,0.621120010135349,0.03476767015706539,0.20487676093623514,-0.17010909077916975,0.29450261780104015,-0.1554319371727786,0.782732668513321,-0.01636125654450593,0.3338018865573722,-0.3501631431018781,0.9285013089005201,-0.5644633507853491,1.5275552227798008,0.23928337696335067,0.559335437595437,-0.32005206063208635,0.9285013089005201,-0.5644633507853491,2.033715584062664,3.4481348167539227,0.7337522895919044,2.7143825271620186,4.757035340314131,-0.5644633507853491,3.1815320311637993
NARC1HR,ICICIPRULI,2026-07-31 15:15:00,2026-08-03 10:00:00,Financials,Largecap,517.5,0.6026438569206816,0.14492753623187582,0.14586060603850382,-0.0009330698066279952,0.45410628019324495,-0.00966183574878654,0.44492565793604144,0.038647342995168366,0.14756679528054417,-0.1089194522853758,0.45410628019324495,-0.24154589371980784,0.5099428093431327,0.038647342995168366,0.12052762653370507,-0.0818802835385367,0.45410628019324495,-0.24154589371980784,0.621120010135349,-0.057971014492741446,0.20487676093623514,-0.2628477754289766,0.45410628019324495,-0.714975845410637,0.782732668513321,-1.545893719806768,0.3338018865573722,-1.8796956063641401,0.830917874396131,-1.7004830917874414,1.5275552227798008,-0.9082125603864788,0.559335437595437,-1.467547997981916,0.830917874396131,-2.9565217391304355,2.033715584062664,-3.8357487922705324,0.7337522895919044,-4.569501081862437,0.830917874396131,-5.111111111111111,3.1815320311637993
NARC1HR,SBIN,2026-08-03 09:15:00,2026-08-03 10:15:00,Bank,Largecap,1044.1,0.879227053140097,-0.10535389330522671,0.053538807842766586,-0.1588927011479933,0.08619863997703092,-0.27775117325925525,0.336645311066079,-0.13408677329755925,0.10141628986179768,-0.23550306315935693,0.08619863997703092,-0.27775117325925525,0.43635957962082444,0.5267694665261891,0.020031753264344122,0.5067377132618449,0.5555023465185549,-0.27775117325925525,0.5078278090732696,-0.04788813332056163,0.14048130454520733,-0.18836943786576896,0.7087443731443432,-0.27775117325925525,0.6869555359629672,-0.4980365865338343,0.197544945894337,-0.6955815324281713,0.7087443731443432,-0.9673402930753694,1.4212824688062637,0.6417009864955414,0.5729797012586798,0.0687212852368616,0.8715640264342683,-1.2642467196628537,1.9567546897576367,3.783162532324491,0.6099134148708233,3.173249117453668,7.700411837946564,-1.2642467196628537,3.086795283622407
NARC1HR,DRREDDY,2026-08-03 09:15:00,2026-08-03 10:15:00,Healthcare,Largecap,1168.8,0.22294632138568637,-0.24811772758382977,0.053538807842766586,-0.3016565354265964,0.24811772758386308,-0.30800821355235763,0.336645311066079,-0.19678302532512015,0.10141628986179768,-0.29819931518691783,0.24811772758386308,-0.4363449691991761,0.43635957962082444,-0.5047912388774667,0.020031753264344122,-0.5248229921418108,0.24811772758386308,-0.5219028062970477,0.5078278090732696,-0.11122518822723748,0.14048130454520733,-0.25170649277244483,0.24811772758386308,-0.6245722108145113,0.6869555359629672,-0.3251197809719386,0.197544945894337,-0.5226647268662756,0.44490075290897213,-1.2320328542094305,1.4212824688062637,0.12833675564680735,0.5729797012586798,-0.44464294561187245,0.44490075290897213,-1.2320328542094305,1.9567546897576367,-0.008555783709784937,0.6099134148708233,-0.6184691985806082,0.8555783709787823,-1.2320328542094305,3.086795283622407
NARC1HR,GODFRYPHLP,2026-08-03 09:15:00,2026-08-03 10:15:00,FMCG,Largecap,2234.3,4.172883252517723,-0.2416864342299596,0.053538807842766586,-0.2952252420727262,0.702680929150068,-0.32672425368125424,0.336645311066079,0.02685404824775972,0.10141628986179768,-0.07456224161403796,0.702680929150068,-0.32672425368125424,0.43635957962082444,-0.2998702054334834,0.020031753264344122,-0.31990195869782756,0.702680929150068,-0.8145727968491334,0.5078278090732696,0.12084321711496315,0.14048130454520733,-0.019638087430244172,0.702680929150068,-0.8638052186367151,0.6869555359629672,3.5894911157857035,0.197544945894337,3.3919461698913667,7.863760461889613,-0.8638052186367151,1.4212824688062637,3.5984424652016234,0.5729797012586798,3.0254627639429437,7.863760461889613,-0.8638052186367151,1.9567546897576367,2.8375777648480316,0.6099134148708233,2.2276643499772084,7.863760461889613,-0.8638052186367151,3.086795283622407
NARC1HR,TATAELXSI,2026-08-03 09:15:00,2026-08-03 10:15:00,I.T,Largecap,3747.0,1.144523025427846,0.3442754203362819,0.053538807842766586,0.2907366124935153,0.3442754203362819,-0.2935681878836416,0.336645311066079,-0.03736322391246771,0.10141628986179768,-0.1387795137742654,0.3442754203362819,-0.2935681878836416,0.43635957962082444,-0.058713637576723876,0.020031753264344122,-0.07874539084106799,0.3442754203362819,-0.2935681878836416,0.5078278090732696,0.2668801708033186,0.14048130454520733,0.12639886625811128,0.44835868694956815,-0.2935681878836416,0.6869555359629672,0.26421136909526854,0.197544945894337,0.06666642320093155,1.1208967173738982,-0.2935681878836416,1.4212824688062637,0.7152388577528646,0.5729797012586798,0.14225915649418475,1.1208967173738982,-0.37896984254069954,1.9567546897576367,2.3138510808646817,0.6099134148708233,1.7039376659938585,2.9356818788363936,-0.8540165465705907,3.086795283622407
NARC1HR,ASHOKLEY,2026-08-03 09:15:00,2026-08-03 10:15:00,Auto,Largecap,171.24,1.1578449905482069,0.11679514132212354,0.053538807842766586,0.06325633347935695,0.5606166783461708,-0.3854239663629966,0.336645311066079,0.4379817799579522,0.10141628986179768,0.3365654900961545,0.5898154636767128,-0.3854239663629966,0.43635957962082444,1.565054893716411,0.020031753264344122,1.545023140452067,1.6059331931791654,-0.3854239663629966,0.5078278090732696,1.8336837187572952,0.14048130454520733,1.6932024142120878,2.1373510861948164,-0.3854239663629966,0.6869555359629672,1.4132212099976504,0.197544945894337,1.2156762641033134,2.289184769913555,-0.3854239663629966,1.4212824688062637,3.655687923382378,0.5729797012586798,3.0827082221236983,4.035272132679268,-0.3854239663629966,1.9567546897576367,3.293622985283795,0.6099134148708233,2.683709570412972,4.531651483298282,-0.3854239663629966,3.086795283622407
NARC1HR,TMPV,2026-08-03 09:15:00,2026-08-03 10:15:00,Auto,Largecap,346.5,0.5805515239477588,0.23088023088022602,0.053538807842766586,0.17734142303745942,0.49062049062049695,-0.10101010101011276,0.336645311066079,0.1443001443001357,0.10141628986179768,0.04288385443833803,0.49062049062049695,-0.10101010101011276,0.43635957962082444,0.20202020202020332,0.020031753264344122,0.1819884487558592,0.49062049062049695,-0.10101010101011276,0.5078278090732696,0.43290043290042934,0.14048130454520733,0.292419128355222,1.1399711399711299,-0.10101010101011276,0.6869555359629672,0.23088023088022602,0.197544945894337,0.03333528498588903,1.1399711399711299,-0.34632034632033903,1.4212824688062637,1.4718614718614687,0.5729797012586798,0.8988817706027888,1.9336219336219207,-0.43290043290042934,1.9567546897576367,0.6204906204906102,0.6099134148708233,0.010577205619786922,1.9336219336219207,-1.0101010101010055,3.086795283622407
NARC1HR,ITC,2026-08-03 09:15:00,2026-08-03 10:15:00,FMCG,Largecap,291.65,2.531200562489011,-0.01714383679065623,0.053538807842766586,-0.07068264463342282,0.27430138865078835,-0.1542945311160615,0.336645311066079,-0.6000342876735787,0.10141628986179768,-0.7014505775353763,0.27430138865078835,-0.7886164923709749,0.43635957962082444,-0.9086233499057017,0.020031753264344122,-0.9286551031700458,0.27430138865078835,-1.1486370649751332,0.5078278090732696,-1.2343562489285032,0.14048130454520733,-1.3748375534737105,0.27430138865078835,-1.3029315960911947,0.6869555359629672,-2.108691925252859,0.197544945894337,-2.306236871147196,0.27430138865078835,-2.3829933139036474,1.4212824688062637,-1.9886850677181434,0.5729797012586798,-2.561664768976823,0.27430138865078835,-2.3829933139036474,1.9567546897576367,-2.657294702554436,0.6099134148708233,-3.267208117425259,0.27430138865078835,-2.760157723298462,3.086795283622407
NARC1HR,SHRIRAMFIN,2026-08-03 09:15:00,2026-08-03 10:15:00,Financials,Largecap,1077.2,1.8147448015122913,0.724099517266974,0.053538807842766586,0.6705607094242074,0.7705161529892202,-0.20423319717787214,0.336645311066079,0.6219829186780546,0.10141628986179768,0.5205666288162569,0.8633494244337125,-0.20423319717787214,0.43635957962082444,1.0954326030449213,0.020031753264344122,1.0754008497805772,1.123282584478269,-0.20423319717787214,0.5078278090732696,1.1139992573338198,0.14048130454520733,0.9735179527886124,1.6524322317118312,-0.20423319717787214,0.6869555359629672,0.7983661344225679,0.197544945894337,0.6008211885282309,1.6524322317118312,-0.32491645005570113,1.4212824688062637,2.7385815076123254,0.5729797012586798,2.1656018063536457,2.8592647604901655,-0.32491645005570113,1.9567546897576367,4.326030449313034,0.6099134148708233,3.716117034442211,7.1017452655031565,-0.32491645005570113,3.086795283622407
NARC1HR,CHOLAFIN,2026-08-03 09:15:00,2026-08-03 10:15:00,Financials,Largecap,1895.3,1.3312660393498543,-0.05803830528148257,0.053538807842766586,-0.11157711312424916,0.3007439455495087,-0.3798870891151829,0.336645311066079,-0.01582862871313262,0.10141628986179768,-0.1172449185749303,0.3007439455495087,-0.3798870891151829,0.43635957962082444,-0.459030232680846,0.020031753264344122,-0.4790619859451901,0.4643064422518828,-0.5276209571044133,0.5078278090732696,0.05803830528148257,0.14048130454520733,-0.08244299926372475,0.4643064422518828,-0.5276209571044133,0.6869555359629672,-1.3084999736189484,0.197544945894337,-1.5060449195132855,0.4643064422518828,-1.8044636732971076,1.4212824688062637,-0.8019838547987157,0.5729797012586798,-1.3749635560573954,0.6067641006700875,-1.8941592360048443,1.9567546897576367,0.0738669339946263,0.6099134148708233,-0.536046480876197,3.0179918746372714,-1.8941592360048443,3.086795283622407
NARC1HR,UPL,2026-08-03 09:15:00,2026-08-03 10:15:00,Chemicals,Largecap,619.3,2.1188886140654395,0.3067979977394053,0.053538807842766586,0.2532591898966387,0.5328596802842034,-0.2583562086226232,0.336645311066079,0.024220894558379946,0.10141628986179768,-0.07719539530341774,0.5328596802842034,-0.2583562086226232,0.43635957962082444,-0.16147263038914783,0.020031753264344122,-0.18150438365349195,0.5328596802842034,-0.2664298401420906,0.5078278090732696,-0.28257710318101426,0.14048130454520733,-0.4230584077262216,0.5328596802842034,-0.6055223639593099,0.6869555359629672,-4.658485386726941,0.197544945894337,-4.856030332621278,0.5328596802842034,-5.538511222347808,1.4212824688062637,-6.265138059098973,0.5729797012586798,-6.838117760357653,0.5328596802842034,-6.927175843694489,1.9567546897576367,-7.605360891328905,0.6099134148708233,-8.215274306199728,0.5328596802842034,-8.283545938963343,3.086795283622407
NARC1HR,PIIND,2026-08-03 09:15:00,2026-08-03 10:15:00,Chemicals,Largecap,2793.4,1.4085529659478846,1.417627264265775,0.053538807842766586,1.3640884564230085,1.4820648671869385,-0.1324550726713114,0.336645311066079,1.499964201331716,0.10141628986179768,1.3985479114699184,1.8472112837402355,-0.1324550726713114,0.43635957962082444,1.0345815135677006,0.020031753264344122,1.0145497603033564,1.8472112837402355,-0.1324550726713114,0.5078278090732696,1.095439249659913,0.14048130454520733,0.9549579451147057,1.8472112837402355,-0.1324550726713114,0.6869555359629672,1.2099949881864358,0.197544945894337,1.0124500422920988,1.8472112837402355,-0.1324550726713114,1.4212824688062637,-0.0859168038949032,0.5729797012586798,-0.658896505153583,1.8472112837402355,-0.42242428581656943,1.9567546897576367,-0.6980740316460232,0.6099134148708233,-1.3079874465168464,1.8472112837402355,-1.822152215937567,3.086795283622407
NARC1HR,IOC,2026-08-03 09:15:00,2026-08-03 10:15:00,Energy,Largecap,142.55,0.021049677238282882,0.16836197825322863,0.053538807842766586,0.11482317041046204,0.4419501929147529,-0.11925640126272397,0.336645311066079,0.6664328305857614,0.10141628986179768,0.5650165407239638,0.6664328305857614,-0.11925640126272397,0.43635957962082444,0.5682216766047077,0.020031753264344122,0.5481899233403635,0.6664328305857614,-0.11925640126272397,0.5078278090732696,0.18239214310766805,0.14048130454520733,0.04191083856246072,0.7225534900035191,-0.11925640126272397,0.6869555359629672,0.743598737285156,0.197544945894337,0.546053791390819,0.8909154682567477,-0.11925640126272397,1.4212824688062637,0.9470361276745054,0.5729797012586798,0.3740564264158256,1.438091897579774,-0.5962820063135865,1.9567546897576367,-0.09119607155385623,0.6099134148708233,-0.7011094864246795,1.5433181339880697,-0.7295685724307388,3.086795283622407
NARC1HR,BANKINDIA,2026-08-03 09:15:00,2026-08-03 10:15:00,Bank,Largecap,140.95,1.3955830515790302,-0.1135154310038966,0.053538807842766586,-0.1670542388466632,0.0,-0.4540617240155975,0.336645311066079,-0.028378857750965825,0.10141628986179768,-0.1297951476127635,0.014189428875499566,-0.4540617240155975,0.43635957962082444,0.18446257538136113,0.020031753264344122,0.164430822117017,0.24831500532105366,-0.4540617240155975,0.5078278090732696,-0.48953529620432423,0.14048130454520733,-0.6300166007495316,0.24831500532105366,-0.595956012770471,0.6869555359629672,-0.6314295849591978,0.197544945894337,-0.8289745308535348,0.24831500532105366,-1.4402270308620069,1.4212824688062637,0.6385242993969475,0.5729797012586798,0.06554459813826774,1.312522170982633,-1.4402270308620069,1.9567546897576367,0.9719758779709098,0.6099134148708233,0.3620624631000865,3.114579638169568,-1.4402270308620069,3.086795283622407
NARC1HR,NATIONALUM,2026-08-03 09:15:00,2026-08-03 10:15:00,Metals & Mining,Largecap,356.35,-0.4469898030451058,-0.6314017118001947,0.053538807842766586,-0.6849405196429612,0.5331836677423762,-0.6594640101024285,0.336645311066079,0.19643608811561464,0.10141628986179768,0.09501979825381696,0.5331836677423762,-0.6875263084046734,0.43635957962082444,0.3928721762312293,0.020031753264344122,0.37284042296688513,0.5612459660446101,-0.6875263084046734,0.5078278090732696,1.1084607829381143,0.14048130454520733,0.967979478392907,1.4031149151115585,-0.6875263084046734,0.6869555359629672,5.4861793180861484,0.197544945894337,5.288634372191812,7.324259856882276,-0.6875263084046734,1.4212824688062637,6.328048267153075,0.5729797012586798,5.755068565894395,7.731163182264611,-0.6875263084046734,1.9567546897576367,8.43272063982039,0.6099134148708233,7.822807224949567,8.797530517749387,-0.6875263084046734,3.086795283622407
NARC1HR,PNB,2026-08-03 09:15:00,2026-08-03 10:15:00,Bank,Largecap,113.84,0.7344482789133799,0.008784258608574014,0.053538807842766586,-0.04475454923419257,0.131763879128588,-0.16690091356289516,0.336645311066079,0.017568517217148027,0.10141628986179768,-0.08384777264464965,0.131763879128588,-0.16690091356289516,0.43635957962082444,0.23717498243147617,0.020031753264344122,0.21714322916713205,0.35137034434293835,-0.16690091356289516,0.5078278090732696,0.061489810260018096,0.14048130454520733,-0.07899149428518923,0.35137034434293835,-0.16690091356289516,0.6869555359629672,-0.23717498243148727,0.197544945894337,-0.4347199283258243,0.35137034434293835,-1.054111033028815,1.4212824688062637,0.49191848208012257,0.5729797012586798,-0.08106121917855724,1.194659170765977,-1.054111033028815,1.9567546897576367,0.16690091356288406,0.6099134148708233,-0.44301250130793923,1.3439915671117353,-1.054111033028815,3.086795283622407
NARC1HR,UNIONBANK,2026-08-03 09:15:00,2026-08-03 10:15:00,Bank,Largecap,174.89,2.036172695449223,-0.31448338955913924,0.053538807842766586,-0.36802219740190584,0.0,-0.49745554348445964,0.336645311066079,-0.1257933558236557,0.10141628986179768,-0.22720964568545338,0.0,-0.49745554348445964,0.43635957962082444,0.034307278861001045,0.020031753264344122,0.014275525596656923,0.05717879810167581,-0.49745554348445964,0.5078278090732696,-0.11435759620331831,0.14048130454520733,-0.25483890074852567,0.05717879810167581,-0.49745554348445964,0.6869555359629672,-0.77763165418262,0.197544945894337,-0.9751766000769571,0.17725427411516836,-1.4008805534907576,1.4212824688062637,0.7776316541826311,0.5729797012586798,0.20465195292395133,1.8926182171650874,-1.4008805534907576,1.9567546897576367,4.597175367373785,0.6099134148708233,3.9872619525029616,6.2038995940305375,-1.4008805534907576,3.086795283622407
NARC1HR,CANBK,2026-08-03 09:15:00,2026-08-03 10:15:00,Bank,Largecap,126.53,0.46050019849146473,0.21338812929738715,0.053538807842766586,0.15984932145462055,0.26871097763376817,-0.22129139334545744,0.336645311066079,0.521615427171418,0.10141628986179768,0.4201991373096203,0.5690350114597287,-0.22129139334545744,0.43635957962082444,0.5848415395558249,0.020031753264344122,0.5648097862914807,0.6796807081324685,-0.22129139334545744,0.5078278090732696,0.6717774440843982,0.14048130454520733,0.5312961395391909,0.8377459890934968,-0.22129139334545744,0.6869555359629672,1.4067810005532255,0.197544945894337,1.2092360546588885,1.9125898996285473,-0.22129139334545744,1.4212824688062637,2.070655180589598,0.5729797012586798,1.4976754793309182,2.821465265154499,-0.22129139334545744,1.9567546897576367,3.319370900181773,0.6099134148708233,2.7094574853109497,4.757764956927213,-0.22129139334545744,3.086795283622407
NARC1HR,DIVISLAB,2026-08-03 09:15:00,2026-08-03 10:15:00,Healthcare,Largecap,8420.0,0.4773269689737569,0.13657957244654906,0.053538807842766586,0.08304076460378247,0.3562945368170922,-0.2731591448931092,0.336645311066079,0.2256532066508221,0.10141628986179768,0.12423691678902443,0.3562945368170922,-0.2731591448931092,0.43635957962082444,0.4156769596199483,0.020031753264344122,0.3956452063556042,0.5581947743467985,-0.2731591448931092,0.5078278090732696,0.5344418052256605,0.14048130454520733,0.3939605006804532,0.8907363420427528,-0.2731591448931092,0.6869555359629672,-1.5142517814726864,0.197544945894337,-1.7117967273670234,0.8907363420427528,-2.102137767220902,1.4212824688062637,-0.21971496437054316,0.5729797012586798,-0.792694665629223,0.8907363420427528,-2.102137767220902,1.9567546897576367,-1.6211401425178185,0.6099134148708233,-2.2310535573886416,0.8907363420427528,-2.214964370546313,3.086795283622407
NARC1HR,UNOMINDA,2026-08-03 09:15:00,2026-08-03 10:15:00,Auto,Largecap,1203.4,0.7029288702928849,0.5983048030579807,0.053538807842766586,0.5447659952152142,0.7977397374106632,-0.041548944656810693,0.336645311066079,0.7146418480970418,0.10141628986179768,0.6132255582352442,0.7977397374106632,-0.041548944656810693,0.43635957962082444,0.008309788931359918,0.020031753264344122,-0.011721964332984204,0.7977397374106632,-0.14957620076451184,0.5078278090732696,0.47365796908755975,0.14048130454520733,0.3331766645423524,0.7977397374106632,-0.14957620076451184,0.6869555359629672,0.939006149243804,0.197544945894337,0.741461203349467,1.3461858068804844,-0.14957620076451184,1.4212824688062637,3.7394050191125183,0.5729797012586798,3.1664253178538386,5.858401196609608,-0.14957620076451184,1.9567546897576367,7.055010802725592,0.6099134148708233,6.445097387854768,7.885989695861717,-0.14957620076451184,3.086795283622407
NARC1HR,INDIANB,2026-08-03 09:15:00,2026-08-03 10:15:00,Bank,Largecap,851.3,1.1105172516182593,-0.19969458475271873,0.053538807842766586,-0.25323339259548533,0.0,-0.5403500528603167,0.336645311066079,-0.09397392223657874,0.10141628986179768,-0.19539021209837643,0.0,-0.5403500528603167,0.43635957962082444,0.1468342534946654,0.020031753264344122,0.12680250023032127,0.19382121461295476,-0.5403500528603167,0.5078278090732696,-0.36414894866673153,0.14048130454520733,-0.5046302532119389,0.19382121461295476,-0.5403500528603167,0.6869555359629672,-0.687184306354971,0.197544945894337,-0.884729252249308,0.19382121461295476,-1.5623164571831216,1.4212824688062637,0.6930576764947904,0.5729797012586798,0.12007797523611063,1.5505697169035715,-1.6445436391401391,1.9567546897576367,4.698696111828959,0.6099134148708233,4.088782696958136,5.932103841184078,-1.6445436391401391,3.086795283622407
NARC1HR,FORTIS,2026-08-03 09:15:00,2026-08-03 10:15:00,Healthcare,Largecap,965.6,1.2371566366114584,-0.4246064623032342,0.053538807842766586,-0.4781452701460008,0.22265948632973487,-0.647265948632969,0.336645311066079,-0.5178127589063775,0.10141628986179768,-0.6192290487681751,0.22265948632973487,-0.647265948632969,0.43635957962082444,-0.7042253521126862,0.020031753264344122,-0.7242571053770304,0.22265948632973487,-0.9786661143330599,0.5078278090732696,-1.2789975144987586,0.14048130454520733,-1.419478819043966,0.22265948632973487,-1.734672742336374,0.6869555359629672,-3.086164043082029,0.197544945894337,-3.283708988976366,0.22265948632973487,-3.4279204639602323,1.4212824688062637,-4.049295774647888,0.5729797012586798,-4.622275475906568,0.22265948632973487,-5.235086992543502,1.9567546897576367,-1.0459817729908893,0.6099134148708233,-1.6558951878617125,1.3566694283347225,-6.446768848384421,3.086795283622407
NARC1HR,ADANIPOWER,2026-08-03 09:15:00,2026-08-03 10:15:00,Power & Utilities,Largecap,212.93,0.5335221907459831,-0.0046963790917287085,0.053538807842766586,-0.058235186934495295,0.37571032733760834,-0.0704456863758085,0.336645311066079,-0.032874653642034346,0.10141628986179768,-0.13429094350383203,0.37571032733760834,-0.15498051002676982,0.43635957962082444,-0.06105292819236219,0.020031753264344122,-0.0810846814567063,0.37571032733760834,-0.36631756915418423,0.5078278090732696,0.07983844455923261,0.14048130454520733,-0.06064285998597471,0.37571032733760834,-0.36631756915418423,0.6869555359629672,-0.5682618700981634,0.197544945894337,-0.7658068159925004,0.37571032733760834,-0.8359554783262113,1.4212824688062637,-1.8362842248626277,0.5729797012586798,-2.4092639261213074,0.37571032733760834,-2.216690931291976,1.9567546897576367,-1.986568355797691,0.6099134148708233,-2.596481770668514,0.37571032733760834,-2.925844174141745,3.086795283622407
NARC1HR,DALBHARAT,2026-08-03 09:15:00,2026-08-03 10:15:00,Building Materials,Largecap,1831.9,1.7891870867366766,0.3056935422239171,0.053538807842766586,0.2521547343811505,0.8024455483377713,-0.1037174518259798,0.336645311066079,0.060046945793978956,0.10141628986179768,-0.041369344067818725,0.8024455483377713,-0.1037174518259798,0.43635957962082444,-0.09279982531797959,0.020031753264344122,-0.1128315785823237,0.8024455483377713,-0.25656422293793835,0.5078278090732696,-0.09279982531797959,0.14048130454520733,-0.23328112986318691,0.8024455483377713,-0.26748184944593856,0.6869555359629672,-1.0371745182597314,0.197544945894337,-1.2347194641540684,0.8024455483377713,-1.1518095965937114,1.4212824688062637,0.5786342049238336,0.5729797012586798,0.005654503665153743,0.8024455483377713,-1.2937387411976697,1.9567546897576367,0.27839947595391656,0.6099134148708233,-0.3315139389169067,0.9880451989737304,-2.0688902232654627,3.086795283622407
NARC1HR,LTF,2026-08-03 09:15:00,2026-08-03 10:15:00,Financials,Largecap,319.75,1.653155301223963,0.18764659890539992,0.053538807842766586,0.13410779106263332,0.31274433150898506,-0.26583268178265174,0.336645311066079,0.12509773260358514,0.10141628986179768,0.023681442741787462,0.3283815480844554,-0.26583268178265174,0.43635957962082444,-0.03127443315090739,0.020031753264344122,-0.05130618641525151,0.500390930414385,-0.26583268178265174,0.5078278090732696,0.2814698983580888,0.14048130454520733,0.14098859381288145,0.5629397967161776,-0.26583268178265174,0.6869555359629672,-0.26583268178265174,0.197544945894337,-0.46337762767698876,0.6880375293197849,-0.8756841282251848,1.4212824688062637,1.00078186082877,0.5729797012586798,0.42780215957009016,2.18921032056294,-1.2822517591868698,1.9567546897576367,-1.8608287724784955,0.6099134148708233,-2.4707421873493187,2.18921032056294,-4.456606724003132,3.086795283622407
NARC1HR,PNBHOUSING,2026-08-03 09:15:00,2026-08-03 10:15:00,Financials,Largecap,1090.0,3.122043519394513,0.0,0.053538807842766586,-0.053538807842766586,0.08256880733945593,-0.5321100917431099,0.336645311066079,0.1559633027522933,0.10141628986179768,0.05454701289049563,0.41284403669725744,-0.5321100917431099,0.43635957962082444,-0.4587155963302725,0.020031753264344122,-0.4787473495946166,0.41284403669725744,-0.5321100917431099,0.5078278090732696,-0.39449541284403145,0.14048130454520733,-0.5349767173892388,0.41284403669725744,-0.8165137614678963,0.6869555359629672,-2.5045871559633004,0.197544945894337,-2.702132101857637,0.41284403669725744,-3.0642201834862437,1.4212824688062637,4.128440366972486,0.5729797012586798,3.555460665713806,5.871559633027523,-3.495412844036694,1.9567546897576367,6.8807339449541205,0.6099134148708233,6.270820530083297,7.779816513761473,-3.495412844036694,3.086795283622407
NARC1HR,COCHINSHIP,2026-08-03 09:15:00,2026-08-03 10:15:00,Aerospace & Defence,Largecap,1439.7,0.6783216783216917,0.3681322497742556,0.053538807842766586,0.314593441931489,0.5001041883725854,-0.11808015558797402,0.336645311066079,0.11113426408277949,0.10141628986179768,0.009717974220981807,0.5001041883725854,-0.11808015558797402,0.43635957962082444,0.43759116482600113,0.020031753264344122,0.417559411561657,0.5070500798777466,-0.11808015558797402,0.5078278090732696,0.3125651177328548,0.14048130454520733,0.17208381318764746,0.5070500798777466,-0.11808015558797402,0.6869555359629672,0.3820240327846003,0.197544945894337,0.1844790868902633,0.7154268250329832,-0.5834548864346756,1.4212824688062637,-0.7154268250329943,0.5729797012586798,-1.288406526291674,1.1113426408279503,-0.9376953531985865,1.9567546897576367,4.917691185663675,0.6099134148708233,4.3077777707928515,5.917899562408846,-1.673959852747109,3.086795283622407
NARC1HR,ABCAPITAL,2026-08-03 09:15:00,2026-08-03 10:15:00,Financials,Largecap,425.15,3.6951219512195044,0.42337998353523254,0.053538807842766586,0.36984117569246594,0.670351640597433,-0.223450546865811,0.336645311066079,0.45866164882983895,0.10141628986179768,0.35724535896804127,0.670351640597433,-0.223450546865811,0.43635957962082444,0.8702810772668546,0.020031753264344122,0.8502493240025104,1.3054216159002818,-0.223450546865811,0.5078278090732696,0.4116194284370156,0.14048130454520733,0.27113812389180825,1.3054216159002818,-0.223450546865811,0.6869555359629672,-0.9643655180524457,0.197544945894337,-1.1619104639467828,1.3054216159002818,-2.2580265788545106,1.4212824688062637,-0.5057038692226179,0.5729797012586798,-1.0786835704812976,1.3054216159002818,-2.305068799247312,1.9567546897576367,-3.410560978478183,0.6099134148708233,-4.020474393349007,1.3054216159002818,-5.6803481124309,3.086795283622407
NARC1HR,ADANIGREEN,2026-08-03 09:15:00,2026-08-03 10:15:00,Power & Utilities,Largecap,1407.9,1.2877697841726654,-0.021308331557656768,0.053538807842766586,-0.07484713940042335,0.7173804957738339,-0.24859720150578468,0.336645311066079,0.0,0.10141628986179768,-0.10141628986179768,0.7173804957738339,-0.24859720150578468,0.43635957962082444,0.007102777185874487,0.020031753264344122,-0.012928976078469635,0.7173804957738339,-0.24859720150578468,0.5078278090732696,0.20598053839049335,0.14048130454520733,0.06549923384528603,0.9730804744654931,-0.24859720150578468,0.6869555359629672,-0.08523332623056046,0.197544945894337,-0.2827782721248975,0.9730804744654931,-1.512891540592387,1.4212824688062637,-1.2358832303430711,0.5729797012586798,-1.8088629316017508,0.9730804744654931,-1.8254137367710754,1.9567546897576367,-3.0755025214859177,0.6099134148708233,-3.685415936356741,0.9730804744654931,-3.6863413594715566,3.086795283622407
NARC1HR,RVNL,2026-08-03 09:15:00,2026-08-03 10:15:00,Realty,Largecap,230.35,2.060256978289776,0.4210983286303538,0.053538807842766586,0.3675595207875872,0.8899500759713463,0.0,0.336645311066079,0.5426524853483938,0.10141628986179768,0.44123619548659615,0.8899500759713463,0.0,0.43635957962082444,0.09116561753852448,0.020031753264344122,0.07113386427418036,0.8899500759713463,-0.05643585847623367,0.5078278090732696,0.10853049706966988,0.14048130454520733,-0.03195080747553744,0.8899500759713463,-0.06511829824180637,0.6869555359629672,1.1938354677664353,0.197544945894337,0.9962905218720983,2.1054916431517245,-0.35163881050574997,1.4212824688062637,0.7987844584328219,0.5729797012586798,0.22580475717414206,2.1054916431517245,-0.35163881050574997,1.9567546897576367,0.5426524853483938,0.6099134148708233,-0.06726092952242946,2.7827219448665064,-1.1981766876492217,3.086795283622407
NARC1HR,SBICARD,2026-08-03 09:15:00,2026-08-03 10:15:00,Financials,Largecap,669.4,1.2708018154311551,-0.059755004481620855,0.053538807842766586,-0.11329381232438744,0.7170600537795169,-0.23902001792650562,0.336645311066079,0.08963250672244794,0.10141628986179768,-0.011783783139349746,0.7170600537795169,-0.23902001792650562,0.43635957962082444,-0.05228562892142241,0.020031753264344122,-0.07231738218576653,0.7170600537795169,-0.23902001792650562,0.5078278090732696,-0.14191813564384814,0.14048130454520733,-0.2823994401890555,0.7170600537795169,-0.23902001792650562,0.6869555359629672,-1.1428144607110835,0.197544945894337,-1.3403594066054205,0.7170600537795169,-1.2473857185539283,1.4212824688062637,-1.1577532118314915,0.5729797012586798,-1.7307329130901712,0.7170600537795169,-1.747833881087535,1.9567546897576367,-2.1885270391395206,0.6099134148708233,-2.798440454010344,0.7170600537795169,-2.838362712877207,3.086795283622407
NARC1HR,CAMS,2026-08-03 09:15:00,2026-08-03 10:15:00,Financials,Midcap,807.0,-0.37037037037036535,0.12391573729864103,0.053538807842766586,0.07037692945587444,0.30359355638167607,-0.07434944237918462,0.336645311066079,-0.3903345724907026,0.10141628986179768,-0.49175086235250026,0.30359355638167607,-0.3903345724907026,0.43635957962082444,-0.07434944237918462,0.020031753264344122,-0.09438119564352873,0.30359355638167607,-0.700123915737294,0.5078278090732696,-0.09913258983890172,0.14048130454520733,-0.23961389438410904,0.30359355638167607,-0.700123915737294,0.6869555359629672,2.4287484510532975,0.197544945894337,2.2312035051589607,2.850061957868655,-2.2304832713754608,1.4212824688062637,1.3940520446096727,0.5729797012586798,0.8210723433509929,2.912019826517964,-2.2304832713754608,1.9567546897576367,-1.319702602230477,0.6099134148708233,-1.9296160171013002,2.912019826517964,-3.587360594795541,3.086795283622407
NARC1HR,POLICYBZR,2026-08-03 09:15:00,2026-08-03 10:15:00,I.T,Largecap,1634.9,1.7361543248288758,-0.1162150590250266,0.053538807842766586,-0.1697538668677932,0.27524619242766946,-0.14068138724082635,0.336645311066079,-0.23854670010399204,0.10141628986179768,-0.3399629899657897,0.27524619242766946,-0.28747935653556933,0.43635957962082444,-0.06116582053947717,0.020031753264344122,-0.08119757380382128,0.27524619242766946,-0.5688421310171998,0.5078278090732696,-0.4648602361000731,0.14048130454520733,-0.6053415406452805,0.27524619242766946,-0.7706893387974922,0.6869555359629672,-1.5169123493791736,0.197544945894337,-1.7144572952735107,0.77068933879747,-1.6698269007278888,1.4212824688062637,-1.0765184414949003,0.5729797012586798,-1.64949814275358,0.77068933879747,-2.648480029359601,1.9567546897576367,-0.012233164107899874,0.6099134148708233,-0.6221465789787232,2.3854670010398094,-3.4558688604807597,3.086795283622407
NARC1HR,PAYTM,2026-08-03 09:15:00,2026-08-03 10:15:00,I.T,Largecap,1402.8,4.065281899109796,0.3706871970345027,0.053538807842766586,0.3171483891917361,0.506130595950971,-0.3279155973766712,0.336645311066079,0.27088679783289216,0.10141628986179768,0.16947050797109448,0.6059309951525593,-0.3279155973766712,0.43635957962082444,0.17821499857428869,0.020031753264344122,0.15818324530994457,0.6059309951525593,-0.3279155973766712,0.5078278090732696,1.7607641859138878,0.14048130454520733,1.6202828813686805,2.480752780153983,-0.3279155973766712,0.6869555359629672,1.112061591103508,0.197544945894337,0.9145166452091711,2.480752780153983,-2.7801539777587703,1.4212824688062637,1.2047333903621338,0.5729797012586798,0.631753689103454,2.480752780153983,-2.7801539777587703,1.9567546897576367,11.134873110921028,0.6099134148708233,10.524959696050205,11.62674650698603,-2.7801539777587703,3.086795283622407
NARC1HR,LICI,2026-08-03 09:15:00,2026-08-03 10:15:00,Financials,Largecap,428.4,0.5515784532331702,0.08169934640522847,0.053538807842766586,0.02816053856246188,0.1984126984126977,-0.15172735760971,0.336645311066079,-0.05835667600373462,0.10141628986179768,-0.1597729658655323,0.1984126984126977,-0.15172735760971,0.43635957962082444,-0.21008403361344463,0.020031753264344122,-0.23011578687778875,0.1984126984126977,-0.2917833800186731,0.5078278090732696,-0.1984126984126866,0.14048130454520733,-0.33889400295789396,0.1984126984126977,-0.3968253968253954,0.6869555359629672,-7.2478991596638505,0.197544945894337,-7.445444105558187,0.1984126984126977,-8.84687208216619,1.4212824688062637,-8.496732026143782,0.5729797012586798,-9.069711727402462,0.1984126984126977,-9.92063492063492,1.9567546897576367,-8.146591970121374,0.6099134148708233,-8.756505384992197,0.1984126984126977,-9.92063492063492,3.086795283622407
NARC1HR,JIOFIN,2026-08-03 09:15:00,2026-08-03 10:15:00,Financials,Largecap,260.75,0.28846153846153744,0.09587727708533222,0.053538807842766586,0.04233846924256564,0.24928092042184602,-0.44103547459251047,0.336645311066079,0.7478427612655825,0.10141628986179768,0.6464264714037848,0.8628954937679678,-0.44103547459251047,0.43635957962082444,0.36433365292425357,0.020031753264344122,0.3443018996599094,0.8628954937679678,-0.44103547459251047,0.5078278090732696,0.5752636625119933,0.14048130454520733,0.434782357966786,0.9395973154362469,-0.44103547459251047,0.6869555359629672,1.6299137104506256,0.197544945894337,1.4323687645562886,2.377756471716208,-0.44103547459251047,1.4212824688062637,1.3614573346117043,0.5729797012586798,0.7884776333530245,2.857142857142847,-0.44103547459251047,1.9567546897576367,-1.591562799616486,0.6099134148708233,-2.2014762144873092,2.857142857142847,-2.2627037392138116,3.086795283622407
NARC1HR,IREDA,2026-08-03 09:15:00,2026-08-03 10:15:00,Financials,Largecap,122.97,2.151520186077427,0.14637716516223698,0.053538807842766586,0.09283835731947039,0.3090184597869472,-0.06505651784988187,0.336645311066079,0.14637716516223698,0.10141628986179768,0.044960875300439296,0.44726356021793645,-0.06505651784988187,0.43635957962082444,-0.3822070423680546,0.020031753264344122,-0.4022387956323987,0.7156216963486894,-0.3822070423680546,0.5078278090732696,-0.08945271204359173,0.14048130454520733,-0.22993401658879906,0.7156216963486894,-0.3822070423680546,0.6869555359629672,-1.9191672765715206,0.197544945894337,-2.1167122224658574,0.7562820200048836,-3.887126941530461,1.4212824688062637,-2.5046759372204574,0.5729797012586798,-3.077655638479137,0.7562820200048836,-3.887126941530461,1.9567546897576367,-3.0495242742132223,0.6099134148708233,-3.6594376890840454,0.7562820200048836,-3.887126941530461,3.086795283622407
NARC1HR,AMBUJACEM,2026-08-03 10:15:00,2026-08-03 11:15:00,Building Materials,Largecap,442.5,1.386183984419742,-0.011299435028255811,0.02122739396125343,-0.032526828989509246,0.21468926553671608,-0.44067796610168797,0.24415359286977492,0.3389830508474523,0.09123904593064881,0.24774400491680348,0.4519774011299438,-0.44067796610168797,0.360820368606859,0.1129943502824915,0.11091486929508837,0.002079480987403126,0.4519774011299438,-0.44067796610168797,0.4739864451545635,0.0,-0.0010743190730883834,0.0010743190730883834,0.4519774011299438,-0.44067796610168797,0.5661888956283362,-1.016949152542368,-0.014231143999850943,-1.002718008542517,0.4519774011299438,-1.107344632768359,1.358745502207442,0.7457627118644172,0.1964671903635506,0.5492955215008666,1.8079096045197751,-1.457627118644067,1.9062502368412357,-2.248587570621463,0.49779846074856493,-2.746386031370028,1.8079096045197751,-2.6666666666666727,3.0433910697159647
NARC1HR,SIEMENS,2026-08-03 10:15:00,2026-08-03 11:15:00,Industrials,Largecap,3870.1,2.2726672128114966,-0.10852432753675201,0.02122739396125343,-0.12975172149800543,0.41084209710342545,-0.4676881734322125,0.24415359286977492,0.5400377251233879,0.09123904593064881,0.4487986791927391,0.6433942275393401,-0.4676881734322125,0.360820368606859,0.3720834086974545,0.11091486929508837,0.2611685394023661,0.9017854835792427,-0.4676881734322125,0.4739864451545635,0.24547169323789753,-0.0010743190730883834,0.2465460123109859,0.9017854835792427,-0.4676881734322125,0.5661888956283362,4.508927417896169,-0.014231143999850943,4.52315856189602,5.263429885532678,-0.4676881734322125,1.358745502207442,3.0386811710291672,0.1964671903635506,2.842213980665617,5.263429885532678,-0.4676881734322125,1.9062502368412357,2.452133019818614,0.49779846074856493,1.9543345590700492,5.263429885532678,-0.4676881734322125,3.0433910697159647
NARC1HR,PIIND,2026-08-03 10:15:00,2026-08-03 11:15:00,Chemicals,Largecap,2826.5,1.1849359203837562,-0.25119405625331215,0.02122739396125343,-0.2724214502145656,0.12382805589952195,-0.40686361224129275,0.24415359286977492,-0.0707588890854427,0.09123904593064881,-0.1619979350160915,0.12382805589952195,-0.40686361224129275,0.360820368606859,-0.08844861135680615,0.11091486929508837,-0.19936348065189452,0.12382805589952195,-0.40686361224129275,0.4739864451545635,-0.0566071112683475,-0.0010743190730883834,-0.05553279219525911,0.12382805589952195,-0.5200778347779877,0.5661888956283362,-0.796037502211211,-0.014231143999850943,-0.78180635821136,0.47762250132672435,-0.8278790022996696,1.358745502207442,-1.0047762250132708,0.1964671903635506,-1.2012434153768214,0.47762250132672435,-1.5885370599681647,1.9062502368412357,-1.7583583937732072,0.49779846074856493,-2.2561568545217723,0.47762250132672435,-2.971873341588538,3.0433910697159647
NARC1HR,INDIGO,2026-08-03 10:15:00,2026-08-03 11:15:00,Transportation,Largecap,5378.5,1.701805805048684,-0.009296272194847521,0.02122739396125343,-0.030523666156100953,0.17662917170215842,-0.15803662731245227,0.24415359286977492,0.04648136097424871,0.09123904593064881,-0.044757684956400104,0.17662917170215842,-0.15803662731245227,0.360820368606859,0.24170307706610217,0.11091486929508837,0.1307882077710138,0.39973970437854334,-0.15803662731245227,0.4739864451545635,0.0,-0.0010743190730883834,0.0010743190730883834,0.4369247931579334,-0.15803662731245227,0.5661888956283362,-0.18592544389699484,-0.014231143999850943,-0.17169429989714388,0.9389234916798328,-0.19522171609184236,1.358745502207442,0.14874035511760475,0.1964671903635506,-0.04772683524594584,2.4077344984661186,-1.505996095565676,1.9062502368412357,-0.7344055033931429,0.49779846074856493,-1.232203964141708,2.4077344984661186,-1.8127730779957218,3.0433910697159647
NARC1HR,ABCAPITAL,2026-08-03 10:15:00,2026-08-03 11:15:00,Financials,Largecap,429.05,0.9173232976596557,-0.2097657615662607,0.02122739396125343,-0.23099315552751412,0.38457056287144464,-0.2913413355086769,0.24415359286977492,-0.3379559491900719,0.09123904593064881,-0.4291949951207207,0.38457056287144464,-1.0255215009905672,0.360820368606859,-0.5011070970749376,0.11091486929508837,-0.6120219663700259,0.38457056287144464,-1.0255215009905672,0.4739864451545635,-1.2819018762382006,-0.0010743190730883834,-1.2808275571651122,0.38457056287144464,-1.5499359049061967,0.5661888956283362,-2.458920871693282,-0.014231143999850943,-2.444689727693431,0.38457056287144464,-3.146486423493766,1.358745502207442,-1.5615895583265371,0.1964671903635506,-1.7580567486900878,0.38457056287144464,-3.19310103717515,1.9062502368412357,-4.440041953152319,0.49779846074856493,-4.937840413900884,0.38457056287144464,-6.537699568814825,3.0433910697159647
NARC1HR,ABB,2026-08-03 11:15:00,2026-08-03 12:15:00,Industrials,Largecap,7567.0,2.0636633396277304,0.013215276860045755,0.02563882151210175,-0.012423544652055994,0.6211180124223503,-0.2973437293511294,0.2703448492171092,-0.5880798202722359,-0.09513008591163218,-0.49294973436060374,0.6211180124223503,-0.6343332892824072,0.30620080491820895,-0.8061318884630686,-0.07820693360835954,-0.7279249548547091,0.6211180124223503,-0.9845381260737418,0.3358758169311266,0.20483679133078692,-0.08663221492750699,0.2914690062582939,0.6211180124223503,-0.9845381260737418,0.43529515216025755,3.3434650455927084,-0.2655516155032791,3.6090166610959873,4.328003171666439,-0.9845381260737418,1.2325169493716868,1.8567463988370614,0.10279769460152911,1.7539487042355322,4.328003171666439,-0.9845381260737418,1.8141374173052407,1.6651248843663202,0.5015268136387149,1.1635980707276055,4.328003171666439,-0.9845381260737418,2.9653016238236733
NARC1HR,AMBUJACEM,2026-08-03 11:15:00,2026-08-03 12:15:00,Building Materials,Largecap,443.5,0.2259887005649608,-0.11273957158962622,0.02563882151210175,-0.13837839310172798,0.19165727170238345,-0.11273957158962622,0.2703448492171092,-0.10146561443066249,-0.09513008591163218,-0.006335528519030312,0.19165727170238345,-0.11273957158962622,0.30620080491820895,-0.22547914317925244,-0.07820693360835954,-0.1472722095708929,0.19165727170238345,-0.3833145434047336,0.3358758169311266,-0.033821871476880094,-0.08663221492750699,0.05281034345062689,0.19165727170238345,-0.3833145434047336,0.43529515216025755,-1.2739571589627907,-0.2655516155032791,-1.0084055434595116,0.2142051860202887,-1.6798196166854518,1.2325169493716868,0.1803833145433975,0.10279769460152911,0.0775856199418684,1.5783540022547893,-1.6798196166854518,1.8141374173052407,-2.604284103720411,0.5015268136387149,-3.105810917359126,1.5783540022547893,-2.8861330326944823,2.9653016238236733
NARC1HR,LTM,2026-08-03 11:15:00,2026-08-03 12:15:00,I.T,Largecap,4656.9,4.438214846378097,1.161717022053299,0.02563882151210175,1.1360782005411973,1.2476110717430045,-0.23406128540444104,0.2703448492171092,0.9706027614937218,-0.09513008591163218,1.065732847405354,1.2476110717430045,-0.23406128540444104,0.30620080491820895,1.277673989134409,-0.07820693360835954,1.3558809227427686,1.3635680388241145,-0.23406128540444104,0.3358758169311266,0.4037020335416308,-0.08663221492750699,0.4903342484691378,1.3635680388241145,-0.23406128540444104,0.43529515216025755,-1.7028495350984385,-0.2655516155032791,-1.4372979195951594,1.3635680388241145,-2.1881509158452994,1.2325169493716868,-2.8495350984560464,0.10279769460152911,-2.9523327930575753,1.3635680388241145,-2.9118082844810766,1.8141374173052407,2.886040069574203,0.5015268136387149,2.384513255935488,3.0492387639846186,-4.165861409950821,2.9653016238236733
NARC1HR,PAYTM,2026-08-03 11:15:00,2026-08-03 12:15:00,I.T,Largecap,1417.5,0.9327826829962804,0.2186948853615478,0.02563882151210175,0.19305606384944604,0.7336860670194012,-0.007054673721329507,0.2703448492171092,0.04232804232804366,-0.09513008591163218,0.13745812823967585,0.7336860670194012,-0.10582010582010914,0.30620080491820895,0.5220458553792051,-0.07820693360835954,0.6002527889875646,0.7971781305114556,-0.10582010582010914,0.3358758169311266,0.23280423280422902,-0.08663221492750699,0.319436447731736,0.7971781305114556,-0.16931216931217463,0.43529515216025755,-0.5643738977072266,-0.2655516155032791,-0.29882228220394746,1.347442680776001,-3.7883597883597964,1.2325169493716868,0.4373897707231178,0.10279769460152911,0.3345920761215887,1.347442680776001,-3.7883597883597964,1.8141374173052407,11.865961199294528,0.5015268136387149,11.364434385655812,11.865961199294528,-3.7883597883597964,2.9653016238236733
NARC1HR,LTM,2026-08-03 12:15:00,2026-08-03 13:15:00,I.T,Largecap,4704.9,1.0307285962764867,-0.6843928670109856,0.05825307525775859,-0.7426459422687441,0.3294437713872833,-0.7311526281111091,0.24093883644394418,-0.014878105804583264,0.05995327818895371,-0.07483138399353698,0.3294437713872833,-0.7417798465429559,0.296076484705172,-0.6206295564198938,0.04249796470502484,-0.6631275211249187,0.3294437713872833,-0.8267975939977412,0.380278337780632,-1.5366957852451568,0.1933062801028235,-1.7300020653479804,0.3294437713872833,-1.7811218091776548,0.9969729068675413,-2.5675359731343717,-0.1788921053840383,-2.3886438677503334,0.3294437713872833,-3.186040085867914,1.3362612390584907,-4.221131161129876,0.2707983303053996,-4.491929491435276,0.3294437713872833,-4.246636485366306,1.9424954210183114,1.8300070139641633,0.43098297214131515,1.3990240418228481,1.997917065187349,-5.143573721014261,3.093346456254452
NARC1HR,ABB,2026-08-03 14:15:00,2026-08-04 09:15:00,Industrials,Largecap,7601.0,0.46923534465665995,3.012761478752801,-0.03859831006162879,3.05135978881443,3.2101039336929427,-0.00657808183134323,0.6063450090163748,2.8746217602946933,0.08780829626089527,2.786813464033798,3.2101039336929427,-0.00657808183134323,0.7164684608878177,3.1706354427049055,-0.09198159225622587,3.2626170349611314,3.8613340349954006,-0.00657808183134323,0.7814208965154936,2.5128272595711154,-0.1837501786030086,2.696577438174124,3.8613340349954006,-0.00657808183134323,0.8442065235409587,2.4865149322457647,0.2651193916573221,2.2213955405884427,3.8613340349954006,-0.00657808183134323,1.3112489511648258,1.9602683857387282,0.2153117239590511,1.744956661779677,3.8613340349954006,-0.00657808183134323,1.7784365450254447,0.039468490988037175,0.017333841945786584,0.02213464904225059,3.8613340349954006,-0.868306801736618,2.8755149253502252
NARC1HR,BLUESTARCO,2026-08-03 14:15:00,2026-08-04 09:15:00,Consumer Discretionary,Largecap,1736.1,1.2480317256662987,-1.1577674097114188,-0.03859831006162879,-1.11916909964979,0.08640055296353921,-1.1635274465756518,0.6063450090163748,-0.6854443868440696,0.08780829626089527,-0.7732526831049649,0.08640055296353921,-1.3132884050457871,0.7164684608878177,-0.9619261563273862,-0.09198159225622587,-0.8699445640711603,0.08640055296353921,-1.3132884050457871,0.7814208965154936,-1.4630493635159225,-0.1837501786030086,-1.2792991849129138,0.08640055296353921,-2.2060941190023553,0.8442065235409587,-1.284488220724611,0.2651193916573221,-1.5496076123819331,0.08640055296353921,-3.381141639306484,1.3112489511648258,-4.383388053683534,0.2153117239590511,-4.598699777642585,0.08640055296353921,-5.8118771960140485,1.7784365450254447,-12.706641322504463,0.017333841945786584,-12.72397516445025,0.08640055296353921,-14.515292897874543,2.8755149253502252
NARC1HR,JSWSTEEL,2026-08-03 14:15:00,2026-08-04 09:15:00,Metals & Mining,Largecap,1280.5,-0.109212887120691,0.35142522452167313,-0.03859831006162879,0.3900235345833019,0.8199921905505558,-0.3592346739554775,0.6063450090163748,0.38266302225693494,0.08780829626089527,0.2948547259960397,0.8199921905505558,-0.3592346739554775,0.7164684608878177,0.3436157750878577,-0.09198159225622587,0.43559736734408355,0.8199921905505558,-0.3592346739554775,0.7814208965154936,0.8980866848887104,-0.1837501786030086,1.081836863491719,1.0542756735650194,-0.3592346739554775,0.8442065235409587,1.1636079656384357,0.2651193916573221,0.8984885739811136,1.8742678641155752,-0.3592346739554775,1.3112489511648258,3.217493166731744,0.2153117239590511,3.002181442772693,4.256149941429133,-0.3592346739554775,1.7784365450254447,1.3354158531823535,0.017333841945786584,1.3180820112365668,4.256149941429133,-0.3592346739554775,2.8755149253502252
NARC1HR,TRENT,2026-08-03 14:15:00,2026-08-04 09:15:00,Consumer Discretionary,Largecap,3058.0,1.3791274366794726,0.5722694571615339,-0.03859831006162879,0.6108677672231627,0.7096141268803091,-0.6540222367560466,0.6063450090163748,0.575539568345329,0.08780829626089527,0.4877312720844338,1.046435578809679,-0.6540222367560466,0.7164684608878177,0.6703727926749448,-0.09198159225622587,0.7623543849311707,1.046435578809679,-0.6540222367560466,0.7814208965154936,0.7848266841072649,-0.1837501786030086,0.9685768627102734,1.733158927403533,-0.6540222367560466,0.8442065235409587,2.3152387181164302,0.2651193916573221,2.050119326459108,2.4852844996729795,-0.6540222367560466,1.3112489511648258,0.19620667102682177,0.2153117239590511,-0.019105052932229333,2.6913015042511423,-0.6540222367560466,1.7784365450254447,-1.6906474820143846,0.017333841945786584,-1.7079813239601713,6.098757357750162,-2.517985611510787,2.8755149253502252
NARC1HR,PATANJALI,2026-08-03 14:15:00,2026-08-04 09:15:00,FMCG,Largecap,363.45,1.5223463687150884,-1.114321089558401,-0.03859831006162879,-1.0757227794967723,0.0,-1.595817856651538,0.6063450090163748,-0.6053102214885087,0.08780829626089527,-0.6931185177494039,0.0,-1.595817856651538,0.7164684608878177,-0.9217223827211352,-0.09198159225622587,-0.8297407904649092,0.0,-1.595817856651538,0.7814208965154936,0.28889806025589326,-0.1837501786030086,0.47264823885890184,0.5915531710001476,-1.595817856651538,0.8442065235409587,-1.1693492915119008,0.2651193916573221,-1.4344686831692228,0.5915531710001476,-1.8434447654422814,1.3112489511648258,-2.1185857752097914,0.2153117239590511,-2.3338974991688426,0.5915531710001476,-3.1641216123263205,1.7784365450254447,-2.4074838354656736,0.017333841945786584,-2.4248176774114603,0.5915531710001476,-3.824460035768329,2.8755149253502252
NARC1HR,HAVELLS,2026-08-03 14:15:00,2026-08-04 09:15:00,Consumer Discretionary,Largecap,1286.0,0.5158668125683885,0.07776049766718973,-0.03859831006162879,0.11635880772881851,0.5520995334370005,-0.3110419906687367,0.6063450090163748,1.0108864696734,0.08780829626089527,0.9230781734125046,1.2052877138413631,-0.3110419906687367,0.7164684608878177,0.5209953343701335,-0.09198159225622587,0.6129769266263594,1.2052877138413631,-0.3110419906687367,0.7814208965154936,0.038880248833583764,-0.1837501786030086,0.22263042743659237,1.2052877138413631,-0.4432348367029548,0.8442065235409587,0.163297045101074,0.2651193916573221,-0.10182234655624811,1.2052877138413631,-0.6765163297045129,1.3112489511648258,-0.5754276827371729,0.2153117239590511,-0.790739406696224,1.2052877138413631,-0.6920684292379575,1.7784365450254447,-0.5832037325038897,0.017333841945786584,-0.6005375744496763,1.2052877138413631,-0.9564541213063715,2.8755149253502252
NARC1HR,ABB,2026-08-04 09:15:00,2026-08-04 10:15:00,Industrials,Largecap,7860.0,3.407446388633084,-0.6679389312977069,-0.13907899304306753,-0.5288599382546393,0.43893129770993244,-0.7506361323155186,0.1916367360087377,-0.9732824427480913,-0.191595996291426,-0.7816864464566653,0.43893129770993244,-1.1068702290076282,0.23130714770370506,-0.8651399491094169,-0.188199581596292,-0.6769403675131249,0.43893129770993244,-1.38676844783715,0.34042841137868757,-0.6424936386768443,-0.4070492258403257,-0.23544441283651857,0.43893129770993244,-1.38676844783715,0.3662678866681101,-1.3613231552162874,0.12728860040200646,-1.4886117556182938,0.43893129770993244,-1.717557251908397,1.1940666630534762,-1.2150127226463137,0.17632275560500654,-1.39133547825132,0.43893129770993244,-2.4045801526717536,1.6735050798126658,-3.62595419847328,-0.20027388507025815,-3.425680313403022,0.43893129770993244,-4.1348600508905875,2.766614540286045
NARC1HR,GODFRYPHLP,2026-08-04 09:15:00,2026-08-04 10:15:00,FMCG,Largecap,2321.2,3.1598595617972514,-0.28864380492847896,-0.13907899304306753,-0.14956481188541143,0.15940031018439882,-0.6979148716181216,0.1916367360087377,-0.5859038428399077,-0.191595996291426,-0.3943078465484817,0.15940031018439882,-0.6979148716181216,0.23130714770370506,-0.37480613475787683,-0.188199581596292,-0.18660655316158484,0.21109770808203088,-0.6979148716181216,0.34042841137868757,-0.32310873686024477,-0.4070492258403257,0.08394048898008094,0.21109770808203088,-0.7840772014475195,0.3662678866681101,-0.31880062036876433,0.12728860040200646,-0.4460892207707708,1.9989660520420616,-0.7840772014475195,1.1940666630534762,0.00861623298296088,0.17632275560500654,-0.16770652262204566,1.9989660520420616,-1.430294675168009,1.6735050798126658,-3.7911425124935394,-0.20027388507025815,-3.5908686274232813,1.9989660520420616,-3.8428399103911715,2.766614540286045
NARC1HR,HINDZINC,2026-08-04 09:15:00,2026-08-04 10:15:00,Metals & Mining,Largecap,556.7,1.2181818181818294,-0.21555595473325972,-0.13907899304306753,-0.07647696169019219,0.1886114603915745,-0.4400934075803886,0.1916367360087377,0.1616669660499337,-0.191595996291426,0.3532629623413597,0.40416741512483423,-0.4400934075803886,0.23130714770370506,0.6376863660858545,-0.188199581596292,0.8258859476821465,0.8622238189329945,-0.4400934075803886,0.34042841137868757,0.10777797736660766,-0.4070492258403257,0.5148272032069334,1.0418537812106887,-0.4400934075803886,0.3662678866681101,3.0177833662654807,0.12728860040200646,2.8904947658634743,3.026764864379361,-0.4400934075803886,1.1940666630534762,7.257050476019389,0.17632275560500654,7.080727720414382,8.89168313274653,-0.4400934075803886,1.6735050798126658,7.1941799892221825,-0.20027388507025815,7.394453874292441,9.286869049757485,-0.4400934075803886,2.766614540286045
NARC1HR,TRENT,2026-08-04 09:15:00,2026-08-04 10:15:00,Consumer Discretionary,Largecap,3081.0,0.7521255722694464,-0.25965595585848433,-0.13907899304306753,-0.1205769628154168,0.08114248620578746,-0.35702693930541596,0.1916367360087377,0.3894839337877265,-0.191595996291426,0.5810799300791525,0.3894839337877265,-0.35702693930541596,0.23130714770370506,0.03245699448231054,-0.188199581596292,0.22065657607860253,0.9737098344693385,-0.35702693930541596,0.34042841137868757,0.06491398896462108,-0.4070492258403257,0.4719632148049468,0.9737098344693385,-0.35702693930541596,0.3662678866681101,1.6163583252190916,0.12728860040200646,1.4890697248170852,1.9246997728010529,-0.6815968841285325,1.1940666630534762,-0.44466082440765,0.17632275560500654,-0.6209835800126565,1.9246997728010529,-1.006166828951638,1.6735050798126658,-2.3531320999675476,-0.20027388507025815,-2.1528582148972895,5.306718597857829,-3.2456994482310986,2.766614540286045
NARC1HR,PIDILITIND,2026-08-04 09:15:00,2026-08-04 10:15:00,Chemicals,Largecap,1647.9,0.32876712328768765,-0.5400813156138162,-0.13907899304306753,-0.4010023225707487,0.12136658777839315,-0.6796528915589573,0.1916367360087377,-0.2002548698343487,-0.191595996291426,-0.00865887354292269,0.12136658777839315,-0.6796528915589573,0.23130714770370506,-0.1577765641119111,-0.188199581596292,0.030423017484380893,0.12136658777839315,-0.6796528915589573,0.34042841137868757,-0.6007646095030128,-0.4070492258403257,-0.1937153836626871,0.12136658777839315,-0.770677832392741,0.3662678866681101,-0.7524728442259931,0.12728860040200646,-0.8797614446279995,0.8434977850597658,-2.785363189513934,1.1940666630534762,0.9527277140602974,0.17632275560500654,0.7764049584552909,1.1044359487832889,-2.785363189513934,1.6735050798126658,1.2864858304508564,-0.20027388507025815,1.4867597155211145,2.3363068147339128,-2.785363189513934,2.766614540286045
NARC1HR,PATANJALI,2026-08-04 09:15:00,2026-08-04 10:15:00,FMCG,Largecap,361.0,-0.6740954739303917,0.2216066481994572,-0.13907899304306753,0.3606856412425247,0.2216066481994572,-0.27700831024930483,0.1916367360087377,0.8310249307479145,-0.191595996291426,1.0226209270393405,0.8725761772853113,-0.27700831024930483,0.23130714770370506,0.969529085872578,-0.188199581596292,1.15772866746887,1.2742382271468289,-0.27700831024930483,0.34042841137868757,-0.06925207756233176,-0.4070492258403257,0.33779714827799395,1.2742382271468289,-0.31855955678670167,0.3662678866681101,-1.0387811634348987,0.12728860040200646,-1.166069763836905,1.2742382271468289,-1.218836565096948,1.1940666630534762,-1.7174515235456989,0.17632275560500654,-1.8937742791507053,1.2742382271468289,-2.5069252077562387,1.6735050798126658,-1.3157894736842146,-0.20027388507025815,-1.1155155886139565,1.2742382271468289,-3.171745152354566,2.766614540286045
NARC1HR,HINDALCO,2026-08-04 09:15:00,2026-08-04 10:15:00,Metals & Mining,Largecap,1006.6,1.1658291457286474,-0.2880985495728128,-0.13907899304306753,-0.14901955652974525,0.1837870057619817,-0.35267236240811295,0.1916367360087377,-0.2880985495728128,-0.191595996291426,-0.09650255328138677,0.1837870057619817,-0.3576395787800557,0.23130714770370506,-0.10431154381085328,-0.188199581596292,0.08388803778543871,0.1837870057619817,-0.3576395787800557,0.34042841137868757,-0.34273792966421635,-0.4070492258403257,0.06431129617610937,0.1837870057619817,-0.4569839062189551,0.3662678866681101,1.0083449235048558,0.12728860040200646,0.8810563231028494,2.2849195310947534,-0.6308364792370402,1.1940666630534762,1.7832306775283024,0.17632275560500654,1.606907921923296,3.7154778462149762,-0.6308364792370402,1.6735050798126658,5.126167295847406,-0.20027388507025815,5.326441180917664,6.174249950327826,-0.6308364792370402,2.766614540286045
NARC1HR,SIEMENS,2026-08-04 09:15:00,2026-08-04 10:15:00,Industrials,Largecap,4020.2,2.566588427390548,0.19650763643599412,-0.13907899304306753,0.33558662947906165,0.9900004974876975,-0.05969852246155982,0.1916367360087377,-0.09701009900003887,-0.191595996291426,0.09458589729138714,0.9900004974876975,-0.3009800507437377,0.23130714770370506,0.9900004974876975,-0.188199581596292,1.1782000790839895,1.3332670016417136,-0.3009800507437377,0.34042841137868757,-0.10447241430774357,-0.4070492258403257,0.30257681153258215,1.3332670016417136,-0.6268344858464725,0.3662678866681101,0.07959802994876863,0.12728860040200646,-0.047690570453237824,1.3332670016417136,-0.8482165066414638,1.1940666630534762,-0.49997512561563706,0.17632275560500654,-0.6762978812206436,1.3332670016417136,-1.776031043231674,1.6735050798126658,-3.5719615939505456,-0.20027388507025815,-3.3716877088802875,1.3332670016417136,-3.61176060892493,2.766614540286045
NARC1HR,KEI,2026-08-04 09:15:00,2026-08-04 10:15:00,Industrials,Largecap,5350.1,2.8667563930013573,0.6803611147455202,-0.13907899304306753,0.8194401077885878,1.1943701986878663,-0.0336442309489593,0.1916367360087377,0.1831741462776204,-0.191595996291426,0.3747701425690464,1.1943701986878663,-0.0336442309489593,0.23130714770370506,0.9121324835049682,-0.188199581596292,1.1003320651012602,1.1943701986878663,-0.23550961664268177,0.34042841137868757,-0.6186800246724466,-0.4070492258403257,-0.21163079883212094,1.1943701986878663,-0.9177398553298133,0.3662678866681101,3.7083419001513906,0.12728860040200646,3.5810532997493842,4.652249490663718,-2.4130390086166686,1.1940666630534762,4.016747350516803,0.17632275560500654,3.8404245949117963,4.652249490663718,-2.4130390086166686,1.6735050798126658,4.629820003364427,-0.20027388507025815,4.830093888434685,6.371843516943598,-2.4130390086166686,2.766614540286045
NARC1HR,NATIONALUM,2026-08-04 09:15:00,2026-08-04 10:15:00,Metals & Mining,Largecap,375.95,0.7908847184986634,-0.013299640909703037,-0.13907899304306753,0.1257793521333645,0.14629605000664458,-0.3457906636520791,0.1916367360087377,-0.2260938954648184,-0.191595996291426,-0.03449789917339238,0.14629605000664458,-0.3457906636520791,0.23130714770370506,-0.3324910227423872,-0.188199581596292,-0.14429144114609518,0.14629605000664458,-0.385689586381166,0.34042841137868757,-0.4654874318393398,-0.4070492258403257,-0.058438205999014115,0.14629605000664458,-0.7181806091235532,0.3662678866681101,1.0373719909562595,0.12728860040200646,0.9100833905542531,2.1146429046415616,-0.7181806091235532,1.1940666630534762,0.9176752227689766,0.17632275560500654,0.7413524671639701,2.420534645564576,-0.7181806091235532,1.6735050798126658,3.178614177417205,-0.20027388507025815,3.378888062487463,4.721372522941891,-0.7181806091235532,2.766614540286045
NARC1HR,UNITDSPR,2026-08-04 09:15:00,2026-08-04 10:15:00,FMCG,Largecap,1547.3,1.1307189542483664,-0.9694306210818793,-0.13907899304306753,-0.8303516280388117,0.03231435403605598,-1.1245395204549813,0.1916367360087377,-1.0405221999612135,-0.191595996291426,-0.8489262036697875,0.03231435403605598,-1.1245395204549813,0.23130714770370506,-1.1697796161054708,-0.188199581596292,-0.9815800345091787,0.03231435403605598,-1.2279454533703826,0.34042841137868757,-1.1051509080333477,-0.4070492258403257,-0.6981016821930219,0.03231435403605598,-1.2473340657920273,0.3662678866681101,-1.208556840948749,0.12728860040200646,-1.3358454413507554,0.03231435403605598,-1.764363730369023,1.1940666630534762,-1.4993860272733195,0.17632275560500654,-1.675708782878326,0.03231435403605598,-1.9970270794286704,1.6735050798126658,-1.764363730369023,-0.20027388507025815,-1.5640898452987648,0.03231435403605598,-2.8630517675951594,2.766614540286045
NARC1HR,CANBK,2026-08-04 09:15:00,2026-08-04 10:15:00,Bank,Largecap,128.47,1.085844677000547,-0.12454269479255098,-0.13907899304306753,0.014536298250516555,0.35027632910407114,-0.3658441659531442,0.1916367360087377,-0.2413014711605821,-0.191595996291426,-0.04970547486915608,0.35027632910407114,-0.3658441659531442,0.23130714770370506,-0.37362808437767514,-0.188199581596292,-0.18542850278138315,0.35027632910407114,-0.4514672686230181,0.34042841137868757,-0.29578890013232106,-0.4070492258403257,0.11126032570800465,0.35027632910407114,-0.6382813108118612,0.3662678866681101,0.46703510547208005,0.12728860040200646,0.3397465050700736,1.2687787031991915,-0.6616330660854652,1.1940666630534762,0.8017435977270893,0.17632275560500654,0.6254208421220827,1.2687787031991915,-0.6616330660854652,1.6735050798126658,0.9885576399159435,-0.20027388507025815,1.1888315249862016,3.1758387172102553,-0.6616330660854652,2.766614540286045
NARC1HR,360ONE,2026-08-04 09:15:00,2026-08-04 10:15:00,Financials,Largecap,1168.4,1.7947377591915004,-0.2909962341663852,-0.13907899304306753,-0.15191724112331767,0.1027045532351778,-0.6675795960287778,0.1916367360087377,-0.6590208832591649,-0.191595996291426,-0.4674248869677389,0.1027045532351778,-0.7189318726463667,0.23130714770370506,-0.4621704895583778,-0.188199581596292,-0.2739709079620858,0.1027045532351778,-0.8729887024991445,0.34042841137868757,-0.24820267031838705,-0.4070492258403257,0.15884655552193866,0.1027045532351778,-0.8729887024991445,0.3662678866681101,1.4121876069839168,0.12728860040200646,1.2848990065819104,1.9342690859294631,-0.9756932557343445,1.1940666630534762,2.1824717562478613,0.17632275560500654,2.006149000642855,2.447791852105441,-0.9756932557343445,1.6735050798126658,-0.21396781923999075,-0.20027388507025815,-0.013693934169732608,2.447791852105441,-1.4892160219103112,2.766614540286045
NARC1HR,CAMS,2026-08-04 09:15:00,2026-08-04 10:15:00,Financials,Midcap,824.5,4.169298799747323,0.2546998180715576,-0.13907899304306753,0.39377881111462515,0.6670709520921747,-0.3032140691328067,0.1916367360087377,-0.29714978775016165,-0.191595996291426,-0.10555379145873564,0.727713765918736,-0.42449969678592936,0.23130714770370506,-0.7459066100667044,-0.188199581596292,-0.5577070284704124,0.727713765918736,-0.8004851425106208,0.34042841137868757,-2.304426925409342,-0.4070492258403257,-1.8973776995690161,0.727713765918736,-2.352941176470591,0.3662678866681101,-1.0248635536688977,0.12728860040200646,-1.152152154070904,0.727713765918736,-2.486355366889026,1.1940666630534762,-2.898726500909643,0.17632275560500654,-3.0750492565146494,0.727713765918736,-3.1837477258944813,1.6735050798126658,-4.293511218920553,-0.20027388507025815,-4.093237333850295,0.727713765918736,-5.63371740448757,2.766614540286045
NARC1HR,KEI,2026-08-04 10:15:00,2026-08-04 11:15:00,Industrials,Largecap,5366.8,0.31214369824863475,0.3763881642692146,-0.23430631573137584,0.6106944800005905,0.8478050234776768,-0.08757546396362947,0.19859125745578732,0.5981217857941257,-0.36629935368056665,0.9644211394746923,0.8478050234776768,-0.08757546396362947,0.201969845530144,-0.9279272564656771,-0.32187161134421177,-0.6060556451214654,0.8478050234776768,-1.2260564954908015,0.23016519861648987,0.4155176268912708,-0.41196945459766726,0.8274870814889381,0.8478050234776768,-2.7167026906163905,0.2828046464291696,2.9030334650070877,0.1059309122218047,2.797102552785283,4.326600581352014,-2.7167026906163905,1.2945614622033226,3.1545800104345156,0.2653417365583499,2.889238273876166,4.326600581352014,-2.7167026906163905,1.756199605220825,4.345233658791092,0.020601531452370078,4.324632127338722,6.040843705746446,-2.7167026906163905,2.87143408112707
NARC1HR,CAMS,2026-08-04 10:15:00,2026-08-04 11:15:00,Financials,Midcap,821.75,-0.33353547604608735,-0.6997261940979604,-0.23430631573137584,-0.4654198783665846,0.04259202920595673,-0.778825676909034,0.19859125745578732,-1.2169151201703698,-0.36629935368056665,-0.8506157664898032,0.04259202920595673,-1.3507757833891132,0.201969845530144,-1.977487070276851,-0.32187161134421177,-1.6556154589326393,0.04259202920595673,-2.0261636750836587,0.23016519861648987,-1.9166413142683303,-0.41196945459766726,-1.504671859670663,0.04259202920595673,-2.0930940066930415,0.2828046464291696,-0.407666565257081,0.1059309122218047,-0.5135974774788857,0.04259202920595673,-2.160024338302402,1.2945614622033226,-2.336477030727113,0.2653417365583499,-2.6018187672854634,0.04259202920595673,-2.8597505324003625,1.756199605220825,-3.735929418923034,0.020601531452370078,-3.7565309503754043,0.04259202920595673,-5.317919075144517,2.87143408112707
NARC1HR,HEROMOTOCO,2026-08-04 11:15:00,2026-08-04 12:15:00,Auto,Largecap,5574.5,0.8685424771555317,0.1614494573504377,-0.01661930279650591,0.17806876014694362,0.20629652883665806,-0.0627859000807196,0.2591487797439782,0.2601130146201447,0.02612398246565843,0.23398903215448627,0.4574401291595587,-0.0627859000807196,0.3072167416542704,0.07175531437797478,-0.021219381546072807,0.09297469592404758,0.4574401291595587,-0.0627859000807196,0.364477331067733,0.008969414297244072,0.04604330444200293,-0.037073890144758856,0.4574401291595587,-0.36774598618710685,0.5030571178788404,1.6683110592878192,0.3624747935135029,1.3058362657743163,2.341017131581302,-0.43053188626782646,1.680217736670445,0.5919813436182642,0.5187414626914434,0.07323988092682077,3.2379585613059536,-0.43053188626782646,2.1987804131058866,4.735850748946091,0.46741850459677686,4.268432244349314,6.502825365503639,-0.6009507579155082,3.286765017230619
NARC1HR,KEI,2026-08-04 11:15:00,2026-08-04 12:15:00,Industrials,Largecap,5391.9,0.46769024372064205,-1.4670153378215423,-0.01661930279650591,-1.4503960350250364,0.11313266195589478,-3.1695691685676652,0.2591487797439782,-1.1201988167436228,0.02612398246565843,-1.1463227992092813,0.11313266195589478,-3.1695691685676652,0.3072167416542704,-0.051929746471546245,-0.021219381546072807,-0.030710364925473438,0.2207014225041437,-3.1695691685676652,0.364477331067733,1.1684192956100903,0.04604330444200293,1.1223759911680873,1.5393460561212269,-3.1695691685676652,0.5030571178788404,2.258943971512828,0.3624747935135029,1.896469177999325,3.840946605092821,-3.1695691685676652,1.680217736670445,2.3201468869971764,0.5187414626914434,1.8014054243057331,3.840946605092821,-3.1695691685676652,2.1987804131058866,4.421446985292765,0.46741850459677686,3.9540284806959884,5.547209703444067,-3.1695691685676652,3.286765017230619
NARC1HR,UNOMINDA,2026-08-04 11:15:00,2026-08-04 12:15:00,Auto,Largecap,1232.2,0.8346972176759504,0.5193962019152565,-0.01661930279650591,0.5360155047117624,0.8845966563869379,-0.38954715143645346,0.2591487797439782,0.4707028079857123,0.02612398246565843,0.44457882552005384,0.8845966563869379,-0.38954715143645346,0.3072167416542704,-0.8927122220418804,-0.021219381546072807,-0.8714928404958076,0.8845966563869379,-1.0469079694854777,0.364477331067733,-0.8683655250770972,0.04604330444200293,-0.9144088295191001,0.8845966563869379,-1.0469079694854777,0.5030571178788404,0.6330141210842299,0.3624747935135029,0.270539327570727,3.3841908781041985,-1.0469079694854777,1.680217736670445,1.7773088784288182,0.5187414626914434,1.258567415737375,3.3841908781041985,-1.0469079694854777,2.1987804131058866,3.4653465346534684,0.46741850459677686,2.9979280300566917,5.3643888979061805,-1.0469079694854777,3.286765017230619
NARC1HR,SAIL,2026-08-04 14:15:00,2026-08-05 09:15:00,Metals & Mining,Largecap,174.95,1.892836342457782,-0.211488996856235,0.04356882559548882,-0.2550578224517238,0.314375535867395,-0.6458988282366351,0.6932671141899548,-0.6458988282366351,-0.08347909785429353,-0.5624197303823416,0.314375535867395,-0.8002286367533418,0.7351487318789214,-0.9545584452700706,-0.17760914545948564,-0.7769492998105849,0.314375535867395,-0.9717062017719269,0.8102924084578449,-1.0803086596170242,-0.15606738973043732,-0.9242412698865868,0.314375535867395,-1.6061731923406652,0.8999226780788459,2.1320377250643174,-0.08353042310928767,2.215568148173605,2.743641040297229,-1.96056016004571,1.2450985485645052,0.9031151757645128,-0.1729545504681486,1.0760697262326615,2.743641040297229,-1.96056016004571,1.7044011653263864,0.4801371820520206,-0.29565956504085195,0.7757967470928726,2.9494141183195266,-3.7096313232351963,2.7701447283909335
NARC1HR,HINDALCO,2026-08-04 14:15:00,2026-08-05 09:15:00,Metals & Mining,Largecap,1028.5,2.038791606726509,-0.3889158969372919,0.04356882559548882,-0.4324847225327807,0.10695187165774556,-0.9139523578026276,0.6932671141899548,-0.8604764219737548,-0.08347909785429353,-0.7769973241194613,0.10695187165774556,-1.0889645114244062,0.7351487318789214,-1.2348079727758865,-0.17760914545948564,-1.0571988273164008,0.10695187165774556,-1.3077297034516322,0.8102924084578449,-1.1229946524064172,-0.15606738973043732,-0.9669272626759798,0.10695187165774556,-1.6723383568303385,0.8999226780788459,-0.6465726786582415,-0.08353042310928767,-0.5630422555489538,1.5070491006319964,-1.6723383568303385,1.2450985485645052,0.20904229460381174,-0.1729545504681486,0.3819968450719603,1.5070491006319964,-1.6723383568303385,1.7044011653263864,5.026737967914441,-0.29565956504085195,5.322397532955293,5.780262518230428,-1.6723383568303385,2.7701447283909335
NARC1HR,KEI,2026-08-04 14:15:00,2026-08-05 09:15:00,Industrials,Largecap,5484.1,1.8289512774806838,1.7122226071734525,0.04356882559548882,1.6686537815779636,1.7304571397312118,-0.7713207271931588,0.6932671141899548,1.4459984318301977,-0.08347909785429353,1.5294775296844914,2.095147790886376,-0.7713207271931588,0.7351487318789214,0.6546197188235015,-0.17760914545948564,0.8322288642829871,2.095147790886376,-0.7713207271931588,0.8102924084578449,1.2290074943928753,-0.15606738973043732,1.3850748841233127,2.095147790886376,-0.7713207271931588,0.8999226780788459,0.18599223208912719,-0.08353042310928767,0.26952265519841484,2.095147790886376,-0.7713207271931588,1.2450985485645052,1.983917142284053,-0.1729545504681486,2.1568716927522016,2.2209660655349017,-0.7713207271931588,1.7044011653263864,3.067048376214876,-0.29565956504085195,3.362707941255728,3.772724786200099,-0.7713207271931588,2.7701447283909335
NARC1HR,AMBUJACEM,2026-08-05 09:15:00,2026-08-05 10:15:00,Building Materials,Largecap,448.75,1.7573696145124718,0.08913649025068526,-0.10150809071234665,0.1906445809630319,0.36768802228410724,-0.3899721448467952,0.2141855000907386,0.15598885793872697,0.005397281611095175,0.1505915763276318,0.36768802228410724,-0.3899721448467952,0.306869486557657,-0.011142061281343985,-0.16673038345532024,0.15558832217397625,0.3899721448467952,-0.3899721448467952,0.37818460918186503,-0.9025069637883076,-0.24259876898146515,-0.6599081948068425,0.3899721448467952,-1.0139275766016698,0.43279431325600404,-1.9498607242339872,0.008806244946396317,-1.9586669691803835,0.3899721448467952,-2.395543175487469,1.0239060230275707,-3.064066852367686,-0.24657151340789474,-2.8174953389597914,0.3899721448467952,-3.7548746518105913,1.5249310080776433,-6.685236768802227,-0.6511861983939817,-6.034050570408246,0.3899721448467952,-6.785515320334257,2.60537516412947
NARC1HR,BOSCHLTD,2026-08-05 09:15:00,2026-08-05 10:15:00,Auto,Largecap,42475.0,2.584228957855328,1.5891701000588565,-0.10150809071234665,1.6906781907712032,1.6597998822836857,-0.28251912889935005,0.2141855000907386,2.4367274867569177,0.005397281611095175,2.4313302051458225,2.5544437904649886,-0.28251912889935005,0.306869486557657,1.824602707474976,-0.16673038345532024,1.9913330909302962,2.7663331371394984,-0.28251912889935005,0.37818460918186503,2.048263684520313,-0.24259876898146515,2.290862453501778,2.7663331371394984,-0.28251912889935005,0.43279431325600404,-0.871100647439671,0.008806244946396317,-0.8799068923860673,2.7663331371394984,-1.0005885815185356,1.0239060230275707,-0.4590935844614452,-0.24657151340789474,-0.21252207105355048,2.7663331371394984,-1.4243672748675662,1.5249310080776433,9.77045320776928,-0.6511861983939817,10.421639406163262,10.029429075927009,-1.4243672748675662,2.60537516412947
NARC1HR,BANKINDIA,2026-08-05 09:15:00,2026-08-05 10:15:00,Bank,Largecap,142.16,0.8298460883750636,-0.4290939786156356,-0.10150809071234665,-0.3275858879032889,0.23916713562184277,-1.0270118176702314,0.2141855000907386,-0.2180641530669658,0.005397281611095175,-0.22346143467806098,0.23916713562184277,-1.0270118176702314,0.306869486557657,-0.8019133370849696,-0.16673038345532024,-0.6351829536296494,0.23916713562184277,-1.0270118176702314,0.37818460918186503,-0.3939223410241999,-0.24259876898146515,-0.15132357204273472,0.23916713562184277,-1.0270118176702314,0.43279431325600404,-0.5557118739448419,0.008806244946396317,-0.5645181188912383,0.23916713562184277,-1.1254924029262758,1.0239060230275707,0.056274620146323784,-0.24657151340789474,0.3028461335542185,0.7878446820483997,-1.1254924029262758,1.5249310080776433,1.512380416432202,-0.6511861983939817,2.1635666148261836,2.785593697242539,-1.9625773776026922,2.60537516412947
NARC1HR,PNB,2026-08-05 09:15:00,2026-08-05 10:15:00,Bank,Largecap,114.69,0.4642606867554244,-0.3400470834423186,-0.10150809071234665,-0.23853899272997195,0.2179788996425236,-0.6800941668846483,0.2141855000907386,-0.2528555235853047,0.005397281611095175,-0.25825280519639987,0.2179788996425236,-0.6800941668846483,0.306869486557657,-0.48827273519923553,-0.16673038345532024,-0.3215423517439153,0.2179788996425236,-0.6800941668846483,0.37818460918186503,-0.5841834510419419,-0.24259876898146515,-0.34158468206047676,0.2179788996425236,-0.8893539105414572,0.43279431325600404,-0.17438311971401665,0.008806244946396317,-0.18318936466041297,0.2179788996425236,-1.2991542418693824,1.0239060230275707,-0.8283198186415541,-0.24657151340789474,-0.5817483052336594,0.2179788996425236,-1.2991542418693824,1.5249310080776433,3.1912110907664104,-0.6511861983939817,3.842397289160392,4.193914029121992,-2.0838782805824407,2.60537516412947
NARC1HR,UNIONBANK,2026-08-05 09:15:00,2026-08-05 10:15:00,Bank,Largecap,176.61,0.9200000000000097,-0.9116131589377852,-0.10150809071234665,-0.8101050682254385,0.33406941849269955,-1.3532642545722284,0.2141855000907386,-0.203838967215908,0.005397281611095175,-0.20923624882700317,0.33406941849269955,-1.3532642545722284,0.306869486557657,-0.5718815469112792,-0.16673038345532024,-0.40515116345595903,0.33406941849269955,-1.3532642545722284,0.37818460918186503,-0.27178528962120696,-0.24259876898146515,-0.02918652063974181,0.33406941849269955,-1.3532642545722284,0.43279431325600404,0.22082554781721608,0.008806244946396317,0.21201930287081977,0.498273030972185,-1.3532642545722284,1.0239060230275707,3.142517411245116,-0.24657151340789474,3.3890889246530107,3.9069135383047238,-1.3532642545722284,1.5249310080776433,5.3564350829511165,-0.6511861983939817,6.007621281345099,6.222750693618706,-1.3532642545722284,2.60537516412947
NARC1HR,UNOMINDA,2026-08-05 09:15:00,2026-08-05 10:15:00,Auto,Largecap,1260.2,2.521965506020174,-1.0474527852721849,-0.10150809071234665,-0.9459446945598382,0.03174099349307902,-1.3648627202031416,0.2141855000907386,-0.9363593080463417,0.005397281611095175,-0.9417565896574369,0.03174099349307902,-1.3648627202031416,0.306869486557657,-0.6030788763688455,-0.16673038345532024,-0.4363484929135253,0.1745754642120234,-1.3648627202031416,0.37818460918186503,-1.388668465322962,-0.24259876898146515,-1.1460696963414967,0.1745754642120234,-1.7298841453737501,0.43279431325600404,-0.38882717029044,0.008806244946396317,-0.3976334152368363,0.1745754642120234,-1.7298841453737501,1.0239060230275707,1.2220282494842083,-0.24657151340789474,1.468599762892103,2.2853515315029327,-1.7298841453737501,1.5249310080776433,-0.8014600857006893,-0.6511861983939817,-0.15027388730670754,3.0233296302174084,-1.7298841453737501,2.60537516412947
NARC1HR,YESBANK,2026-08-05 09:15:00,2026-08-05 10:15:00,Bank,Largecap,23.02,0.08695652173913437,-0.04344048653344146,-0.10150809071234665,0.05806760417890519,0.08688097306690512,-0.3040834057341457,0.2141855000907386,0.4344048653345034,0.005397281611095175,0.42900758372340825,0.5647263249348278,-0.3040834057341457,0.306869486557657,0.0,-0.16673038345532024,0.16673038345532024,0.5647263249348278,-0.3040834057341457,0.37818460918186503,-0.3475238922675872,-0.24259876898146515,-0.10492512328612202,0.5647263249348278,-0.4344048653344812,0.43279431325600404,-0.17376194613378804,0.008806244946396317,-0.18256819108018435,0.5647263249348278,-0.8688097306689846,1.0239060230275707,-1.390095569070371,-0.24657151340789474,-1.1435240556624762,0.5647263249348278,-1.56385751520417,1.5249310080776433,-0.9556907037358786,-0.6511861983939817,-0.3045045053418969,0.5647263249348278,-2.128583840138998,2.60537516412947
NARC1HR,INDIANB,2026-08-05 09:15:00,2026-08-05 10:15:00,Bank,Largecap,855.9,0.4695386782486155,-0.0408926276434185,-0.10150809071234665,0.06061546306892815,0.467344315924767,-0.3855590606379189,0.2141855000907386,0.1518869026755576,0.005397281611095175,0.14648962106446242,0.467344315924767,-0.3855590606379189,0.306869486557657,-0.1285196868793137,-0.16673038345532024,0.038210696576006536,0.467344315924767,-0.3855590606379189,0.37818460918186503,-0.0408926276434185,-0.24259876898146515,0.20170614133804665,0.467344315924767,-0.3855590606379189,0.43279431325600404,0.6601238462437209,0.008806244946396317,0.6513176012973245,0.9405304357985811,-1.2501460450987212,1.0239060230275707,3.5985512326206504,-0.24657151340789474,3.845122746028545,4.2177824512209305,-1.2501460450987212,1.5249310080776433,4.1593644117303485,-0.6511861983939817,4.810550610124331,5.362776025236582,-1.2501460450987212,2.60537516412947
NARC1HR,RBLBANK,2026-08-05 09:15:00,2026-08-05 10:15:00,Bank,Largecap,385.55,0.7710402509147896,-0.47983400337181514,-0.10150809071234665,-0.37832591265946847,0.59655038257036,-0.7910776812345977,0.2141855000907386,-0.1037478926209423,0.005397281611095175,-0.10914517423203748,0.59655038257036,-0.7910776812345977,0.306869486557657,0.1037478926209312,-0.16673038345532024,0.2704782760762514,0.59655038257036,-0.7910776812345977,0.37818460918186503,0.32421216444040724,-0.24259876898146515,0.5668109334218724,0.59655038257036,-0.7910776812345977,0.43279431325600404,1.1801322785630841,0.008806244946396317,1.1713260336166877,1.854493580599148,-0.7910776812345977,1.0239060230275707,0.44092854363895206,-0.24657151340789474,0.6875000570468468,1.854493580599148,-0.7910776812345977,1.5249310080776433,0.2074957852418624,-0.6511861983939817,0.8586819836358441,1.854493580599148,-0.7910776812345977,2.60537516412947
NARC1HR,PNBHOUSING,2026-08-05 09:15:00,2026-08-05 10:15:00,Financials,Largecap,1142.1,6.718370398056428,-0.42903423518079187,-0.10150809071234665,-0.3275261444684452,0.23640661938535423,-1.6723579371333397,0.2141855000907386,-0.6216618509762628,0.005397281611095175,-0.627059132587358,0.23640661938535423,-1.6723579371333397,0.306869486557657,-1.6373347342614308,-0.16673038345532024,-1.4706043508061106,0.23640661938535423,-1.8212065493389384,0.37818460918186503,-0.40276683302686855,-0.24259876898146515,-0.1601680640454034,0.23640661938535423,-1.8212065493389384,0.43279431325600404,1.0419402854391135,0.008806244946396317,1.0331340404927172,2.180194378775946,-1.9350319586726172,1.0239060230275707,-1.0682076875930147,-0.24657151340789474,-0.8216361741851199,2.180194378775946,-1.9350319586726172,1.5249310080776433,1.32212590841434,-0.6511861983939817,1.9733121068083217,2.863146834778041,-1.9788109622624894,2.60537516412947
NARC1HR,LAURUSLABS,2026-08-05 09:15:00,2026-08-05 10:15:00,Healthcare,Largecap,1842.5,-0.620280474649404,0.4504748982360862,-0.10150809071234665,0.5519829889484329,0.4504748982360862,-0.2008141112618711,0.2141855000907386,0.23880597014926952,0.005397281611095175,0.23340868853817434,0.4504748982360862,-0.2008141112618711,0.306869486557657,-0.27679782903663464,-0.16673038345532024,-0.1100674455813144,0.4504748982360862,-0.28765264586160244,0.37818460918186503,0.2062415196743439,-0.24259876898146515,0.44884028865580905,0.4504748982360862,-0.29308005427408634,0.43279431325600404,0.26594301221167793,0.008806244946396317,0.2571367672652816,0.6729986431478929,-0.3853459972862905,1.0239060230275707,0.11940298507462366,-0.24657151340789474,0.3659744984825184,0.6729986431478929,-0.6512890094979684,1.5249310080776433,0.4396200814111184,-0.6511861983939817,1.0908062798051001,1.5359565807326891,-0.6512890094979684,2.60537516412947
NARC1HR,TIINDIA,2026-08-05 09:15:00,2026-08-05 10:15:00,Industrials,Largecap,2820.4,1.7460317460317398,-0.8190327613104453,-0.10150809071234665,-0.7175246705980987,0.10991348744857632,-0.8651255141114755,0.2141855000907386,-0.8863990923273279,0.005397281611095175,-0.8917963739384231,0.10991348744857632,-1.1487732236562187,0.306869486557657,-1.3225074457523855,-0.16673038345532024,-1.1557770622970653,0.10991348744857632,-1.3508722167068443,0.37818460918186503,-1.7408878173308717,-0.24259876898146515,-1.4982890483494065,0.10991348744857632,-2.11317543610835,0.43279431325600404,-1.5246064388030112,0.008806244946396317,-1.5334126837494075,0.10991348744857632,-2.4925542476244567,1.0239060230275707,-2.304637640051055,-0.24657151340789474,-2.05806612664316,0.10991348744857632,-2.7726563607998966,1.5249310080776433,-0.06382073464757942,-0.6511861983939817,0.5873654637464023,0.6240249609984261,-2.7726563607998966,2.60537516412947
NARC1HR,POLYCAB,2026-08-05 09:15:00,2026-08-05 10:15:00,Industrials,Largecap,9267.5,0.7336956521739157,0.05395198273536739,-0.10150809071234665,0.15546007344771404,0.1186943620178127,-0.38305907742109957,0.2141855000907386,-0.2104127326679306,0.005397281611095175,-0.21581001427902577,0.1186943620178127,-0.38305907742109957,0.306869486557657,-0.03776638791475051,-0.16673038345532024,0.12896399554056973,0.1186943620178127,-0.4046398705152443,0.37818460918186503,-0.6150526031831638,-0.24259876898146515,-0.37245383420169864,0.1186943620178127,-0.7283517669274375,0.43279431325600404,0.13487995683840737,0.008806244946396317,0.12607371189201105,0.29673590504450953,-1.0466684650660918,1.0239060230275707,0.016185594820616878,-0.24657151340789474,0.2627571082285116,0.5125438359859791,-1.0466684650660918,1.5249310080776433,-0.8632317237658449,-0.6511861983939817,-0.21204552537186316,0.5664958187213465,-2.6166711626652295,2.60537516412947
NARC1HR,360ONE,2026-08-05 09:15:00,2026-08-05 10:15:00,Financials,Largecap,1186.3,1.047700170357757,-0.11801399308773997,-0.10150809071234665,-0.016505902375393317,0.39618983393745477,-0.44676725954648777,0.2141855000907386,-0.202309702436132,0.005397281611095175,-0.20770698404722718,0.39618983393745477,-0.5226333979600484,0.306869486557657,-0.18545056056646914,-0.16673038345532024,-0.0187201771111489,0.39618983393745477,-0.5226333979600484,0.37818460918186503,0.7080839585265286,-0.24259876898146515,0.9506827275079938,0.7080839585265286,-0.5226333979600484,0.43279431325600404,0.44676725954648777,0.008806244946396317,0.43796101460009146,0.9019640900278292,-0.5226333979600484,1.0239060230275707,-1.753350754446592,-0.24657151340789474,-1.5067792410386973,0.9019640900278292,-1.9640900278175777,1.5249310080776433,-2.798617550366689,-0.6511861983939817,-2.147431351972707,0.9019640900278292,-3.90289134283065,2.60537516412947
NARC1HR,AMBUJACEM,2026-08-05 10:15:00,2026-08-05 11:15:00,Building Materials,Largecap,449.95,0.267409470752078,-0.744527169685516,-0.1448656581300861,-0.5996615115554299,0.011112345816211011,-0.7667518613179269,0.17036170856972732,-0.9223247027447479,-0.27441566059926914,-0.6479090421454787,0.011112345816211011,-1.033448160906758,0.18835896266593466,-1.1667963107011903,-0.18029174331597672,-0.9865045673852135,0.011112345816211011,-1.2779197688632116,0.25517223937309735,-1.3445938437604221,-0.20314882456074834,-1.141445019199674,0.011112345816211011,-1.5446160684520427,0.33988774277933925,-2.4669407711967906,-0.029311548191158245,-2.4376292230056325,0.011112345816211011,-2.6558506500722223,1.0345966179307644,-3.322591399044339,-0.3135725463475597,-3.009018852696779,0.011112345816211011,-4.011556839648856,1.549411150031657,-6.422935881764635,-0.5957586213465906,-5.827177260418045,0.011112345816211011,-7.089676630736741,2.640516136120879
NARC1HR,BOSCHLTD,2026-08-05 10:15:00,2026-08-05 11:15:00,Auto,Largecap,43250.0,1.824602707474976,0.19653179190750603,-0.1448656581300861,0.34139745003759214,0.46242774566473965,-0.2427745664739911,0.17036170856972732,0.15028901734104316,-0.27441566059926914,0.4247046779403123,0.46242774566473965,-0.2427745664739911,0.18835896266593466,0.21965317919074856,-0.18029174331597672,0.3999449225067253,0.5664739884392977,-0.2427745664739911,0.25517223937309735,0.0346820809248527,-0.20314882456074834,0.23783090548560104,0.5664739884392977,-0.2427745664739911,0.33988774277933925,-2.6011560693641633,-0.029311548191158245,-2.571844521173005,0.5664739884392977,-3.1907514450867036,1.0345966179307644,-2.68208092485549,-0.3135725463475597,-2.36850837850793,0.5664739884392977,-3.1907514450867036,1.549411150031657,7.757225433526016,-0.5957586213465906,8.352984054872607,8.057803468208103,-3.1907514450867036,2.640516136120879
NARC1HR,MPHASIS,2026-08-05 10:15:00,2026-08-05 11:15:00,I.T,Largecap,2477.0,2.4527443437978302,-0.17763423496165442,-0.1448656581300861,-0.032768576831568336,0.2825999192571649,-0.32297133629390906,0.17036170856972732,-0.38352846184901423,-0.27441566059926914,-0.1091128012497451,0.2825999192571649,-0.8356883326604669,0.18835896266593466,-0.855874041178839,-0.18029174331597672,-0.6755822978628623,0.2825999192571649,-0.8881711748082388,0.25517223937309735,-1.1344368187323317,-0.20314882456074834,-0.9312879941715834,0.2825999192571649,-1.3766653209527635,0.33988774277933925,-1.687525232135656,-0.029311548191158245,-1.6582136839444976,0.2825999192571649,-2.0589422688736425,1.0345966179307644,-0.5369398465886244,-0.3135725463475597,-0.22336730024106466,0.8477997577714946,-3.2781590633831126,1.549411150031657,0.7186112232539399,-0.5957586213465906,1.3143698446005305,2.5756964069438837,-3.2781590633831126,2.640516136120879
NARC1HR,ULTRACEMCO,2026-08-05 10:15:00,2026-08-05 11:15:00,Building Materials,Largecap,12223.0,1.5368001329124414,-0.4581526630123567,-0.1448656581300861,-0.31328700488227057,0.0572690828765543,-0.6954102920723182,0.17036170856972732,-0.49087785322752264,-0.27441566059926914,-0.2164621926282535,0.0572690828765543,-0.6954102920723182,0.18835896266593466,-0.43360877035097944,-0.18029174331597672,-0.2533170270350027,0.0572690828765543,-0.6954102920723182,0.25517223937309735,-0.48269655567373393,-0.20314882456074834,-0.2795477311129856,0.0572690828765543,-0.7772232676102386,0.33988774277933925,-0.7117728871799067,-0.029311548191158245,-0.6824613389887485,0.0572690828765543,-0.9244866235785021,1.0345966179307644,-1.4808148572363566,-0.3135725463475597,-1.1672423108887968,0.0572690828765543,-2.0698682811093883,1.549411150031657,-4.352450298617361,-0.5957586213465906,-3.7566916772707706,0.0572690828765543,-4.687883498322831,2.640516136120879
NARC1HR,UNOMINDA,2026-08-05 10:15:00,2026-08-05 11:15:00,Auto,Largecap,1261.0,0.06348198698618024,-1.126090404440927,-0.1448656581300861,-0.9812247463108409,0.055511498810467685,-1.3243457573354545,0.17036170856972732,-1.284694686756549,-0.27441566059926914,-1.0102790261572798,0.055511498810467685,-1.5067406819984086,0.18835896266593466,-1.451229183187941,-0.18029174331597672,-1.2709374398719642,0.055511498810467685,-1.7922283901665281,0.25517223937309735,-0.8723235527359208,-0.20314882456074834,-0.6691747281751724,0.055511498810467685,-1.7922283901665281,0.33988774277933925,-0.5313243457573336,-0.029311548191158245,-0.5020127975661753,0.055511498810467685,-1.7922283901665281,1.0345966179307644,1.6574147501982717,-0.3135725463475597,1.9709872965458315,2.2204599524187074,-1.7922283901665281,1.549411150031657,-1.1419508326724892,-0.5957586213465906,-0.5461922113258986,2.9579698651863495,-1.7922283901665281,2.640516136120879
NARC1HR,PNBHOUSING,2026-08-05 10:15:00,2026-08-05 11:15:00,Financials,Largecap,1133.0,-0.7967778653357738,-0.6707855251544492,-0.1448656581300861,-0.5259198670243631,0.0,-1.0326566637246293,0.17036170856972732,-0.7413945278023082,-0.27441566059926914,-0.46697886720303905,0.0,-1.0326566637246293,0.18835896266593466,0.3971756398940762,-0.18029174331597672,0.577467383210053,0.6001765225066125,-1.0326566637246293,0.25517223937309735,0.14121800529567352,-0.20314882456074834,0.34436682985642186,0.829655781112093,-1.0326566637246293,0.33988774277933925,2.409532215357446,-0.029311548191158245,2.438843763548604,3.0008826125331067,-1.1473962930273585,1.0345966179307644,-0.2559576345984138,-0.3135725463475597,0.0576149117491459,3.0008826125331067,-1.191526919682262,1.549411150031657,2.0741394527802326,-0.5957586213465906,2.6698980741268232,3.689320388349504,-1.191526919682262,2.640516136120879
NARC1HR,BOSCHLTD,2026-08-05 11:15:00,2026-08-05 12:15:00,Auto,Largecap,43410.0,0.3699421965317917,-0.1727712508638568,-0.09013806572024766,-0.08263318514360915,0.1958074176457103,-0.35706058511864036,0.20537577238500118,-0.13821700069108767,-0.10040685090041426,-0.0378101497906734,0.1958074176457103,-0.35706058511864036,0.24112981115544865,-0.33402441833678687,-0.01259943547346926,-0.3214249828633176,0.1958074176457103,-0.4376871688551054,0.3247426048645939,-1.4282423404745503,-0.09484693004889738,-1.333395410425653,0.1958074176457103,-1.5549412577747113,0.41157665569840557,-2.6491591799124636,0.1487372065489538,-2.7978963864614173,0.1958074176457103,-3.547569684404517,1.2367573445011844,-2.257544344621054,-0.09462222988133218,-2.1629221147397217,0.1958074176457103,-3.547569684404517,1.717874609134867,6.795669200645005,-0.40441802870804333,7.2000872293530485,7.659525454964289,-3.547569684404517,2.8130245465104635
NARC1HR,360ONE,2026-08-05 11:15:00,2026-08-05 12:15:00,Financials,Largecap,1190.7,0.6934460887949356,0.03359368438733412,-0.09013806572024766,0.12373175010758178,0.3359368438733412,-0.1931636852271712,0.20537577238500118,0.15957000083983708,-0.10040685090041426,0.2599768517402513,0.3359368438733412,-0.1931636852271712,0.24112981115544865,0.05878894767783471,-0.01259943547346926,0.07138838315130397,0.3359368438733412,-0.1931636852271712,0.3247426048645939,-0.40312421264802056,-0.09484693004889738,-0.3082772825991232,0.3359368438733412,-0.5207021080037011,0.41157665569840557,-0.14277315864618112,0.1487372065489538,-0.29151036519513496,0.5291005291005346,-0.7978500041992076,1.2367573445011844,-1.5873015873015928,-0.09462222988133218,-1.4926793574202606,0.5291005291005346,-2.3263626438229656,1.717874609134867,-3.2501889644746873,-0.40441802870804333,-2.845770935766644,0.5291005291005346,-4.257999496094733,2.8130245465104635
NARC1HR,HINDZINC,2026-08-05 12:15:00,2026-08-05 13:15:00,Metals & Mining,Largecap,583.4,1.2583528594984017,-0.16283853273910687,-0.1429471020124833,-0.019891430726623555,0.2056907781967876,-0.5142269454919468,0.200312523840442,0.13712718546452507,-0.04440820493050472,0.1815353903950298,0.2056907781967876,-0.5142269454919468,0.22936810110104258,0.8056222146040515,-0.0767795978455952,0.8824018124496467,0.84847446006171,-0.5142269454919468,0.3012815312758666,1.9112101474117127,0.09940065739721268,1.8118094900145,3.908124785738787,-0.5142269454919468,0.8557403262045719,1.5255399382927637,0.05228003814869882,1.473259900144065,3.908124785738787,-0.5142269454919468,1.3068195888769458,2.9996571820363416,-0.09342421765588772,3.0930813996922293,3.908124785738787,-0.5142269454919468,1.756353948595115,0.025711347274604,-0.21881606139868265,0.24452740867328665,4.285224545766209,-1.1827219746314621,2.822840600188006
NARC1HR,SONACOMS,2026-08-05 12:15:00,2026-08-05 13:15:00,Auto,Largecap,813.65,0.45681832211863505,0.4547409819947168,-0.1429471020124833,0.5976880840072001,0.5837890985067373,-0.09217722608001466,0.200312523840442,0.7865789958827474,-0.04440820493050472,0.8309872008132521,0.878756221962762,-0.09217722608001466,0.22936810110104258,0.8910465187734307,-0.0767795978455952,0.9678261166190258,1.136852454986781,-0.09217722608001466,0.3012815312758666,0.4547409819947168,0.09940065739721268,0.3553403245975041,1.136852454986781,-0.09217722608001466,0.8557403262045719,-2.6854298531309606,0.05228003814869882,-2.7377098912796596,1.3457875007681475,-2.75917163399495,1.3068195888769458,0.04916118724267449,-0.09342421765588772,0.1425854048985622,1.3457875007681475,-3.3675413261230247,1.756353948595115,-1.394948688010822,-0.21881606139868265,-1.1761326266121392,2.857494008480299,-3.3675413261230247,2.822840600188006
NARC1HR,HINDZINC,2026-08-05 14:15:00,2026-08-06 09:15:00,Metals & Mining,Largecap,604.25,3.281770788821481,-1.365328920148945,-0.08385253948434367,-1.2814763806646012,0.3227141083988583,-1.8121638394704265,0.5338680601278578,-1.6466694249069214,-0.00650783880726019,-1.6401615860996612,0.3227141083988583,-1.8121638394704265,0.6491851335350187,-1.0260653702937605,0.008232906319882381,-1.0342982766136428,0.3227141083988583,-1.8121638394704265,0.7241994763102474,-1.5639222176251577,-0.04046413531789934,-1.5234580823072583,0.3227141083988583,-1.8121638394704265,0.7940116114713018,-2.118328506412903,-0.21313501575861135,-1.9051934906542918,0.3227141083988583,-2.7803061646669347,1.2463967420178168,0.23996690111709462,-0.28178166783823066,0.5217485689553253,0.4385601985932963,-2.7803061646669347,1.730096830088597,-1.7873396772858818,-0.28202804634401596,-1.505311630941866,0.6868018204385651,-4.592470004137361,2.7313337722737843
NARC1HR,JSWSTEEL,2026-08-05 14:15:00,2026-08-06 09:15:00,Metals & Mining,Largecap,1330.0,0.9640932209823205,-0.12030075187968725,-0.08385253948434367,-0.036448212395343585,0.3759398496240518,-0.8872180451127809,0.5338680601278578,-0.624060150375938,-0.00650783880726019,-0.6175523115686778,0.3759398496240518,-0.8872180451127809,0.6491851335350187,-0.6842105263157872,0.008232906319882381,-0.6924434326356695,0.3759398496240518,-1.0451127819548933,0.7241994763102474,-0.4887218045112829,-0.04046413531789934,-0.44825766919338356,0.3759398496240518,-1.0451127819548933,0.7940116114713018,-2.0902255639097755,-0.21313501575861135,-1.8770905481511642,0.3759398496240518,-2.4436090225563922,1.2463967420178168,-1.6541353383458635,-0.28178166783823066,-1.372353670507633,0.3759398496240518,-3.120300751879701,1.730096830088597,-4.5488721804511245,-0.28202804634401596,-4.266844134107108,0.3759398496240518,-4.96240601503759,2.7313337722737843
NARC1HR,VEDL,2026-08-05 14:15:00,2026-08-06 09:15:00,Metals & Mining,Largecap,280.95,3.940066592674807,-1.0856024203594994,-0.08385253948434367,-1.0017498808751557,0.4983093077060019,-1.370350596191483,0.5338680601278578,-1.4593344011389786,-0.00650783880726019,-1.4528265623317185,0.4983093077060019,-1.5839117280654902,0.6491851335350187,-0.8542445274959842,0.008232906319882381,-0.8624774338158666,0.4983093077060019,-1.6373020110339809,0.7241994763102474,-1.3525538352019972,-0.04046413531789934,-1.3120896998840978,0.4983093077060019,-1.6373020110339809,0.7940116114713018,-2.349172450613979,-0.21313501575861135,-2.1360374348553677,0.4983093077060019,-2.6339206264459736,1.2463967420178168,0.16017084890549427,-0.28178166783823066,0.44195251674372493,0.4983093077060019,-3.239010500088968,1.730096830088597,-2.4203594945719886,-0.28202804634401596,-2.1383314482279725,1.9398469478554947,-3.239010500088968,2.7313337722737843
NARC1HR,TATASTEEL,2026-08-05 14:15:00,2026-08-06 09:15:00,Metals & Mining,Largecap,193.45,0.8760494342180625,-0.6409925045231191,-0.08385253948434367,-0.5571399650387754,0.10338588782632385,-1.18893771000258,0.5338680601278578,-1.0597053502196863,-0.00650783880726019,-1.0531975114124261,0.10338588782632385,-1.18893771000258,0.6491851335350187,-0.9304729904367925,0.008232906319882381,-0.9387058967566749,0.10338588782632385,-1.2561385370896794,0.7241994763102474,-1.132075471698113,-0.04046413531789934,-1.0916113363802136,0.10338588782632385,-1.2664771258723118,0.7940116114713018,-2.3985525975704247,-0.21313501575861135,-2.1854175818118136,0.10338588782632385,-2.63117084517962,1.2463967420178168,-1.380201602481257,-0.28178166783823066,-1.0984199346430263,0.10338588782632385,-3.4634272421814383,1.730096830088597,-4.476608942879301,-0.28202804634401596,-4.194580896535284,0.10338588782632385,-5.09175497544585,2.7313337722737843
NARC1HR,BEL,2026-08-06 09:15:00,2026-08-06 10:15:00,Aerospace & Defence,Largecap,395.05,1.385859104324405,0.17719276041006093,0.03880172908345492,0.13839103132660602,0.2151626376407867,-0.4050120237944599,0.2743487464838273,-0.025313251487157906,-0.023966218177030197,-0.0013470333101277092,0.2151626376407867,-0.4050120237944599,0.3151701831782636,0.6581445386659723,-0.020427964590008636,0.678572503255981,0.7467409188710361,-0.4050120237944599,0.38323833207379376,0.7087710416403104,-0.11744759326014464,0.826218634900455,0.8606505505632134,-0.4050120237944599,0.4841815797499112,1.113783065434748,-0.23213979043308672,1.3459228558678347,2.0124034932287094,-0.4050120237944599,1.1515066370058056,1.3922288317934406,0.003630218155408628,1.388598613638032,2.0124034932287094,-0.4050120237944599,1.6741208136914107,3.202126313124909,-0.3642788634664055,3.5664051765913145,3.417288950765718,-0.4050120237944599,2.6777941987532268
NARC1HR,SAIL,2026-08-06 09:15:00,2026-08-06 10:15:00,Metals & Mining,Largecap,178.14,1.0952840360932914,-0.25822386886716897,0.03880172908345492,-0.2970255979506239,0.2526103065005225,-0.5164477377343601,0.2743487464838273,-0.4715392388009332,-0.023966218177030197,-0.447573020623903,0.2526103065005225,-0.5164477377343601,0.3151701831782636,-0.8027394184349279,-0.020427964590008636,-0.7823114538449193,0.2526103065005225,-0.9206242281351695,0.38323833207379376,-0.3312001796339836,-0.11744759326014464,-0.21375258637383898,0.2526103065005225,-0.9206242281351695,0.4841815797499112,-1.1732345346356698,-0.23213979043308672,-0.9410947442025831,0.2526103065005225,-1.7626585831368557,1.1515066370058056,0.11788480970023052,0.003630218155408628,0.1142545915448219,1.1058717862355572,-1.9815875154372775,1.6741208136914107,-3.6263612888739027,-0.3642788634664055,-3.262082425407497,1.1058717862355572,-5.4339283709441855,2.6777941987532268
NARC1HR,TITAN,2026-08-06 09:15:00,2026-08-06 10:15:00,Consumer Discretionary,Largecap,4978.3,1.9328815086304019,-0.15868870899705678,0.03880172908345492,-0.1974904380805117,0.14663640198462335,-0.3515256211959916,0.2743487464838273,-0.16471486250325684,-0.023966218177030197,-0.14074864432622664,0.14663640198462335,-0.3515256211959916,0.3151701831782636,-0.01606974268324457,-0.020427964590008636,0.0043582219067640655,0.14663640198462335,-0.3515256211959916,0.38323833207379376,0.0662876885684005,-0.11744759326014464,0.18373528182854515,0.28925536829840226,-0.3515256211959916,0.4841815797499112,0.07833999558082283,-0.23213979043308672,0.3104797860139096,0.49615330534520385,-0.7854086736436172,1.1515066370058056,2.6032983146857314,0.003630218155408628,2.5996680965303227,2.8905449651487336,-1.8500291264086255,1.6741208136914107,0.9420886648052518,-0.3642788634664055,1.3063675282716574,3.8105377337645407,-1.8500291264086255,2.6777941987532268
NARC1HR,HINDZINC,2026-08-06 09:15:00,2026-08-06 10:15:00,Metals & Mining,Largecap,597.35,-1.1419114604882097,0.0418515108395523,0.03880172908345492,0.0030497817560973806,0.25110906503724717,-0.07533271951117859,0.2743487464838273,-0.041851510839541195,-0.023966218177030197,-0.017885292662510998,0.25110906503724717,-0.15066543902234608,0.3151701831782636,-0.42688541056333795,-0.020427964590008636,-0.40645744597332933,0.25110906503724717,-0.5524399430819615,0.38323833207379376,-0.6277726625931179,-0.11744759326014464,-0.5103250693329733,0.25110906503724717,-0.6445132669289366,0.4841815797499112,-0.14229513685444228,-0.23213979043308672,0.08984465357864443,0.25110906503724717,-1.657319829245829,1.1515066370058056,1.0630283753243486,0.003630218155408628,1.05939815716894,1.8498367791077275,-1.657319829245829,1.6741208136914107,-1.8498367791077386,-0.3642788634664055,-1.485557915641333,1.8498367791077275,-3.490416004017749,2.6777941987532268
NARC1HR,VEDL,2026-08-06 09:15:00,2026-08-06 10:15:00,Metals & Mining,Largecap,277.75,-1.13899270332799,0.32403240324032634,0.03880172908345492,0.2852306741568714,0.5580558055805707,-0.03600360036004613,0.2743487464838273,0.4500450045004545,-0.023966218177030197,0.4740112226774847,0.7020702070206886,-0.03600360036004613,0.3151701831782636,-0.21602160216022126,-0.020427964590008636,-0.19559363757021261,0.7020702070206886,-0.2520252025202452,0.38323833207379376,-0.6480648064806527,-0.11744759326014464,-0.530617213220508,0.7020702070206886,-1.062106210621061,0.4841815797499112,-1.1161116111611191,-0.23213979043308672,-0.8839718207280324,0.7020702070206886,-1.5121512151215044,1.1515066370058056,2.304230423042286,0.003630218155408628,2.3006002048868774,2.898289828982903,-2.124212421242111,1.6741208136914107,-2.160216021602157,-0.3642788634664055,-1.7959371581357515,3.114311431143113,-2.214221422142204,2.6777941987532268
NARC1HR,SHRIRAMFIN,2026-08-06 09:15:00,2026-08-06 10:15:00,Financials,Largecap,1145.6,1.3805309734513216,0.4277234636871574,0.03880172908345492,0.3889217346037025,0.5586592178770999,-0.00872905027932136,0.2743487464838273,0.20076815642460222,-0.023966218177030197,0.22473437460163243,0.5586592178770999,-0.00872905027932136,0.3151701831782636,0.46263966480448726,-0.020427964590008636,0.4830676293944959,0.7070530726257074,-0.00872905027932136,0.38323833207379376,-0.026187150837986284,-0.11744759326014464,0.09126044242215836,0.7070530726257074,-0.20076815642458,0.4841815797499112,-1.96403631284916,-0.23213979043308672,-1.7318965224160734,0.7070530726257074,-2.6710893854748563,1.1515066370058056,-1.9727653631284814,0.003630218155408628,-1.97639558128389,0.7070530726257074,-3.447974860335201,1.6741208136914107,-0.7681564245810013,-0.3642788634664055,-0.40387756111459583,0.7070530726257074,-3.447974860335201,2.6777941987532268
NARC1HR,NMDC,2026-08-06 09:15:00,2026-08-06 10:15:00,Metals & Mining,Largecap,86.89,0.6603336422613681,0.023017608470476958,0.03880172908345492,-0.01578412061297796,0.24168488894003026,-0.08056162964669156,0.2743487464838273,0.1726320635285994,-0.023966218177030197,0.1965982817056296,0.24168488894003026,-0.10357923811716852,0.3151701831782636,0.2647024974105294,-0.020427964590008636,0.28513046200053804,0.3452641270571988,-0.12659684658763437,0.38323833207379376,-0.702037058349636,-0.11744759326014464,-0.5845894650894914,0.3452641270571988,-0.909195534583962,0.4841815797499112,-2.014040741166989,-0.23213979043308672,-1.7819009507339025,0.3452641270571988,-2.290252042812746,1.1515066370058056,-0.5869490159972401,0.003630218155408628,-0.5905792341526488,0.3452641270571988,-2.5089193232823215,1.6741208136914107,-2.244216825871792,-0.3642788634664055,-1.8799379624053865,0.3452641270571988,-2.5089193232823215,2.6777941987532268
NARC1HR,BIOCON,2026-08-06 09:15:00,2026-08-06 10:15:00,Healthcare,Largecap,435.65,1.7873831775700788,-0.13772523814988835,0.03880172908345492,-0.17652696723334327,0.8378285320785217,-0.14920234132904664,0.2743487464838273,-0.3787444049121902,-0.023966218177030197,-0.35477818673516,0.8378285320785217,-0.654194881211978,0.3151701831782636,-0.011477103179147186,-0.020427964590008636,0.00895086141086145,0.8378285320785217,-0.8148743257201829,0.38323833207379376,0.9066911511534492,-0.11744759326014464,1.0241387444135939,0.9296453575117658,-0.8148743257201829,0.4841815797499112,-1.0329392861241793,-0.23213979043308672,-0.8007994956910925,1.5723631355445855,-1.7215654768736322,1.1515066370058056,-2.5134855962355096,0.003630218155408628,-2.5171158143909182,1.5723631355445855,-2.536439802593815,1.6741208136914107,-3.7759669459428435,-0.3642788634664055,-3.411688082476438,1.5723631355445855,-4.2235739699299835,2.6777941987532268
NARC1HR,AUBANK,2026-08-06 09:15:00,2026-08-06 10:15:00,Bank,Largecap,1063.3,1.1414439265670984,0.6395184802031384,0.03880172908345492,0.6007167511196835,0.7241606319947413,-0.028214050597197282,0.2743487464838273,1.382488479262678,-0.023966218177030197,1.406454697439708,1.4201072133922743,-0.028214050597197282,0.3151701831782636,1.5423680993134736,-0.020427964590008636,1.5627960639034824,1.7586758205586417,-0.028214050597197282,0.38323833207379376,2.275933414840603,-0.11744759326014464,2.3933810081007474,2.4170036678265783,-0.028214050597197282,0.4841815797499112,1.7868898711558279,-0.23213979043308672,2.0190296615889145,4.006395184802036,-0.028214050597197282,1.1515066370058056,0.2821405059719728,0.003630218155408628,0.2785102878165642,4.006395184802036,-0.21630772124517916,1.6741208136914107,2.3229568325025873,-0.3642788634664055,2.687235695968993,4.006395184802036,-1.4107025298598752,2.6777941987532268
NARC1HR,HAL,2026-08-06 09:15:00,2026-08-06 10:15:00,Aerospace & Defence,Largecap,4877.0,3.8698272740825823,0.27475907320073656,0.03880172908345492,0.23595734411728164,0.27680951404551735,-0.3854828788189546,0.2743487464838273,0.20504408447816758,-0.023966218177030197,0.22901030265519778,0.37933155628460113,-0.3854828788189546,0.3151701831782636,0.26040598728727105,-0.020427964590008636,0.28083395187727966,0.37933155628460113,-0.3854828788189546,0.38323833207379376,0.5064588886610544,-0.11744759326014464,0.623906481921199,0.6151322534344805,-0.3854828788189546,0.4841815797499112,0.7176542956735643,-0.23213979043308672,0.9497940861066511,2.0094320278859934,-0.3854828788189546,1.1515066370058056,0.7730161984826678,0.003630218155408628,0.7693859803272591,2.0094320278859934,-0.3854828788189546,1.6741208136914107,1.8884560180438825,-0.3642788634664055,2.252734881510288,3.6497847037112896,-1.5091244617592814,2.6777941987532268
NARC1HR,MAZDOCK,2026-08-06 09:15:00,2026-08-06 10:15:00,Aerospace & Defence,Largecap,2426.2,1.9197647553035102,-0.037095045750545896,0.03880172908345492,-0.07589677483400081,0.074190091501114,-0.5028439535075369,0.2743487464838273,-0.09479845025140987,-0.023966218177030197,-0.07083223207437968,0.07831176325117095,-0.5028439535075369,0.3151701831782636,0.5852773885087981,-0.020427964590008636,0.6057053530988067,0.610007419009162,-0.5028439535075369,0.38323833207379376,1.6775204022751788,-0.11744759326014464,1.7949679955353235,1.8877256615283278,-0.5028439535075369,0.4841815797499112,3.6971395598054624,-0.23213979043308672,3.929279350238549,6.091830846591395,-0.5028439535075369,1.1515066370058056,3.6188277965542914,0.003630218155408628,3.615197578398883,6.091830846591395,-0.5028439535075369,1.6741208136914107,5.308713214079641,-0.3642788634664055,5.672992077546047,6.701838265600535,-0.5028439535075369,2.6777941987532268
NARC1HR,SHRIRAMFIN,2026-08-06 10:15:00,2026-08-06 11:15:00,Financials,Largecap,1153.0,0.6459497206704023,-0.6938421509106729,-0.07171669252785898,-0.622125458382814,0.03469210754554197,-0.7372072853425893,0.22080953901740255,-0.7111882046834439,-0.026693821266562556,-0.6844943834168813,0.03469210754554197,-0.841283607979193,0.27396427919014277,-0.6678230702515164,-0.1269526695470336,-0.5408704007044829,0.03469210754554197,-0.841283607979193,0.31928040789097045,-0.9540329575021711,-0.20673169052287468,-0.7473012669792964,0.03469210754554197,-1.0754553339115458,0.42685852138194763,-2.9228100607111895,-0.26515410429505554,-2.657655956416134,0.03469210754554197,-3.295750216825677,1.1172215637367833,-2.289679098005215,-0.0028076980703681345,-2.286871399934847,0.03469210754554197,-4.067649609713797,1.7101738492104621,-1.960104076322633,-0.23623334989943306,-1.7238707264231998,0.03469210754554197,-4.067649609713797,2.6480399140287827
NARC1HR,BIOCON,2026-08-06 10:15:00,2026-08-06 11:15:00,Healthcare,Largecap,433.5,-0.49351543670377307,0.16147635524796922,-0.07171669252785898,0.2331930477758282,0.7612456747404961,-0.09227220299884431,0.22080953901740255,0.8996539792387459,-0.026693821266562556,0.9263478005053085,1.0265282583621582,-0.09227220299884431,0.27396427919014277,1.4071510957324174,-0.1269526695470336,1.534103765279451,1.4302191464821146,-0.09227220299884431,0.31928040789097045,1.8569780853517903,-0.20673169052287468,2.063709775874665,2.076124567474058,-0.09227220299884431,0.42685852138194763,-1.3379469434832814,-0.26515410429505554,-1.0727928391882258,2.076124567474058,-1.5109573241061103,1.1172215637367833,-2.0299884659746303,-0.0028076980703681345,-2.0271807679042624,2.076124567474058,-2.422145328719727,1.7101738492104621,-3.425605536332188,-0.23623334989943306,-3.189372186432755,2.076124567474058,-3.7485582468281375,2.6480399140287827
NARC1HR,AUBANK,2026-08-06 10:15:00,2026-08-06 11:15:00,Bank,Largecap,1080.4,1.6082008840402562,-0.009255831173649032,-0.07171669252785898,0.062460861354209946,0.14809329877822908,-0.26841910403555547,0.22080953901740255,0.24065161051460837,-0.026693821266562556,0.26734543178117093,0.3054424287300961,-0.26841910403555547,0.27396427919014277,0.6571640133283818,-0.1269526695470336,0.7841166828754154,0.796001480932973,-0.26841910403555547,0.31928040789097045,0.41651240281377344,-0.20673169052287468,0.6232440933366481,1.1106997408367292,-0.26841910403555547,0.42685852138194763,-0.009255831173649032,-0.26515410429505554,0.2558982731214065,2.3602369492780495,-0.3146982599037451,1.1172215637367833,-1.471677156608675,-0.0028076980703681345,-1.4688694585383069,2.3602369492780495,-1.795631247686047,1.7101738492104621,0.21288411699369458,-0.23623334989943306,0.44911746689312765,2.3602369492780495,-2.9711218067382528,2.6480399140287827
NARC1HR,COCHINSHIP,2026-08-06 10:15:00,2026-08-06 11:15:00,Aerospace & Defence,Largecap,1460.5,0.4470426409903805,0.445053064019163,-0.07171669252785898,0.516769756547022,0.6367682300582045,-0.05477576172543408,0.22080953901740255,0.5340636768230045,-0.026693821266562556,0.5607574980895671,0.6367682300582045,-0.05477576172543408,0.27396427919014277,1.1023622047243942,-0.1269526695470336,1.2293148742714277,1.3214652516261527,-0.05477576172543408,0.31928040789097045,1.1845258473125675,-0.20673169052287468,1.3912575378354421,2.6977062649777617,-0.05477576172543408,0.42685852138194763,3.396097226977046,-0.26515410429505554,3.661251331272102,3.7179048271140047,-0.05477576172543408,1.1172215637367833,3.3687093461143514,-0.0028076980703681345,3.3715170441847193,4.409448818897643,-0.05477576172543408,1.7101738492104621,3.491954809996578,-0.23623334989943306,3.728188159896011,5.231085244779199,-0.05477576172543408,2.6480399140287827
NARC1HR,HAL,2026-08-06 10:15:00,2026-08-06 11:15:00,Aerospace & Defence,Largecap,4877.5,0.010252204223903938,0.3239364428498259,-0.07171669252785898,0.3956531353776849,0.4100461301896452,-0.1209636084059329,0.22080953901740255,0.31983598154792237,-0.026693821266562556,0.3465298028144849,0.4100461301896452,-0.1209636084059329,0.27396427919014277,0.49615581752946447,-0.1269526695470336,0.623108487076498,0.60481804202972,-0.1209636084059329,0.31928040789097045,1.1501793951819606,-0.20673169052287468,1.3569110857048352,1.445412608918506,-0.1209636084059329,0.42685852138194763,0.5658636596617139,-0.26515410429505554,0.8310177639567695,1.9989748846745314,-0.1209636084059329,1.1172215637367833,0.967708867247552,-0.0028076980703681345,0.9705165653179202,1.9989748846745314,-0.1209636084059329,1.7101738492104621,2.019477191184005,-0.23623334989943306,2.2557105410834377,3.6391594054331122,-1.519220912352648,2.6480399140287827
NARC1HR,SWIGGY,2026-08-06 10:15:00,2026-08-06 11:15:00,I.T,Largecap,299.0,1.4074953366118192,-0.351170568561876,-0.07171669252785898,-0.27945387603401706,0.15050167224079924,-0.8695652173913104,0.22080953901740255,-0.6020066889632192,-0.026693821266562556,-0.5753128676966566,0.15050167224079924,-0.8695652173913104,0.27396427919014277,-1.7224080267558506,-0.1269526695470336,-1.595455357208817,0.15050167224079924,-2.4080267558528434,0.31928040789097045,-3.04347826086957,-0.20673169052287468,-2.836746570346695,0.15050167224079924,-3.294314381270913,0.42685852138194763,-4.799331103678939,-0.26515410429505554,-4.534176999383884,0.15050167224079924,-5.083612040133778,1.1172215637367833,-5.702341137123746,-0.0028076980703681345,-5.699533439053377,0.15050167224079924,-8.026755852842804,1.7101738492104621,-6.48829431438126,-0.23623334989943306,-6.252060964481827,0.15050167224079924,-8.662207357859518,2.6480399140287827
NARC1HR,CHOLAFIN,2026-08-06 11:15:00,2026-08-06 12:15:00,Financials,Largecap,1940.2,1.0678751888315796,0.304092361612196,0.04481583271389047,0.25927652889830555,0.42263684156271797,-0.010308215647869545,0.22572707753885843,0.3968663024430441,-0.03561756385491211,0.4324838662979562,0.48448613544995744,-0.010308215647869545,0.27179680638856624,-0.2834759303164569,-0.07731696190891824,-0.20615896840753867,0.633955262344088,-0.39171219461912044,0.3294291624383023,-0.2473971755489135,0.009769712194396067,-0.25716688774330954,0.633955262344088,-0.6545716936398382,0.4947893894644187,-2.711060715390168,-0.1902306082904489,-2.520830107099719,0.633955262344088,-2.942995567467277,1.1629160034140198,-2.28842387382745,0.10498893434627274,-2.3934128081737227,0.633955262344088,-4.030512318317703,1.8076447835970952,-1.4637666219977419,-0.08142794285054236,-1.3823386791471994,0.633955262344088,-4.030512318317703,2.7470313130606288
NARC1HR,AUBANK,2026-08-06 11:15:00,2026-08-06 12:15:00,Bank,Largecap,1088.8,0.7774898185856971,-0.11021307861867058,0.04481583271389047,-0.15502891133256105,0.018368846436445097,-0.2296105804555526,0.22572707753885843,0.22042615723734116,-0.03561756385491211,0.25604372109225326,0.33063923585601174,-0.3581925055106461,0.27179680638856624,-0.3581925055106461,-0.07731696190891824,-0.28087554360172784,0.33063923585601174,-0.4775900073475392,0.3294291624383023,-0.11021307861867058,0.009769712194396067,-0.11998279081306665,1.570536370315967,-0.4775900073475392,0.4947893894644187,-1.102130786186628,-0.1902306082904489,-0.9119001778961792,1.570536370315967,-1.1296840558412846,1.1629160034140198,-2.406318883174141,0.10498893434627274,-2.511307817520414,1.570536370315967,-2.5532696546656797,1.8076447835970952,-0.3857457751653248,-0.08142794285054236,-0.3043178323147825,1.570536370315967,-3.7196914033798656,2.7470313130606288
NARC1HR,COCHINSHIP,2026-08-06 11:15:00,2026-08-06 12:15:00,Aerospace & Defence,Largecap,1474.4,0.9517288599794727,0.9495387954422174,0.04481583271389047,0.904722962728327,1.458220293000534,-0.10851871947912262,0.22572707753885843,0.7460661964188819,-0.03561756385491211,0.781683760273794,1.7295170916983071,-0.10851871947912262,0.27179680638856624,0.23060227889311058,-0.07731696190891824,0.3079192408020288,1.7295170916983071,-0.10851871947912262,0.3294291624383023,1.2004883342376482,0.009769712194396067,1.1907186220432522,1.7295170916983071,-0.10851871947912262,0.4947893894644187,2.9232230059685227,-0.1902306082904489,3.1134536142589715,3.1877373846988633,-0.10851871947912262,1.1629160034140198,2.787574606619625,0.10498893434627274,2.682585672273352,3.4251220835594065,-0.10851871947912262,1.8076447835970952,2.319587628865971,-0.08142794285054236,2.4010155717165134,4.239012479652748,-0.10851871947912262,2.7470313130606288
NARC1HR,MAZDOCK,2026-08-06 11:15:00,2026-08-06 12:15:00,Aerospace & Defence,Largecap,2461.0,1.6102394715111545,1.9179195449004371,0.04481583271389047,1.8731037121865466,2.194229987809826,-0.09752133279155029,0.22572707753885843,2.8118650954896296,-0.03561756385491211,2.847482659344542,4.5916294189353835,-0.09752133279155029,0.27179680638856624,2.3161316537992693,-0.07731696190891824,2.393448615708188,4.5916294189353835,-0.09752133279155029,0.3294291624383023,2.559934985778134,0.009769712194396067,2.5501652735837377,4.5916294189353835,-0.09752133279155029,0.4947893894644187,2.1129622104835377,-0.1902306082904489,2.3031928187739865,4.5916294189353835,-0.09752133279155029,1.1629160034140198,4.347826086956519,0.10498893434627274,4.242837152610246,4.5916294189353835,-0.09752133279155029,1.8076447835970952,4.534741974806988,-0.08142794285054236,4.616169917657531,5.193010971149947,-0.09752133279155029,2.7470313130606288
NARC1HR,UNIONBANK,2026-08-06 12:15:00,2026-08-06 13:15:00,Bank,Largecap,179.07,0.8106738726566531,0.12285698330261052,0.040663065581435585,0.08219391772117493,0.46350589155079724,-0.027922041659678154,0.29777819448616305,0.26805159993299466,0.08192408535717084,0.18612751457582383,0.46350589155079724,-0.027922041659678154,0.3378440474861797,1.1336348913832506,0.12034778406154197,1.0132871073217087,1.2844139163455726,-0.027922041659678154,0.43670264675090326,0.8823365164460917,-0.0723351757825794,0.9546716922286711,1.7479198078963476,-0.027922041659678154,0.8848552657862723,2.0159714078293423,-0.08917645066338988,2.105147858492732,2.4794772993801395,-0.027922041659678154,1.239689304044562,1.6418160495895506,0.25859140870540914,1.3832246408841415,3.724800357402147,-0.027922041659678154,1.9012283641244012,4.115708940637752,0.044850869519864764,4.070858071117888,5.377785223655551,-0.027922041659678154,2.840511708291186
NARC1HR,AUBANK,2026-08-06 12:15:00,2026-08-06 13:15:00,Bank,Largecap,1084.6,-0.3857457751653248,1.032638760833482,0.040663065581435585,0.9919756952520463,1.9638576433708366,-0.08297990042410719,0.29777819448616305,0.7191591370090622,0.08192408535717084,0.6372350516518913,1.9638576433708366,-0.08297990042410719,0.3378440474861797,0.2765996680804017,0.12034778406154197,0.15625188401885975,1.9638576433708366,-0.08297990042410719,0.43670264675090326,-0.24893970127234377,-0.0723351757825794,-0.17660452548976435,1.9638576433708366,-0.30425963488843744,0.8848552657862723,-1.0418587497694975,-0.08917645066338988,-0.9526822991061077,1.9638576433708366,-1.1524986170016627,1.239689304044562,-1.8439977872026558,0.25859140870540914,-2.102589195908065,1.9638576433708366,-2.175917388899129,1.9012283641244012,0.19361976765628341,0.044850869519864764,0.14876889813641864,1.9638576433708366,-3.346855983772812,2.840511708291186
NARC1HR,COCHINSHIP,2026-08-06 12:15:00,2026-08-06 13:15:00,Aerospace & Defence,Largecap,1485.7,0.7664134563212022,-0.38365753516861334,0.040663065581435585,-0.4243206007500489,0.15480918085750695,-0.7134683987346069,0.29777819448616305,0.2019250185097965,0.08192408535717084,0.12000093315262565,0.2826950259137151,-0.7134683987346069,0.3378440474861797,0.4307733728208918,0.12034778406154197,0.31042558875934984,0.599044221579037,-0.7134683987346069,0.43670264675090326,0.11442417715554765,-0.0723351757825794,0.18675935293812707,1.3192434542639742,-0.7134683987346069,0.8848552657862723,1.7567476610351962,-0.08917645066338988,1.845924111698586,2.402907720266545,-0.7134683987346069,1.239689304044562,1.7432859931345357,0.25859140870540914,1.4846945844291266,2.6384869085279705,-0.7134683987346069,1.9012283641244012,1.7298243252338974,0.044850869519864764,1.6849734557140326,3.4461869825671343,-0.7134683987346069,2.840511708291186
NARC1HR,HAL,2026-08-06 12:15:00,2026-08-06 13:15:00,Aerospace & Defence,Largecap,4928.9,0.754292722812755,0.11158676378095755,0.040663065581435585,0.07092369819952196,0.204913875306878,-0.05072125626407464,0.29777819448616305,-0.10550021302927481,0.08192408535717084,-0.18742429838644564,0.204913875306878,-0.26172168232262427,0.3378440474861797,-0.05680780701574628,0.12034778406154197,-0.17715559107728823,0.204913875306878,-0.26172168232262427,0.43670264675090326,-0.06289435776744012,-0.0723351757825794,0.009440818015139282,0.9352999655095617,-0.26172168232262427,0.8848552657862723,-0.3428756923451459,-0.08917645066338988,-0.25369924168175606,0.9352999655095617,-1.0732617825478186,1.239689304044562,0.39359694860923167,0.25859140870540914,0.13500553990382252,0.9352999655095617,-1.0732617825478186,1.9012283641244012,0.3144717888372561,0.044850869519864764,0.26962091931739135,2.5583801659599503,-2.5462070644565737,2.840511708291186
NARC1HR,MAZDOCK,2026-08-06 12:15:00,2026-08-06 13:15:00,Aerospace & Defence,Largecap,2533.9,2.9622104835432816,-0.35123722325269835,0.040663065581435585,-0.3919002888341339,0.24073562492599176,-1.0063538419037843,0.29777819448616305,0.06709025612692265,0.08192408535717084,-0.014833829230248188,0.24073562492599176,-1.0063538419037843,0.3378440474861797,-0.39070207979794436,0.12034778406154197,-0.5110498638594864,0.24073562492599176,-1.0063538419037843,0.43670264675090326,-0.6985279608508699,-0.0723351757825794,-0.6261927850682905,0.9511030427404421,-1.0063538419037843,0.8848552657862723,-0.9826749279766456,-0.08917645066338988,-0.8934984773132557,0.9511030427404421,-1.4601996921741134,1.239689304044562,1.0694976123761801,0.25859140870540914,0.810906203670771,1.3852164647381482,-1.8509017719720577,1.9012283641244012,1.7364536879908465,0.044850869519864764,1.6916028184709817,2.166620624334037,-1.8943131141718306,2.840511708291186
NARC1HR,SBIN,2026-08-06 13:15:00,2026-08-06 14:15:00,Bank,Largecap,1082.8,1.167896851350081,0.21241226449943973,-0.05071848873012232,0.26313075322956203,0.3047654229774599,-0.12005910602141956,0.21455072299024575,0.2862947912818825,-0.10929293204312623,0.39558772332500874,0.38788326560768027,-0.12005910602141956,0.25350672355067244,0.20317694865163993,-0.18885756899671372,0.3920345176483536,0.48947173993350024,-0.6557074251939299,0.696140149368992,0.38788326560768027,-0.21819643826873253,0.6060797038764127,0.7203546361285618,-0.6557074251939299,0.8646159096810242,2.9922423346878446,-0.17533170671008771,3.1675740413979323,3.8511267085334255,-0.6557074251939299,1.1316021018949798,-0.8219431104543595,-0.024776560255217524,-0.797166550199142,3.8511267085334255,-1.0158847432582219,1.7538935093938262,-0.9974141115626112,-0.3440726076355158,-0.6533415039270953,3.8511267085334255,-2.068710749907632,2.7814858088829784
NARC1HR,CHOLAFIN,2026-08-06 13:15:00,2026-08-06 14:15:00,Financials,Largecap,1938.0,-0.23679604653557007,0.20639834881321928,-0.05071848873012232,0.2571168375433416,0.2476780185758587,-0.2218782249741924,0.21455072299024575,0.28379772961817373,-0.10929293204312623,0.39309066166129997,0.3560371517027816,-0.2218782249741924,0.25350672355067244,-1.3880288957688336,-0.18885756899671372,-1.1991713267721198,0.3560371517027816,-2.0485036119711086,0.696140149368992,-1.682146542827656,-0.21819643826873253,-1.4639501045589236,0.3560371517027816,-2.0485036119711086,0.8646159096810242,-3.3178534571723373,-0.17533170671008771,-3.1425217504622496,0.3560371517027816,-3.611971104231171,1.1316021018949798,-1.0784313725490269,-0.024776560255217524,-1.0536548122938094,0.3560371517027816,-3.9215686274509776,1.7538935093938262,-1.6718266253869962,-0.3440726076355158,-1.3277540177514804,0.3560371517027816,-3.9215686274509776,2.7814858088829784
NARC1HR,UNIONBANK,2026-08-06 13:15:00,2026-08-06 14:15:00,Bank,Largecap,181.01,1.0833752163958321,0.04972100988895889,-0.05071848873012232,0.10043949861908122,0.19888403955583556,-0.038671896580300125,0.21455072299024575,0.28175238937075964,-0.10929293204312623,0.39104532141388587,0.5469311087785256,-0.038671896580300125,0.25350672355067244,-0.19888403955581335,-0.18885756899671372,-0.010026470559099637,0.657422241865091,-0.5579802220871732,0.696140149368992,0.35357162587703606,-0.21819643826873253,0.5717680641457685,1.3811391635821124,-0.5579802220871732,0.8646159096810242,1.4584829567427349,-0.17533170671008771,1.6338146634528226,2.149052538533791,-0.5579802220871732,1.1316021018949798,0.3259488426053725,-0.024776560255217524,0.35072540286059,2.6131152974973926,-0.5579802220871732,1.7538935093938262,3.2594884260538137,-0.3440726076355158,3.6035610336893296,4.248384067178601,-0.6242749019391147,2.7814858088829784
NARC1HR,INDIANB,2026-08-06 13:15:00,2026-08-06 14:15:00,Bank,Largecap,870.95,1.061731260153187,0.7520523566220794,-0.05071848873012232,0.8027708453522017,0.8094609334634573,-0.09759458063034465,0.21455072299024575,0.8381652218841351,-0.10929293204312623,0.9474581539272613,0.9702049486193243,-0.09759458063034465,0.25350672355067244,1.61318100924277,-0.18885756899671372,1.8020385782394839,1.7911475974510482,-0.09759458063034465,0.696140149368992,2.0724496239738155,-0.21819643826873253,2.290646062242548,2.3193065043917382,-0.09759458063034465,0.8646159096810242,2.531718238704861,-0.17533170671008771,2.7070499454149486,3.220621160801418,-0.09759458063034465,1.1316021018949798,1.6074401515586478,-0.024776560255217524,1.6322167118138653,3.542109191113152,-0.09759458063034465,1.7538935093938262,2.1872667776565713,-0.3440726076355158,2.531339385292087,3.7717434984786635,-0.09759458063034465,2.7814858088829784
NARC1HR,AUBANK,2026-08-06 13:15:00,2026-08-06 14:15:00,Bank,Largecap,1087.0,0.22127973446433025,-0.04599816007360147,-0.05071848873012232,0.004720328656520854,0.15639374425022723,-0.3495860165593334,0.21455072299024575,-0.3311867525298884,-0.10929293204312623,-0.22189382048676215,0.15639374425022723,-0.43238270469181384,0.25350672355067244,-0.4691812327506817,-0.18885756899671372,-0.280323663753968,0.15639374425022723,-0.5243790248390057,0.696140149368992,-0.6163753449862086,-0.21819643826873253,-0.3981789067174761,0.15639374425022723,-0.6163753449862086,0.8646159096810242,-1.6835326586936428,-0.17533170671008771,-1.508200951983555,0.15639374425022723,-1.7019319227230878,1.1316021018949798,-1.7939282428702907,-0.024776560255217524,-1.7691516826150733,0.15639374425022723,-2.391904323827043,1.7538935093938262,-0.22999080036798514,-0.3440726076355158,0.11408180726753064,1.2971481140754193,-3.560257589696414,2.7814858088829784
NARC1HR,MAZDOCK,2026-08-06 13:15:00,2026-08-06 14:15:00,Aerospace & Defence,Largecap,2534.5,0.023678913927138723,-0.6352337739198965,-0.05071848873012232,-0.5845152851897742,0.06312882225290029,-0.6786348392187724,0.21455072299024575,-0.37482738212665234,-0.10929293204312623,-0.2655344500835261,0.06312882225290029,-0.7654369698165353,0.25350672355067244,-0.7220359045176594,-0.18885756899671372,-0.5331783355209457,0.9272045768396131,-0.9666600907476841,0.696140149368992,-1.045571118563815,-0.21819643826873253,-0.8273746802950825,0.9272045768396131,-1.085026632471886,0.8646159096810242,-0.931150128230418,-0.17533170671008771,-0.7558184215203303,0.9272045768396131,-1.4835273229433787,1.1316021018949798,1.594002761885971,-0.024776560255217524,1.6187793221411884,1.5979483132767758,-1.8741369106332617,1.7538935093938262,1.9333201814953682,-0.3440726076355158,2.277392789130884,2.1858354705070138,-1.9175379759321376,2.7814858088829784
NARC1HR,SBIN,2026-08-06 14:15:00,2026-08-07 09:15:00,Bank,Largecap,1080.1,-0.24935352789066112,0.3240440699935121,0.20570930592116854,0.11833476407234356,0.7314137579853774,-0.40736968799184314,0.8172880659628131,0.6388297379872343,0.2487332280541073,0.390096509933127,0.7314137579853774,-0.40736968799184314,0.8955052680775153,0.6388297379872343,0.06457754367528223,0.5742521943119521,0.9721322099805585,-0.40736968799184314,0.9364981794067386,1.1943338579761154,0.1558418826618657,1.0384919753142496,1.314693083973717,-0.40736968799184314,1.0424948377441028,0.19442644199612058,0.020945676188450068,0.17348076580767052,4.110730487917791,-0.40736968799184314,1.5481957986805905,-1.4628275159707438,0.0951868627482361,-1.55801437871898,4.110730487917791,-1.8239051939635043,2.120340569488082,-0.8239977779835095,-0.11753414330782436,-0.7064636346756852,4.110730487917791,-1.8239051939635043,2.978489477354125
NARC1HR,UNIONBANK,2026-08-06 14:15:00,2026-08-07 09:15:00,Bank,Largecap,182.2,0.657422241865091,-0.7409440175631166,0.20570930592116854,-0.9466533234842851,0.0,-1.207464324917662,0.8172880659628131,0.4061470911086662,0.2487332280541073,0.1574138630545589,0.6201975850713692,-1.207464324917662,0.8955052680775153,-0.30186608122940717,0.06457754367528223,-0.3664436249046894,0.7189901207464322,-1.207464324917662,0.9364981794067386,0.2689352360043973,0.1558418826618657,0.1130933533425316,0.7189901207464322,-1.207464324917662,1.0424948377441028,0.5708013172338156,0.020945676188450068,0.5498556410453654,1.942919868276638,-1.207464324917662,1.5481957986805905,-0.8507135016465384,0.0951868627482361,-0.9459003643947744,1.942919868276638,-1.2733260153677262,2.120340569488082,2.8155872667398496,-0.11753414330782436,2.933121410047674,3.9187705817782748,-1.2733260153677262,2.978489477354125
NARC1HR,CANBK,2026-08-06 14:15:00,2026-08-07 09:15:00,Bank,Largecap,130.98,0.42938199662627685,0.19086883493664164,0.20570930592116854,-0.014840470984526899,0.32065964269354374,-0.4199114368605761,0.8172880659628131,0.8550923805161093,0.2487332280541073,0.606359152462002,0.9085356542983591,-0.4199114368605761,0.8955052680775153,0.2595816155138264,0.06457754367528223,0.19500407183854418,0.9848831882730336,-0.4199114368605761,0.9364981794067386,0.8398228737211966,0.1558418826618657,0.6839809910593309,1.0383264620552835,-0.4199114368605761,1.0424948377441028,-0.13742556115435844,0.020945676188450068,-0.1583712373428085,1.1986562834020553,-0.5191632310276195,1.5481957986805905,-2.1071919377004034,0.0951868627482361,-2.2023788004486393,1.1986562834020553,-2.3820430600091536,2.120340569488082,-0.6871278057718588,-0.11753414330782436,-0.5695936624640345,1.626202473660121,-2.4507558405863494,2.978489477354125
NARC1HR,INDIANB,2026-08-06 14:15:00,2026-08-07 09:15:00,Bank,Largecap,879.35,0.9644640909351798,0.5970318985614398,0.20570930592116854,0.39132259264027125,0.8187866037413949,-0.14215045203843646,0.8172880659628131,1.091715471655208,0.2487332280541073,0.8429822436011007,1.3419002672428348,-0.14215045203843646,0.8955052680775153,1.097401489736738,0.06457754367528223,1.0328239460614557,1.3419002672428348,-0.14215045203843646,0.9364981794067386,1.3077841587536332,0.1558418826618657,1.1519422760917675,1.4385625746289765,-0.14215045203843646,1.0424948377441028,1.3248422129982451,0.020945676188450068,1.303896536809795,2.5530221186103264,-0.14215045203843646,1.5481957986805905,-0.011372036163082022,0.0951868627482361,-0.10655889891131812,2.5530221186103264,-0.5060556092568391,2.120340569488082,0.9097628930460067,-0.11753414330782436,1.027297036353831,2.7804628418718336,-0.7107522601921823,2.978489477354125
NARC1HR,MAZDOCK,2026-08-06 14:15:00,2026-08-07 09:15:00,Aerospace & Defence,Largecap,2530.0,-0.17754981258630842,-0.4308300395256981,0.20570930592116854,-0.6365393454468666,1.1067193675889264,-0.7905138339920903,0.8172880659628131,-0.727272727272732,0.2487332280541073,-0.9760059553268392,1.1067193675889264,-0.7905138339920903,0.8955052680775153,-0.8695652173912993,0.06457754367528223,-0.9341427610665816,1.1067193675889264,-0.9090909090909038,0.9364981794067386,-0.3913043478260936,0.1558418826618657,-0.5471462304879593,1.1067193675889264,-1.3083003952569117,1.0424948377441028,-1.3122529644268743,0.020945676188450068,-1.3331986406153244,1.1067193675889264,-1.6996047430830052,1.5481957986805905,1.011857707509889,0.0951868627482361,0.9166708447616528,2.3241106719367632,-1.6996047430830052,2.120340569488082,1.8458498023715242,-0.11753414330782436,1.9633839456793485,2.9130434782608683,-1.7430830039525613,2.978489477354125
NARC1HR,BHEL,2026-08-07 09:15:00,2026-08-07 10:15:00,Industrials,Largecap,414.7,1.9044108612851662,0.4099348926935198,-0.01906644029434337,0.42900133298786314,0.4340487099107726,-0.12056908608633066,0.22739582739416817,0.2652519893899363,-0.0023741850448285714,0.2676261744347649,0.964552688690623,-0.12056908608633066,0.3354557375547967,0.012056908608637507,-0.028749092535750066,0.04080600114438757,0.964552688690623,-0.12056908608633066,0.3997745399708059,-0.33759344104171696,-0.11580271274798433,-0.22179072829373264,0.964552688690623,-0.626959247648895,0.47060985657391036,-2.5198938992042397,0.21972946912609218,-2.739623368330332,0.964552688690623,-3.4965034965035002,1.2113369740929578,-2.0737882806848296,0.038613804138251266,-2.112402084823081,0.964552688690623,-3.4965034965035002,1.8177436108368927,1.5673981191222541,-0.27450158047489326,1.8418996995971475,3.6894140342416337,-3.4965034965035002,2.665875755112082
NARC1HR,TATAELXSI,2026-08-07 09:15:00,2026-08-07 10:15:00,I.T,Largecap,3787.1,1.9023786460015124,-0.6627762668004467,-0.01906644029434337,-0.6437098265061033,0.0,-0.7789601542077085,0.22739582739416817,-0.266694832457548,-0.0023741850448285714,-0.26432064741271943,0.0,-0.7789601542077085,0.3354557375547967,-0.21652451744078594,-0.028749092535750066,-0.18777542490503588,0.0,-0.7789601542077085,0.3997745399708059,-0.20596234585830153,-0.11580271274798433,-0.0901596331103172,0.21652451744078594,-0.7789601542077085,0.47060985657391036,1.0852631300995563,0.21972946912609218,0.8655336609734642,1.3757228486176665,-0.7789601542077085,1.2113369740929578,0.261413746666328,0.038613804138251266,0.22279994252807672,1.8457394840379227,-0.7789601542077085,1.8177436108368927,-0.5413112936019648,-0.27450158047489326,-0.2668097131270716,1.8457394840379227,-2.69599429642734,2.665875755112082
NARC1HR,BRITANNIA,2026-08-07 09:15:00,2026-08-07 10:15:00,FMCG,Largecap,5607.5,1.9082235347569254,0.1961658493089713,-0.01906644029434337,0.21523228960331467,0.7222469906375428,-0.0178332590280883,0.22739582739416817,-0.1961658493089602,-0.0023741850448285714,-0.19379166426413164,0.7222469906375428,-0.30316540347749,0.3354557375547967,-0.2496656263932251,-0.028749092535750066,-0.22091653385747503,0.7222469906375428,-0.552831029870704,0.3997745399708059,-1.7565760142666087,-0.11580271274798433,-1.6407733015186243,0.7222469906375428,-1.7565760142666087,0.47060985657391036,-1.408827463218898,0.21972946912609218,-1.6285569323449902,0.7222469906375428,-1.9170753455193923,1.2113369740929578,0.47258136424430663,0.038613804138251266,0.43396756010605536,0.7579135086937194,-1.9170753455193923,1.8177436108368927,-0.34774855104769964,-0.27450158047489326,-0.07324697057280638,1.462327240303174,-1.9170753455193923,2.665875755112082
NARC1HR,MOTHERSON,2026-08-07 09:15:00,2026-08-07 10:15:00,Auto,Largecap,164.52,6.025649287877832,1.525650376853882,-0.01906644029434337,1.5447168171482255,1.6715292973498608,-0.19450522732800124,0.22739582739416817,2.2124969608558143,-0.0023741850448285714,2.2148711459006427,2.297592997811826,-0.19450522732800124,0.3354557375547967,1.720155604181861,-0.028749092535750066,1.7489046967176112,2.6926817408217785,-0.19450522732800124,0.3997745399708059,2.43739362995381,-0.11580271274798433,2.5531963427017943,2.6926817408217785,-0.19450522732800124,0.47060985657391036,2.540724531971783,0.21972946912609218,2.320995062845691,4.546559688791629,-0.19450522732800124,1.2113369740929578,2.6683685874057783,0.038613804138251266,2.629754783267527,4.546559688791629,-0.19450522732800124,1.8177436108368927,1.8599562363238453,-0.27450158047489326,2.1344578167987387,4.546559688791629,-0.19450522732800124,2.665875755112082
NARC1HR,MPHASIS,2026-08-07 09:15:00,2026-08-07 10:15:00,I.T,Largecap,2492.0,3.1884057971014457,-1.0353130016051426,-0.01906644029434337,-1.0162465613107992,0.040128410914919144,-1.276083467094713,0.22739582739416817,-0.9028892455858695,-0.0023741850448285714,-0.9005150605410409,0.040128410914919144,-1.276083467094713,0.3354557375547967,-1.1075441412520037,-0.028749092535750066,-1.0787950487162536,0.040128410914919144,-1.3563402889245624,0.3997745399708059,-1.015248796147683,-0.11580271274798433,-0.8994460833996987,0.040128410914919144,-1.3563402889245624,0.47060985657391036,0.7825040128411009,0.21972946912609218,0.5627745437150088,0.9149277688603519,-1.3563402889245624,1.2113369740929578,0.4975922953451173,0.038613804138251266,0.458978491206866,1.6813804173354763,-1.3563402889245624,1.8177436108368927,0.7825040128411009,-0.27450158047489326,1.0570055933159943,2.0224719101123556,-1.3563402889245624,2.665875755112082
NARC1HR,CANBK,2026-08-07 09:15:00,2026-08-07 10:15:00,Bank,Largecap,131.87,0.6794930523744247,-0.015166451808612536,-0.01906644029434337,0.003899988485730834,0.3564116175020837,-0.4929096837794855,0.22739582739416817,-0.1137483885644941,-0.0023741850448285714,-0.11137420351966552,0.3564116175020837,-0.4929096837794855,0.3354557375547967,0.1592477439902984,-0.028749092535750066,0.18799683652604846,0.3564116175020837,-0.4929096837794855,0.3997745399708059,-0.05308258133008836,-0.11580271274798433,0.06272013141789597,0.3564116175020837,-0.4929096837794855,0.47060985657391036,-0.46257678016229375,0.21972946912609218,-0.6823062492883859,0.5156593614923821,-1.1905664669750404,1.2113369740929578,-1.903389701979219,0.038613804138251266,-1.9420035061174703,0.5156593614923821,-3.040873587624182,1.8177436108368927,-0.9630696898460633,-0.27450158047489326,-0.6885681093711701,0.9403200121331778,-3.109122620762883,2.665875755112082
NARC1HR,INDIANB,2026-08-07 09:15:00,2026-08-07 10:15:00,Bank,Largecap,889.25,1.1258315801444319,0.2586449254990075,-0.01906644029434337,0.2777113657933509,0.3092493674444752,-0.3654765251616565,0.22739582739416817,-0.2867585043575982,-0.0023741850448285714,-0.28438431931276964,0.3092493674444752,-0.3710992409333702,0.3354557375547967,0.1799269046949714,-0.028749092535750066,0.20867599723072147,0.3092493674444752,-0.624121450660664,0.3997745399708059,0.12369974697779007,-0.11580271274798433,0.23950245972577439,0.3092493674444752,-0.624121450660664,0.47060985657391036,0.061849873488895035,0.21972946912609218,-0.15787959563719714,1.4113016587011584,-0.624121450660664,1.2113369740929578,-0.7590666291818926,0.038613804138251266,-0.7976804333201438,1.4113016587011584,-1.6137194264829957,1.8177436108368927,0.1967950520101125,-0.27450158047489326,0.47129663248500575,1.6362102895698616,-1.816137194264822,2.665875755112082
NARC1HR,LTM,2026-08-07 09:15:00,2026-08-07 10:15:00,I.T,Largecap,4651.8,2.4174372523117604,-1.3349671095060023,-0.01906644029434337,-1.3159006692116588,0.0,-1.498344726772427,0.22739582739416817,-1.369362397351559,-0.0023741850448285714,-1.3669882123067303,0.0,-1.498344726772427,0.3354557375547967,-1.0598048067414823,-0.028749092535750066,-1.0310557142057322,0.0,-1.498344726772427,0.3997745399708059,-1.0469065737993888,-0.11580271274798433,-0.9311038610514044,0.0,-1.498344726772427,0.47060985657391036,2.826862719807388,0.21972946912609218,2.607133250681296,3.127821488456073,-1.498344726772427,1.2113369740929578,3.24175587944453,0.038613804138251266,3.2031420753062787,3.7447869641858977,-1.498344726772427,1.8177436108368927,0.9953136420310482,-0.27450158047489326,1.2698152225059416,4.26071628186937,-1.498344726772427,2.665875755112082
NARC1HR,BRITANNIA,2026-08-07 10:15:00,2026-08-07 11:15:00,FMCG,Largecap,5595.0,-0.22291573785109264,-0.464700625558534,0.03583926313174066,-0.5005398886902747,0.06255585344057124,-0.500446827524581,0.255018870931271,-0.822162645218949,-0.053182423962946083,-0.768980221256003,0.06255585344057124,-1.0277033065236862,0.28375832104501364,-1.537086684539768,-0.03570773015462585,-1.5013789543851421,0.06255585344057124,-1.537086684539768,0.3546151132052963,-0.9472743521000915,0.031787523069474216,-0.9790618751695657,0.06255585344057124,-1.608579088471851,0.4830662950688431,-0.44682752457551045,0.3622596509524208,-0.8090871755279312,0.8668453976764967,-1.6979445933869575,1.3881497000115894,0.6881143878462836,-0.11052332840857614,0.7986377162548598,0.9830205540661385,-1.6979445933869575,1.8894771385661606,-0.2680965147453085,-0.13831266429854258,-0.1297838504467659,1.6890080428954457,-1.6979445933869575,2.7510983122684283
NARC1HR,MOTHERSON,2026-08-07 10:15:00,2026-08-07 11:15:00,Auto,Largecap,167.71,1.9389739849258403,0.1848428835489857,0.03583926313174066,0.14900362041724505,0.6499314292528702,-0.5306779559954733,0.255018870931271,0.09540277860593527,-0.053182423962946083,0.14858520256888136,0.6499314292528702,-0.5306779559954733,0.28375832104501364,0.4889392403553794,-0.03570773015462585,0.5246469705100052,0.6499314292528702,-0.5306779559954733,0.3546151132052963,0.11329079959454535,0.031787523069474216,0.08150327652507114,0.6976328185558378,-0.5306779559954733,0.4830662950688431,1.1806093852483324,0.3622596509524208,0.8183497342959116,2.55798700137142,-0.5306779559954733,1.3881497000115894,0.29813368314353106,-0.11052332840857614,0.4086570115521072,2.55798700137142,-0.5306779559954733,1.8894771385661606,-0.02385069465149492,-0.13831266429854258,0.11446196964704766,2.55798700137142,-0.5962673662870399,2.7510983122684283
NARC1HR,PGEL,2026-08-07 10:15:00,2026-08-07 11:15:00,Consumer Discretionary,Midcap,635.25,4.113742522330588,-0.7870916961826069,0.03583926313174066,-0.8229309593143476,0.40141676505311974,-1.7473435655253833,0.255018870931271,-0.8264462809917328,-0.053182423962946083,-0.7732638570287867,0.40141676505311974,-1.7473435655253833,0.28375832104501364,-0.6532861078315633,-0.03570773015462585,-0.6175783776769375,0.40141676505311974,-1.7473435655253833,0.3546151132052963,-2.062180243998435,0.031787523069474216,-2.0939677670679093,0.40141676505311974,-2.1172766627312156,0.4830662950688431,-1.58205430932703,0.3622596509524208,-1.9443139602794508,0.40141676505311974,-3.8803620621802426,1.3881497000115894,-2.9830775285320854,-0.11052332840857614,-2.8725542001235094,0.40141676505311974,-3.8803620621802426,1.8894771385661606,-4.2424242424242475,-0.13831266429854258,-4.104111578125705,0.40141676505311974,-5.076741440377807,2.7510983122684283
NARC1HR,PREMIERENE,2026-08-07 10:15:00,2026-08-07 11:15:00,Services,Largecap,1050.0,1.0489846982966178,0.20000000000000018,0.03583926313174066,0.16416073686825952,0.33333333333334103,-0.8190476190476081,0.255018870931271,-0.09523809523809268,-0.053182423962946083,-0.042055671275146596,0.5714285714285783,-0.8190476190476081,0.28375832104501364,-0.07619047619047414,-0.03570773015462585,-0.0404827460358483,0.5714285714285783,-0.8190476190476081,0.3546151132052963,0.13333333333334085,0.031787523069474216,0.10154581026386664,0.5714285714285783,-0.8190476190476081,0.4830662950688431,-0.2571428571428669,0.3622596509524208,-0.6194025080952876,1.2380952380952381,-1.0571428571428454,1.3881497000115894,-0.5904761904761968,-0.11052332840857614,-0.47995286206762067,1.2380952380952381,-1.5999999999999903,1.8894771385661606,-2.857142857142858,-0.13831266429854258,-2.7188301928443157,1.2380952380952381,-3.3333333333333326,2.7510983122684283
NARC1HR,WAAREEENER,2026-08-07 10:15:00,2026-08-07 11:15:00,Industrials,Largecap,2714.7,1.1099109836492982,-0.0368364828526202,0.03583926313174066,-0.07267574598436086,0.30574280767672324,-0.20996795225991516,0.255018870931271,-0.1657641728367798,-0.053182423962946083,-0.11258174887383371,0.30574280767672324,-0.2910082145356596,0.28375832104501364,-0.3536302353851273,-0.03570773015462585,-0.3179225052305014,0.30574280767672324,-0.46782333222823436,0.3546151132052963,-0.6041183187829091,0.031787523069474216,-0.6359058418523833,0.30574280767672324,-0.7993516779017829,0.4830662950688431,-0.05157107599365052,0.3622596509524208,-0.4138307269460713,0.559914539359796,-0.7993516779017829,1.3881497000115894,-0.5451799462187212,-0.11052332840857614,-0.4346566178101451,0.559914539359796,-1.0940435407227223,1.8894771385661606,-1.6318561903709283,-0.13831266429854258,-1.4935435260723857,0.559914539359796,-2.3501676059969667,2.7510983122684283
NARC1HR,MOTHERSON,2026-08-07 11:15:00,2026-08-07 12:15:00,Auto,Largecap,167.88,0.1013654522687979,0.4229211341434391,0.07856110930828328,0.3443600248351558,0.5956635692160983,-0.01786990707648428,0.26161535628824434,0.40505122706695484,0.07367098751688975,0.3313802395500651,0.5956635692160983,-0.01786990707648428,0.3245908669705125,0.011913271384322854,0.13079363016791795,-0.1188803587835951,0.5956635692160983,-0.2203955206099617,0.41887700383065185,0.7922325470574254,0.0798861781173803,0.7123463689400451,0.9054086252084925,-0.2203955206099617,0.5675405566026531,0.9054086252084925,0.3821899504793957,0.5232186747290968,2.4541339051703526,-0.2203955206099617,1.4926472195212799,0.4586609482964077,0.06765640905446348,0.3910045392419442,2.4541339051703526,-0.42887776983560055,1.9985454602401211,-0.2799618775315649,-0.04055701334264076,-0.23940486418892412,2.4541339051703526,-0.6969263759828426,2.833223020520016
NARC1HR,GRASIM,2026-08-07 12:15:00,2026-08-07 13:15:00,Textiles,Largecap,3272.6,1.6335403726708053,0.6080792030801252,-0.015990317481186653,0.6240695205613118,0.7150278066369253,-0.04889079019739784,0.22362545676474677,0.5897451567560941,-0.028527701698545935,0.61827285845464,0.7364175273482765,-0.04889079019739784,0.289492539537994,0.47057385564994725,-0.005220322389203284,0.47579417803915053,0.8708672003911344,-0.04889079019739784,0.35859635691190744,2.145083419910776,0.13329444421954595,2.01178897569123,2.609545926786039,-0.04889079019739784,0.9496964690667798,4.115993399743334,0.3779843037571995,3.7380090959861345,4.232109026462139,-0.04889079019739784,1.4316356290818522,1.83340463240238,0.04369767156773237,1.7897069608346476,4.232109026462139,-0.04889079019739784,1.9285479566475892,-0.8158650614190521,-0.054923785791229446,-0.7609412756278227,4.232109026462139,-2.1878628613334894,2.737223358548267
NARC1HR,TATAELXSI,2026-08-07 12:15:00,2026-08-07 13:15:00,I.T,Largecap,3815.4,0.6701846965699199,-0.0602820149918748,-0.015990317481186653,-0.04429169751068815,0.24374901714105945,-0.269958588876662,0.22362545676474677,-0.4036274047282129,-0.028527701698545935,-0.37509970302966694,0.24374901714105945,-0.46128846254651634,0.289492539537994,-0.767940451853022,-0.005220322389203284,-0.7627201294638186,0.24374901714105945,-0.9278188394401643,0.35859635691190744,-0.48487707710855865,0.13329444421954595,-0.6181715213281046,0.24374901714105945,-0.9278188394401643,0.9496964690667798,0.1808460449756355,0.3779843037571995,-0.197138258781564,1.090318184200867,-1.0195523405147622,1.4316356290818522,-0.5320543062326433,0.04369767156773237,-0.5757519778003757,1.090318184200867,-1.0562457409445947,1.9285479566475892,-1.111285841589349,-0.054923785791229446,-1.0563620557981195,1.090318184200867,-3.417728154321964,2.737223358548267
NARC1HR,DELHIVERY,2026-08-07 12:15:00,2026-08-07 13:15:00,Transportation,Largecap,479.6,0.8834665544804388,-0.7714762301918365,-0.015990317481186653,-0.7554859127106499,0.06255212677230837,-0.969557964970813,0.22362545676474677,-0.9174311926605561,-0.028527701698545935,-0.8889034909620102,0.06255212677230837,-1.1050875729774812,0.289492539537994,-1.334445371142623,-0.005220322389203284,-1.3292250487534196,0.06255212677230837,-2.2935779816513735,0.35859635691190744,-1.595079232693919,0.13329444421954595,-1.7283736769134648,0.06255212677230837,-5.650542118432034,0.9496964690667798,-0.03127606338616529,0.3779843037571995,-0.4092603671433648,0.7819015846538768,-5.650542118432034,1.4316356290818522,-1.1050875729774812,0.04369767156773237,-1.1487852445452136,1.4908256880733939,-5.650542118432034,1.9285479566475892,-3.5967472894078423,-0.054923785791229446,-3.541823503616613,1.4908256880733939,-5.650542118432034,2.737223358548267
NARC1HR,SBIN,2026-08-07 13:15:00,2026-08-07 14:15:00,Bank,Largecap,1111.5,2.432955487973465,0.3328834907782241,0.12246097023638366,0.21042252054184044,0.926675663517762,-0.13495276653171517,0.3165674663685072,-1.1965811965811923,0.1638705993869401,-1.3604517959681324,0.926675663517762,-1.736392262708053,0.44209184183091205,-2.2941970310391357,0.24158119206380754,-2.5357782231029433,0.926675663517762,-2.4561403508771895,1.0155375192928318,-2.0962663067926157,0.3854921233914794,-2.481758430184095,0.926675663517762,-2.9689608636977005,1.1843343160524258,-3.355825461088613,0.2913386699756742,-3.647164131064287,0.926675663517762,-3.373819163292846,1.5544302227891167,-4.048582995951422,0.13246025256359498,-4.181043248515017,0.926675663517762,-4.5973909131803765,2.052057409917896,-4.759334233018453,-0.281326308106746,-4.478007924911707,0.926675663517762,-5.083220872694561,2.880521133057597
NARC1HR,BHARATFORG,2026-08-07 13:15:00,2026-08-07 14:15:00,Industrials,Largecap,2264.0,0.8014247551202169,-0.20318021201413128,0.12246097023638366,-0.32564118225051497,0.2385159010600768,-0.4196113074204977,0.3165674663685072,-0.026501766784448044,0.1638705993869401,-0.19037236617138814,0.2385159010600768,-0.4196113074204977,0.44209184183091205,0.5653710247349952,0.24158119206380754,0.32378983267118766,1.0865724381625474,-0.4196113074204977,1.0155375192928318,-0.15459363957597283,0.3854921233914794,-0.5400857629674523,1.0865724381625474,-0.5300353356890497,1.1843343160524258,-7.729681978798586,0.2913386699756742,-8.021020648774261,1.369257950530045,-8.511484098939926,1.5544302227891167,-9.695229681978802,0.13246025256359498,-9.827689934542397,1.369257950530045,-10.424028268551233,2.052057409917896,-7.901943462897531,-0.281326308106746,-7.620617154790785,1.369257950530045,-10.424028268551233,2.880521133057597
NARC1HR,GRASIM,2026-08-07 14:15:00,2026-08-10 09:15:00,Textiles,Largecap,3324.0,1.0641532380662788,0.9356197352587303,-0.25402730156499637,1.1896470368237266,1.0228640192539107,-1.0168471720818362,0.6550339513945079,1.3357400722021628,-0.13620960545513772,1.4719496776573004,1.6546329723225117,-1.0168471720818362,0.7140211129890015,1.1642599277978283,0.094612728534956,1.0696471992628722,1.6546329723225117,-1.0168471720818362,0.8081738599516625,1.504211793020449,0.22033152371946452,1.2838802693009845,1.708784596871249,-1.0168471720818362,0.9810810321011967,0.5746089049338154,-0.2201634415207276,0.7947723464545431,2.620336943441637,-1.0168471720818362,1.4692648243752768,1.2063778580023943,-0.37557401362515597,1.5819518716275502,2.620336943441637,-1.0168471720818362,1.9010477424598093,-2.3856799037304532,-0.7065612988612664,-1.6791186048691868,2.620336943441637,-3.700361010830322,2.549340270056059
NARC1HR,HINDALCO,2026-08-07 14:15:00,2026-08-10 09:15:00,Metals & Mining,Largecap,1065.0,2.794266685970759,-1.2394366197183149,-0.25402730156499637,-0.9854093181533186,0.3145539906103112,-1.8215962441314626,0.6550339513945079,-1.136150234741773,-0.13620960545513772,-0.9999406292866352,0.3145539906103112,-1.8215962441314626,0.7140211129890015,-1.140845070422547,0.094612728534956,-1.235457798957503,0.3145539906103112,-1.8215962441314626,0.8081738599516625,-1.5399061032863925,0.22033152371946452,-1.760237627005857,0.3145539906103112,-1.8215962441314626,0.9810810321011967,-0.5962441314553923,-0.2201634415207276,-0.37608068993466476,0.3145539906103112,-2.3051643192488203,1.4692648243752768,0.9107981220657368,-0.37557401362515597,1.2863721356908928,2.1549295774647925,-2.3051643192488203,1.9010477424598093,-2.5352112676056304,-0.7065612988612664,-1.828649968744364,2.1549295774647925,-4.098591549295771,2.549340270056059
NARC1HR,BANKINDIA,2026-08-07 14:15:00,2026-08-10 09:15:00,Bank,Largecap,145.0,1.221640488656206,-1.7172413793103525,-0.25402730156499637,-1.4632140777453562,0.23448275862070211,-2.020689655172414,0.6550339513945079,-1.8275862068965587,-0.13620960545513772,-1.691376601441421,0.23448275862070211,-2.020689655172414,0.7140211129890015,-1.5379310344827535,0.094612728534956,-1.6325437630177095,0.23448275862070211,-2.027586206896548,0.8081738599516625,-1.8689655172413833,0.22033152371946452,-2.089297040960848,0.23448275862070211,-2.027586206896548,0.9810810321011967,-3.6551724137931063,-0.2201634415207276,-3.435008972272379,0.23448275862070211,-3.7931034482758585,1.4692648243752768,-0.26896551724137074,-0.37557401362515597,0.10660849638378522,0.7724137931034436,-3.8827586206896525,1.9010477424598093,-2.200000000000002,-0.7065612988612664,-1.4934387011387356,0.8620689655172376,-3.8827586206896525,2.549340270056059
NARC1HR,FORTIS,2026-08-07 14:15:00,2026-08-10 09:15:00,Healthcare,Largecap,965.05,1.8576178162435841,-0.6890834671778645,-0.25402730156499637,-0.43505616561286814,1.4144344852598412,-0.8600590642971806,0.6550339513945079,-0.7305320967825435,-0.13620960545513772,-0.5943224913274058,1.4144344852598412,-0.8600590642971806,0.7140211129890015,0.08289725920938018,0.094612728534956,-0.011715469325575822,1.4144344852598412,-0.9015076939018596,0.8081738599516625,-1.0413968188176748,0.22033152371946452,-1.2617283425371393,1.4144344852598412,-1.341899383451628,0.9810810321011967,-3.5645821460027927,-0.2201634415207276,-3.3444187044820652,1.4144344852598412,-3.7096523496191858,1.4692648243752768,-6.818299569970465,-0.37557401362515597,-6.442725556345309,1.4144344852598412,-6.885653593078067,1.9010477424598093,-5.274338117195998,-0.7065612988612664,-4.567776818334732,1.4144344852598412,-8.906274286306404,2.549340270056059
NARC1HR,LTM,2026-08-07 14:15:00,2026-08-10 09:15:00,I.T,Largecap,4688.0,1.023596595194487,0.7039249146757687,-0.25402730156499637,0.957952216240765,0.9918941979522256,-0.11732081911263181,0.6550339513945079,1.7491467576791875,-0.13620960545513772,1.885356363134325,1.898464163822533,-0.11732081911263181,0.7140211129890015,1.94325938566553,0.094612728534956,1.848646657130574,2.3314846416382373,-0.11732081911263181,0.8081738599516625,2.1373720136518726,0.22033152371946452,1.917040489932408,2.3314846416382373,-0.11732081911263181,0.9810810321011967,2.497866894197953,-0.2201634415207276,2.7180303357186806,2.9436860068259296,-0.11732081911263181,1.4692648243752768,2.02218430034129,-0.37557401362515597,2.397758313966446,3.455631399317416,-0.11732081911263181,1.9010477424598093,-1.0772184300341325,-0.7065612988612664,-0.37065713117286614,3.455631399317416,-1.8344709897610945,2.549340270056059
NARC1HR,WAAREEENER,2026-08-07 14:15:00,2026-08-10 09:15:00,Industrials,Largecap,2723.0,0.7511007511007639,-1.0319500550862948,-0.25402730156499637,-0.7779227535212985,0.0,-1.0833639368343695,0.6550339513945079,-0.6243114212265866,-0.13620960545513772,-0.48810181577144884,0.0,-1.1017260374586835,0.7140211129890015,-0.5288284979801716,0.094612728534956,-0.6234412265151277,0.0,-1.1017260374586835,0.8081738599516625,-0.34887991186192124,0.22033152371946452,-0.5692114355813858,0.0,-1.1017260374586835,0.9810810321011967,-1.285347043701801,-0.2201634415207276,-1.0651836021810734,0.07344840249725593,-1.3955196474476628,1.4692648243752768,-1.663606316562627,-0.37557401362515597,-1.288032302937471,0.07344840249725593,-1.7407271391847279,1.9010477424598093,-1.8362100624311428,-0.7065612988612664,-1.1296487635698764,0.07344840249725593,-2.647814910025703,2.549340270056059
NARC1HR,TITAN,2026-08-10 09:15:00,2026-08-10 10:15:00,Consumer Discretionary,Largecap,5066.9,2.735198702351971,0.6749689159051941,0.25189958495231496,0.4230693309528792,0.7697013953304799,-0.15591387238744758,0.45217044846354576,0.8091732617576897,0.24652349146373997,0.5626497702939497,1.0913971067121997,-0.15591387238744758,0.5314746295776444,-0.17170261895833594,0.3379980817069958,-0.5097007006653318,1.0913971067121997,-0.23091041859913952,0.7089130262739469,0.11052122599617409,0.3052390516221408,-0.19471782562596673,1.0913971067121997,-0.33353727130986943,0.8378718319223506,1.3637529850599073,0.06001461349153737,1.30373837156837,1.995302847895175,-0.33353727130986943,1.4279303250197983,-0.02170952653495206,-0.23080720499208696,0.2090976784571349,1.995302847895175,-0.33353727130986943,1.8694933989317857,0.4203753774497221,-0.5344018570129785,0.9547772344627006,1.995302847895175,-1.4782213976987868,2.5519595568336646
NARC1HR,HEROMOTOCO,2026-08-10 09:15:00,2026-08-10 10:15:00,Auto,Largecap,5896.5,2.2810060711188296,-0.16111252437887025,0.25189958495231496,-0.4130121093311852,0.0847960654625668,-0.5342152124141464,0.45217044846354576,0.00847960654626334,0.24652349146373997,-0.23804388491747663,0.0847960654625668,-0.5342152124141464,0.5314746295776444,-0.3646230814890239,0.3379980817069958,-0.7026211631960197,0.0847960654625668,-0.5342152124141464,0.7089130262739469,-0.8988382939031592,0.3052390516221408,-1.2040773455253,0.0847960654625668,-0.924277113541927,0.8378718319223506,0.3900619011277806,0.06001461349153737,0.33004728763624325,0.6868481302467533,-1.263461375392183,1.4279303250197983,0.11023488510133461,-0.23080720499208696,0.34104209009342157,0.6868481302467533,-1.5772068176036602,1.8694933989317857,-2.0859832103790388,-0.5344018570129785,-1.5515813533660603,0.6868481302467533,-2.654116848978205,2.5519595568336646
NARC1HR,VEDL,2026-08-10 09:15:00,2026-08-10 10:15:00,Metals & Mining,Largecap,285.05,1.8035714285714377,-0.2981932994211567,0.25189958495231496,-0.5500928843734716,0.26311173478337224,-0.5788458165234323,0.45217044846354576,-0.31573408174006,0.24652349146373997,-0.5622575732038,0.26311173478337224,-0.6314681634800978,0.5314746295776444,-0.08770391159446111,0.3379980817069958,-0.4257019933014569,0.26311173478337224,-0.6314681634800978,0.7089130262739469,-0.08770391159446111,0.3052390516221408,-0.39294296321660194,0.26311173478337224,-0.6314681634800978,0.8378718319223506,-1.1927731976846268,0.06001461349153737,-1.2527878111761641,0.4736011226100567,-1.3155586739168612,1.4279303250197983,-3.595860375372739,-0.23080720499208696,-3.3650531703806523,0.4736011226100567,-3.753727416242758,1.8694933989317857,-5.279775477986326,-0.5344018570129785,-4.745373620973347,0.4736011226100567,-6.490089457989823,2.5519595568336646
NARC1HR,GRASIM,2026-08-10 09:15:00,2026-08-10 10:15:00,Textiles,Largecap,3360.2,1.089049338146797,0.35414558657222983,0.25189958495231496,0.10224600161991487,0.44044997321588397,-0.30355335991905097,0.45217044846354576,-0.005952026665079213,0.24652349146373997,-0.2524755181288192,0.550562466519855,-0.30355335991905097,0.5314746295776444,0.410689839890499,0.3379980817069958,0.07269175818350321,0.6130587465031923,-0.30355335991905097,0.7089130262739469,0.8928039997619264,0.3052390516221408,0.5875649481397855,0.9880364264031938,-0.30355335991905097,0.8378718319223506,-0.43449794655079366,0.06001461349153737,-0.494512560042331,1.514790786262732,-0.6309148264984188,1.4279303250197983,0.3898577465627051,-0.23080720499208696,0.6206649515547921,1.514790786262732,-1.7350157728706517,1.8694933989317857,-3.398607225760364,-0.5344018570129785,-2.8642053687473856,1.514790786262732,-4.737813225403242,2.5519595568336646
NARC1HR,HINDALCO,2026-08-10 09:15:00,2026-08-10 10:15:00,Metals & Mining,Largecap,1055.95,-0.849765258215962,-0.3267200151522376,0.25189958495231496,-0.5786196001045525,0.05208579951700987,-0.5161229224868613,0.45217044846354576,-0.643969884937734,0.24652349146373997,-0.890493376401474,0.05208579951700987,-0.9422794639897814,0.5314746295776444,-0.6960556844547661,0.3379980817069958,-1.034053766161762,0.05208579951700987,-0.9422794639897814,0.7089130262739469,-0.8807235191060192,0.3052390516221408,-1.18596257072816,0.05208579951700987,-1.4678725318433616,0.8378718319223506,0.38827596003598863,0.06001461349153737,0.32826134654445127,1.2121786069416052,-1.4678725318433616,1.4279303250197983,1.983995454330234,-0.23080720499208696,2.214802659322321,3.0304465173540462,-1.4678725318433616,1.8694933989317857,-1.2216487523083575,-0.5344018570129785,-0.687246895295379,3.0304465173540462,-3.2766702968890615,2.5519595568336646
NARC1HR,FORTIS,2026-08-10 09:15:00,2026-08-10 10:15:00,Healthcare,Largecap,961.0,-0.4196673747474122,0.2861602497398641,0.25189958495231496,0.03426066478754913,0.6659729448491136,-0.015608740894901274,0.45217044846354576,0.062434963579605096,0.24652349146373997,-0.18408852788413488,0.6659729448491136,-0.06763787721123515,0.5314746295776444,-0.624349635796051,0.3379980817069958,-0.9623477175030468,0.6659729448491136,-0.9261186264307941,0.7089130262739469,-0.8792924037461014,0.3052390516221408,-1.1845314553682422,0.6659729448491136,-0.9261186264307941,0.8378718319223506,-2.575442247658688,0.06001461349153737,-2.6354568611502254,0.6659729448491136,-3.891779396462014,1.4279303250197983,-7.169614984391259,-0.23080720499208696,-6.9388077793991725,0.6659729448491136,-8.199791883454733,1.8694933989317857,-5.296566077003117,-0.5344018570129785,-4.762164219990138,0.6659729448491136,-8.522372528616017,2.5519595568336646
NARC1HR,LTM,2026-08-10 09:15:00,2026-08-10 10:15:00,I.T,Largecap,4770.0,1.7491467576791875,0.2788259958071304,0.25189958495231496,0.026926410854815452,0.5723270440251671,0.0,0.45217044846354576,0.3417190775681478,0.24652349146373997,0.09519558610440781,0.5723270440251671,0.0,0.5314746295776444,0.38155136268342993,0.3379980817069958,0.04355328097643413,0.5723270440251671,0.0,0.7089130262739469,0.20545073375262124,0.3052390516221408,-0.09978831786951958,0.5723270440251671,0.0,0.8378718319223506,-0.27463312368973813,0.06001461349153737,-0.3346477371812755,1.1740041928721245,-0.39832285115304344,1.4279303250197983,-1.1509433962264115,-0.23080720499208696,-0.9201361912343246,1.6771488469601747,-1.1614255765199033,1.8694933989317857,-2.515723270440251,-0.5344018570129785,-1.9813214134272725,1.6771488469601747,-3.5220125786163514,2.5519595568336646
NARC1HR,POWERINDIA,2026-08-10 09:15:00,2026-08-10 10:15:00,Industrials,Largecap,35475.0,1.3571428571428568,0.634249471458781,0.25189958495231496,0.382349886506466,0.9020436927413611,-0.028188865398171004,0.45217044846354576,0.6906272022551008,0.24652349146373997,0.4441037107913608,0.9020436927413611,-0.028188865398171004,0.5314746295776444,0.9725158562367886,0.3379980817069958,0.6345177745297927,1.1416490486257924,-0.028188865398171004,0.7089130262739469,1.5785764622973986,0.3052390516221408,1.2733374106752577,1.6913319238900604,-0.028188865398171004,0.8378718319223506,-0.46511627906976605,0.06001461349153737,-0.5251308925613034,3.1430584918957116,-1.2825933756166363,1.4279303250197983,0.5637773079633535,-0.23080720499208696,0.7945845129554404,3.1430584918957116,-2.1000704721634955,1.8694933989317857,0.5637773079633535,-0.5344018570129785,1.098179164976332,3.1430584918957116,-2.1000704721634955,2.5519595568336646
NARC1HR,PAYTM,2026-08-10 09:15:00,2026-08-10 10:15:00,I.T,Largecap,1495.4,3.487889273356415,1.0766350140430703,0.25189958495231496,0.8247354290907554,1.2103784940484141,-0.08693326200348572,0.45217044846354576,1.4979269760599045,0.24652349146373997,1.2514034845961646,1.4979269760599045,-0.08693326200348572,0.5314746295776444,4.38678614417547,0.3379980817069958,4.048788062468474,4.4536578841781305,-0.08693326200348572,0.7089130262739469,4.4202220141768,0.3052390516221408,4.1149829625546595,4.921760064196867,-0.08693326200348572,0.8378718319223506,9.034372074361375,0.06001461349153737,8.974357460869838,9.18817707636752,-0.08693326200348572,1.4279303250197983,7.135214658285394,-0.23080720499208696,7.3660218632774805,9.662966430386511,-0.08693326200348572,1.8694933989317857,7.128527484285141,-0.5344018570129785,7.66292934129812,10.846596228433846,-0.08693326200348572,2.5519595568336646
NARC1HR,TITAN,2026-08-10 10:15:00,2026-08-10 11:15:00,Consumer Discretionary,Largecap,5081.0,0.2782766583117935,-0.5983074197992488,-0.07790034985551517,-0.5204070699437336,0.04329856327494053,-0.6101161188742377,0.21967414114847644,-0.4172407006494794,-0.14057489187022865,-0.27666580877925073,0.04329856327494053,-0.6101161188742377,0.2579450955149753,-0.16728990356229545,-0.08358806032078506,-0.08370184324151039,0.1731942530997843,-0.6101161188742377,0.32712544519783904,-0.06888407793741447,-0.1236025676637759,0.05471848972636144,0.2558551466246728,-0.6101161188742377,0.4248864138732218,1.0785278488486538,-0.5457512525208223,1.6242791013694762,1.712261365872858,-0.6101161188742377,0.9905115525335347,-0.7400118086990815,-0.8291797016572897,0.08916789295820826,1.712261365872858,-1.0037394213737505,1.4304971345618438,0.48809289509939013,-0.6534279138209205,1.1415208089203106,1.712261365872858,-1.751623696122806,2.1510000586969023
NARC1HR,GRASIM,2026-08-10 10:15:00,2026-08-10 11:15:00,Textiles,Largecap,3376.0,0.47021010654129114,-0.02962085308056972,-0.07790034985551517,0.048279496774945446,0.10071090047394371,-0.1866113744075859,0.21967414114847644,0.2725118483412281,-0.14057489187022865,0.41308674021145675,0.2725118483412281,-0.1866113744075859,0.2579450955149753,0.4206161137440656,-0.08358806032078506,0.5042041740648506,0.5154028436018976,-0.1866113744075859,0.32712544519783904,0.7701421800947905,-0.1236025676637759,0.8937447477585664,0.9567535545023764,-0.1866113744075859,0.4248864138732218,-0.7375592417061649,-0.5457512525208223,-0.1918079891853426,1.0396919431279628,-1.1848341232227444,0.9905115525335347,-0.6486966824644558,-0.8291797016572897,0.18048301919283394,1.0396919431279628,-2.1949052132701374,1.4304971345618438,-3.7351895734597185,-0.6534279138209205,-3.081761659638798,1.0396919431279628,-5.183649289099524,2.1510000586969023
NARC1HR,NAUKRI,2026-08-10 10:15:00,2026-08-10 11:15:00,I.T,Largecap,1266.4,0.3884264764169698,0.6869867340492553,-0.07790034985551517,0.7648870839047704,0.9791535060012624,-0.11054958938724324,0.21967414114847644,0.6790903348073307,-0.14057489187022865,0.8196652266775594,0.9791535060012624,-0.11054958938724324,0.2579450955149753,1.4608338597599468,-0.08358806032078506,1.5444219200807319,1.4608338597599468,-0.11054958938724324,0.32712544519783904,0.7896399241945629,-0.1236025676637759,0.9132424918583387,1.7056222362602513,-1.1212886923562926,0.4248864138732218,7.7068856601389735,-0.5457512525208223,8.252636912659796,8.567593177511057,-1.1212886923562926,0.9905115525335347,6.380290587492099,-0.8291797016572897,7.2094702891493885,9.838913455464304,-1.1212886923562926,1.4304971345618438,7.698989260897027,-0.6534279138209205,8.352417174717948,9.838913455464304,-1.1212886923562926,2.1510000586969023
NARC1HR,POWERINDIA,2026-08-10 10:15:00,2026-08-10 11:15:00,Industrials,Largecap,35820.0,0.9725158562367886,0.2233389168062594,-0.07790034985551517,0.3012392666617746,0.41876046901172526,-0.05583472920156485,0.21967414114847644,0.15354550530430888,-0.14057489187022865,0.29412039717453753,0.48855388051367576,-0.05583472920156485,0.2579450955149753,0.6002233389168055,-0.08358806032078506,0.6838113992375905,0.7118927973199352,-0.05583472920156485,0.32712544519783904,1.24232272473479,-0.1236025676637759,1.365925292398566,1.284198771635947,-0.05583472920156485,0.4248864138732218,-2.2892238972641032,-0.5457512525208223,-1.743472644743281,2.149637074260191,-2.386934673366836,0.9905115525335347,-1.340033500837523,-0.8291797016572897,-0.5108537991802333,2.149637074260191,-3.0429927414852065,1.4304971345618438,-0.8235622557230649,-0.6534279138209205,-0.17013434190214438,2.149637074260191,-3.0429927414852065,2.1510000586969023
NARC1HR,PAYTM,2026-08-10 10:15:00,2026-08-10 11:15:00,I.T,Largecap,1540.4,3.009228300120359,1.207478576992993,-0.07790034985551517,1.285378926848508,1.6554141781355503,0.0,0.21967414114847644,1.2529213191378785,-0.14057489187022865,1.3934962110081073,1.6554141781355503,0.0,0.2579450955149753,1.3697740846533302,-0.08358806032078506,1.4533621449741152,1.856660607634364,0.0,0.32712544519783904,2.1228252401973347,-0.1236025676637759,2.2464278078611106,2.6097117631783906,0.0,0.4248864138732218,4.622176058166705,-0.5457512525208223,5.167927310687527,6.459361204881842,0.0,0.9905115525335347,3.9340431056868352,-0.8291797016572897,4.763222807344125,6.459361204881842,0.0,1.4304971345618438,4.27161776162035,-0.6534279138209205,4.92504567544127,7.608413399117109,0.0,2.1510000586969023
NARC1HR,GRASIM,2026-08-10 11:15:00,2026-08-10 12:15:00,Textiles,Largecap,3387.8,0.3495260663507249,0.053131825963737,-0.10198138548733114,0.15511321145106816,0.15349194167306734,-0.12397426058209371,0.19442407691956806,0.3896333904008342,-0.11013722137389849,0.4997706117747327,0.41915107149181896,-0.12397426058209371,0.22938288018464828,0.41915107149181896,-0.06896483502482535,0.4881159065166443,0.6051124623649651,-0.12397426058209371,0.2910100992926143,-0.3424051006553075,-0.14939157894503738,-0.19301352171027011,0.6877619694196646,-0.6169195348013523,0.41032576332555587,-1.2485979101481859,-0.3551878440873613,-0.8934100660608246,0.6877619694196646,-1.5290158805124299,1.0083805589538875,-0.8117362300017694,-0.7281873368151205,-0.08354889318664893,0.6877619694196646,-2.5355688057146275,1.428219765616098,-3.899285672117614,-0.40580242228255564,-3.4934832498350583,0.6877619694196646,-5.513902827793848,2.1869680911802982
NARC1HR,NAUKRI,2026-08-10 11:15:00,2026-08-10 12:15:00,I.T,Largecap,1279.9,1.0660138976626765,0.078131103992507,-0.10198138548733114,0.18011248947983816,0.6328619423392468,-0.38284240956325544,0.19442407691956806,-0.10157043519026798,-0.11013722137389849,0.008566786183630506,0.6328619423392468,-0.38284240956325544,0.22938288018464828,-0.2734588639737523,-0.06896483502482535,-0.20449402894892693,0.6328619423392468,-2.164231580592235,0.2910100992926143,-0.21095398077974892,-0.14939157894503738,-0.06156240183471154,1.4532385342604925,-2.164231580592235,0.41032576332555587,8.289710133604178,-0.3551878440873613,8.644897977691539,8.422533010391442,-2.164231580592235,1.0083805589538875,5.062895538713952,-0.7281873368151205,5.791082875529073,8.680365653566668,-2.164231580592235,1.428219765616098,6.750527384951943,-0.40580242228255564,7.156329807234499,8.680365653566668,-2.164231580592235,2.1869680911802982
NARC1HR,MCX,2026-08-10 11:15:00,2026-08-10 12:15:00,Financials,Largecap,2724.7,1.5163934426229542,1.1671009652438835,-0.10198138548733114,1.2690823507312146,1.5157632032884338,-0.17249605461151507,0.19442407691956806,1.912137116012791,-0.11013722137389849,2.0222743373866896,2.066282526516683,-0.17249605461151507,0.22938288018464828,1.8827760854406073,-0.06896483502482535,1.9517409204654326,2.3598928322384083,-0.17249605461151507,0.2910100992926143,1.5451242338606175,-0.14939157894503738,1.6945158128056548,2.3598928322384083,-0.17249605461151507,0.41032576332555587,4.6206921862957495,-0.3551878440873613,4.975880030383111,4.9620141666972595,-0.17249605461151507,1.0083805589538875,8.69086504936325,-0.7281873368151205,9.41905238617837,8.8193195581165,-0.17249605461151507,1.428219765616098,8.878041619260845,-0.40580242228255564,9.2838440415434,10.97368517634969,-0.17249605461151507,2.1869680911802982
NARC1HR,BSE,2026-08-10 11:15:00,2026-08-10 12:15:00,Financials,Largecap,3572.1,1.2528699793078024,0.6774726351445937,-0.10198138548733114,0.7794540206319248,0.7810531620055405,-0.0279947369894451,0.19442407691956806,0.7642563198118735,-0.11013722137389849,0.874393541185772,0.9490215839422111,-0.0279947369894451,0.22938288018464828,0.7530584250160954,-0.06896483502482535,0.8220232600409207,1.0274068475126796,-0.0279947369894451,0.2910100992926143,0.7250636880266503,-0.14939157894503738,0.8744552669716877,1.2009742168472393,-0.0279947369894451,0.41032576332555587,0.7530584250160954,-0.3551878440873613,1.1082462691034567,1.5649057977100256,-1.0498026371042246,1.0083805589538875,-1.5873015873015817,-0.7281873368151205,-0.8591142504864612,1.5649057977100256,-1.8308557991097651,1.428219765616098,-6.357604770303182,-0.40580242228255564,-5.951802348020626,1.5649057977100256,-8.09607793734778,2.1869680911802982
NARC1HR,PAYTM,2026-08-10 11:15:00,2026-08-10 12:15:00,I.T,Largecap,1560.9,1.3308231628148537,0.12172464603752431,-0.10198138548733114,0.22370603152485546,0.5189313857389966,-0.29470177461721203,0.19442407691956806,0.8712922032160897,-0.11013722137389849,0.9814294245899882,0.9545774873470414,-0.29470177461721203,0.22938288018464828,0.7816003587673759,-0.06896483502482535,0.8505651937922012,1.2620923825997776,-0.29470177461721203,0.2910100992926143,1.3005317445063724,-0.14939157894503738,1.4499233234514097,2.1654173874047,-0.29470177461721203,0.41032576332555587,3.190467038247169,-0.3551878440873613,3.54565488233453,5.061182651034657,-0.29470177461721203,1.0083805589538875,2.6266897302838155,-0.7281873368151205,3.354877067098936,5.061182651034657,-0.29470177461721203,1.428219765616098,1.9860336985072724,-0.40580242228255564,2.391836120789828,6.195143827279126,-0.29470177461721203,2.1869680911802982
NARC1HR,DALBHARAT,2026-08-10 12:15:00,2026-08-10 13:15:00,Building Materials,Largecap,1850.3,0.6199358312034331,-0.39453061665675193,0.08819238919612596,-0.48272300585287786,0.08106793492947961,-0.6161163054639762,0.2553246939994315,-0.4269577906285349,0.04484290463363122,-0.4718006952621661,0.08106793492947961,-0.6161163054639762,0.2966610865174444,-0.6755661244122524,-0.03912039075543025,-0.6364457336568221,0.08106793492947961,-0.7458250013511303,0.36254905266305126,-1.3889639517915997,-0.26763295809859605,-1.1213309936930036,0.08106793492947961,-1.5889315246176205,0.7852530107413855,-1.1349510890125925,-0.19088082563129652,-0.944070263381296,0.08106793492947961,-1.7943036264389534,1.0667043905645068,-1.7348538074906772,-0.6263340902549754,-1.1085197172357018,0.08106793492947961,-1.907798735340216,1.4990432371668747,0.08647246392476937,-0.3078807389548787,0.3943532028796481,0.3404853267037655,-2.069934605199153,2.2670451295269154
NARC1HR,MCX,2026-08-10 12:15:00,2026-08-10 13:15:00,Financials,Largecap,2779.7,2.0185708518368983,-0.44249379429434077,0.08819238919612596,-0.5306861834904667,0.3345684786127956,-0.4928589416123952,0.2553246939994315,-0.42450624168074436,0.04484290463363122,-0.4693491463143756,0.3345684786127956,-0.5468215994531733,0.2966610865174444,-0.4640788574306498,-0.03912039075543025,-0.4249584666752195,0.3345684786127956,-0.6727344677483149,0.36254905266305126,-0.8202323991797544,-0.26763295809859605,-0.5525994410811583,0.3345684786127956,-1.068460625247325,0.7852530107413855,2.863618376083754,-0.19088082563129652,3.0544992017150507,3.24135698096919,-1.3346764039284809,1.0667043905645068,6.3747886462568015,-0.6263340902549754,7.0011227365117765,6.989962945641626,-1.3346764039284809,1.4990432371668747,6.644601935460681,-0.3078807389548787,6.95248267441556,8.777925675432607,-1.3346764039284809,2.2670451295269154
NARC1HR,PAYTM,2026-08-10 12:15:00,2026-08-10 13:15:00,I.T,Largecap,1578.0,1.0955218143378742,0.48795944233206434,0.08819238919612596,0.3997670531359384,0.48795944233206434,-0.38022813688213253,0.2553246939994315,-0.012674271229407008,0.04484290463363122,-0.05751717586303823,0.48795944233206434,-0.38022813688213253,0.2966610865174444,0.20278833967046772,-0.03912039075543025,0.24190873042589797,1.0583016476552576,-0.38022813688213253,0.36254905266305126,1.1660329531052005,-0.26763295809859605,1.4336659112037966,1.7743979721166037,-0.38022813688213253,0.7852530107413855,2.237008871989854,-0.19088082563129652,2.4278896976211506,3.922686945500642,-0.38022813688213253,1.0667043905645068,1.7173637515842888,-0.6263340902549754,2.343697841839264,3.922686945500642,-0.38022813688213253,1.4990432371668747,0.8745247148288948,-0.3078807389548787,1.1824054537837736,5.044359949302901,-0.38022813688213253,2.2670451295269154
NARC1HR,PAYTM,2026-08-10 13:15:00,2026-08-10 14:15:00,I.T,Largecap,1580.2,0.13941698352344378,0.15820782179472026,-0.10420678260520659,0.26241460439992687,0.9176053664093242,-0.2404758891279557,0.16514670836406314,0.5948614099480887,-0.11936641134084627,0.7142278212889349,0.9176053664093242,-0.2404758891279557,0.20030715299399235,1.0251866852297287,-0.26393705650440996,1.2891237417341386,1.6327047209214074,-0.2594608277433297,0.6891781704466019,0.8859638020503713,-0.20990982562244156,1.095873627672813,1.6327047209214074,-0.2594608277433297,0.8025245341373559,1.3985571446652356,-0.3243313137824735,1.722888458447709,3.778002784457657,-0.2594608277433297,1.036770978809272,1.518795089229208,-0.3511766619176342,1.869971751146842,3.778002784457657,-0.2594608277433297,1.4665804372816889,,,,,,
NARC1HR,APLAPOLLO,2026-08-10 14:15:00,2026-08-11 09:15:00,Industrials,Largecap,2027.0,1.4362207876695177,-0.8880118401578652,-0.37133056770521955,-0.5166812724526456,0.0,-1.435619141588551,0.5588814186304205,-0.6906758756783371,-0.3299210938091081,-0.360754781869229,0.0,-1.435619141588551,0.5870454029466992,-0.44400592007893813,-0.25445207650954993,-0.1895538435693882,0.0,-1.435619141588551,0.6387953610989273,-0.8288110508140045,-0.4367202874125249,-0.39209076340147964,0.0,-1.435619141588551,0.7152191825464549,-0.9718796250616668,-0.3361706996632136,-0.6357089253984531,0.0,-1.7464232856438167,1.1934996373008055,-0.6857424765663533,-0.2869226624816923,-0.39881981408466105,0.0,-1.8549580661075482,1.6173605775378634,,,,,,
NARC1HR,VBL,2026-08-10 14:15:00,2026-08-11 09:15:00,FMCG,Largecap,445.5,0.10111223458038054,0.1907968574635266,-0.37133056770521955,0.5621274251687461,0.6734006734006703,0.0,0.5588814186304205,-0.06734006734007147,-0.3299210938091081,0.26258102646903664,0.6734006734006703,-0.33670033670033517,0.5870454029466992,0.11223344556678949,-0.25445207650954993,0.3666855220763394,0.6734006734006703,-0.33670033670033517,0.6387953610989273,-0.25813692480358696,-0.4367202874125249,0.17858336260893792,0.6734006734006703,-0.5050505050505083,0.7152191825464549,-1.9304152637485972,-0.3361706996632136,-1.5942445640853835,0.6734006734006703,-2.581369248035914,1.1934996373008055,-1.8181818181818188,-0.2869226624816923,-1.5312591557001265,0.6734006734006703,-2.581369248035914,1.6173605775378634,,,,,,
NARC1HR,DMART,2026-08-10 14:15:00,2026-08-11 09:15:00,Consumer Discretionary,Largecap,4054.0,1.1048208095368883,-0.8312777503699964,-0.37133056770521955,-0.45994718266477685,0.12333497779970504,-0.8682782437099079,0.5588814186304205,-0.7449432659102029,-0.3299210938091081,-0.41502217210109477,0.12333497779970504,-1.0705476073014308,0.5870454029466992,-0.9620128268376882,-0.25445207650954993,-0.7075607503281383,0.12333497779970504,-1.2530833744449965,0.6387953610989273,-0.7400098667982191,-0.4367202874125249,-0.30328957938569423,0.12333497779970504,-1.2530833744449965,0.7152191825464549,-0.45633941785890864,-0.3361706996632136,-0.12016871819569502,0.7646768623581712,-1.2530833744449965,1.1934996373008055,-0.4834731129748415,-0.2869226624816923,-0.19655045049314923,0.7646768623581712,-1.2530833744449965,1.6173605775378634,,,,,,
NARC1HR,PAYTM,2026-08-10 14:15:00,2026-08-11 09:15:00,I.T,Largecap,1593.5,0.8416656119478505,-0.050203953561345216,-0.37133056770521955,0.32112661414387433,0.7844367743959912,-1.091935989959214,0.5588814186304205,-0.19454032005019606,-0.3299210938091081,0.13538077375891205,0.7844367743959912,-1.091935989959214,0.5870454029466992,0.043928459366182615,-0.25445207650954993,0.29838053587573254,0.7844367743959912,-1.091935989959214,0.6387953610989273,1.7320363978663211,-0.4367202874125249,2.1687566852788462,2.9118293065578893,-1.091935989959214,0.7152191825464549,0.3200502039535591,-0.3361706996632136,0.6562209036167728,2.9118293065578893,-1.091935989959214,1.1934996373008055,1.0982114841543877,-0.2869226624816923,1.38513414663608,2.9118293065578893,-1.091935989959214,1.6173605775378634,,,,,,
NARC1HR,ONGC,2026-08-11 09:15:00,2026-08-11 10:15:00,Energy,Largecap,241.8,0.3319502074688785,-0.36393713813069883,0.1535900598223061,-0.517527197953005,0.11579818031430822,-0.43424317617866137,0.4247446356011542,-0.6617038875103454,0.16277418492731197,-0.8244780724376574,0.11579818031430822,-0.7030603804797475,0.49257814436857894,-0.4838709677419395,-0.07723708572739243,-0.4066338820145471,0.11579818031430822,-0.7030603804797475,0.5408958366952081,-0.43424317617866137,-0.005731059743532501,-0.4285121164351289,0.11579818031430822,-0.7030603804797475,0.6646814853758202,-1.1538461538461608,0.05286480260461069,-1.2067109564507716,0.11579818031430822,-1.236559139784954,1.3103907303799152,-1.236559139784954,0.052890648781036616,-1.2894497885659906,0.11579818031430822,-1.5260545905707135,1.781421328951529,,,,,,
NARC1HR,BOSCHLTD,2026-08-11 09:15:00,2026-08-11 10:15:00,Auto,Largecap,44980.0,1.98390205192156,0.3334815473543751,0.1535900598223061,0.17989148753206896,0.6558470431302865,-0.11116051578479169,0.4247446356011542,0.36682970208981036,0.16277418492731197,0.2040555171624984,0.6558470431302865,-0.11116051578479169,0.49257814436857894,0.2667852378835045,-0.07723708572739243,0.3440223236108969,0.8003557136505135,-0.11116051578479169,0.5408958366952081,1.2894619831036014,-0.005731059743532501,1.2951930428471339,1.7118719430858187,-0.11116051578479169,0.6646814853758202,3.6682970208981702,0.05286480260461069,3.6154322182935594,3.9017341040462394,-0.11116051578479169,1.3103907303799152,4.0907069808803875,0.052890648781036616,4.037816332099351,5.12449977767897,-0.11116051578479169,1.781421328951529,,,,,,
NARC1HR,EICHERMOT,2026-08-11 09:15:00,2026-08-11 10:15:00,Auto,Largecap,8075.5,1.5147705845380166,-0.13002290879822187,0.1535900598223061,-0.283612968620528,0.05572410377066017,-0.43960126307968084,0.4247446356011542,-0.012383134171256582,0.16277418492731197,-0.17515731909856855,0.05572410377066017,-0.43960126307968084,0.49257814436857894,-0.06810723794192786,-0.07723708572739243,0.009129847785464579,0.05572410377066017,-0.43960126307968084,0.5408958366952081,-0.5634326047922689,-0.005731059743532501,-0.5577015450487364,0.05572410377066017,-0.7306049161042605,0.6646814853758202,-1.1082905083276584,0.05286480260461069,-1.1611553109322692,0.05572410377066017,-1.6779146802055611,1.3103907303799152,-0.5943904402204159,0.052890648781036616,-0.6472810890014525,0.05572410377066017,-1.6779146802055611,1.781421328951529,,,,,,
NARC1HR,NATIONALUM,2026-08-11 09:15:00,2026-08-11 10:15:00,Metals & Mining,Largecap,390.75,0.9298721425804013,0.0,0.1535900598223061,-0.1535900598223061,0.7549584133077492,-0.15355086372361715,0.4247446356011542,0.14075495841330277,0.16277418492731197,-0.0220192265140092,0.7549584133077492,-0.16634676903389822,0.49257814436857894,-0.5374280230326378,-0.07723708572739243,-0.4601909373052454,0.7549584133077492,-0.55022392834293,0.5408958366952081,-1.0108765195137481,-0.005731059743532501,-1.0051454597702156,0.7549584133077492,-1.202815099168264,0.6646814853758202,7.165706973768393,0.05286480260461069,7.112842171163782,8.04862444017913,-1.599488163787588,1.3103907303799152,4.772872680742157,0.052890648781036616,4.719982031961121,8.04862444017913,-1.599488163787588,1.781421328951529,,,,,,
NARC1HR,NAUKRI,2026-08-11 09:15:00,2026-08-11 10:15:00,I.T,Largecap,1348.9,4.001542020046278,1.0527096152420423,0.1535900598223061,0.8991195554197362,1.2380458151086016,-0.07413447994661926,0.4247446356011542,1.082363407220699,0.16277418492731197,0.9195892222933869,1.5864778708577276,-0.07413447994661926,0.49257814436857894,1.4752761509377876,-0.07723708572739243,1.5525132366651802,1.7866409667136152,-0.07413447994661926,0.5408958366952081,1.9942175105641446,-0.005731059743532501,1.9999485703076771,2.2017940544146963,-0.07413447994661926,0.6646814853758202,0.4225665356957453,0.05286480260461069,0.36970173309113463,3.1210616057528284,-1.2083920231299672,1.3103907303799152,-0.7191044554822446,0.052890648781036616,-0.7719951042632812,3.1210616057528284,-1.430795462969836,1.781421328951529,,,,,,
NARC1HR,IDEA,2026-08-11 09:15:00,2026-08-11 10:15:00,Telecom-Service,Largecap,13.1,-0.3044140030441511,0.9160305343511421,0.1535900598223061,0.762440474528836,1.1450381679389388,-0.15267175572518665,0.4247446356011542,1.1450381679389388,0.16277418492731197,0.9822639830116268,1.3740458015267132,-0.15267175572518665,0.49257814436857894,0.6870229007633677,-0.07723708572739243,0.7642599864907601,1.3740458015267132,-0.15267175572518665,0.5408958366952081,-0.3053435114503733,-0.005731059743532501,-0.2996124517068408,1.450381679389312,-0.9160305343511421,0.6646814853758202,2.977099236641223,0.05286480260461069,2.924234434036612,4.503816793893134,-2.3664122137404653,1.3103907303799152,4.885496183206106,0.052890648781036616,4.83260553442507,5.954198473282446,-2.3664122137404653,1.781421328951529,,,,,,
NARC1HR,OIL,2026-08-11 09:15:00,2026-08-11 10:15:00,Energy,Largecap,479.45,3.2629765237992547,-1.3244342475753346,0.1535900598223061,-1.4780243073976407,0.03128584836793458,-1.480863489414952,0.4247446356011542,-1.501720721660238,0.16277418492731197,-1.6644949065875498,0.03128584836793458,-1.5434351861507878,0.49257814436857894,-0.7508603608301079,-0.07723708572739243,-0.6736232751027155,0.03128584836793458,-1.7311502763583286,0.5408958366952081,-1.5642924183960738,-0.005731059743532501,-1.5585613586525413,0.03128584836793458,-1.8562936698300114,0.6646814853758202,-2.044008760037541,0.05286480260461069,-2.096873562642152,0.03128584836793458,-2.3985817082073257,1.3103907303799152,-1.157576389613102,0.052890648781036616,-1.2104670383941385,0.03128584836793458,-2.6697257273959774,1.781421328951529,,,,,,
NARC1HR,MCX,2026-08-11 09:15:00,2026-08-11 10:15:00,Financials,Largecap,2800.0,0.7375427235114307,0.5857142857142783,0.1535900598223061,0.4321242258919722,1.6035714285714375,-0.02142857142857224,0.4247446356011542,0.550000000000006,0.16277418492731197,0.38722581507269405,1.6035714285714375,-0.02142857142857224,0.49257814436857894,0.0,-0.07723708572739243,0.07723708572739243,1.6035714285714375,-0.13214285714284735,0.5408958366952081,1.7964285714285877,-0.005731059743532501,1.8021596311721202,2.0892857142857046,-0.13214285714284735,0.6646814853758202,5.475000000000008,0.05286480260461069,5.422135197395397,5.892857142857144,-0.13214285714284735,1.3103907303799152,6.25,0.052890648781036616,6.1971093512189634,7.989285714285699,-0.13214285714284735,1.781421328951529,,,,,,
NARC1HR,LICI,2026-08-11 09:15:00,2026-08-11 10:15:00,Financials,Largecap,406.45,3.0552738336714125,0.49206544470414837,0.1535900598223061,0.33847538488184226,0.9841308894082967,-0.33214417517528627,0.4247446356011542,0.5535736252921586,0.16277418492731197,0.3907994403648466,0.9841308894082967,-0.33214417517528627,0.49257814436857894,0.0,-0.07723708572739243,0.07723708572739243,0.9841308894082967,-0.5043670808217549,0.5408958366952081,-0.2337310862344677,-0.005731059743532501,-0.2280000264909352,0.9841308894082967,-0.5043670808217549,0.6646814853758202,1.0579407061139134,0.05286480260461069,1.0050759035093026,1.365481609054009,-0.5781768975273605,1.3103907303799152,1.8083405092877314,0.052890648781036616,1.7554498605066948,2.472628859638326,-0.5781768975273605,1.781421328951529,,,,,,
NARC1HR,BOSCHLTD,2026-08-11 10:15:00,2026-08-11 11:15:00,Auto,Largecap,45140.0,0.35571365051134674,-0.32122286220647167,-0.07812140143071224,-0.24310146077575945,0.07753655294640005,-0.43198936641559715,0.19789664537366214,0.022153300841831758,-0.08386422625369185,0.1060175270955236,0.08861320336730483,-0.43198936641559715,0.24182682683057613,0.9304386353566674,-0.01995081732518502,0.9503894526818524,1.3513513513513598,-0.43198936641559715,0.37080120351015855,0.6978289765175116,0.06468348209888375,0.6331454944186279,1.3513513513513598,-0.43198936641559715,0.5000184717761864,3.2897651750110724,-0.30966293989237503,3.5994281149034473,3.533451484271155,-0.43198936641559715,1.1807889682414257,3.478068232166587,0.05483342975978842,3.4232348024067982,4.7518830305715465,-0.43198936641559715,1.6593997423693028,,,,,,
NARC1HR,ZYDUSLIFE,2026-08-11 10:15:00,2026-08-11 11:15:00,Healthcare,Largecap,1140.8,1.8844333303563277,0.3681626928471182,-0.07812140143071224,0.44628409427783045,0.5084151472650733,-0.42075736325385416,0.19789664537366214,0.9817671809256634,-0.08386422625369185,1.0656314071793553,1.13955119214586,-0.42075736325385416,0.24182682683057613,1.3236325385694414,-0.01995081732518502,1.3435833558946264,1.4989481065918797,-0.42075736325385416,0.37080120351015855,0.0,0.06468348209888375,-0.06468348209888375,2.27910238429172,-0.8327489481065875,0.5000184717761864,5.189340813464249,-0.30966293989237503,5.499003753356624,5.627629733520334,-1.80575035063113,1.1807889682414257,2.6034361851332344,0.05483342975978842,2.548602755373446,5.627629733520334,-1.80575035063113,1.6593997423693028,,,,,,
NARC1HR,NAUKRI,2026-08-11 10:15:00,2026-08-11 11:15:00,I.T,Largecap,1365.0,1.1935651271406167,-0.073260073260073,-0.07812140143071224,0.004861328170639237,0.7252747252747271,-0.7545787545787497,0.19789664537366214,-0.04395604395603936,-0.08386422625369185,0.039908182297652486,0.7252747252747271,-0.7545787545787497,0.24182682683057613,0.7912087912087973,-0.01995081732518502,0.8111596085339823,0.9963369963369884,-0.7545787545787497,0.37080120351015855,1.6483516483516425,0.06468348209888375,1.5836681662527587,1.904761904761898,-0.7545787545787497,0.5000184717761864,-1.1282051282051397,-0.30966293989237503,-0.8185421883127647,1.904761904761898,-2.3736263736263807,1.1807889682414257,-1.3846153846153952,0.05483342975978842,-1.4394488143751836,1.904761904761898,-2.5934065934065997,1.6593997423693028,,,,,,
NARC1HR,DRREDDY,2026-08-11 11:15:00,2026-08-11 12:15:00,Healthcare,Largecap,1195.0,3.123921297894383,-0.4351464435146446,0.03035980232372899,-0.4655062458383736,0.2510460251045954,-0.7196652719665186,0.203229988588134,-0.16736401673640433,-0.033575026598700534,-0.1337889901377038,0.2510460251045954,-0.7196652719665186,0.2617229945398918,-0.16736401673640433,0.037023565443237365,-0.2043875821796417,0.2510460251045954,-0.7196652719665186,0.3363188463901193,0.5690376569037703,-0.04046545375445222,0.6095031106582225,0.8368200836819994,-0.7196652719665186,0.4629161536419089,0.10878661087865282,-0.3418874670770489,0.45067407795570175,0.98744769874477,-0.7196652719665186,1.1267540803626999,0.887029288702923,0.03901514216616768,0.8480141465367553,1.0460251046025215,-1.0794979079498002,1.6625185399230822,,,,,,
NARC1HR,ZYDUSLIFE,2026-08-11 11:15:00,2026-08-11 12:15:00,Healthcare,Largecap,1152.0,0.9817671809256634,0.5208333333333259,0.03035980232372899,0.49047353100959695,1.0243055555555491,0.0,0.203229988588134,0.2951388888889017,-0.033575026598700534,0.32871391548760226,1.0243055555555491,0.0,0.2617229945398918,-0.9722222222222299,0.037023565443237365,-1.0092457876654672,1.2847222222222232,-1.7968750000000089,0.3363188463901193,3.8107638888889017,-0.04046545375445222,3.851229342643354,3.819444444444442,-2.760416666666665,0.4629161536419089,3.758680555555549,-0.3418874670770489,4.100568022632598,4.600694444444442,-2.760416666666665,1.1267540803626999,1.2500000000000178,0.03901514216616768,1.21098485783385,4.600694444444442,-2.760416666666665,1.6625185399230822,,,,,,
NARC1HR,NAUKRI,2026-08-11 11:15:00,2026-08-11 12:15:00,I.T,Largecap,1367.2,0.16117216117217392,1.37507314218841,0.03035980232372899,1.344713339864681,1.4994148624926762,-0.029256875365712975,0.203229988588134,1.1849034523113033,-0.033575026598700534,1.2184784789100038,1.5944997074312406,-0.029256875365712975,0.2617229945398918,1.4847864248098253,0.037023565443237365,1.4477628593665879,1.7407840842597944,-0.029256875365712975,0.3363188463901193,0.7241076653013323,-0.04046545375445222,0.7645731190557845,1.7407840842597944,-0.029256875365712975,0.4629161536419089,-1.5506143943826878,-0.3418874670770489,-1.208726927305639,1.7407840842597944,-2.5307197191340114,1.1267540803626999,-0.4681100058513854,0.03901514216616768,-0.507125148017553,1.7407840842597944,-2.750146284376842,1.6625185399230822,,,,,,
NARC1HR,BOSCHLTD,2026-08-11 12:15:00,2026-08-11 13:15:00,Auto,Largecap,45510.0,0.4524886877828038,-0.09887936717205559,0.0841548315730911,-0.1830341987451467,0.02197319270489384,-0.21973192704900502,0.24504948365570714,-0.23071852340145194,0.02683746268940685,-0.2575559860908588,0.02197319270489384,-0.24170511975389886,0.3005178943390818,-0.3735442759832952,-0.042321619905715015,-0.33122265607758017,0.02197319270489384,-0.7470885519666015,0.34736018364402205,1.9666007470885427,0.1418645773047637,1.824736169783779,1.9995605361458946,-1.0327400571302991,0.8633066819794551,1.8677213799165093,-0.3404098543085081,2.2081312342250174,2.6917161063502615,-1.0327400571302991,1.1169125606812444,2.4939573720061503,0.11623357362419894,2.3777237983819512,3.9002417051197558,-1.0327400571302991,1.647689763773561,,,,,,
NARC1HR,ZYDUSLIFE,2026-08-11 12:15:00,2026-08-11 13:15:00,Healthcare,Largecap,1157.9,0.5121527777777857,-0.42317989463684924,0.0841548315730911,-0.5073347262099404,0.7686328698505829,-3.2558942913895828,0.24504948365570714,1.0968131963036365,0.02683746268940685,1.0699757336142297,1.8136281198721793,-3.2558942913895828,0.3005178943390818,3.281803264530625,-0.042321619905715015,3.32412488443634,3.290439588910954,-3.2558942913895828,0.34736018364402205,0.5527247603419827,0.1418645773047637,0.410860183037219,4.067708783141888,-3.2558942913895828,0.8633066819794551,3.359530183953696,-0.3404098543085081,3.6999400382622043,4.067708783141888,-3.2558942913895828,1.1169125606812444,0.811814491752294,0.11623357362419894,0.6955809181280951,4.067708783141888,-3.2558942913895828,1.647689763773561,,,,,,
NARC1HR,DRREDDY,2026-08-11 13:15:00,2026-08-11 14:15:00,Healthcare,Largecap,1200.4,0.4518828451882895,0.23325558147284653,-0.06052840629315242,0.29378398776599896,0.29990003332220905,-0.033322225924703464,0.166330033919016,0.3332222592469236,0.0002382042784844528,0.33298405496843914,0.4248583805398054,-0.033322225924703464,0.23293674885590726,-0.7247584138620478,0.13542246371469285,-0.8601808775767406,0.5331556147950556,-0.7830723092302594,0.7820962487387331,-0.11662779073642326,-0.13424288790332578,0.017615097166902516,0.5331556147950556,-0.8663778740419903,0.9211256861980435,-0.01666111296234618,-0.17754502146726192,0.16088390850491574,0.5331556147950556,-0.8663778740419903,1.0913076913211897,0.5164945018327094,0.11352116450812344,0.40297333732458596,0.6331222925691327,-1.5244918360546644,1.6437922169476527,,,,,,
NARC1HR,ZYDUSLIFE,2026-08-11 13:15:00,2026-08-11 14:15:00,Healthcare,Largecap,1170.4,1.0795405475429565,2.2727272727272707,-0.06052840629315242,2.3332556790204233,2.417976760082019,-0.11107313738893954,0.166330033919016,2.443609022556381,0.0002382042784844528,2.443370818277897,2.9562542720437346,-0.11107313738893954,0.23293674885590726,-0.5211893369788223,0.13542246371469285,-0.6566118006935151,2.9562542720437346,-1.6575529733424577,0.7820962487387331,1.2901572112098414,-0.13424288790332578,1.4244000991131671,2.9562542720437346,-1.6575529733424577,0.9211256861980435,2.605946684894045,-0.17754502146726192,2.783491706361307,2.9562542720437346,-1.6575529733424577,1.0913076913211897,0.17088174982911042,0.11352116450812344,0.05736058532098698,2.9562542720437346,-1.6575529733424577,1.6437922169476527,,,,,,
NARC1HR,POLICYBZR,2026-08-11 13:15:00,2026-08-11 14:15:00,I.T,Largecap,1731.7,1.3579163008486939,-0.2829589420800471,-0.06052840629315242,-0.2224305357868947,0.07507073973551659,-0.46197378298781233,0.166330033919016,-0.346480337240862,0.0002382042784844528,-0.3467185415193465,0.07507073973551659,-0.4677484552751743,0.23293674885590726,-1.3974706935381498,0.13542246371469285,-1.5328931572528426,0.2656349252179835,-1.5302881561471415,0.7820962487387331,-2.0615580065831307,-0.13424288790332578,-1.927315118679805,0.2656349252179835,-2.1886007969047827,0.9211256861980435,-1.19535716348097,-0.17754502146726192,-1.017812142013708,0.2656349252179835,-2.338742276375816,1.0913076913211897,0.5197205058612875,0.11352116450812344,0.40619934135316405,1.0336663394352241,-2.338742276375816,1.6437922169476527,,,,,,
NARC1HR,DRREDDY,2026-08-11 14:15:00,2026-08-12 09:15:00,Healthcare,Largecap,1206.8,0.5331556147950556,-1.118660921445147,-0.2182193005754115,-0.9004416208697356,0.0,-1.39211136890951,0.5755852918013259,-1.3423931057341743,-0.40710822898473537,-0.9352848767494388,0.0,-1.39211136890951,0.6242457632785524,-0.6463374212794082,-0.3244335109073525,-0.3219039103720557,0.0,-1.39211136890951,0.6608964630591955,-0.5551872721246354,-0.5448015585262843,-0.010385713598351054,0.0,-1.39211136890951,0.7365534621582845,-1.814716605899891,-0.12763538503343316,-1.6870812208664578,0.0,-1.8644348690752377,1.1630864952437108,-0.9612197547232304,-0.29163733774453265,-0.6695824169786977,0.10772290354656988,-2.0467351673848277,1.5483325449578802,,,,,,
NARC1HR,SIEMENS,2026-08-11 14:15:00,2026-08-12 09:15:00,Industrials,Largecap,4022.0,3.244686312763112,0.04972650422674363,-0.2182193005754115,0.26794580480215513,1.8871208354052538,-0.4848334162108392,0.5755852918013259,0.2585778219791113,-0.40710822898473537,0.6656860509638467,1.8871208354052538,-0.4848334162108392,0.6242457632785524,-0.2933863749378429,-0.3244335109073525,0.031047135969509587,1.8871208354052538,-0.4848334162108392,0.6608964630591955,-0.0944803580308351,-0.5448015585262843,0.4503212004954492,1.8871208354052538,-0.4848334162108392,0.7365534621582845,-0.5867727498756858,-0.12763538503343316,-0.45913736484225265,1.8871208354052538,-0.9995027349577246,1.1630864952437108,0.11188463451019537,-0.29163733774453265,0.403521972254728,1.8871208354052538,-1.7652909000497319,1.5483325449578802,,,,,,
NARC1HR,ZYDUSLIFE,2026-08-11 14:15:00,2026-08-12 09:15:00,Healthcare,Largecap,1190.0,1.674641148325362,-2.4117647058823577,-0.2182193005754115,-2.193545405306946,0.07563025210084451,-3.2773109243697474,0.5755852918013259,-2.899159663865547,-0.40710822898473537,-2.492051434880812,0.07563025210084451,-3.2773109243697474,0.6242457632785524,-0.37815126050420034,-0.3244335109073525,-0.05371774959684783,0.07563025210084451,-3.2773109243697474,0.6608964630591955,0.8571428571428674,-0.5448015585262843,1.4019444156691518,1.17647058823529,-3.2773109243697474,0.7365534621582845,-1.17647058823529,-0.12763538503343316,-1.0488352032018569,1.17647058823529,-3.2773109243697474,1.1630864952437108,-1.8487394957983239,-0.29163733774453265,-1.5571021580537912,1.17647058823529,-3.2773109243697474,1.5483325449578802,,,,,,
NARC1HR,DIVISLAB,2026-08-11 14:15:00,2026-08-12 09:15:00,Healthcare,Largecap,8630.0,1.6849298927771983,-0.1969872537659345,-0.2182193005754115,0.02123204680947699,0.5098493626882972,-0.5214368482039378,0.5755852918013259,-0.34762456546929554,-0.40710822898473537,0.05948366351543982,0.5098493626882972,-0.5214368482039378,0.6242457632785524,-0.30706836616454236,-0.3244335109073525,0.017365144742810146,0.5098493626882972,-0.5214368482039378,0.6608964630591955,-0.8748551564310536,-0.5448015585262843,-0.3300535979047693,0.5098493626882972,-0.9269988412514474,0.7365534621582845,-1.859791425260715,-0.12763538503343316,-1.732156040227282,0.5098493626882972,-2.2016222479721903,1.1630864952437108,-1.106604866743921,-0.29163733774453265,-0.8149675289993883,0.5098493626882972,-2.5028968713789124,1.5483325449578802,,,,,,
NARC1HR,POLICYBZR,2026-08-11 14:15:00,2026-08-12 09:15:00,I.T,Largecap,1733.0,0.07507073973551659,-1.3733410271206004,-0.2182193005754115,-1.1551217265451887,0.19042123485284446,-1.6618580496249202,0.5755852918013259,-1.9676860934795148,-0.40710822898473537,-1.5605778644947794,0.19042123485284446,-2.26197345643393,0.6242457632785524,-2.1350259665320226,-0.3244335109073525,-1.8105924556246702,0.19042123485284446,-2.26197345643393,0.6608964630591955,-2.025389497980379,-0.5448015585262843,-1.4805879394540944,0.19042123485284446,-2.412002308136174,0.7365534621582845,-0.1269474899019074,-0.12763538503343316,0.0006878951315257564,0.461627236006934,-2.412002308136174,1.1630864952437108,0.5712637045585778,-0.29163733774453265,0.8629010423031105,0.9578765147143731,-2.412002308136174,1.5483325449578802,,,,,,
NARC1HR,HINDALCO,2026-08-12 09:15:00,2026-08-12 10:15:00,Metals & Mining,Largecap,1080.0,1.5801354401805856,0.018518518518528815,0.17490345095506382,-0.156384932436535,0.18055555555556158,-0.15277777777779056,0.40368762577728234,-0.2870370370370301,-0.014990735281108213,-0.27204630175592187,0.18055555555556158,-0.4166666666666652,0.4451256171181123,-0.2870370370370301,-0.18167225562541936,-0.10536478141161074,0.18055555555556158,-0.7314814814814885,0.49021423817928605,0.27314814814816124,-0.1849351852216986,0.45808333336985985,0.374999999999992,-0.7314814814814885,0.5388265530479163,-2.361111111111114,0.19380763715761617,-2.55491874826873,0.374999999999992,-2.9629629629629672,1.2976930269886753,-5.023148148148149,-0.16129390767814733,-4.861854240470001,0.374999999999992,-5.43055555555555,1.7522465282123054,,,,,,
NARC1HR,BOSCHLTD,2026-08-12 09:15:00,2026-08-12 10:15:00,Auto,Largecap,46665.0,3.6079040852575517,-0.07500267866709098,0.17490345095506382,-0.2499061296221548,0.12857602057216866,-0.26786670952534397,0.40368762577728234,-0.34286938819243495,-0.014990735281108213,-0.32787865291132673,0.1392906889531753,-0.46073074038358586,0.4451256171181123,-0.1178613521911509,-0.18167225562541936,0.06381090343426846,0.1392906889531753,-0.48216007714561027,0.49021423817928605,-0.08571734704810874,-0.1849351852216986,0.09921783817358987,0.1392906889531753,-0.48216007714561027,0.5388265530479163,0.3107253830493928,0.19380763715761617,0.11691774589177661,1.328618879245691,-0.985749491053256,1.2976930269886753,-0.3321547198114172,-0.16129390767814733,-0.17086081213326987,1.328618879245691,-0.985749491053256,1.7522465282123054,,,,,,
NARC1HR,SIEMENS,2026-08-12 09:15:00,2026-08-12 10:15:00,Industrials,Largecap,4027.6,0.13923421183490436,0.07448604628066402,0.17490345095506382,-0.1004174046743998,0.34760154930977283,-0.5611282153143327,0.40368762577728234,-0.330221471844272,-0.014990735281108213,-0.31523073656316375,0.34760154930977283,-0.5611282153143327,0.4451256171181123,-0.2333896116794132,-0.18167225562541936,-0.05171735605399383,0.34760154930977283,-0.5611282153143327,0.49021423817928605,-0.21352666600457093,-0.1849351852216986,-0.028591480782872325,0.34760154930977283,-0.8913496871586046,0.5388265530479163,-0.841692322971499,0.19380763715761617,-1.035499960129115,0.34760154930977283,-1.3804747244016258,1.2976930269886753,-1.6585559638494285,-0.16129390767814733,-1.497262056171281,0.6058198430827222,-1.901877048366274,1.7522465282123054,,,,,,
NARC1HR,CONCOR,2026-08-12 09:15:00,2026-08-12 10:15:00,Transportation,Largecap,523.1,1.5728155339805872,-0.477920091760653,0.17490345095506382,-0.6528235427157167,0.01911680367043811,-0.93672337985089,0.40368762577728234,-0.6499713247944849,-0.014990735281108213,-0.6349805895133768,0.01911680367043811,-0.93672337985089,0.4451256171181123,-0.62129611928885,-0.18167225562541936,-0.43962386366343065,0.01911680367043811,-1.070541005543879,0.49021423817928605,-0.7551137449818501,-0.1849351852216986,-0.5701785597601515,0.01911680367043811,-1.271267444083346,0.5388265530479163,0.3918944752437259,0.19380763715761617,0.19808683808610972,1.022748996367806,-1.9307971707130611,1.2976930269886753,1.605811508315802,-0.16129390767814733,1.7671054159939494,3.9380615561078303,-1.9307971707130611,1.7522465282123054,,,,,,
NARC1HR,BANKINDIA,2026-08-12 09:15:00,2026-08-12 10:15:00,Bank,Largecap,145.16,1.938202247191012,-0.11711215210801207,0.17490345095506382,-0.2920156030630759,0.22733535409205086,-0.27555800496005256,0.40368762577728234,0.18600165334803354,-0.014990735281108213,0.20099238862914176,0.3444475062000629,-0.27555800496005256,0.4451256171181123,-0.3513364563240473,-0.18167225562541936,-0.16966420069862795,0.3444475062000629,-0.37200330669605597,0.49021423817928605,-0.5580049600440895,-0.1849351852216986,-0.3730697748223909,0.3444475062000629,-0.7922292642601358,0.5388265530479163,-0.1997795535960245,0.19380763715761617,-0.3935871907536407,0.7508955635161296,-0.7922292642601358,1.2976930269886753,-1.2606778726921952,-0.16129390767814733,-1.0993839650140478,0.7508955635161296,-1.308900523560208,1.7522465282123054,,,,,,
NARC1HR,NATIONALUM,2026-08-12 09:15:00,2026-08-12 10:15:00,Metals & Mining,Largecap,416.25,4.4542032622333805,0.6006006006006093,0.17490345095506382,0.42569714964554545,0.7687687687687683,-0.04804804804804386,0.40368762577728234,0.480480480480483,-0.014990735281108213,0.4954712157615912,1.021021021021018,-0.04804804804804386,0.4451256171181123,0.3603603603603567,-0.18167225562541936,0.542032615985776,1.021021021021018,-0.04804804804804386,0.49021423817928605,0.6006006006006093,-0.1849351852216986,0.7855357858223079,1.021021021021018,-0.27627627627626605,0.5388265530479163,-1.6576576576576518,0.19380763715761617,-1.851465294815268,1.021021021021018,-2.738738738738733,1.2976930269886753,-8.924924924924916,-0.16129390767814733,-8.76363101724677,1.021021021021018,-9.393393393393401,1.7522465282123054,,,,,,
NARC1HR,PNB,2026-08-12 09:15:00,2026-08-12 10:15:00,Bank,Largecap,118.86,4.308907415533136,-0.09254585226317058,0.17490345095506382,-0.2674493032182344,0.5384485949857076,-0.27763755678950064,0.40368762577728234,-0.34494363116270854,-0.014990735281108213,-0.3299528958816003,0.5384485949857076,-0.4711425206124886,0.4451256171181123,-0.4879690392057823,-0.18167225562541936,-0.30629678358036294,0.5384485949857076,-0.6141679286555624,0.49021423817928605,-0.7487800774019893,-0.1849351852216986,-0.5638448921802907,0.5384485949857076,-0.8833922261484051,0.5388265530479163,-0.5468618542823545,0.19380763715761617,-0.7406694914399706,0.5384485949857076,-1.3040551909809794,1.2976930269886753,-0.698300521622075,-0.16129390767814733,-0.5370066139439277,0.5384485949857076,-1.3040551909809794,1.7522465282123054,,,,,,
NARC1HR,UNIONBANK,2026-08-12 09:15:00,2026-08-12 10:15:00,Bank,Largecap,187.28,2.6191780821917865,-0.0961127723195232,0.17490345095506382,-0.271016223274587,0.17086715079026593,-0.30969671080735006,0.40368762577728234,-0.1601879538658757,-0.014990735281108213,-0.14519721858476747,0.17086715079026593,-0.30969671080735006,0.4451256171181123,-0.3257155061939465,-0.18167225562541936,-0.14404325056852715,0.17086715079026593,-0.37377189235369146,0.49021423817928605,-1.0785988893635245,-0.1849351852216986,-0.8936637041418259,0.17086715079026593,-1.324220418624511,0.5388265530479163,-0.23494233233660733,0.19380763715761617,-0.4287499694942235,0.7582229816317732,-1.4630499786416062,1.2976930269886753,-0.16552755232807081,-0.16129390767814733,-0.004233644649923485,1.099957283212305,-1.4630499786416062,1.7522465282123054,,,,,,
NARC1HR,DIVISLAB,2026-08-12 09:15:00,2026-08-12 10:15:00,Healthcare,Largecap,8604.0,-0.30127462340672206,0.04649000464900244,0.17490345095506382,-0.12841344630606139,0.20920502092049986,-0.12784751278475115,0.40368762577728234,-0.337052533705251,-0.014990735281108213,-0.3220617984241428,0.20920502092049986,-0.337052533705251,0.4451256171181123,-0.5753138075313857,-0.18167225562541936,-0.3936415519059664,0.20920502092049986,-0.6276150627615107,0.49021423817928605,-0.4300325430032559,-0.1849351852216986,-0.24509735778155728,0.20920502092049986,-0.6276150627615107,0.5388265530479163,-1.725941422594146,0.19380763715761617,-1.9197490597517621,0.20920502092049986,-2.208275220827527,1.2976930269886753,-1.0460251046025104,-0.16129390767814733,-0.8847311969243631,0.20920502092049986,-2.208275220827527,1.7522465282123054,,,,,,
NARC1HR,IDEA,2026-08-12 09:15:00,2026-08-12 10:15:00,Telecom-Service,Largecap,13.49,4.331013147718488,0.0,0.17490345095506382,-0.17490345095506382,0.5189028910304039,-0.3706449221645758,0.40368762577728234,-0.3706449221645758,-0.014990735281108213,-0.35565418688346756,0.5189028910304039,-0.3706449221645758,0.4451256171181123,-1.7049666419570064,-0.18167225562541936,-1.523294386331587,0.5189028910304039,-1.779095626389915,0.49021423817928605,-1.7049666419570064,-0.1849351852216986,-1.5200314567353077,0.5189028910304039,-2.075611564121571,0.5388265530479163,2.075611564121571,0.19380763715761617,1.881803926963955,2.891030392883631,-2.594514455151964,1.2976930269886753,4.37361008154189,-0.16129390767814733,4.534903989220037,4.818383988139363,-2.594514455151964,1.7522465282123054,,,,,,
NARC1HR,FORCEMOT,2026-08-12 10:15:00,2026-08-12 11:15:00,Auto,Largecap,18822.0,1.8286085262930074,1.7054510678992774,-0.028908382689146493,1.734359450588424,2.2739347571990143,-0.11688449686536595,0.24506502751637899,1.9551588566571132,-0.08523886704453541,2.0403977237016484,2.2739347571990143,-0.11688449686536595,0.26782566511404804,2.746785676336194,-0.04177476007209839,2.7885604364082925,3.0655615768781175,-0.11688449686536595,0.33217792597365003,2.188927850387845,0.019566784085634142,2.169361066302211,3.0655615768781175,-0.11688449686536595,0.46651025746862446,1.498246732547015,0.23927266075895245,1.2589740717880626,3.3258952289873633,-0.11688449686536595,1.370530445962474,-2.2633088938476265,0.10456780867312584,-2.367876702520752,3.3258952289873633,-2.677717564552118,1.8518452551657465,,,,,,
NARC1HR,PNB,2026-08-12 10:15:00,2026-08-12 11:15:00,Bank,Largecap,118.19,-0.5636883728756481,0.13537524325237804,-0.028908382689146493,0.16428362594152454,0.36382096624081317,-0.03384381081309451,0.24506502751637899,-0.04230476351636536,-0.08523886704453541,0.04293410352817005,0.36382096624081317,-0.10999238514256549,0.26782566511404804,-0.18614095947203646,-0.04177476007209839,-0.14436619939993806,0.36382096624081317,-0.3215162027244256,0.33217792597365003,-0.2538285810982255,0.019566784085634142,-0.27339536518385965,0.36382096624081317,-0.4653523986800856,0.46651025746862446,0.04230476351636536,0.23927266075895245,-0.1969678972425871,0.9814705135798185,-0.7445638378881458,1.370530445962474,-0.20306286487857816,0.10456780867312584,-0.30763067355170404,0.9814705135798185,-0.7445638378881458,1.8518452551657465,,,,,,
NARC1HR,FORCEMOT,2026-08-12 11:15:00,2026-08-12 12:15:00,Auto,Largecap,19325.0,2.672404632876413,0.02587322121603286,0.049598320633913666,-0.023725099417880806,0.3829236739974151,-0.43467011642949194,0.29405435407057345,0.24320827943078438,0.046409392960812305,0.19679888646997207,0.3829236739974151,-0.43467011642949194,0.3242866678186292,-0.4708926261319579,0.10497287608466237,-0.5758655022166203,0.3829236739974151,-0.4967658473479908,0.40904696293897536,-0.48641655886157986,0.10469781377628452,-0.5911143726378644,0.3829236739974151,-0.8279430789133291,0.5207629804263649,-4.113842173350579,0.46610907458871237,-4.579951247939292,0.6364812419146215,-4.25873221216041,1.550155272478884,-4.714100905562746,0.32002654660338015,-5.034127452166126,0.6364812419146215,-5.210866752910737,1.9662504250359207,,,,,,
NARC1HR,FORCEMOT,2026-08-12 12:15:00,2026-08-12 13:15:00,Auto,Largecap,19284.0,-0.2121604139715405,-0.020742584526034502,-0.013060101076959022,-0.00768248344907548,0.2852105372329383,-0.617091889649446,0.23335529147572892,-0.17631196847127661,-0.027435760852692937,-0.14887620761858367,0.2852105372329383,-0.617091889649446,0.25777463734582934,-0.2748392449699266,0.03847235690542071,-0.31331160187534735,0.2852105372329383,-0.617091889649446,0.33266589092221205,-0.23335407591785762,0.39812597723074145,-0.6314800531485991,0.8504459655673147,-1.3690105787181106,1.1381056843922166,-3.692180045633686,0.4230610794305743,-4.11524112506426,0.8504459655673147,-4.672267164488697,1.4823014707680182,-4.610039410910605,0.2944633656854634,-4.904502776596068,0.8504459655673147,-5.009334163036716,1.8874611357691191,,,,,,
NARC1HR,BHEL,2026-08-12 13:15:00,2026-08-12 14:15:00,Industrials,Largecap,414.75,0.7653061224489832,0.6871609403255041,0.256433912716543,0.43072702760896114,0.8679927667269549,-0.03616636528028794,0.4337036304817913,1.0006027727546662,0.3460184660493264,0.6545843067053398,1.1573236889692584,-0.03616636528028794,0.5749702551014176,0.6148282097649282,0.49657257888307377,0.11825563088185448,1.3863773357444265,-0.03616636528028794,1.21397416645054,-0.22905364677516804,0.3473453582025362,-0.5763990049777042,1.3863773357444265,-0.42194092827003704,1.3743764122280688,-0.3857745629897602,0.5388515713020895,-0.9246261342918497,1.3863773357444265,-0.6630500301386344,1.6110194764887453,2.447257383966228,0.339709769118511,2.107547614847717,3.6769138034960847,-0.6630500301386344,1.997820634550804,,,,,,
NARC1HR,BHEL,2026-08-12 14:15:00,2026-08-13 09:15:00,Industrials,Largecap,420.0,1.2658227848101333,-0.7738095238095211,-0.18875993195077195,-0.585049591858749,0.11904761904761862,-0.9166666666666767,0.5062837730600602,-1.3095238095238049,-0.23254889681056487,-1.07697491271324,0.11904761904761862,-1.333333333333342,0.5549662644932177,-1.4761904761904754,-0.3405513362584214,-1.135639139932054,0.11904761904761862,-1.6666666666666718,0.617107095977698,-1.6428571428571348,-0.3252193763771763,-1.3176377664799586,0.11904761904761862,-1.8095238095238164,0.6513399247687424,0.642857142857145,-0.4220134700718358,1.0648706129289809,2.3809523809523725,-1.904761904761909,1.0781676503582391,2.2976190476190483,-0.640978040539803,2.9385970881588515,2.5833333333333375,-1.904761904761909,1.335639313489485,,,,,,
NARC1HR,IDFCFIRSTB,2026-08-12 14:15:00,2026-08-13 09:15:00,Bank,Largecap,85.7,0.9185115402732036,-0.3500583430571691,-0.18875993195077195,-0.16129841110639714,0.30338389731621174,-0.5134189031505199,0.5062837730600602,0.17502917152858455,-0.23254889681056487,0.40757806833914945,0.3500583430571691,-0.5134189031505199,0.5549662644932177,0.04667444574095736,-0.3405513362584214,0.38722578199937874,0.3500583430571691,-0.5134189031505199,0.617107095977698,0.29171528588098905,-0.3252193763771763,0.6169346622581653,0.3500583430571691,-0.5134189031505199,0.6513399247687424,0.4900816802800412,-0.4220134700718358,0.912095150351877,1.1318553092181993,-0.5134189031505199,1.0781676503582391,-1.1085180863477317,-0.640978040539803,-0.46754004580792874,1.1318553092181993,-1.3535589264877412,1.335639313489485,,,,,,
NARC1HR,HAL,2026-08-12 14:15:00,2026-08-13 09:15:00,Aerospace & Defence,Largecap,5019.5,2.0576215358965477,-1.265066241657531,-0.18875993195077195,-1.076306309706759,0.3884849088554576,-2.0818806654049227,0.5062837730600602,-0.9064647873294196,-0.23254889681056487,-0.6739158905188547,0.3884849088554576,-2.0818806654049227,0.5549662644932177,-0.007968921207279767,-0.3405513362584214,0.3325824150511416,0.5677856360195133,-2.0818806654049227,0.617107095977698,-0.9642394660822728,-0.3252193763771763,-0.6390200897050966,0.5677856360195133,-2.0818806654049227,0.6513399247687424,-1.466281502141653,-0.4220134700718358,-1.0442680320698172,0.5677856360195133,-2.0818806654049227,1.0781676503582391,1.8248829564697644,-0.640978040539803,2.4658609970095675,2.5978683135770453,-2.0818806654049227,1.335639313489485,,,,,,
NARC1HR,ASHOKLEY,2026-08-13 09:15:00,2026-08-13 10:15:00,Auto,Largecap,181.2,2.1420518602029315,0.055187637969100756,-0.009703955583609581,0.06489159355271033,0.12141280353201722,-0.6070640176600417,0.186478876975864,-0.08278145695362893,-0.02862627713605868,-0.054155179817570245,0.19315673289184154,-0.6070640176600417,0.24302836498590946,-0.7450331125827825,-0.10248279763609094,-0.6425503149466916,0.19315673289184154,-1.2086092715231755,0.294848787467334,-1.6280353200882947,0.0836143061845154,-1.71164962627281,0.19315673289184154,-1.655629139072845,0.5206416563671092,-1.3686534216335478,-0.2575152773235197,-1.111138144310028,0.19315673289184154,-2.671081677704179,1.0819441080327648,-3.360927152317872,-0.49657075693130853,-2.8643563953865634,0.19315673289184154,-6.318984547461359,1.3409099780974982,,,,,,
NARC1HR,BHARTIARTL,2026-08-13 09:15:00,2026-08-13 10:15:00,Telecom-Service,Largecap,1964.5,-0.025445292620862592,-0.1832527360651537,-0.009703955583609581,-0.1735487804815441,0.07635530669380941,-0.6057520997709398,0.186478876975864,-0.10180707559175328,-0.02862627713605868,-0.0731807984556946,0.07635530669380941,-0.6057520997709398,0.24302836498590946,-0.19343344362432457,-0.10248279763609094,-0.09095064598823363,0.12725884448969715,-0.6057520997709398,0.294848787467334,-0.1832527360651537,0.0836143061845154,-0.26686704224966906,0.14762025960803893,-0.6057520997709398,0.5206416563671092,-0.1832527360651537,-0.2575152773235197,0.07426254125836601,0.14762025960803893,-1.6543649783659964,1.0819441080327648,1.0689742937134206,-0.49657075693130853,1.565545050644729,2.1023161109697153,-1.6543649783659964,1.3409099780974982,,,,,,
NARC1HR,SOLARINDS,2026-08-13 09:15:00,2026-08-13 10:15:00,Aerospace & Defence,Largecap,19341.0,2.642891259353597,-0.10340726953105284,-0.009703955583609581,-0.09370331394744326,0.5635696189442152,-0.6411250710924965,0.186478876975864,-0.4963548937490292,-0.02862627713605868,-0.4677286166129705,0.5635696189442152,-0.9358357892559899,0.24302836498590946,-0.7031694328111238,-0.10248279763609094,-0.6006866351750328,0.5635696189442152,-0.9358357892559899,0.294848787467334,-0.9254950623028835,0.0836143061845154,-1.0091093684873989,0.5635696189442152,-1.5873015873015928,0.5206416563671092,2.062975027144409,-0.2575152773235197,2.320490304467929,5.475414921668986,-2.74546300604932,1.0819441080327648,4.570601313272316,-0.49657075693130853,5.0671720702036245,5.475414921668986,-2.74546300604932,1.3409099780974982,,,,,,
NARC1HR,IDEA,2026-08-13 09:15:00,2026-08-13 10:15:00,Telecom-Service,Largecap,13.78,0.8046817849304944,-0.07256894049346707,-0.009703955583609581,-0.0628649849098575,0.07256894049347817,-0.5079825834542695,0.186478876975864,-0.2902757619738683,-0.02862627713605868,-0.2616494848378096,0.14513788098695635,-0.5079825834542695,0.24302836498590946,-1.3062409288824406,-0.10248279763609094,-1.2037581312463497,0.14513788098695635,-1.3788098693759077,0.294848787467334,-0.943396226415083,0.0836143061845154,-1.0270105325995984,0.14513788098695635,-1.3788098693759077,0.5206416563671092,1.59651669085632,-0.2575152773235197,1.8540319681798396,2.612481857764881,-2.1044992743105895,1.0819441080327648,0.43541364296082463,-0.49657075693130853,0.9319843998921331,2.9753265602322276,-2.1044992743105895,1.3409099780974982,,,,,,
NARC1HR,ASTRAL,2026-08-13 09:15:00,2026-08-13 10:15:00,Plastic products,Largecap,1564.2,4.349566377585057,0.07032348804500987,-0.009703955583609581,0.08002744362861945,0.645697481140517,-0.5753739930955071,0.186478876975864,0.06393044367727363,-0.02862627713605868,0.09255672081333231,0.645697481140517,-0.5753739930955071,0.24302836498590946,-0.4411200613732347,-0.10248279763609094,-0.33863726373714376,0.645697481140517,-0.5817670374632433,0.294848787467334,1.099603631249213,0.0836143061845154,1.0159893250646976,1.52154455951925,-0.7735583684950864,0.5206416563671092,0.7415931466564274,-0.2575152773235197,0.999108423979947,2.2887098836466,-0.7735583684950864,1.0819441080327648,-1.1315688530878387,-0.49657075693130853,-0.6349980961565302,2.2887098836466,-1.4192558496356034,1.3409099780974982,,,,,,
NARC1HR,COCHINSHIP,2026-08-13 09:15:00,2026-08-13 10:15:00,Aerospace & Defence,Largecap,1533.0,2.200000000000002,-0.756686236138282,-0.009703955583609581,-0.7469822805546724,0.254403131115466,-1.2981082844096603,0.186478876975864,-0.9784735812133127,-0.02862627713605868,-0.949847304077254,0.254403131115466,-1.2981082844096603,0.24302836498590946,-1.1480756686236049,-0.10248279763609094,-1.045592870987514,0.254403131115466,-1.2981082844096603,0.294848787467334,-1.3698630136986356,0.0836143061845154,-1.453477319883151,0.254403131115466,-1.7025440313111484,0.5206416563671092,-2.4396607958251826,-0.2575152773235197,-2.1821455185016627,0.254403131115466,-2.7919112850619654,1.0819441080327648,-4.011741682974557,-0.49657075693130853,-3.515170926043248,0.254403131115466,-6.392694063926941,1.3409099780974982,,,,,,
NARC1HR,HAL,2026-08-13 09:15:00,2026-08-13 10:15:00,Aerospace & Defence,Largecap,5006.3,-0.2629743998406209,-0.027964764396870567,-0.009703955583609581,-0.018260808813260986,0.8329504823921807,-0.22172063200368575,0.186478876975864,-0.5093582086570958,-0.02862627713605868,-0.4807319315210371,0.8329504823921807,-0.5233405908555144,0.24302836498590946,-0.7031140762638999,-0.10248279763609094,-0.600631278627809,0.8329504823921807,-0.8049857179953324,0.294848787467334,-0.6152248167309193,0.0836143061845154,-0.6988391229154347,0.8329504823921807,-1.084633361963927,0.5206416563671092,-0.9428120568084175,-0.2575152773235197,-0.6852967794848979,0.8329504823921807,-1.6399336835587253,1.0819441080327648,2.0294429019435345,-0.49657075693130853,2.526013658874843,2.8683858338493406,-1.6399336835587253,1.3409099780974982,,,,,,
NARC1HR,SOLARINDS,2026-08-13 10:15:00,2026-08-13 11:15:00,Aerospace & Defence,Largecap,19260.0,-0.4187994416007479,-0.7268951194184803,0.019312988588942114,-0.7462081080074224,0.0,-0.8722741433021763,0.23266524056279322,-0.830737279335414,0.1177808015406577,-0.9485180808760717,0.0,-1.0124610591900285,0.3346562396252295,-0.5088265835929362,0.21042050336729437,-0.7192470869602305,0.07788161993769194,-1.1734164070612674,0.5065385037143273,-1.344755970924194,0.12656377086146706,-1.4713197417856612,0.07788161993769194,-2.336448598130836,0.5945725614150744,4.485981308411224,-0.09702074480978888,4.583002053221013,5.919003115264787,-2.336448598130836,1.1756461617018188,4.485981308411224,-0.2672095869843479,4.753190895395572,5.919003115264787,-2.336448598130836,1.4607349979463051,,,,,,
NARC1HR,ASTRAL,2026-08-13 10:15:00,2026-08-13 11:15:00,Plastic products,Largecap,1561.4,-0.1790052422963817,-0.22415780709619249,0.019312988588942114,-0.2434707956851346,0.10887664916099382,-0.5956193159984746,0.23266524056279322,0.7877545792237761,0.1177808015406577,0.6699737776831184,0.9798898424490776,-0.5956193159984746,0.3346562396252295,1.2809017548353951,0.21042050336729437,1.0704812514681008,1.7035993339310718,-0.5956193159984746,0.5065385037143273,1.7100038427052544,0.12656377086146706,1.5834400718437873,2.151914948123479,-0.5956193159984746,0.5945725614150744,0.10247214038683339,-0.09702074480978888,0.19949288519662228,2.472140386832322,-0.5956193159984746,1.1756461617018188,-1.1528115793518645,-0.2672095869843479,-0.8856019923675167,2.472140386832322,-1.4218009478673022,1.4607349979463051,,,,,,
NARC1HR,OBEROIRLTY,2026-08-13 10:15:00,2026-08-13 11:15:00,Realty,Largecap,1822.3,1.4643652561247222,-0.37864237502056586,0.019312988588942114,-0.39795536360950795,0.1426768369642728,-0.4005926576304608,0.23266524056279322,-0.13170169565932532,0.1177808015406577,-0.24948249719998303,0.1426768369642728,-0.5981452011194599,0.3346562396252295,1.4487186522526452,0.21042050336729437,1.2382981488853508,1.635296054436708,-0.5981452011194599,0.5065385037143273,0.15365197826922028,0.12656377086146706,0.027088207407753223,1.635296054436708,-0.5981452011194599,0.5945725614150744,1.1030017011468995,-0.09702074480978888,1.2000224459566884,2.233441255556179,-0.5981452011194599,1.1756461617018188,4.587609065466736,-0.2672095869843479,4.854818652451083,4.856500027437849,-0.5981452011194599,1.4607349979463051,,,,,,
NARC1HR,APLAPOLLO,2026-08-13 10:15:00,2026-08-13 11:15:00,Industrials,Largecap,2034.9,0.36498150431565346,-0.09828492800628696,0.019312988588942114,-0.11759791659522909,0.44719642242860846,-0.1670843776106934,0.23266524056279322,0.6929087424443425,0.1177808015406577,0.5751279409036848,1.0958769472701135,-0.1670843776106934,0.3346562396252295,0.8943928448572391,0.21042050336729437,0.6839723414899448,1.0958769472701135,-0.1670843776106934,0.5065385037143273,1.0123347584647835,0.12656377086146706,0.8857709876033164,1.8723278785198305,-0.1670843776106934,0.5945725614150744,0.5847953216374213,-0.09702074480978888,0.6818160664472102,1.8723278785198305,-0.1670843776106934,1.1756461617018188,2.7667207233770474,-0.2672095869843479,3.0339303103613955,3.734827264239038,-0.1670843776106934,1.4607349979463051,,,,,,
NARC1HR,ASTRAL,2026-08-13 11:15:00,2026-08-13 12:15:00,Plastic products,Largecap,1585.9,1.5691046496733696,-0.018916703449156635,-0.0442641138863448,0.02534741043718816,0.13241692414400763,-0.5801122391071334,0.20488188230896948,0.40355634024842324,-0.071924428430013,0.47548076867843625,0.44769531496311465,-0.5801122391071334,0.23562046550168603,0.13872249196038577,-0.07558890130874678,0.21431139326913257,0.5738066712907441,-0.5801122391071334,0.2667588318505485,0.5864178069235004,0.052668171605789356,0.533749635317711,0.6810013241692392,-0.5801122391071334,0.37306564253695473,-1.3998360552367806,-0.2468803424915598,-1.1529557127452208,0.889085062109829,-1.52594741156441,0.9526302148003499,-2.4339491771234067,-0.20865874876865811,-2.2252904283547488,0.889085062109829,-2.944700170250336,1.2315856742406077,,,,,,
NARC1HR,OBEROIRLTY,2026-08-13 11:15:00,2026-08-13 12:15:00,Realty,Largecap,1822.0,-0.016462711957410114,0.8616904500548861,-0.0442641138863448,0.9059545639412309,1.6520307354555452,0.0,0.20488188230896948,0.3732162458836452,-0.071924428430013,0.4451406743136582,1.6520307354555452,0.0,0.23562046550168603,0.1701427003293121,-0.07558890130874678,0.2457316016380589,1.6520307354555452,0.0,0.2667588318505485,0.7025246981339217,0.052668171605789356,0.6498565265281323,1.6520307354555452,-0.04390779363336872,0.37306564253695473,1.317233809001106,-0.2468803424915598,1.5641141514926657,2.250274423710219,-0.04390779363336872,0.9526302148003499,6.245883644346861,-0.20865874876865811,6.45454239311552,6.805708013172329,-0.04390779363336872,1.2315856742406077,,,,,,
NARC1HR,IDFCFIRSTB,2026-08-13 11:15:00,2026-08-13 12:15:00,Bank,Largecap,86.2,0.43108470231854046,-0.1276102088167086,-0.0442641138863448,-0.0833460949303638,0.0,-0.20881670533643426,0.20488188230896948,-0.20881670533643426,-0.071924428430013,-0.13689227690642125,0.0,-0.23201856148492572,0.23562046550168603,-0.11600928074246841,-0.07558890130874678,-0.040420379433721634,0.0,-0.33642691415314285,0.2667588318505485,0.40603248259860614,0.052668171605789356,0.3533643109928168,0.5452436194895549,-0.33642691415314285,0.37306564253695473,-0.46403712296984034,-0.2468803424915598,-0.21715678047828055,0.5452436194895549,-0.6264501160092917,0.9526302148003499,-0.9396751740139209,-0.20865874876865811,-0.7310164252452628,0.5452436194895549,-1.9605568445475563,1.2315856742406077,,,,,,
NARC1HR,KALYANKJIL,2026-08-13 11:15:00,2026-08-13 12:15:00,Consumer Discretionary,Largecap,617.4,3.529806321790896,-0.8098477486232603,-0.0442641138863448,-0.7655836347369155,0.2105604146420692,-1.0366051182377656,0.20488188230896948,-1.093294460641403,-0.071924428430013,-1.02137003221139,0.2105604146420692,-1.433430515063172,0.23562046550168603,-1.1499838030450293,-0.07558890130874678,-1.0743949017362826,0.2105604146420692,-1.433430515063172,0.2667588318505485,0.2510528020732261,0.052668171605789356,0.19838463046743676,0.38872691933915515,-1.4820213799805582,0.37306564253695473,-0.9394233884029712,-0.2468803424915598,-0.6925430459114115,0.38872691933915515,-1.4820213799805582,0.9526302148003499,-1.2066731454486446,-0.20865874876865811,-0.9980143966799865,0.7126660187884548,-2.2918691286038184,1.2315856742406077,,,,,,
NARC1HR,BEL,2026-08-13 12:15:00,2026-08-13 13:15:00,Aerospace & Defence,Largecap,410.45,0.17083587553385904,-0.03654525520769836,0.05859317471543934,-0.0951384299231377,0.04872700694360521,-0.3776343038128904,0.1914190850101362,0.03654525520770946,0.08733522027885879,-0.05078996507114933,0.06090875867950096,-0.3776343038128904,0.24978686959947993,0.08527226215129247,0.13263753141326354,-0.04736526926197107,0.15836277256671139,-0.3776343038128904,0.3329481304239133,-0.15836277256668918,-0.2523964828425187,0.09403371027582952,0.1827262760385029,-0.3776343038128904,0.749637602590922,0.21927153124621235,-0.1683711326528569,0.3876426638990692,0.49945182117188125,-0.5359970763795796,1.0164418018516101,0.2070897795102944,-0.08937361298203576,0.29646339249233017,0.8527226215129691,-0.5359970763795796,1.3359898109276085,,,,,,
NARC1HR,ASTRAL,2026-08-13 12:15:00,2026-08-13 13:15:00,Plastic products,Largecap,1594.6,0.5485844000252094,-0.1693214599272408,0.05859317471543934,-0.22791463464268014,0.018813495547487236,-0.7086416656214678,0.1914190850101362,0.03135582591244912,0.08733522027885879,-0.05597939436640967,0.13169446883232183,-0.7086416656214678,0.24978686959947993,0.03762699109495227,0.13263753141326354,-0.09501054031831127,0.13169446883232183,-0.7086416656214678,0.3329481304239133,-1.2291483757682076,-0.2523964828425187,-0.9767518929256889,0.3386429198545038,-1.2479618713156837,0.749637602590922,-2.232534804966757,-0.1683711326528569,-2.0641636723139003,0.3386429198545038,-2.2638906308792173,1.0164418018516101,-3.361344537815125,-0.08937361298203576,-3.2719709248330893,0.3386429198545038,-3.530665997742377,1.3359898109276085,,,,,,
NARC1HR,OBEROIRLTY,2026-08-13 12:15:00,2026-08-13 13:15:00,Realty,Largecap,1828.1,0.33479692645443926,-0.31726929599037446,0.05859317471543934,-0.3758624707058138,0.049231442481278975,-0.3774410590230204,0.1914190850101362,-0.005470160275689029,0.08733522027885879,-0.09280538055454782,0.049231442481278975,-0.3774410590230204,0.24978686959947993,0.36650073847164233,0.13263753141326354,0.2338632070583788,0.5360757070182354,-0.3774410590230204,0.3329481304239133,0.7111208358404841,-0.2523964828425187,0.9635173186830028,1.9090859362179469,-0.3774410590230204,0.749637602590922,1.0885618948635267,-0.1683711326528569,1.2569330275163837,1.9090859362179469,-0.3774410590230204,1.0164418018516101,4.2886056561457275,-0.08937361298203576,4.3779792691277635,6.449318965045681,-0.3774410590230204,1.3359898109276085,,,,,,
NARC1HR,SOLARINDS,2026-08-13 14:15:00,2026-08-14 09:15:00,Aerospace & Defence,Largecap,20290.0,6.7669964218059375,-3.7456875308033544,-0.3094195977838922,-3.436267933019462,0.11828486939378102,-3.9921143420404093,0.5080542818742294,-2.079842286840805,-0.2381452703649778,-1.8416970164758273,0.11828486939378102,-3.9921143420404093,0.5301529306976778,-2.3706259241005445,-0.2598453698169341,-2.11078055428361,0.11828486939378102,-3.9921143420404093,0.622194236435513,-0.8477082306554973,-0.4220579317952703,-0.425650298860227,0.11828486939378102,-3.9921143420404093,0.676120553838892,-0.6949236076885135,-0.5467221661010295,-0.14820144158748394,0.4879250862493745,-3.9921143420404093,0.95058940613047,,,,,,,,,,,,
NARC1HR,OBEROIRLTY,2026-08-13 14:15:00,2026-08-14 09:15:00,Realty,Largecap,1855.0,1.5270100158721434,-0.5929919137466322,-0.3094195977838922,-0.28357231596273996,0.43126684636118906,-0.8086253369272267,0.5080542818742294,-0.14555256064689992,-0.2381452703649778,0.09259270971807787,0.43126684636118906,-0.8086253369272267,0.5301529306976778,-0.5822102425875997,-0.2598453698169341,-0.32236487277066556,0.43126684636118906,-0.8301886792452917,0.622194236435513,-0.6469002695417836,-0.4220579317952703,-0.2248423377465133,0.43126684636118906,-1.0404312668463533,0.676120553838892,-0.47978436657682977,-0.5467221661010295,0.06693779952419976,0.43126684636118906,-1.191374663072775,0.95058940613047,,,,,,,,,,,,
NARC1HR,VOLTAS,2026-08-14 09:15:00,2026-08-14 10:15:00,Consumer Discretionary,Largecap,1312.0,1.5479876160990669,0.06097560975608651,-0.1571386925489145,0.218114302305001,0.4496951219512324,-0.5030487804878025,0.22961137700220927,-0.060975609756097615,-0.2637387032489906,0.202763093492893,0.5182926829268242,-0.5030487804878025,0.26978946384560776,0.1524390243902385,-0.21122752261766042,0.3636665470078989,0.6097560975609762,-0.5030487804878025,0.3126393005473032,0.9527439024390238,-0.07691906726793195,1.0296629697069557,1.0670731707317138,-0.5030487804878025,0.42647225028270286,-2.2789634146341498,-0.4694925339676195,-1.8094708806665303,2.8963414634146423,-2.591463414634143,0.8725137375679201,,,,,,,,,,,,
NARC1HR,GLENMARK,2026-08-14 09:15:00,2026-08-14 10:15:00,Healthcare,Largecap,2330.7,0.46120689655171354,-0.11584502509974781,-0.1571386925489145,0.04129366744916668,0.4676706568842004,-0.14158836401080288,0.22961137700220927,-0.15875058995150626,-0.2637387032489906,0.10498811329748436,0.4676706568842004,-0.20594671128844055,0.26978946384560776,-0.060067790792450726,-0.21122752261766042,0.1511597318252097,0.4676706568842004,-0.3732784142103207,0.3126393005473032,-0.4590895439138376,-0.07691906726793195,-0.38217047664590564,0.4676706568842004,-0.5577723430728931,0.42647225028270286,-0.810915175698268,-0.4694925339676195,-0.3414226417306485,0.4676706568842004,-1.0082807740163902,0.8725137375679201,,,,,,,,,,,,
NARC1HR,PETRONET,2026-08-14 09:15:00,2026-08-14 10:15:00,Energy,Largecap,282.15,1.038495971351816,-1.1873117136274924,-0.1571386925489145,-1.030173021078578,0.03544214070529961,-1.2936381357433913,0.22961137700220927,-0.7620060251639083,-0.2637387032489906,-0.4982673219149176,0.03544214070529961,-1.2936381357433913,0.26978946384560776,-0.15948963317383713,-0.21122752261766042,0.05173788944382329,0.08860535176324902,-1.2936381357433913,0.3126393005473032,-0.6025163919900711,-0.07691906726793195,-0.5255973247221392,0.08860535176324902,-1.2936381357433913,0.42647225028270286,0.23037391458444745,-0.4694925339676195,0.6998664485520669,1.506290979975189,-1.2936381357433913,0.8725137375679201,,,,,,,,,,,,
NARC1HR,IDEA,2026-08-14 09:15:00,2026-08-14 10:15:00,Telecom-Service,Largecap,13.99,3.3998521803400017,0.07147962830593713,-0.1571386925489145,0.22861832085485162,1.0721944245889903,-0.42887776983560055,0.22961137700220927,0.6433166547533897,-0.2637387032489906,0.9070553580023804,1.0721944245889903,-0.42887776983560055,0.26978946384560776,0.7147962830593269,-0.21122752261766042,0.9260238056769873,1.0721944245889903,-0.42887776983560055,0.3126393005473032,0.5718370264474526,-0.07691906726793195,0.6487560937153846,1.0721944245889903,-0.42887776983560055,0.42647225028270286,-0.8577555396712011,-0.4694925339676195,-0.38826300570358163,1.4295925661186537,-1.0007147962830643,0.8725137375679201,,,,,,,,,,,,
NARC1HR,AMBER,2026-08-14 09:15:00,2026-08-14 10:15:00,Consumer Discretionary,Largecap,7287.0,1.6247123631546012,-0.7410456978180324,-0.1571386925489145,-0.583907005269118,0.8645533141210304,-0.8233841086866978,0.22961137700220927,-1.0155070673802613,-0.2637387032489906,-0.7517683641312707,0.8645533141210304,-1.3242761081377785,0.26978946384560776,0.04116920543433267,-0.21122752261766042,0.2523967280519931,0.8645533141210304,-1.3242761081377785,0.3126393005473032,-0.2950459722794063,-0.07691906726793195,-0.21812690501147436,0.8645533141210304,-1.3242761081377785,0.42647225028270286,0.27446136956224,-0.4694925339676195,0.7439539035298595,1.468368327157954,-1.3242761081377785,0.8725137375679201,,,,,,,,,,,,
NARC1HR,ETERNAL,2026-08-14 09:15:00,2026-08-14 10:15:00,I.T,Largecap,322.65,1.526117054751408,-0.7593367426003361,-0.1571386925489145,-0.6021980500514217,0.0,-0.7593367426003361,0.22961137700220927,-1.3172167983883432,-0.2637387032489906,-1.0534780951393525,0.0,-1.3637068030373345,0.26978946384560776,-1.1002634433596614,-0.21122752261766042,-0.889035920742001,0.0,-1.5961568262823467,0.3126393005473032,-1.2087401208740078,-0.07691906726793195,-1.131821053606076,0.0,-1.5961568262823467,0.42647225028270286,-1.379203471253676,-0.4694925339676195,-0.9097109372860566,0.0,-1.999070199907016,0.8725137375679201,,,,,,,,,,,,
NARC1HR,TATAPOWER,2026-08-14 10:15:00,2026-08-14 11:15:00,Power & Utilities,Largecap,386.95,0.5717998700454752,0.8140586639100666,0.09511977575586333,0.7189388881542034,0.8657449282853058,0.0,0.24885541192437005,0.736529267347219,0.07418659528367001,0.662342672063549,0.8915880604729365,0.0,0.3071124745978976,0.4910195115648053,0.14073204990769872,0.35028746165710656,0.8915880604729365,0.0,0.40709736413629877,-0.6073136064090878,0.1452492072601236,-0.7525628136692114,0.8915880604729365,-0.6848430029719577,0.5391125829666672,-2.1579015376663513,-0.2007332427823508,-1.9571682948840006,0.8915880604729365,-2.3000387646982756,1.0353770335889863,,,,,,,,,,,,
NARC1HR,PETRONET,2026-08-14 10:15:00,2026-08-14 11:15:00,Energy,Largecap,282.15,0.0,-0.5670742512847604,0.09511977575586333,-0.6621940270406237,0.08860535176324902,-0.797448165869219,0.24885541192437005,-0.5670742512847604,0.07418659528367001,-0.6412608465684304,0.08860535176324902,-0.8328903065745075,0.3071124745978976,-0.6025163919900711,0.14073204990769872,-0.7432484418977698,0.08860535176324902,-0.8328903065745075,0.40709736413629877,-0.19493177387912564,0.1452492072601236,-0.3401809811392492,0.08860535176324902,-0.8328903065745075,0.5391125829666672,0.08860535176324902,-0.2007332427823508,0.28933859454559985,1.506290979975189,-0.8328903065745075,1.0353770335889863,,,,,,,,,,,,
NARC1HR,AMBER,2026-08-14 10:15:00,2026-08-14 11:15:00,Consumer Discretionary,Largecap,7304.0,0.23329216412790732,-0.05476451259583959,0.09511977575586333,-0.14988428835170292,0.10952902519167917,-0.5955640744797375,0.24885541192437005,-0.3491237677984649,0.07418659528367001,-0.4233103630821349,0.41073384446879135,-0.5955640744797375,0.3071124745978976,-0.5271084337349352,0.14073204990769872,-0.6678404836426339,0.41073384446879135,-0.9446878422782023,0.40709736413629877,-1.1295180722891596,0.1452492072601236,-1.2747672795492833,0.41073384446879135,-1.259583789704266,0.5391125829666672,-0.3285870755750264,-0.2007332427823508,-0.12785383279267562,1.2322015334063519,-1.259583789704266,1.0353770335889863,,,,,,,,,,,,
NARC1HR,TATAPOWER,2026-08-14 11:15:00,2026-08-14 12:15:00,Power & Utilities,Largecap,388.95,0.5168626437524138,-0.05142049106569013,0.018231830471893657,-0.06965232153758379,0.11569610489778892,-0.0899858593649494,0.21148984924515699,-0.591335647255431,0.07387749223476811,-0.6652131394901991,0.11569610489778892,-0.6941766293868112,0.27405007986582314,-1.118395680678741,0.01619620422330239,-1.1345918849020433,0.11569610489778892,-1.1955264172772817,0.32608372666529845,-1.2726571538758114,0.06011007538721524,-1.3327672292630266,0.11569610489778892,-1.3369327677079323,0.4479285093140035,-2.249646484123924,-0.058363950869132895,-2.191282533254791,0.11569610489778892,-2.8024167630800845,0.9630783326148116,,,,,,,,,,,,
NARC1HR,MFSL,2026-08-14 12:15:00,2026-08-14 13:15:00,Financials,Largecap,1555.9,0.7185396167788793,-0.19281444822931704,-0.031116094589886335,-0.1616983536394307,0.2635130792467244,-0.25065878269812103,0.15132824295853953,-0.09640722411465852,0.06619706147127698,-0.16260428558593548,0.2635130792467244,-0.44347323092743807,0.2400680186677983,0.038562889645854526,0.01179878690284296,0.026764102743011567,0.2635130792467244,-0.5527347515907333,0.3146040051634562,-1.7224757375152722,-0.503623848300696,-1.218851889214576,0.34063885853845566,-2.1659489684427102,0.6087983000608146,0.2506587826980988,0.09195978989545305,0.15869899280264577,0.6748505688026318,-2.1659489684427102,0.9690494018115746,,,,,,,,,,,,
NARC1HR,VOLTAS,2026-08-14 12:15:00,2026-08-14 13:15:00,Consumer Discretionary,Largecap,1323.6,0.47825096788884913,0.5213055303717296,-0.031116094589886335,0.5524216249616158,0.9519492293744491,-0.33998186763372074,0.15132824295853953,0.8008461770927955,0.06619706147127698,0.7346491156215185,1.1483831973405856,-0.33998186763372074,0.2400680186677983,0.29465095194922686,0.01179878690284296,0.2828521650463839,1.1483831973405856,-0.33998186763372074,0.3146040051634562,-1.7150196433967868,-0.503623848300696,-1.2113957950960907,1.9945602901178638,-2.4478694469628137,0.6087983000608146,-4.185554548201864,0.09195978989545305,-4.277514338097317,1.9945602901178638,-4.510426110607424,0.9690494018115746,,,,,,,,,,,,
NARC1HR,HAVELLS,2026-08-14 12:15:00,2026-08-14 13:15:00,Consumer Discretionary,Largecap,1297.0,1.4787575307096512,-0.19275250578257852,-0.031116094589886335,-0.16163641119269218,0.10794140323824308,-0.30840400925211675,0.15132824295853953,-0.16962220508867087,0.06619706147127698,-0.23581926655994784,0.10794140323824308,-0.30840400925211675,0.2400680186677983,-0.07710100231302919,0.01179878690284296,-0.08889978921587215,0.10794140323824308,-0.30840400925211675,0.3146040051634562,-1.1333847340015413,-0.503623848300696,-0.6297608857008453,0.6168080185042335,-1.1796453353893566,0.6087983000608146,0.7787201233615981,0.09195978989545305,0.6867603334661451,1.3878180416345476,-1.1796453353893566,0.9690494018115746,,,,,,,,,,,,
NARC1HR,VOLTAS,2026-08-14 13:15:00,2026-08-14 14:15:00,Consumer Discretionary,Largecap,1326.5,0.21909942580840003,0.14323407463250337,0.022804931077425213,0.12042914355507817,0.4900113079532531,-0.24123633622314955,0.20637912654682164,-0.22615906520919715,-0.0019254470877485138,-0.22423361812144862,0.4900113079532531,-0.29400678477196074,0.25792236610069147,-1.929890689785141,-0.5189517434844477,-1.4109389463006932,1.7715793441387184,-2.6611383339615546,0.5433672295788531,-3.0531473803241616,-0.41672503148313395,-2.6364223488410277,1.7715793441387184,-3.6562382208820243,0.6614958272155466,-4.54579721070486,0.06674629862809676,-4.612543509332957,1.7715793441387184,-4.99057670561629,0.9726988322158571,,,,,,,,,,,,
NARC1HR,KFINTECH,2026-08-14 14:15:00,2026-08-17 09:15:00,Financials,Midcap,945.2,1.6344086021505388,-0.7458738891240047,-0.15295401489896623,-0.5929198742250384,0.0,-2.0630554380025368,0.5351145951876269,-1.4441388066017913,-0.13402145023295306,-1.3101173563688382,0.0,-2.0630554380025368,0.5944834664797295,-0.4284807448159178,-0.2587596882243263,-0.16972105659159148,0.0846381718154765,-2.0630554380025368,0.6330613550910976,-0.021159542953874677,-0.22081226406410262,0.19965272111022794,0.3279729157850131,-2.0630554380025368,0.6967735062297937,,,,,,,,,,,,,,,,,,
NARC1HR,INOXWIND,2026-08-17 13:15:00,2026-08-17 14:15:00,Industrials,Midcap,77.03,-0.07783110649890457,1.3760872387381662,0.09071374704581257,1.2853734916923536,2.0251849928599297,-0.20771128131896743,0.2380378703113669,1.3890691938205801,0.06320281963473785,1.3258663741858423,2.0251849928599297,-0.20771128131896743,0.2969036821658851,,,,,,,,,,,,,,,,,,,,,,,,,,,,,,
