day,strike,cost,spot,hold,best,quoted,bars,t1.5,hit1.5,t2,hit2,t3,hit3,symbol,signal
2026-08-10,1160.0,30.95,1169.0,-31.03652,6.863480000000006,0.448,125,-31.03652,False,-31.03652,False,-31.03652,False,360ONE,False
2026-08-11,1160.0,28.400000000000002,1168.0,-13.870400000000004,9.379600000000003,0.576,125,-13.870400000000004,False,-13.870400000000004,False,-13.870400000000004,False,360ONE,False
2026-08-12,1160.0,24.650000000000002,1152.2,-24.718880000000002,13.181120000000004,0.4796747967479675,123,12.25612,True,-24.718880000000002,False,-24.718880000000002,False,360ONE,False
2026-08-14,1180.0,33.65,1181.0,-11.506519999999998,5.493480000000005,0.9295774647887324,71,-11.506519999999998,False,-11.506519999999998,False,-11.506519999999998,False,360ONE,False
2026-08-17,1160.0,25.05,1154.3,-25.12,-1.1700000000000015,0.5777777777777777,45,-25.12,False,-25.12,False,-25.12,False,360ONE,False
2026-06-25,7000.0,105.3,7020.0,86.31643999999999,143.81643999999997,0.28,125,51.81643999999999,True,104.46643999999999,True,86.31643999999999,False,ABB,False
2026-06-29,6900.0,58.05,6925.0,141.17773999999997,199.17773999999997,0.112,125,28.302739999999993,True,57.32774,True,115.37773999999997,True,ABB,False
2026-06-30,7000.0,31.900000000000002,7025.0,10.34196,217.84195999999997,0.096,125,15.741959999999999,True,31.69196,True,63.59196,True,ABB,False
2026-07-01,7000.0,215.55,7020.0,-55.15546000000002,33.34453999999998,0.072,125,-55.15546000000002,False,-55.15546000000002,False,-55.15546000000002,False,ABB,False
2026-07-02,6850.0,200.05,6845.5,8.30339999999999,49.90339999999998,0.336,125,8.30339999999999,False,8.30339999999999,False,8.30339999999999,False,ABB,False
2026-07-03,6800.0,201.75,6807.5,-202.31476,22.93524,0.088,125,-202.31476,False,-202.31476,False,-202.31476,False,ABB,False
2026-07-06,6900.0,243.10000000000002,6924.5,-117.68460000000002,-17.184600000000035,0.12,125,-117.68460000000002,False,-117.68460000000002,False,-117.68460000000002,False,ABB,False
2026-07-07,6950.0,196.9,6957.5,-28.475640000000016,50.424359999999986,0.136,125,-28.475640000000016,False,-28.475640000000016,False,-28.475640000000016,False,ABB,False
2026-07-08,6850.0,224.55,6838.5,-225.17860000000002,-9.128600000000029,0.576,125,-225.17860000000002,False,-225.17860000000002,False,-225.17860000000002,False,ABB,False
2026-07-09,6850.0,220.05,6851.0,-220.66600000000003,-4.616000000000028,0.464,125,-220.66600000000003,False,-220.66600000000003,False,-220.66600000000003,False,ABB,False
2026-07-10,6850.0,212.8,6874.5,-213.3957,-5.595700000000028,0.312,125,-213.3957,False,-213.3957,False,-213.3957,False,ABB,False
2026-07-14,6800.0,202.4,6778.0,-202.96658,-7.016580000000017,0.024,125,-202.96658,False,-202.96658,False,-202.96658,False,ABB,False
2026-07-15,7000.0,201.05,6980.5,-201.61280000000002,-16.61280000000001,0.016,125,-201.61280000000002,False,-201.61280000000002,False,-201.61280000000002,False,ABB,False
2026-07-16,7300.0,245.05,7260.5,-245.73600000000002,-30.786000000000023,0.008,125,-245.73600000000002,False,-245.73600000000002,False,-245.73600000000002,False,ABB,False
2026-07-17,7800.0,290.05,7642.0,47.63753999999998,80.63753999999997,0.2,125,47.63753999999998,False,47.63753999999998,False,47.63753999999998,False,ABB,False
2026-07-20,7500.0,226.5,7427.5,-88.07452,-51.47452000000002,0.128,125,-88.07452,False,-88.07452,False,-88.07452,False,ABB,False
2026-07-21,7600.0,175.35000000000002,7510.5,190.08169999999996,190.08169999999996,0.152,125,86.15670000000001,True,173.8317,True,190.08169999999996,False,ABB,False
2026-07-22,7700.0,249.4,7561.5,298.31196000000006,298.31196000000006,0.24,125,122.46196000000002,True,247.16196,True,298.31196000000006,False,ABB,False
2026-07-23,7800.0,150.0,7581.5,400.48328000000004,550.48328,0.096,125,73.03328,True,148.03328,True,298.03328,True,ABB,False
2026-07-24,7500.0,100.05,7460.5,-18.110859999999995,301.88914,0.04,125,49.51413999999999,True,99.53914,True,199.58913999999996,True,ABB,False
2026-07-27,7400.0,81.8,7360.5,21.131440000000005,237.73144,0.304,125,40.38143999999999,True,81.28144,True,163.08143999999996,True,ABB,False
2026-07-28,7300.0,55.05,7233.0,-55.204,265.44599999999997,0.328,125,27.37099999999999,True,54.895999999999994,True,109.94599999999998,True,ABB,False
2026-07-29,7100.0,265.55,7150.0,-266.2934,9.45659999999999,0.064,125,-266.2934,False,-266.2934,False,-266.2934,False,ABB,False
2026-07-30,7200.0,296.90000000000003,7247.5,-297.73118000000005,-1.7811800000000455,0.136,125,-297.73118000000005,False,-297.73118000000005,False,-297.73118000000005,False,ABB,False
2026-07-31,7400.0,300.0,7417.5,-300.83986,19.21014000000001,0.16,125,-300.83986,False,-300.83986,False,-300.83986,False,ABB,False
2026-08-03,7300.0,334.45,7296.5,-335.38632,-76.33631999999997,0.04,125,-335.38632,False,-335.38632,False,-335.38632,False,ABB,False
2026-08-04,7700.0,287.40000000000003,7742.0,-98.78644000000004,-13.936440000000022,0.328,125,-98.78644000000004,False,-98.78644000000004,False,-98.78644000000004,False,ABB,False
2026-08-05,7800.0,262.05,7794.0,-84.33466000000003,51.11533999999997,0.152,125,-84.33466000000003,False,-84.33466000000003,False,-84.33466000000003,False,ABB,False
2026-08-06,7700.0,274.0,7748.5,-118.70526,-27.855260000000005,0.36,125,-118.70526,False,-118.70526,False,-118.70526,False,ABB,False
2026-08-07,7600.0,201.9,7613.5,-202.46518,7.484819999999983,0.56,125,-202.46518,False,-202.46518,False,-202.46518,False,ABB,False
2026-08-10,7600.0,197.05,7591.0,-197.60160000000002,10.398399999999988,0.352,125,-197.60160000000002,False,-197.60160000000002,False,-197.60160000000002,False,ABB,False
2026-08-11,7600.0,198.60000000000002,7606.5,-199.15594000000002,-11.455940000000034,0.248,125,-199.15594000000002,False,-199.15594000000002,False,-199.15594000000002,False,ABB,False
2026-08-12,7600.0,140.10000000000002,7641.0,-32.19622000000001,-2.8462200000000344,0.10256410256410256,117,-32.19622000000001,False,-32.19622000000001,False,-32.19622000000001,False,ABB,False
2026-08-13,7700.0,152.65,7713.5,-59.39034,17.609659999999984,0.8791208791208791,91,-59.39034,False,-59.39034,False,-59.39034,False,ABB,False
2026-08-14,7700.0,183.05,7722.0,-89.87546,-12.875460000000023,0.8923076923076924,65,-89.87546,False,-89.87546,False,-89.87546,False,ABB,False
2026-08-17,7700.0,172.05,7660.0,-78.84466,-30.844660000000022,0.8205128205128205,39,-78.84466,False,-78.84466,False,-78.84466,False,ABB,False
2026-08-10,405.0,11.8,405.85,-3.705720000000002,-1.9057200000000014,0.776,125,-3.705720000000002,False,-3.705720000000002,False,-3.705720000000002,False,ABCAPITAL,False
2026-08-11,405.0,10.100000000000001,405.05,-0.5550200000000017,0.6449799999999976,0.904,125,-0.5550200000000017,False,-0.5550200000000017,False,-0.5550200000000017,False,ABCAPITAL,False
2026-08-12,405.0,8.05,406.1,-3.086399999999989,2.763599999999976,0.75,120,-3.086399999999989,False,-3.086399999999989,False,-3.086399999999989,False,ABCAPITAL,False
2026-08-13,405.0,8.55,404.0,-3.587799999999989,2.262199999999976,0.7021276595744681,94,-3.587799999999989,False,-3.587799999999989,False,-3.587799999999989,False,ABCAPITAL,False
2026-08-14,405.0,6.7,403.1,-1.7326199999999887,4.117379999999977,0.6176470588235294,68,3.3173800000000004,True,-1.7326199999999887,False,-1.7326199999999887,False,ABCAPITAL,False
2026-08-17,395.0,5.3999999999999995,396.15,-5.41498,0.7350200000000009,0.47619047619047616,42,-5.41498,False,-5.41498,False,-5.41498,False,ABCAPITAL,False
2026-06-25,3080.0,43.099999999999994,3076.8,-43.22053999999999,78.72946,0.128,125,21.42946,True,42.979459999999996,True,-43.22053999999999,False,ADANIENT,False
2026-06-29,2980.0,10.200000000000001,2986.7,-10.228420000000002,30.82158,0.224,125,5.07158,True,10.17158,True,20.371579999999998,True,ADANIENT,False
2026-06-30,2980.0,10.05,2977.0,-10.078000000000001,1.5719999999999978,0.032,125,-10.078000000000001,False,-10.078000000000001,False,-10.078000000000001,False,ADANIENT,False
2026-07-01,3020.0,98.05,3022.8,-98.3244,-3.1243999999999943,0.008,125,-98.3244,False,-98.3244,False,-98.3244,False,ADANIENT,False
2026-07-02,3160.0,95.85,3162.5,6.443780000000099,30.54378000000001,0.208,125,6.443780000000099,False,6.443780000000099,False,6.443780000000099,False,ADANIENT,False
2026-07-03,3140.0,86.55,3136.6,-53.23642000000017,29.96358000000001,0.192,125,-53.23642000000017,False,-53.23642000000017,False,-53.23642000000017,False,ADANIENT,False
2026-07-06,3200.0,112.05,3191.5,-60.35962000000018,54.44037999999999,0.168,125,-60.35962000000018,False,-60.35962000000018,False,-60.35962000000018,False,ADANIENT,False
2026-07-07,3180.0,94.2,3186.0,1.666460000000003,52.216459999999984,0.44,125,46.566460000000006,True,1.666460000000003,False,1.666460000000003,False,ADANIENT,False
2026-07-08,3120.0,96.2,3118.6,-96.46922,12.48078,0.184,125,-96.46922,False,-96.46922,False,-96.46922,False,ADANIENT,False
2026-07-09,3060.0,105.55,3057.1,-105.8454,-2.9453999999999914,0.056,125,-105.8454,False,-105.8454,False,-105.8454,False,ADANIENT,False
2026-07-10,3100.0,90.8,3106.3,-91.05409999999999,-91.05409999999999,0.0,125,-91.05409999999999,False,-91.05409999999999,False,-91.05409999999999,False,ADANIENT,False
2026-07-13,3150.0,86.8,3147.8,-22.17504,3.5249600000000028,0.256,125,-22.17504,False,-22.17504,False,-22.17504,False,ADANIENT,False
2026-07-14,3160.0,83.3,3157.1,-83.53309999999999,7.2669,0.608,125,-83.53309999999999,False,-83.53309999999999,False,-83.53309999999999,False,ADANIENT,False
2026-07-15,3180.0,82.05,3187.8,-25.289619999999992,11.91038000000001,0.568,125,-25.289619999999992,False,-25.289619999999992,False,-25.289619999999992,False,ADANIENT,False
2026-07-16,3150.0,78.05,3150.0,-55.68182000000017,-0.38181999999999383,0.224,125,-55.68182000000017,False,-55.68182000000017,False,-55.68182000000017,False,ADANIENT,False
2026-07-17,3160.0,66.7,3161.4,93.7124399999999,93.7124399999999,0.376,125,32.71244000000001,True,66.06244000000001,True,93.7124399999999,False,ADANIENT,False
2026-07-20,3150.0,67.55,3151.2,42.501459999999916,83.0014599999999,0.048,125,33.27645999999999,True,67.05145999999999,True,42.501459999999916,False,ADANIENT,False
2026-07-21,3200.0,68.2,3193.1,129.00492,132.1049199999999,0.312,125,33.35492000000001,True,67.45492,True,129.00492,False,ADANIENT,False
2026-07-22,3160.0,50.3,3162.5,81.63843999999999,110.2384399999999,0.072,125,24.638439999999992,True,49.788439999999994,True,100.08843999999998,True,ADANIENT,False
2026-07-23,3120.0,36.599999999999994,3127.3,73.53811999999992,104.63811999999982,0.056,125,17.888119999999997,True,36.18812,True,72.78811999999999,True,ADANIENT,False
2026-07-24,3000.0,49.699999999999996,2998.9,-49.83902,65.36098,0.232,125,24.710980000000003,True,49.560979999999994,True,-49.83902,False,ADANIENT,False
2026-07-27,3040.0,27.45,3039.4,-27.52672,34.123279999999816,0.232,125,13.648279999999998,True,27.373279999999998,True,-27.52672,False,ADANIENT,False
2026-07-28,3000.0,5.05,3002.0,-5.064,110.13600000000001,0.168,125,2.5109999999999997,True,5.036,True,10.085999999999999,True,ADANIENT,False
2026-07-29,3100.0,116.6,3027.5,-67.11619999999999,47.383799999999994,0.64,125,-67.11619999999999,False,-67.11619999999999,False,-67.11619999999999,False,ADANIENT,False
2026-07-30,3050.0,108.05,3009.4,-103.41626,-2.0162599999999884,0.064,125,-103.41626,False,-103.41626,False,-103.41626,False,ADANIENT,False
2026-07-31,3100.0,140.05,3042.1,-24.76680000000001,-6.116800000000034,0.464,125,-24.76680000000001,False,-24.76680000000001,False,-24.76680000000001,False,ADANIENT,False
2026-08-03,3100.0,112.05,3052.95,6.253340000000006,12.203340000000008,0.464,125,6.253340000000006,False,6.253340000000006,False,6.253340000000006,False,ADANIENT,False
2026-08-04,3150.0,118.89999999999999,3077.6,20.325359999999996,45.425359999999905,0.68,125,20.325359999999996,False,20.325359999999996,False,20.325359999999996,False,ADANIENT,False
2026-08-05,3150.0,119.05,3071.1,34.634339999999995,45.234339999999904,0.488,125,34.634339999999995,False,34.634339999999995,False,34.634339999999995,False,ADANIENT,False
2026-08-06,3100.0,104.7,3044.6,38.504059999999974,48.554059999999986,0.744,125,38.504059999999974,False,38.504059999999974,False,38.504059999999974,False,ADANIENT,False
2026-08-07,3100.0,109.75,3024.4,29.40126000000008,56.1012599999999,0.64,125,54.17626,True,29.40126000000008,False,29.40126000000008,False,ADANIENT,False
2026-08-10,3050.0,98.64999999999999,3006.6,-85.01513999999999,31.434859999999986,0.776,125,-85.01513999999999,False,-85.01513999999999,False,-85.01513999999999,False,ADANIENT,False
2026-08-11,3050.0,80.7,3015.9,-56.54428,49.405719999999974,0.64,125,40.05572000000001,True,-56.54428,False,-56.54428,False,ADANIENT,False
2026-08-12,3000.0,102.64999999999999,2976.3,-102.93727999999999,0.06272000000000855,0.42857142857142855,119,-102.93727999999999,False,-102.93727999999999,False,-102.93727999999999,False,ADANIENT,False
2026-08-13,3000.0,69.0,2974.0,-69.19306,32.05694,0.3010752688172043,93,-69.19306,False,-69.19306,False,-69.19306,False,ADANIENT,False
2026-08-14,3000.0,83.05,2958.5,-83.2824,-3.432399999999989,0.029850746268656716,67,-83.2824,False,-83.2824,False,-83.2824,False,ADANIENT,False
2026-08-17,3100.0,84.75,3038.0,5.409020000000005,21.909020000000005,0.9512195121951219,41,5.409020000000005,False,5.409020000000005,False,5.409020000000005,False,ADANIENT,False
2026-06-25,1530.0,26.55,1533.4,-26.624200000000002,34.07580000000001,0.168,125,13.200800000000003,True,26.4758,True,-26.624200000000002,False,ADANIGREEN,False
2026-06-29,1490.0,13.4,1491.2,-13.437380000000001,48.512620000000005,0.224,125,6.662620000000001,True,13.36262,True,26.762620000000005,True,ADANIGREEN,False
2026-06-30,1500.0,4.2,1498.7,-4.21162,11.23838,0.04,125,2.0883800000000003,True,4.18838,True,8.388380000000002,True,ADANIGREEN,False
2026-07-01,1490.0,62.05,1489.0,-62.2236,-0.8235999999999915,0.024,125,-62.2236,False,-62.2236,False,-62.2236,False,ADANIGREEN,False
2026-07-02,1510.0,62.0,1512.0,-62.17346,-1.17346,0.008,125,-62.17346,False,-62.17346,False,-62.17346,False,ADANIGREEN,False
2026-07-03,1540.0,57.0,1538.1,-19.71460000000009,5.335400000000002,0.192,125,-19.71460000000009,False,-19.71460000000009,False,-19.71460000000009,False,ADANIGREEN,False
2026-07-06,1560.0,64.85,1561.6,-6.296359999999988,10.753640000000008,0.04,125,-6.296359999999988,False,-6.296359999999988,False,-6.296359999999988,False,ADANIGREEN,False
2026-07-07,1550.0,60.849999999999994,1548.0,-49.90145999999994,4.8985400000000086,0.104,125,-49.90145999999994,False,-49.90145999999994,False,-49.90145999999994,False,ADANIGREEN,False
2026-07-08,1520.0,63.05,1516.0,-63.2264,-0.2763999999999943,0.04,125,-63.2264,False,-63.2264,False,-63.2264,False,ADANIGREEN,False
2026-07-09,1520.0,57.699999999999996,1516.1,-57.861419999999995,-2.21141999999999,0.008,125,-57.861419999999995,False,-57.861419999999995,False,-57.861419999999995,False,ADANIGREEN,False
2026-07-10,1500.0,60.8,1502.4,-60.970099999999995,-60.970099999999995,0.0,125,-60.970099999999995,False,-60.970099999999995,False,-60.970099999999995,False,ADANIGREEN,False
2026-07-13,1560.0,56.15,1557.7,-5.79889999999995,2.3511000000000055,0.192,125,-5.79889999999995,False,-5.79889999999995,False,-5.79889999999995,False,ADANIGREEN,False
2026-07-14,1540.0,57.9,1538.8,-49.23675999999991,-3.986759999999997,0.056,125,-49.23675999999991,False,-49.23675999999991,False,-49.23675999999991,False,ADANIGREEN,False
2026-07-15,1600.0,58.599999999999994,1598.5,17.272559999999963,42.07255999999992,0.0,125,28.922559999999997,True,17.272559999999963,False,17.272559999999963,False,ADANIGREEN,True
2026-07-16,1550.0,54.05,1547.0,70.59838000000005,70.59838000000005,0.096,125,26.523379999999992,True,53.548379999999995,True,70.59838000000005,False,ADANIGREEN,False
2026-07-17,1530.0,55.05,1531.9,106.49198000000004,106.49198000000004,0.232,125,26.91697999999999,True,54.441979999999994,True,106.49198000000004,False,ADANIGREEN,False
2026-07-20,1510.0,56.55,1509.3,43.360820000000096,86.46082,0.12,125,27.83581999999999,True,56.11082,True,43.360820000000096,False,ADANIGREEN,False
2026-07-21,1530.0,46.849999999999994,1531.1,95.76814000000005,116.06814,0.056,125,22.893139999999995,True,46.31813999999999,True,93.16814,True,ADANIGREEN,False
2026-07-22,1520.0,44.8,1523.7,92.13983999999999,108.13983999999999,0.088,125,21.889839999999992,True,44.28984,True,89.08983999999998,True,ADANIGREEN,False
2026-07-23,1430.0,35.05,1424.8,38.19605999999992,38.19605999999992,0.288,125,17.221059999999998,True,34.74606,True,38.19605999999992,False,ADANIGREEN,False
2026-07-24,1400.0,56.099999999999994,1367.8,-15.0227199999999,-9.472719999999988,0.048,125,-15.0227199999999,False,-15.0227199999999,False,-15.0227199999999,False,ADANIGREEN,False
2026-07-27,1430.0,29.650000000000002,1409.6,-16.519980000000047,44.98001999999995,0.136,125,14.70502,True,29.530020000000004,True,-16.519980000000047,False,ADANIGREEN,False
2026-07-28,1420.0,33.599999999999994,1386.8,-8.813799999999995,30.986199999999965,0.232,125,16.6362,True,-8.813799999999995,False,-8.813799999999995,False,ADANIGREEN,False
2026-07-29,1380.0,55.849999999999994,1382.5,-15.270619999999992,3.2793800000000113,0.28,125,-15.270619999999992,False,-15.270619999999992,False,-15.270619999999992,False,ADANIGREEN,False
2026-07-30,1360.0,43.9,1356.4,-44.02278,7.527220000000006,0.288,125,-44.02278,False,-44.02278,False,-44.02278,False,ADANIGREEN,False
2026-07-31,1360.0,53.4,1358.6,-53.54938,-3.7993799999999984,0.088,125,-53.54938,False,-53.54938,False,-53.54938,False,ADANIGREEN,False
2026-08-03,1420.0,49.099999999999994,1416.7,-0.42439999999999145,6.5756000000000085,0.072,125,-0.42439999999999145,False,-0.42439999999999145,False,-0.42439999999999145,False,ADANIGREEN,False
2026-08-04,1400.0,54.05,1403.7,-21.842059999999993,-5.392059999999992,0.192,125,-21.842059999999993,False,-21.842059999999993,False,-21.842059999999993,False,ADANIGREEN,False
2026-08-05,1400.0,44.05,1398.4,-4.235340000000085,3.5146600000000072,0.04,125,-4.235340000000085,False,-4.235340000000085,False,-4.235340000000085,False,ADANIGREEN,False
2026-08-06,1380.0,44.599999999999994,1378.0,-0.2994800000000821,16.400519999999965,0.464,125,-0.2994800000000821,False,-0.2994800000000821,False,-0.2994800000000821,False,ADANIGREEN,False
2026-08-07,1380.0,31.6,1371.9,28.791840000000047,30.69183999999991,0.256,125,15.541840000000004,True,28.791840000000047,False,28.791840000000047,False,ADANIGREEN,False
2026-08-10,1360.0,35.0,1367.4,3.992380000000003,17.142380000000003,0.6,125,3.992380000000003,False,3.992380000000003,False,3.992380000000003,False,ADANIGREEN,False
2026-08-11,1360.0,35.25,1368.6,-4.485220000000001,16.91478,0.536,125,-4.485220000000001,False,-4.485220000000001,False,-4.485220000000001,False,ADANIGREEN,False
2026-08-12,1360.0,33.949999999999996,1352.0,7.8873399999999165,18.187340000000006,0.3709677419354839,124,16.762340000000002,True,7.8873399999999165,False,7.8873399999999165,False,ADANIGREEN,False
2026-08-13,1340.0,34.05,1332.5,-12.15694000000009,10.793060000000002,0.8061224489795918,98,-12.15694000000009,False,-12.15694000000009,False,-12.15694000000009,False,ADANIGREEN,False
2026-08-14,1320.0,28.85,1321.0,-4.648820000000003,0.001179999999998571,0.5,72,-4.648820000000003,False,-4.648820000000003,False,-4.648820000000003,False,ADANIGREEN,False
2026-08-17,1340.0,28.1,1338.0,-6.190280000000093,7.959720000000002,0.5869565217391305,46,-6.190280000000093,False,-6.190280000000093,False,-6.190280000000093,False,ADANIGREEN,False
2026-08-10,1680.0,32.05,1677.4,-32.139599999999994,15.160400000000006,0.64,125,-32.139599999999994,False,-32.139599999999994,False,-32.139599999999994,False,ADANIPORTS,False
2026-08-11,1680.0,22.05,1681.9,-22.1116,25.188400000000005,0.552,125,10.963400000000002,True,21.988400000000002,True,-22.1116,False,ADANIPORTS,False
2026-08-12,1660.0,37.25,1663.0,-37.35416,-0.10416,0.45,120,-37.35416,False,-37.35416,False,-37.35416,False,ADANIPORTS,False
2026-08-13,1660.0,30.400000000000002,1654.2,-30.484980000000004,4.965020000000001,0.2978723404255319,94,-30.484980000000004,False,-30.484980000000004,False,-30.484980000000004,False,ADANIPORTS,False
2026-08-14,1660.0,26.1,1669.4,-26.17294,-8.822940000000003,0.029411764705882353,68,-26.17294,False,-26.17294,False,-26.17294,False,ADANIPORTS,False
2026-08-17,1700.0,26.85,1693.5,-7.030900000000002,9.219100000000001,0.5952380952380952,42,-7.030900000000002,False,-7.030900000000002,False,-7.030900000000002,False,ADANIPORTS,False
2026-06-25,230.0,2.55,230.7,11.014891999999998,11.234892,0.664,125,1.229892,True,2.504892,True,5.054892,True,ADANIPOWER,False
2026-06-29,225.0,2.3299999999999996,226.0,1.0840119999999904,8.804011999999998,0.312,125,1.1490119999999997,True,2.3140119999999995,True,4.644011999999998,True,ADANIPOWER,False
2026-06-30,225.0,2.1799999999999997,224.3,11.904472,11.904472,0.28,125,1.0444719999999998,True,2.1344719999999997,True,4.314471999999999,True,ADANIPOWER,False
2026-07-02,230.0,12.510000000000002,224.9,-1.775128000000008,2.614871999999998,0.592,125,-1.775128000000008,False,-1.775128000000008,False,-1.775128000000008,False,ADANIPOWER,False
2026-07-03,230.0,13.780000000000001,223.87,-2.2509239999999964,1.3390759999999984,0.392,125,-2.2509239999999964,False,-2.2509239999999964,False,-2.2509239999999964,False,ADANIPOWER,False
2026-07-07,227.5,12.92,220.89,-3.333056000000012,1.6369439999999993,0.344,125,-3.333056000000012,False,-3.333056000000012,False,-3.333056000000012,False,ADANIPOWER,False
2026-07-08,227.5,14.680000000000001,219.8,-4.6891320000000025,-0.12913200000000227,0.36,125,-4.6891320000000025,False,-4.6891320000000025,False,-4.6891320000000025,False,ADANIPOWER,False
2026-07-09,227.5,12.63,220.27499999999998,-2.7430840000000014,1.816915999999999,0.376,125,-2.7430840000000014,False,-2.7430840000000014,False,-2.7430840000000014,False,ADANIPOWER,False
2026-07-10,225.0,13.15,217.45,-2.9354639999999885,0.44453599999999976,0.328,125,-2.9354639999999885,False,-2.9354639999999885,False,-2.9354639999999885,False,ADANIPOWER,False
2026-07-13,225.0,13.430000000000001,217.09,-2.8472840000000135,0.1627159999999987,0.224,125,-2.8472840000000135,False,-2.8472840000000135,False,-2.8472840000000135,False,ADANIPOWER,False
2026-07-14,225.0,12.06,217.8,-8.902588,1.247411999999999,0.224,125,-8.902588,False,-8.902588,False,-8.902588,False,ADANIPOWER,False
2026-07-15,227.5,10.0,223.71,-1.3023599999999893,3.5576399999999957,0.464,125,-1.3023599999999893,False,-1.3023599999999893,False,-1.3023599999999893,False,ADANIPOWER,False
2026-07-16,225.0,12.22,217.5,-3.3989399999999947,1.071059999999999,0.36,125,-3.3989399999999947,False,-3.3989399999999947,False,-3.3989399999999947,False,ADANIPOWER,False
2026-07-17,220.0,11.05,214.67,-3.013452000000001,-0.15345200000000142,0.472,125,-3.013452000000001,False,-3.013452000000001,False,-3.013452000000001,False,ADANIPOWER,False
2026-07-20,220.0,9.760000000000002,214.3,-2.707068000000001,0.212931999999998,0.472,125,-2.707068000000001,False,-2.707068000000001,False,-2.707068000000001,False,ADANIPOWER,False
2026-07-22,225.0,9.8,217.8,5.559495999999989,6.969495999999985,0.184,125,4.829496000000001,True,5.559495999999989,False,5.559495999999989,False,ADANIPOWER,False
2026-07-23,220.0,6.21,215.79,4.353043999999996,5.583043999999986,0.544,125,3.0580439999999998,True,4.353043999999996,False,4.353043999999996,False,ADANIPOWER,False
2026-07-24,210.0,4.069999999999999,210.5,2.5401520000000013,4.500152,0.616,125,2.0051519999999994,True,4.040151999999999,True,2.5401520000000013,False,ADANIPOWER,False
2026-07-27,220.0,5.74,215.1,3.667607999999999,6.227608000000001,0.2,125,2.8276079999999992,True,5.697608,True,3.667607999999999,False,ADANIPOWER,False
2026-07-28,210.0,2.2199999999999998,211.0,-2.226076,6.373924,0.848,125,1.103924,True,2.2139239999999996,True,4.433923999999999,True,ADANIPOWER,False
2026-07-29,210.0,7.99,209.27,-1.8595080000000004,0.5704919999999994,0.816,125,-1.8595080000000004,False,-1.8595080000000004,False,-1.8595080000000004,False,ADANIPOWER,False
2026-07-30,210.0,8.23,209.34,-0.6941280000000003,0.3258719999999992,0.816,125,-0.6941280000000003,False,-0.6941280000000003,False,-0.6941280000000003,False,ADANIPOWER,False
2026-07-31,210.0,7.05,210.82,-0.29861199999999977,0.9913880000000003,0.816,125,-0.29861199999999977,False,-0.29861199999999977,False,-0.29861199999999977,False,ADANIPOWER,False
2026-08-03,215.0,5.6899999999999995,214.11,2.750463999999999,5.290464,0.904,125,2.8054640000000006,True,2.750463999999999,False,2.750463999999999,False,ADANIPOWER,False
2026-08-04,215.0,8.31,212.6,-3.037995999999987,2.672003999999999,0.728,125,-3.037995999999987,False,-3.037995999999987,False,-3.037995999999987,False,ADANIPOWER,False
2026-08-05,210.0,6.1499999999999995,210.48,-0.582759999999999,1.8972400000000007,1.0,125,-0.582759999999999,False,-0.582759999999999,False,-0.582759999999999,False,ADANIPOWER,False
2026-08-06,205.0,5.62,207.33,-1.5470759999999997,-0.3870760000000003,0.2,125,-1.5470759999999997,False,-1.5470759999999997,False,-1.5470759999999997,False,ADANIPOWER,False
2026-08-07,210.0,6.71,208.54,-0.1670719999999999,1.552927999999999,1.0,125,-0.1670719999999999,False,-0.1670719999999999,False,-0.1670719999999999,False,ADANIPOWER,False
2026-08-10,210.0,5.84,208.7,1.0743280000000004,2.424327999999999,1.0,125,1.0743280000000004,False,1.0743280000000004,False,1.0743280000000004,False,ADANIPOWER,False
2026-08-11,210.0,5.08,210.38,2.424804,3.7848039999999985,0.96,125,2.504804,True,2.424804,False,2.424804,False,ADANIPOWER,False
2026-08-12,210.0,5.66,208.17,-3.1827079999999888,3.2172919999999983,0.8292682926829268,123,2.807292,True,-3.1827079999999888,False,-3.1827079999999888,False,ADANIPOWER,False
2026-08-13,205.0,6.14,205.81,-3.6740239999999993,-0.5040239999999996,0.9484536082474226,97,-3.6740239999999993,False,-3.6740239999999993,False,-3.6740239999999993,False,ADANIPOWER,False
2026-08-14,205.0,4.16,205.68,-1.68848,1.48152,0.9295774647887324,71,-1.68848,False,-1.68848,False,-1.68848,False,ADANIPOWER,False
2026-08-17,205.0,4.12,205.36,-1.6483679999999998,1.521632,0.9111111111111111,45,-1.6483679999999998,False,-1.6483679999999998,False,-1.6483679999999998,False,ADANIPOWER,False
2026-06-29,5500.0,54.15,5481.0,-54.30148,70.04852000000001,0.24,125,26.923519999999996,True,53.99852,True,-54.30148,False,ALKEM,False
2026-06-30,5450.0,29.1,5473.0,-29.181340000000002,-6.231340000000002,0.032,125,-29.181340000000002,False,-29.181340000000002,False,-29.181340000000002,False,ALKEM,False
2026-07-01,5550.0,130.05,5570.0,-130.41400000000002,17.735999999999965,0.568,125,-130.41400000000002,False,-130.41400000000002,False,-130.41400000000002,False,ALKEM,False
2026-07-02,5550.0,123.05,5546.0,-123.39439999999999,8.905599999999986,0.392,125,-123.39439999999999,False,-123.39439999999999,False,-123.39439999999999,False,ALKEM,False
2026-07-03,5500.0,110.05,5516.5,-110.358,-7.058,0.008,125,-110.358,False,-110.358,False,-110.358,False,ALKEM,False
2026-07-06,5600.0,129.4,5621.0,-29.6433,-2.6433,0.136,125,-29.6433,False,-29.6433,False,-29.6433,False,ALKEM,False
2026-07-07,5700.0,132.20000000000002,5696.0,-49.852280000000015,42.14771999999997,0.176,125,-49.852280000000015,False,-49.852280000000015,False,-49.852280000000015,False,ALKEM,False
2026-07-08,5700.0,115.05,5702.5,-83.01285999999999,59.48713999999999,0.072,125,57.11213999999999,True,-83.01285999999999,False,-83.01285999999999,False,ALKEM,False
2026-07-09,5650.0,114.05,5661.5,-33.147259999999996,17.35273999999999,0.56,125,-33.147259999999996,False,-33.147259999999996,False,-33.147259999999996,False,ALKEM,False
2026-07-10,5700.0,131.60000000000002,5701.0,-20.83040000000002,42.66959999999997,0.144,125,-20.83040000000002,False,-20.83040000000002,False,-20.83040000000002,False,ALKEM,False
2026-07-13,5650.0,98.55,5640.0,-18.95007999999999,32.899919999999995,0.344,125,-18.95007999999999,False,-18.95007999999999,False,-18.95007999999999,False,ALKEM,False
2026-07-14,5550.0,105.05,5554.5,-105.344,11.806000000000008,0.136,125,-105.344,False,-105.344,False,-105.344,False,ALKEM,False
2026-07-15,5600.0,106.05,5592.0,-59.02965999999999,7.7203400000000055,0.104,125,-59.02965999999999,False,-59.02965999999999,False,-59.02965999999999,False,ALKEM,False
2026-07-16,5650.0,95.64999999999999,5667.0,9.735660000000012,44.235659999999996,0.368,125,9.735660000000012,False,9.735660000000012,False,9.735660000000012,False,ALKEM,False
2026-07-17,5650.0,79.89999999999999,5626.0,-32.30783999999999,60.192159999999994,0.312,125,39.59216,True,-32.30783999999999,False,-32.30783999999999,False,ALKEM,False
2026-07-20,5600.0,80.05,5620.0,-80.274,10.176000000000005,0.424,125,-80.274,False,-80.274,False,-80.274,False,ALKEM,False
2026-07-21,5650.0,81.5,5625.5,-47.87312,58.626879999999986,0.256,125,40.42688,True,-47.87312,False,-47.87312,False,ALKEM,False
2026-07-22,5550.0,74.0,5541.0,-74.20706,0.9429400000000057,0.136,125,-74.20706,False,-74.20706,False,-74.20706,False,ALKEM,False
2026-07-23,5550.0,45.849999999999994,5560.5,-45.97823999999999,21.871760000000013,0.072,125,-45.97823999999999,False,-45.97823999999999,False,-45.97823999999999,False,ALKEM,False
2026-07-24,5600.0,48.5,5602.0,-48.63566,6.664340000000005,0.264,125,-48.63566,False,-48.63566,False,-48.63566,False,ALKEM,False
2026-07-27,5650.0,20.05,5672.0,-20.106,35.84400000000001,0.264,125,9.969000000000003,True,19.994,True,-20.106,False,ALKEM,False
2026-07-28,5600.0,23.05,5616.0,110.46054,128.46053999999998,0.096,125,11.085540000000002,True,22.61054,True,45.66054000000001,True,ALKEM,False
2026-07-29,5700.0,179.55,5689.0,-105.31246,-9.812460000000023,0.488,125,-105.31246,False,-105.31246,False,-105.31246,False,ALKEM,False
2026-07-30,5700.0,160.05,5717.5,-68.80546000000001,6.694539999999977,0.344,125,-68.80546000000001,False,-68.80546000000001,False,-68.80546000000001,False,ALKEM,False
2026-07-31,5800.0,160.0,5802.5,-22.38552000000001,61.114479999999986,0.072,125,-22.38552000000001,False,-22.38552000000001,False,-22.38552000000001,False,ALKEM,False
2026-08-03,5700.0,155.05,5694.0,-31.38246000000001,11.617539999999977,0.336,125,-31.38246000000001,False,-31.38246000000001,False,-31.38246000000001,False,ALKEM,False
2026-08-04,5700.0,167.55,5692.0,25.88653999999998,50.886539999999975,0.128,125,25.88653999999998,False,25.88653999999998,False,25.88653999999998,False,ALKEM,False
2026-08-05,5600.0,122.2,5591.0,23.497919999999986,68.14791999999998,0.52,125,60.34792000000001,True,23.497919999999986,False,23.497919999999986,False,ALKEM,False
2026-08-06,5700.0,163.05,5682.0,96.21433999999998,115.71433999999998,0.0,125,80.33934,True,96.21433999999998,False,96.21433999999998,False,ALKEM,False
2026-08-07,5600.0,155.05,5592.0,56.371139999999976,56.371139999999976,0.336,125,56.371139999999976,False,56.371139999999976,False,56.371139999999976,False,ALKEM,False
2026-08-10,5650.0,145.75,5654.5,73.17617999999999,261.17618,0.016,125,71.85118,True,144.72618,True,73.17617999999999,False,ALKEM,False
2026-08-11,5500.0,136.4,5524.5,-52.06964,120.93035999999998,0.632,125,67.58036000000001,True,-52.06964,False,-52.06964,False,ALKEM,False
2026-08-12,5450.0,101.05,5470.0,-39.45653999999999,106.44345999999999,0.8429752066115702,121,50.068459999999995,True,100.59346,True,-39.45653999999999,False,ALKEM,False
2026-08-13,5450.0,126.55,5430.5,-65.02794,80.87205999999999,0.8315789473684211,95,62.74705999999999,True,-65.02794,False,-65.02794,False,ALKEM,False
2026-08-14,5400.0,117.64999999999999,5404.0,-117.97927999999999,39.97072,0.4492753623188406,69,-117.97927999999999,False,-117.97927999999999,False,-117.97927999999999,False,ALKEM,False
2026-08-17,5400.0,97.6,5400.5,-97.87313999999999,-23.72313999999999,0.18604651162790697,43,-97.87313999999999,False,-97.87313999999999,False,-97.87313999999999,False,ALKEM,False
2026-06-25,7800.0,139.20000000000002,7844.5,244.28251999999998,257.28252,0.104,125,68.13252,True,137.73252000000002,True,244.28251999999998,False,AMBER,False
2026-06-29,7600.0,75.6,7615.5,39.81380000000001,215.3638,0.056,125,37.263799999999996,True,75.0638,True,150.66379999999998,True,AMBER,False
2026-06-30,7400.0,23.05,7431.5,-23.1144,258.6856,0.264,125,11.460600000000003,True,22.9856,True,46.03560000000001,True,AMBER,False
2026-07-01,7600.0,291.6,7559.0,-33.34378000000001,39.456219999999945,0.312,125,-33.34378000000001,False,-33.34378000000001,False,-33.34378000000001,False,AMBER,False
2026-07-02,7400.0,308.0,7446.5,-308.86226,-27.062259999999988,0.24,125,-308.86226,False,-308.86226,False,-308.86226,False,AMBER,False
2026-07-03,7400.0,288.75,7415.0,-289.55836,-18.708360000000035,0.072,125,-289.55836,False,-289.55836,False,-289.55836,False,AMBER,False
2026-07-06,7500.0,235.5,7484.0,-236.15926,24.79073999999999,0.04,125,-236.15926,False,-236.15926,False,-236.15926,False,AMBER,False
2026-07-07,7600.0,270.05,7575.5,-270.806,19.893999999999977,0.432,125,-270.806,False,-270.806,False,-270.806,False,AMBER,False
2026-07-08,7600.0,242.25,7594.5,-242.92816,37.37184000000001,0.312,125,-242.92816,False,-242.92816,False,-242.92816,False,AMBER,False
2026-07-09,7600.0,238.9,7591.5,-239.56878,25.231220000000008,0.176,125,-239.56878,False,-239.56878,False,-239.56878,False,AMBER,False
2026-07-10,7700.0,226.55,7692.0,-227.1842,25.015799999999977,0.104,125,-227.1842,False,-227.1842,False,-227.1842,False,AMBER,False
2026-07-13,7800.0,260.1,7807.5,-182.59780000000003,-8.097800000000035,0.416,125,-182.59780000000003,False,-182.59780000000003,False,-182.59780000000003,False,AMBER,False
2026-07-14,7700.0,190.55,7676.5,-191.0834,61.11659999999998,0.04,125,-191.0834,False,-191.0834,False,-191.0834,False,AMBER,False
2026-07-15,7900.0,230.10000000000002,7856.0,69.36319999999996,69.36319999999996,0.304,125,69.36319999999996,False,69.36319999999996,False,69.36319999999996,False,AMBER,False
2026-07-16,7900.0,200.55,7884.5,225.14173999999997,245.64173999999997,0.232,125,98.51674000000003,True,198.79174,True,225.14173999999997,False,AMBER,False
2026-07-17,8000.0,180.05,7977.0,523.91794,523.91794,0.0,125,87.54294000000003,True,177.56794000000002,True,357.6179400000001,True,AMBER,False
2026-07-20,7700.0,187.10000000000002,7721.5,225.16719999999998,286.1672,0.112,125,91.86720000000001,True,185.41720000000004,True,225.16719999999998,False,AMBER,False
2026-07-21,7800.0,142.5,7790.0,398.03228000000007,430.53228000000007,0.0,125,69.33228,True,140.58228,True,283.08228,True,AMBER,False
2026-07-22,7600.0,151.25,7599.0,157.40877999999998,245.40877999999998,0.112,125,74.33378,True,149.95878,True,157.40877999999998,False,AMBER,False
2026-07-23,7500.0,118.95,7472.5,-49.03018,178.46982,0.024,125,58.94482000000001,True,118.41982,True,-49.03018,False,AMBER,False
2026-07-24,7300.0,95.05,7293.5,-95.316,190.684,0.368,125,47.25899999999999,True,94.78399999999999,True,189.83399999999997,True,AMBER,False
2026-07-27,7300.0,31.6,7286.0,-31.68834,254.31166000000002,0.216,125,15.711660000000004,True,31.511660000000003,True,63.11166000000001,True,AMBER,False
2026-07-28,7300.0,14.200000000000001,7257.5,-14.23962,271.76038,0.016,125,7.060379999999999,True,14.160380000000002,True,28.36038,True,AMBER,False
2026-07-29,7300.0,341.1,7290.0,-342.05494000000004,-79.45494000000005,0.024,125,-342.05494000000004,False,-342.05494000000004,False,-342.05494000000004,False,AMBER,False
2026-07-30,7400.0,285.0,7429.5,-285.79786,11.152139999999989,0.392,125,-285.79786,False,-285.79786,False,-285.79786,False,AMBER,False
2026-07-31,7400.0,248.05,7439.5,3.4973399999999772,24.897339999999954,0.352,125,3.4973399999999772,False,3.4973399999999772,False,3.4973399999999772,False,AMBER,False
2026-08-03,7500.0,263.3,7452.5,-187.80116,24.948839999999976,0.528,125,-187.80116,False,-187.80116,False,-187.80116,False,AMBER,False
2026-08-04,7400.0,308.05,7445.0,74.46113999999997,74.46113999999997,0.408,125,74.46113999999997,False,74.46113999999997,False,74.46113999999997,False,AMBER,False
2026-08-05,7400.0,276.05,7423.5,23.783139999999978,106.78313999999997,0.248,125,23.783139999999978,False,23.783139999999978,False,23.783139999999978,False,AMBER,False
2026-08-06,7500.0,254.70000000000002,7507.5,226.68331999999998,283.18332,0.16,125,125.28331999999999,True,252.63332000000003,True,226.68331999999998,False,AMBER,False
2026-08-07,7400.0,263.2,7387.0,33.17892,175.17892,0.136,125,130.02891999999997,True,33.17892,False,33.17892,False,AMBER,False
2026-08-10,7300.0,239.9,7316.0,-73.49072000000002,98.90927999999998,0.192,125,-73.49072000000002,False,-73.49072000000002,False,-73.49072000000002,False,AMBER,False
2026-08-11,7200.0,265.8,7155.0,-266.5441,21.405899999999978,0.256,125,-266.5441,False,-266.5441,False,-266.5441,False,AMBER,False
2026-08-12,7000.0,275.05,7030.0,-275.82,-8.02,0.3135593220338983,118,-275.82,False,-275.82,False,-275.82,False,AMBER,False
2026-08-13,7000.0,211.9,7020.5,-212.49318,27.206819999999983,0.11956521739130435,92,-212.49318,False,-212.49318,False,-212.49318,False,AMBER,False
2026-08-14,7100.0,264.5,7109.0,-265.24046,-100.54046000000001,0.030303030303030304,66,-265.24046,False,-265.24046,False,-265.24046,False,AMBER,False
2026-08-17,7300.0,149.05,7271.5,-26.263140000000014,-18.06314000000001,0.95,40,-26.263140000000014,False,-26.263140000000014,False,-26.263140000000014,False,AMBER,False
2026-08-10,430.0,8.5,432.45,3.7917599999999765,4.991760000000022,0.192,125,4.19176,True,3.7917599999999765,False,3.7917599999999765,False,AMBUJACEM,False
2026-08-11,430.0,9.100000000000001,430.2,5.084760000000009,11.08476000000001,0.072,125,4.4847600000000005,True,9.034760000000002,True,5.084760000000009,False,AMBUJACEM,False
2026-08-12,425.0,7.25,424.15,4.795959999999977,7.945960000000011,0.46218487394957986,119,3.57096,True,7.19596,True,4.795959999999977,False,AMBUJACEM,False
2026-08-13,420.0,5.6,421.0,1.4645799999999778,4.614580000000011,0.7526881720430108,93,2.764579999999999,True,1.4645799999999778,False,1.4645799999999778,False,AMBUJACEM,False
2026-08-14,415.0,4.6499999999999995,417.0,0.2732600000000007,2.7232600000000007,0.9402985074626866,67,2.29826,True,0.2732600000000007,False,0.2732600000000007,False,AMBUJACEM,False
2026-08-17,415.0,5.6,414.35,-0.6793999999999994,1.7706000000000006,1.0,41,-0.6793999999999994,False,-0.6793999999999994,False,-0.6793999999999994,False,AMBUJACEM,False
2026-08-10,290.0,8.75,289.25,-1.4449399999999994,1.1550599999999993,0.784,125,-1.4449399999999994,False,-1.4449399999999994,False,-1.4449399999999994,False,ANGELONE,False
2026-08-11,295.0,8.55,295.7,-2.1418600000000003,3.108139999999999,0.64,125,-2.1418600000000003,False,-2.1418600000000003,False,-2.1418600000000003,False,ANGELONE,False
2026-08-12,290.0,7.35,290.2,-4.72786000000001,2.5721399999999996,0.7844827586206896,116,-4.72786000000001,False,-4.72786000000001,False,-4.72786000000001,False,ANGELONE,False
2026-08-13,290.0,7.95,291.2,-5.329540000000011,1.8704599999999996,0.7222222222222222,90,-5.329540000000011,False,-5.329540000000011,False,-5.329540000000011,False,ANGELONE,False
2026-08-14,290.0,6.8999999999999995,292.05,-4.276600000000011,2.9234,0.609375,64,-4.276600000000011,False,-4.276600000000011,False,-4.276600000000011,False,ANGELONE,False
2026-08-17,285.0,5.6499999999999995,283.6,-1.2281399999999993,0.5218600000000007,0.5,38,-1.2281399999999993,False,-1.2281399999999993,False,-1.2281399999999993,False,ANGELONE,False
2026-06-25,1800.0,17.400000000000002,1802.8,-17.448580000000003,38.05141999999999,0.464,125,8.65142,True,17.35142,True,34.751419999999996,True,APLAPOLLO,False
2026-06-29,1800.0,11.05,1806.3,-11.0808,44.419200000000004,0.304,125,5.494200000000002,True,11.019200000000001,True,22.069200000000006,True,APLAPOLLO,False
2026-06-30,1780.0,7.3999999999999995,1783.7,-7.420579999999999,49.52942,0.456,125,3.6794200000000004,True,7.37942,True,14.77942,True,APLAPOLLO,False
2026-07-01,1760.0,35.449999999999996,1766.9,-35.549119999999995,19.150880000000008,0.064,125,17.625880000000002,True,-35.549119999999995,False,-35.549119999999995,False,APLAPOLLO,False
2026-07-02,1780.0,52.099999999999994,1779.9,-52.24574,-2.4957399999999943,0.184,125,-52.24574,False,-52.24574,False,-52.24574,False,APLAPOLLO,False
2026-07-03,1800.0,49.55,1798.9,-49.688599999999994,2.311400000000003,0.312,125,-49.688599999999994,False,-49.688599999999994,False,-49.688599999999994,False,APLAPOLLO,False
2026-07-06,1820.0,45.05,1815.7,-3.9916399999999927,6.108360000000008,0.656,125,-3.9916399999999927,False,-3.9916399999999927,False,-3.9916399999999927,False,APLAPOLLO,False
2026-07-07,1820.0,47.05,1828.0,-11.332259999999994,4.117740000000008,0.712,125,-11.332259999999994,False,-11.332259999999994,False,-11.332259999999994,False,APLAPOLLO,False
2026-07-08,1800.0,47.099999999999994,1808.4,-47.231739999999995,3.4682600000000083,0.312,125,-47.231739999999995,False,-47.231739999999995,False,-47.231739999999995,False,APLAPOLLO,False
2026-07-09,1800.0,38.75,1810.0,-8.094740000000002,7.80526,0.28,125,-8.094740000000002,False,-8.094740000000002,False,-8.094740000000002,False,APLAPOLLO,False
2026-07-10,1820.0,44.8,1816.0,-22.039559999999998,0.9604400000000057,0.712,125,-22.039559999999998,False,-22.039559999999998,False,-22.039559999999998,False,APLAPOLLO,False
2026-07-13,1820.0,42.349999999999994,1817.7,-6.868399999999991,3.3816000000000086,0.544,125,-6.868399999999991,False,-6.868399999999991,False,-6.868399999999991,False,APLAPOLLO,False
2026-07-14,1820.0,35.05,1824.3,-9.170939999999996,9.729060000000006,0.52,125,-9.170939999999996,False,-9.170939999999996,False,-9.170939999999996,False,APLAPOLLO,False
2026-07-15,1800.0,35.05,1803.6,-15.10428,4.245720000000006,0.384,125,-15.10428,False,-15.10428,False,-15.10428,False,APLAPOLLO,False
2026-07-16,1800.0,30.05,1809.3,-30.134,9.316000000000003,0.392,125,-30.134,False,-30.134,False,-30.134,False,APLAPOLLO,False
2026-07-17,1800.0,39.199999999999996,1794.9,-39.309619999999995,-0.4596199999999943,0.296,125,-39.309619999999995,False,-39.309619999999995,False,-39.309619999999995,False,APLAPOLLO,False
2026-07-20,1800.0,26.400000000000002,1802.6,-26.47378,0.7762199999999979,0.096,125,-26.47378,False,-26.47378,False,-26.47378,False,APLAPOLLO,False
2026-07-21,1820.0,27.95,1819.0,-28.028119999999998,1.67188,0.608,125,-28.028119999999998,False,-28.028119999999998,False,-28.028119999999998,False,APLAPOLLO,False
2026-07-23,1840.0,21.2,1839.0,-21.25922,6.790779999999909,0.376,125,-21.25922,False,-21.25922,False,-21.25922,False,APLAPOLLO,False
2026-07-24,1820.0,9.05,1813.0,-9.0752,10.324799999999998,0.224,125,4.4998000000000005,True,9.0248,True,-9.0752,False,APLAPOLLO,False
2026-07-27,1820.0,9.9,1829.3,-9.92758,49.42242,0.064,125,4.922420000000001,True,9.87242,True,19.772420000000004,True,APLAPOLLO,False
2026-07-28,1840.0,7.8999999999999995,1841.4,-7.92198,49.97802000000001,0.2,125,3.92802,True,7.878019999999999,True,15.778020000000001,True,APLAPOLLO,False
2026-07-29,1860.0,47.65,1862.1,-47.78328,3.666720000000004,0.32,125,-47.78328,False,-47.78328,False,-47.78328,False,APLAPOLLO,False
2026-07-30,1880.0,60.4,1875.2,-60.568979999999996,-0.6189799999999958,0.144,125,-60.568979999999996,False,-60.568979999999996,False,-60.568979999999996,False,APLAPOLLO,False
2026-07-31,1880.0,54.0,1879.4,-54.15106,5.798940000000003,0.032,125,-54.15106,False,-54.15106,False,-54.15106,False,APLAPOLLO,False
2026-08-03,1840.0,55.05,1847.9,-55.204,-14.103999999999996,0.008,125,-55.204,False,-55.204,False,-55.204,False,APLAPOLLO,False
2026-08-04,1960.0,56.949999999999996,1967.1,-57.10932,-5.909319999999993,0.4,125,-57.10932,False,-57.10932,False,-57.10932,False,APLAPOLLO,False
2026-08-05,1940.0,49.05,1932.7,-49.1872,1.2128000000000085,0.112,125,-49.1872,False,-49.1872,False,-49.1872,False,APLAPOLLO,False
2026-08-06,1960.0,48.05,1961.0,-48.1844,0.7656000000000057,0.312,125,-48.1844,False,-48.1844,False,-48.1844,False,APLAPOLLO,False
2026-08-07,1960.0,42.599999999999994,1963.1,-42.719139999999996,3.2308600000000087,0.248,125,-42.719139999999996,False,-42.719139999999996,False,-42.719139999999996,False,APLAPOLLO,False
2026-08-10,1960.0,36.3,1959.1,-36.4015,-0.6514999999999972,0.04,125,-36.4015,False,-36.4015,False,-36.4015,False,APLAPOLLO,False
2026-08-11,2000.0,35.449999999999996,2004.3,-35.549119999999995,1.8008800000000056,0.28,125,-35.549119999999995,False,-35.549119999999995,False,-35.549119999999995,False,APLAPOLLO,False
2026-08-12,2020.0,29.45,2017.1,-29.53232,13.867680000000007,0.2184873949579832,119,-29.53232,False,-29.53232,False,-29.53232,False,APLAPOLLO,False
2026-08-13,2000.0,35.9,1996.0,-36.00038,-6.05038,0.021505376344086023,93,-36.00038,False,-36.00038,False,-36.00038,False,APLAPOLLO,False
2026-08-14,2040.0,27.05,2040.1,-27.125600000000002,1.0243999999999978,0.08955223880597014,67,-27.125600000000002,False,-27.125600000000002,False,-27.125600000000002,False,APLAPOLLO,False
2026-08-17,2100.0,31.1,2105.0,-7.503440000000001,10.996559999999999,0.9024390243902439,41,-7.503440000000001,False,-7.503440000000001,False,-7.503440000000001,False,APLAPOLLO,False
2026-06-25,8550.0,56.05,8557.0,-56.206799999999994,10.943200000000008,0.016,125,-56.206799999999994,False,-56.206799999999994,False,-56.206799999999994,False,APOLLOHOSP,False
2026-06-29,8650.0,45.099999999999994,8660.0,-45.226139999999994,114.07385999999998,0.336,125,22.423859999999998,True,44.973859999999995,True,90.07385999999998,True,APOLLOHOSP,False
2026-06-30,8700.0,50.05,8689.5,-50.19,127.20999999999998,0.264,125,24.88499999999999,True,49.91,True,99.95999999999998,True,APOLLOHOSP,False
2026-07-01,8700.0,160.05,8684.5,-160.49800000000002,16.901999999999965,0.128,125,-160.49800000000002,False,-160.49800000000002,False,-160.49800000000002,False,APOLLOHOSP,False
2026-07-02,8650.0,123.05,8642.5,-123.39439999999999,35.905599999999986,0.08,125,-123.39439999999999,False,-123.39439999999999,False,-123.39439999999999,False,APOLLOHOSP,False
2026-07-03,8750.0,150.3,8770.0,-150.72070000000002,3.479299999999977,0.04,125,-150.72070000000002,False,-150.72070000000002,False,-150.72070000000002,False,APOLLOHOSP,False
2026-07-06,8900.0,168.25,8918.5,-94.47941999999999,22.52057999999999,0.128,125,-94.47941999999999,False,-94.47941999999999,False,-94.47941999999999,False,APOLLOHOSP,False
2026-07-07,8900.0,157.55,8921.0,-79.76066,33.23933999999998,0.064,125,-79.76066,False,-79.76066,False,-79.76066,False,APOLLOHOSP,False
2026-07-08,8900.0,148.10000000000002,8877.0,-148.51454,42.93545999999996,0.176,125,-148.51454,False,-148.51454,False,-148.51454,False,APOLLOHOSP,False
2026-07-09,8850.0,145.05,8850.5,-145.45600000000002,7.543999999999989,0.304,125,-145.45600000000002,False,-145.45600000000002,False,-145.45600000000002,False,APOLLOHOSP,False
2026-07-10,8850.0,137.3,8843.0,-36.019760000000005,15.030239999999988,0.16,125,-36.019760000000005,False,-36.019760000000005,False,-36.019760000000005,False,APOLLOHOSP,False
2026-07-13,8850.0,140.10000000000002,8825.5,-42.81640000000002,4.333599999999971,0.184,125,-42.81640000000002,False,-42.81640000000002,False,-42.81640000000002,False,APOLLOHOSP,False
2026-07-14,8800.0,129.60000000000002,8821.5,-129.96274000000003,-8.412740000000026,0.112,125,-129.96274000000003,False,-129.96274000000003,False,-129.96274000000003,False,APOLLOHOSP,False
2026-07-15,9000.0,125.1,8966.5,-15.807999999999991,68.692,0.088,125,61.89199999999998,True,-15.807999999999991,False,-15.807999999999991,False,APOLLOHOSP,False
2026-07-16,8900.0,110.05,8903.5,-40.853159999999995,9.546840000000012,0.768,125,-40.853159999999995,False,-40.853159999999995,False,-40.853159999999995,False,APOLLOHOSP,False
2026-07-17,8850.0,99.89999999999999,8871.5,-38.85177999999999,15.798220000000015,0.272,125,-38.85177999999999,False,-38.85177999999999,False,-38.85177999999999,False,APOLLOHOSP,False
2026-07-20,8850.0,85.25,8842.0,-54.62522,2.7747800000000087,0.224,125,-54.62522,False,-54.62522,False,-54.62522,False,APOLLOHOSP,False
2026-07-21,8900.0,93.0,8920.0,-32.48092,60.51907999999999,0.448,125,46.06908,True,-32.48092,False,-32.48092,False,APOLLOHOSP,False
2026-07-22,8900.0,89.75,8890.0,91.83825999999999,91.83825999999999,0.336,125,44.11326,True,88.98826,True,91.83825999999999,False,APOLLOHOSP,False
2026-07-23,8900.0,65.39999999999999,8908.5,103.59199999999998,121.892,0.288,125,32.042,True,64.74199999999999,True,103.59199999999998,False,APOLLOHOSP,False
2026-07-24,8850.0,59.5,8854.0,-59.66646,44.28354,0.224,125,29.58354,True,-59.66646,False,-59.66646,False,APOLLOHOSP,False
2026-07-27,8800.0,57.349999999999994,8819.0,-57.510439999999996,5.839560000000007,0.12,125,-57.510439999999996,False,-57.510439999999996,False,-57.510439999999996,False,APOLLOHOSP,False
2026-07-28,8850.0,52.449999999999996,8839.0,-22.730579999999996,2.7694200000000073,0.112,125,-22.730579999999996,False,-22.730579999999996,False,-22.730579999999996,False,APOLLOHOSP,False
2026-07-29,8900.0,190.05,8930.0,-190.58200000000002,34.81799999999997,0.528,125,-190.58200000000002,False,-190.58200000000002,False,-190.58200000000002,False,APOLLOHOSP,False
2026-07-30,8900.0,182.20000000000002,8929.5,-2.6157000000000226,42.18429999999996,0.552,125,-2.6157000000000226,False,-2.6157000000000226,False,-2.6157000000000226,False,APOLLOHOSP,False
2026-07-31,9000.0,201.65,8982.5,-102.54434,65.95565999999998,0.24,125,-102.54434,False,-102.54434,False,-102.54434,False,APOLLOHOSP,False
2026-08-03,9000.0,207.35000000000002,8956.5,-158.12030000000004,60.379699999999964,0.192,125,-158.12030000000004,False,-158.12030000000004,False,-158.12030000000004,False,APOLLOHOSP,False
2026-08-04,8800.0,196.05,8840.5,-196.5988,-13.348800000000011,0.056,125,-196.5988,False,-196.5988,False,-196.5988,False,APOLLOHOSP,False
2026-08-05,8800.0,196.05,8850.0,7.7773399999999775,12.777339999999977,0.088,125,7.7773399999999775,False,7.7773399999999775,False,7.7773399999999775,False,APOLLOHOSP,False
2026-08-06,9000.0,186.55,8967.5,293.02974,293.52974,0.152,125,91.40474000000003,True,184.67974,True,293.02974,False,APOLLOHOSP,False
2026-08-07,9000.0,211.05,8966.0,197.65993999999998,269.15993999999995,0.072,125,103.78494000000003,True,209.30994,True,197.65993999999998,False,APOLLOHOSP,False
2026-08-10,8900.0,163.95000000000002,8935.0,-35.86984000000004,217.18015999999997,0.384,125,81.15516,True,163.13016000000002,True,-35.86984000000004,False,APOLLOHOSP,False
2026-08-11,8900.0,209.25,8880.0,-100.39306,171.80694,0.376,125,103.73194,True,-100.39306,False,-100.39306,False,APOLLOHOSP,False
2026-08-12,8600.0,165.05,8607.0,-165.512,79.78799999999997,0.39344262295081966,122,-165.512,False,-165.512,False,-165.512,False,APOLLOHOSP,False
2026-08-13,8700.0,144.10000000000002,8726.5,-144.50334000000004,54.946659999999966,0.2708333333333333,96,-144.50334000000004,False,-144.50334000000004,False,-144.50334000000004,False,APOLLOHOSP,False
2026-08-14,8700.0,121.5,8700.0,-121.84006,-121.84006,0.0,70,-121.84006,False,-121.84006,False,-121.84006,False,APOLLOHOSP,False
2026-08-17,9000.0,168.55,8973.5,29.86973999999998,35.36973999999998,0.5227272727272727,44,29.86973999999998,False,29.86973999999998,False,29.86973999999998,False,APOLLOHOSP,False
2026-08-10,177.5,5.26,177.02,-0.8370479999999996,1.6629520000000004,0.832,125,-0.8370479999999996,False,-0.8370479999999996,False,-0.8370479999999996,False,ASHOKLEY,False
2026-08-11,172.5,5.22,172.31,-5.234476,-0.5944759999999992,0.12,125,-5.234476,False,-5.234476,False,-5.234476,False,ASHOKLEY,False
2026-08-12,177.5,4.8999999999999995,176.96,-1.8721199999999991,1.3678800000000007,0.6754385964912281,114,-1.8721199999999991,False,-1.8721199999999991,False,-1.8721199999999991,False,ASHOKLEY,False
2026-08-13,180.0,5.8,180.69,-2.734752000000013,2.8652480000000087,0.5,88,-2.734752000000013,False,-2.734752000000013,False,-2.734752000000013,False,ASHOKLEY,False
2026-08-14,177.5,4.72,177.9,-1.6916159999999996,1.4483840000000094,0.5967741935483871,62,-1.6916159999999996,False,-1.6916159999999996,False,-1.6916159999999996,False,ASHOKLEY,False
2026-08-17,175.0,3.38,174.75,-3.389324,0.7706760000000002,0.7222222222222222,36,-3.389324,False,-3.389324,False,-3.389324,False,ASHOKLEY,False
2026-08-10,2720.0,55.5,2729.0,-9.983499999999996,-1.9334999999999987,0.416,125,-9.983499999999996,False,-9.983499999999996,False,-9.983499999999996,False,ASIANPAINT,False
2026-08-11,2740.0,44.949999999999996,2736.5,-9.026940000000174,12.073060000000005,0.584,125,-9.026940000000174,False,-9.026940000000174,False,-9.026940000000174,False,ASIANPAINT,False
2026-08-12,2740.0,40.05,2738.6,59.30870000000019,59.30870000000019,0.47368421052631576,114,19.633699999999997,True,39.658699999999996,True,59.30870000000019,False,ASIANPAINT,False
2026-08-13,2740.0,51.55,2735.3,47.77650000000019,47.77650000000019,0.32954545454545453,88,25.35149999999999,True,47.77650000000019,False,47.77650000000019,False,ASIANPAINT,False
2026-08-14,2740.0,37.199999999999996,2732.0,62.16668000000019,62.16668000000019,0.08064516129032258,62,18.21668,True,36.81668,True,62.16668000000019,False,ASIANPAINT,False
2026-08-17,2700.0,35.849999999999994,2703.9,23.63246000000019,23.63246000000019,0.6944444444444444,36,17.657459999999997,True,23.63246000000019,False,23.63246000000019,False,ASIANPAINT,False
2026-08-10,1440.0,45.449999999999996,1442.2,-45.577119999999994,3.422880000000004,0.344,125,-45.577119999999994,False,-45.577119999999994,False,-45.577119999999994,False,ASTRAL,False
2026-08-11,1420.0,47.849999999999994,1424.4,-47.983839999999994,-3.9838399999999945,0.192,125,-47.983839999999994,False,-47.983839999999994,False,-47.983839999999994,False,ASTRAL,False
2026-08-12,1440.0,51.05,1434.3,-51.1928,-3.992799999999994,0.12903225806451613,124,-51.1928,False,-51.1928,False,-51.1928,False,ASTRAL,False
2026-08-13,1560.0,51.449999999999996,1563.0,-14.248779999999993,-12.048779999999947,0.5408163265306123,98,-14.248779999999993,False,-14.248779999999993,False,-14.248779999999993,False,ASTRAL,False
2026-08-14,1580.0,39.9,1575.0,17.277560000000005,19.47756000000005,0.3611111111111111,72,17.277560000000005,False,17.277560000000005,False,17.277560000000005,False,ASTRAL,False
2026-08-17,1540.0,25.0,1542.4,-7.66872,-0.6687200000000006,0.5434782608695652,46,-7.66872,False,-7.66872,False,-7.66872,False,ASTRAL,False
2026-08-10,1060.0,16.7,1062.7,-16.74662,7.003380000000001,0.408,125,-16.74662,False,-16.74662,False,-16.74662,False,AUBANK,False
2026-08-11,1060.0,16.900000000000002,1053.9,-16.947180000000003,6.802819999999998,0.208,125,-16.947180000000003,False,-16.947180000000003,False,-16.947180000000003,False,AUBANK,False
2026-08-12,1080.0,16.95,1074.5,0.7029800000000007,8.95298,0.9186991869918699,123,8.377979999999997,True,0.7029800000000007,False,0.7029800000000007,False,AUBANK,False
2026-08-13,1080.0,14.55,1086.1,3.1096999999999992,6.209699999999997,0.9175257731958762,97,3.1096999999999992,False,3.1096999999999992,False,3.1096999999999992,False,AUBANK,False
2026-08-14,1080.0,23.2,1085.5,-5.564519999999999,-2.4645200000000016,0.9295774647887324,71,-5.564519999999999,False,-5.564519999999999,False,-5.564519999999999,False,AUBANK,False
2026-08-17,1080.0,17.05,1088.0,0.6026999999999993,3.702699999999997,0.8888888888888888,45,0.6026999999999993,False,0.6026999999999993,False,0.6026999999999993,False,AUBANK,False
2026-08-10,1660.0,36.05,1659.3,-5.187740000000089,7.012260000000003,0.56,125,-5.187740000000089,False,-5.187740000000089,False,-5.187740000000089,False,AUROPHARMA,False
2026-08-11,1640.0,30.0,1641.5,-2.461420000000001,4.33858,0.464,125,-2.461420000000001,False,-2.461420000000001,False,-2.461420000000001,False,AUROPHARMA,False
2026-08-12,1660.0,30.8,1656.0,-3.2138000000000466,12.2862,0.47107438016528924,121,-3.2138000000000466,False,-3.2138000000000466,False,-3.2138000000000466,False,AUROPHARMA,False
2026-08-13,1680.0,30.05,1676.3,17.482299999999956,30.082300000000092,0.28421052631578947,95,14.807300000000001,True,29.8323,True,17.482299999999956,False,AUROPHARMA,False
2026-08-14,1660.0,29.0,1664.9,-1.408760000000046,14.09124,0.3188405797101449,69,-1.408760000000046,False,-1.408760000000046,False,-1.408760000000046,False,AUROPHARMA,False
2026-08-17,1640.0,28.6,1649.7,-0.9577800000000007,4.942220000000002,1.0,43,-0.9577800000000007,False,-0.9577800000000007,False,-0.9577800000000007,False,AUROPHARMA,False
2026-08-10,1240.0,17.05,1243.7,8.63016,14.93016,0.992,125,8.405160000000002,True,8.63016,False,8.63016,False,AXISBANK,False
2026-08-11,1240.0,16.0,1232.2,-1.036800000000001,16.0132,0.992,125,7.9132,True,15.9132,True,-1.036800000000001,False,AXISBANK,False
2026-08-12,1240.0,10.9,1233.0,0.33797999999999856,21.137980000000002,0.9913793103448276,116,5.387980000000001,True,10.83798,True,0.33797999999999856,False,AXISBANK,False
2026-08-13,1220.0,14.65,1222.6,-14.69088,4.159119999999998,0.7888888888888889,90,-14.69088,False,-14.69088,False,-14.69088,False,AXISBANK,False
2026-08-14,1220.0,15.8,1210.3,-15.844100000000001,2.7558999999999974,0.703125,64,-15.844100000000001,False,-15.844100000000001,False,-15.844100000000001,False,AXISBANK,False
2026-08-17,1220.0,10.25,1217.6,-10.27856,4.17144,0.5,38,-10.27856,False,-10.27856,False,-10.27856,False,AXISBANK,False
2026-08-10,11700.0,247.20000000000002,11720.0,-104.84368000000003,-28.14368000000004,0.792,125,-104.84368000000003,False,-104.84368000000003,False,-104.84368000000003,False,BAJAJ-AUTO,False
2026-08-11,11800.0,213.10000000000002,11800.0,-39.03696000000004,43.86303999999999,0.84,125,-39.03696000000004,False,-39.03696000000004,False,-39.03696000000004,False,BAJAJ-AUTO,False
2026-08-12,11800.0,226.0,11796.0,-92.06052000000001,31.03948000000001,0.8181818181818182,121,-92.06052000000001,False,-92.06052000000001,False,-92.06052000000001,False,BAJAJ-AUTO,False
2026-08-13,11700.0,185.05,11675.0,-37.533660000000026,27.616339999999983,0.8315789473684211,95,-37.533660000000026,False,-37.533660000000026,False,-37.533660000000026,False,BAJAJ-AUTO,False
2026-08-14,11700.0,158.9,11671.0,-11.310440000000018,-4.710440000000022,0.7681159420289855,69,-11.310440000000018,False,-11.310440000000018,False,-11.310440000000018,False,BAJAJ-AUTO,False
2026-08-17,11700.0,142.35000000000002,11711.0,5.285899999999966,7.785899999999966,0.6976744186046512,43,5.285899999999966,False,5.285899999999966,False,5.285899999999966,False,BAJAJ-AUTO,False
2026-08-10,2000.0,37.099999999999994,1997.0,-37.203739999999996,1.2962600000000057,0.072,125,-37.203739999999996,False,-37.203739999999996,False,-37.203739999999996,False,BAJAJFINSV,False
2026-08-11,2020.0,36.5,2026.7,-12.569540000000002,0.7304600000000057,0.912,125,-12.569540000000002,False,-12.569540000000002,False,-12.569540000000002,False,BAJAJFINSV,False
2026-08-12,2020.0,27.650000000000002,2013.6,-3.9939200000000015,9.606080000000004,0.896,125,-3.9939200000000015,False,-3.9939200000000015,False,-3.9939200000000015,False,BAJAJFINSV,False
2026-08-13,2020.0,33.8,2018.0,-10.161139999999996,-2.761139999999998,0.8686868686868687,99,-10.161139999999996,False,-10.161139999999996,False,-10.161139999999996,False,BAJAJFINSV,False
2026-08-14,2020.0,34.949999999999996,2020.2,-11.314359999999995,-3.9143599999999963,0.8356164383561644,73,-11.314359999999995,False,-11.314359999999995,False,-11.314359999999995,False,BAJAJFINSV,False
2026-08-17,2020.0,22.900000000000002,2010.6,0.7693799999999986,7.7193799999999975,0.7446808510638298,47,0.7693799999999986,False,0.7693799999999986,False,0.7693799999999986,False,BAJAJFINSV,False
2026-08-10,1080.0,19.1,1080.2,-19.15334,2.9466599999999965,0.2,125,-19.15334,False,-19.15334,False,-19.15334,False,BAJFINANCE,False
2026-08-11,1090.0,17.400000000000002,1088.8,-5.332600000000004,4.767399999999998,0.872,125,-5.332600000000004,False,-5.332600000000004,False,-5.332600000000004,False,BAJFINANCE,False
2026-08-12,1090.0,20.0,1091.8,-20.05586,2.19414,0.8442622950819673,122,-20.05586,False,-20.05586,False,-20.05586,False,BAJFINANCE,False
2026-08-13,1090.0,18.6,1090.1,-18.65194,1.5980599999999985,0.8020833333333334,96,-18.65194,False,-18.65194,False,-18.65194,False,BAJFINANCE,False
2026-08-14,1090.0,20.35,1094.8,-20.406840000000003,-2.006840000000003,0.7285714285714285,70,-20.406840000000003,False,-20.406840000000003,False,-20.406840000000003,False,BAJFINANCE,False
2026-08-17,1080.0,13.100000000000001,1081.8,-13.136540000000002,-0.5865400000000025,0.11363636363636363,44,-13.136540000000002,False,-13.136540000000002,False,-13.136540000000002,False,BAJFINANCE,False
2026-06-25,207.5,3.27,208.74,1.7468720000000035,6.256871999999994,0.04,125,1.6118720000000002,True,3.246872,True,1.7468720000000035,False,BANDHANBNK,False
2026-06-29,202.5,3.4499999999999997,201.99,-3.45952,6.31048,0.416,125,1.7154800000000001,True,3.4404799999999995,True,-3.45952,False,BANDHANBNK,False
2026-06-30,200.0,1.11,200.81,-1.1129680000000002,-0.6229680000000081,0.0,125,-1.1129680000000002,False,-1.1129680000000002,False,-1.1129680000000002,False,BANDHANBNK,False
2026-07-01,205.0,7.96,204.23,-5.7085319999999875,0.511468,0.504,125,-5.7085319999999875,False,-5.7085319999999875,False,-5.7085319999999875,False,BANDHANBNK,False
2026-07-02,205.0,8.31,205.41,-2.3000680000000058,1.2999319999999874,0.352,125,-2.3000680000000058,False,-2.3000680000000058,False,-2.3000680000000058,False,BANDHANBNK,False
2026-07-03,202.5,8.940000000000001,202.18,-8.964892,0.8051079999999983,0.528,125,-8.964892,False,-8.964892,False,-8.964892,False,BANDHANBNK,False
2026-07-06,205.0,6.99,204.29,-7.009432,2.6405679999999876,0.168,125,-7.009432,False,-7.009432,False,-7.009432,False,BANDHANBNK,False
2026-07-07,210.0,7.6899999999999995,211.0,0.076740000000001,6.916739999999988,0.304,125,3.8017400000000006,True,0.076740000000001,False,0.076740000000001,False,BANDHANBNK,False
2026-07-08,202.5,7.0,202.67,-7.01946,1.7505399999999995,0.328,125,-7.01946,False,-7.01946,False,-7.01946,False,BANDHANBNK,False
2026-07-09,202.5,8.190000000000001,198.9,-8.212792000000002,0.40720799999999796,0.192,125,-8.212792000000002,False,-8.212792000000002,False,-8.212792000000002,False,BANDHANBNK,False
2026-07-10,205.0,7.34,205.56,-7.360412,-7.360412,0.0,125,-7.360412,False,-7.360412,False,-7.360412,False,BANDHANBNK,False
2026-07-13,210.0,5.66,209.21,0.3074919999999999,2.2074920000000002,0.176,125,0.3074919999999999,False,0.3074919999999999,False,0.3074919999999999,False,BANDHANBNK,False
2026-07-14,210.0,8.05,208.91,-8.0724,-0.17240000000000036,0.176,125,-8.0724,False,-8.0724,False,-8.0724,False,BANDHANBNK,False
2026-07-15,212.5,7.05,213.1,17.36180000000001,17.36180000000001,0.28,125,3.4367999999999994,True,6.9618,True,14.011799999999997,True,BANDHANBNK,False
2026-07-16,215.0,7.7299999999999995,215.16,34.22064399999999,34.280643999999995,0.256,125,3.7256439999999995,True,7.590643999999999,True,15.320643999999998,True,BANDHANBNK,False
2026-07-17,212.5,6.92,213.75,40.64714800000001,40.64714800000001,0.272,125,3.307147999999999,True,6.767148,True,13.687147999999999,True,BANDHANBNK,False
2026-07-20,210.0,6.83,210.75,32.689995999999994,40.63999600000001,0.184,125,3.284996000000001,True,6.6999960000000005,True,13.529996000000002,True,BANDHANBNK,False
2026-07-21,212.5,7.37,213.33,37.533364,42.58336400000001,0.024,125,3.5383639999999996,True,7.223364,True,14.593363999999998,True,BANDHANBNK,False
2026-07-22,187.5,6.55,187.95,11.770307999999996,18.480308000000004,0.0,125,3.2053079999999996,True,6.480308,True,13.030307999999998,True,BANDHANBNK,False
2026-07-23,175.0,8.83,172.86,-1.0664519999999995,3.723548000000005,0.072,125,-1.0664519999999995,False,-1.0664519999999995,False,-1.0664519999999995,False,BANDHANBNK,True
2026-07-24,165.0,3.1199999999999997,164.73,-3.1285959999999995,0.9314040000000008,0.2,125,-3.1285959999999995,False,-3.1285959999999995,False,-3.1285959999999995,False,BANDHANBNK,False
2026-07-27,170.0,1.45,170.3,-1.4539199999999999,6.41608,0.584,125,0.7210799999999998,True,1.44608,True,2.8960799999999995,True,BANDHANBNK,False
2026-07-28,165.0,2.3,167.4,-2.3063,-2.2862999999999998,0.008,125,-2.3063,False,-2.3063,False,-2.3063,False,BANDHANBNK,False
2026-07-29,170.0,7.76,169.06,-7.781588,0.08841200000000032,0.2,125,-7.781588,False,-7.781588,False,-7.781588,False,BANDHANBNK,False
2026-07-30,175.0,7.46,173.2,-1.9861760000000002,0.803823999999999,0.944,125,-1.9861760000000002,False,-1.9861760000000002,False,-1.9861760000000002,False,BANDHANBNK,False
2026-07-31,175.0,7.02,174.59,-1.7842719999999992,0.07572800000000032,0.984,125,-1.7842719999999992,False,-1.7842719999999992,False,-1.7842719999999992,False,BANDHANBNK,False
2026-08-03,175.0,6.46,175.18,-1.5418079999999998,0.638192,0.984,125,-1.5418079999999998,False,-1.5418079999999998,False,-1.5418079999999998,False,BANDHANBNK,False
2026-08-04,175.0,7.27,173.78,-3.6005759999999993,-0.45057599999999903,0.984,125,-3.6005759999999993,False,-3.6005759999999993,False,-3.6005759999999993,False,BANDHANBNK,False
2026-08-05,175.0,6.4399999999999995,175.75,-1.0231519999999994,-0.11315199999999918,0.888,125,-1.0231519999999994,False,-1.0231519999999994,False,-1.0231519999999994,False,BANDHANBNK,False
2026-08-06,175.0,6.04,176.4,-3.10506,0.1049399999999999,0.904,125,-3.10506,False,-3.10506,False,-3.10506,False,BANDHANBNK,False
2026-08-07,175.0,5.35,173.66,-4.208087999999991,0.38191200000000036,0.88,125,-4.208087999999991,False,-4.208087999999991,False,-4.208087999999991,False,BANDHANBNK,False
2026-08-10,175.0,3.1999999999999997,175.55,0.48082000000000047,2.5308200000000003,0.872,125,1.5808200000000001,True,0.48082000000000047,False,0.48082000000000047,False,BANDHANBNK,False
2026-08-12,175.0,5.55,173.6,-2.0353119999999962,-1.3253119999999998,0.8235294117647058,102,-2.0353119999999962,False,-2.0353119999999962,False,-2.0353119999999962,False,BANDHANBNK,False
2026-08-13,175.0,3.36,176.29,0.1608200000000037,0.6408199999999935,0.7692307692307693,78,0.1608200000000037,False,0.1608200000000037,False,0.1608200000000037,False,BANDHANBNK,False
2026-08-17,175.0,3.4,172.7,0.12070800000000367,0.6007079999999935,0.5882352941176471,34,0.12070800000000367,False,0.12070800000000367,False,0.12070800000000367,False,BANDHANBNK,False
2026-06-29,145.0,1.99,143.95,1.0260840000000127,3.186084,0.176,125,0.9810839999999998,True,1.976084,True,1.0260840000000127,False,BANKINDIA,False
2026-07-01,140.35,4.33,140.87,-2.8262400000000065,0.8237599999999998,0.088,125,-2.8262400000000065,False,-2.8262400000000065,False,-2.8262400000000065,False,BANKINDIA,False
2026-07-02,142.5,5.25,141.29,0.9679400000000116,2.887939999999998,0.152,125,2.59294,True,0.9679400000000116,False,0.9679400000000116,False,BANKINDIA,False
2026-07-03,145.0,4.53,144.01,-0.3044439999999887,6.115555999999998,0.096,125,2.2405559999999998,True,4.505556,True,-0.3044439999999887,False,BANKINDIA,False
2026-07-06,145.0,5.1,143.96,-3.6382839999999983,5.551715999999998,0.136,125,2.531716,True,5.081715999999999,True,-3.6382839999999983,False,BANKINDIA,False
2026-07-07,142.5,5.3,141.04,-5.3147,2.8552999999999984,0.128,125,2.6352999999999995,True,-5.3147,False,-5.3147,False,BANKINDIA,False
2026-07-08,140.35,5.53,139.5,-5.545344,0.4746559999999931,0.016,125,-5.545344,False,-5.545344,False,-5.545344,False,BANKINDIA,False
2026-07-10,142.5,5.17,140.6,-5.184336,-0.1343360000000001,0.08,125,-5.184336,False,-5.184336,False,-5.184336,False,BANKINDIA,False
2026-07-13,145.0,5.28,144.43,-1.455424,-0.7454239999999998,0.296,125,-1.455424,False,-1.455424,False,-1.455424,False,BANKINDIA,False
2026-07-14,145.0,4.16,144.9,-4.171508,0.278492,0.296,125,-4.171508,False,-4.171508,False,-4.171508,False,BANKINDIA,False
2026-07-15,142.85,3.8499999999999996,143.7,-0.8291519999999996,0.000848000000000463,0.288,125,-0.8291519999999996,False,-0.8291519999999996,False,-0.8291519999999996,False,BANKINDIA,False
2026-07-16,145.0,3.9499999999999997,144.61,-2.6146999999999943,0.2653000000000007,0.232,125,-2.6146999999999943,False,-2.6146999999999943,False,-2.6146999999999943,False,BANKINDIA,False
2026-07-17,142.85,3.42,143.14,-1.5247839999999921,0.43521600000000016,0.528,125,-1.5247839999999921,False,-1.5247839999999921,False,-1.5247839999999921,False,BANKINDIA,False
2026-07-20,145.0,3.42,144.83,0.1305680000000048,1.3905679999999956,0.144,125,0.1305680000000048,False,0.1305680000000048,False,0.1305680000000048,False,BANKINDIA,False
2026-07-21,150.0,4.43,148.25,9.229347999999991,9.229347999999991,0.0,125,2.164348,True,4.379347999999999,True,8.809348,True,BANKINDIA,False
2026-07-22,145.0,3.19,144.4,3.921215999999998,5.561216000000012,0.032,125,1.5662160000000003,True,3.161216,True,3.921215999999998,False,BANKINDIA,False
2026-07-23,142.85,3.03,143.39,2.406367999999991,3.576368000000007,0.296,125,1.4913680000000002,True,3.0063679999999997,True,2.406367999999991,False,BANKINDIA,False
2026-07-24,142.5,4.069999999999999,140.88,0.42608799999999397,2.186088000000013,0.104,125,2.011087999999999,True,0.42608799999999397,False,0.42608799999999397,False,BANKINDIA,False
2026-07-27,142.85,2.03,141.85,0.018687999999985636,4.5886880000000065,0.0,125,1.0036880000000001,True,2.018688,True,4.048688,True,BANKINDIA,False
2026-07-29,137.5,4.55,137.35,-4.5626,-0.032599999999999574,0.584,125,-4.5626,False,-4.5626,False,-4.5626,False,BANKINDIA,False
2026-07-30,137.5,4.25,137.4,-4.26176,0.15823999999999994,0.392,125,-4.26176,False,-4.26176,False,-4.26176,False,BANKINDIA,False
2026-07-31,137.5,3.9499999999999997,137.79,-3.9609199999999998,0.21908000000000089,0.192,125,-3.9609199999999998,False,-3.9609199999999998,False,-3.9609199999999998,False,BANKINDIA,False
2026-08-03,140.0,4.38,139.6,-4.392124,0.007876000000000462,0.568,125,-4.392124,False,-4.392124,False,-4.392124,False,BANKINDIA,False
2026-08-05,142.5,4.74,142.1,-1.50226,-0.05226000000000025,0.704,125,-1.50226,False,-1.50226,False,-1.50226,False,BANKINDIA,False
2026-08-06,142.5,4.52,141.41,-4.532515999999999,0.1774840000000004,0.64,125,-4.532515999999999,False,-4.532515999999999,False,-4.532515999999999,False,BANKINDIA,False
2026-08-07,142.5,3.9499999999999997,142.5,-3.9609199999999998,0.10908000000000055,0.48,125,-3.9609199999999998,False,-3.9609199999999998,False,-3.9609199999999998,False,BANKINDIA,False
2026-08-10,142.5,3.75,143.22,-3.76036,0.3096400000000003,0.36,125,-3.76036,False,-3.76036,False,-3.76036,False,BANKINDIA,False
2026-08-11,140.0,2.9299999999999997,140.13,-2.938064,0.4419360000000006,0.072,125,-2.938064,False,-2.938064,False,-2.938064,False,BANKINDIA,False
2026-08-12,145.0,3.5999999999999996,144.44,-1.9047280000000089,0.9352720000000002,0.8487394957983193,119,-1.9047280000000089,False,-1.9047280000000089,False,-1.9047280000000089,False,BANKINDIA,False
2026-08-13,145.0,3.3499999999999996,144.66,-1.6540280000000087,1.1859720000000002,0.8064516129032258,93,-1.6540280000000087,False,-1.6540280000000087,False,-1.6540280000000087,False,BANKINDIA,False
2026-08-14,145.0,3.05,144.13,-1.353188000000009,1.486812,0.7313432835820896,67,-1.353188000000009,False,-1.353188000000009,False,-1.353188000000009,False,BANKINDIA,False
2026-08-10,400.0,7.5,399.75,-7.52086,0.8291399999999997,0.248,125,-7.52086,False,-7.52086,False,-7.52086,False,BEL,False
2026-08-11,405.0,7.25,402.95,-7.27016,2.679839999999999,0.44,125,-7.27016,False,-7.27016,False,-7.27016,False,BEL,False
2026-08-12,405.0,8.25,403.5,-8.27296,1.6770399999999992,0.2920353982300885,113,-8.27296,False,-8.27296,False,-8.27296,False,BEL,False
2026-08-13,405.0,7.05,403.8,-7.069599999999999,-0.5196,0.08045977011494253,87,-7.069599999999999,False,-7.069599999999999,False,-7.069599999999999,False,BEL,False
2026-08-14,410.0,6.55,409.8,-6.5682,0.38180000000000036,0.9180327868852459,61,-6.5682,False,-6.5682,False,-6.5682,False,BEL,False
2026-08-17,410.0,6.6,411.7,-6.61834,-1.0683399999999998,0.8571428571428571,35,-6.61834,False,-6.61834,False,-6.61834,False,BEL,False
2026-08-10,2280.0,72.05,2276.8,144.88870000000017,171.5887,0.136,125,35.21369999999999,True,71.2387,True,143.28869999999998,True,BHARATFORG,False
2026-08-11,2080.0,53.099999999999994,2074.0,-25.925259999999994,8.574740000000011,0.704,125,-25.925259999999994,False,-25.925259999999994,False,-25.925259999999994,False,BHARATFORG,False
2026-08-12,2060.0,48.099999999999994,2059.1,-48.234539999999996,-0.28453999999999147,0.32,125,-48.234539999999996,False,-48.234539999999996,False,-48.234539999999996,False,BHARATFORG,False
2026-08-13,2080.0,40.0,2087.9,-40.11186,11.238140000000001,0.66,100,-40.11186,False,-40.11186,False,-40.11186,False,BHARATFORG,False
2026-08-14,2080.0,48.5,2071.9,-48.63566,2.7143400000000013,0.7432432432432432,74,-48.63566,False,-48.63566,False,-48.63566,False,BHARATFORG,False
2026-08-17,2080.0,37.05,2073.6,-37.1536,-1.3035999999999957,0.6041666666666666,48,-37.1536,False,-37.1536,False,-37.1536,False,BHARATFORG,False
2026-06-25,1880.0,7.6499999999999995,1872.6,-7.671279999999999,38.378719999999916,0.232,125,3.80372,True,7.6287199999999995,True,15.27872,True,BHARTIARTL,False
2026-06-29,1840.0,4.3,1841.0,-4.3119,4.488099999999999,0.2,125,2.1380999999999997,True,4.2881,True,-4.3119,False,BHARTIARTL,False
2026-06-30,1840.0,2.3,1850.0,-2.3063,-2.3063,0.0,125,-2.3063,False,-2.3063,False,-2.3063,False,BHARTIARTL,False
2026-07-01,1860.0,36.0,1856.2,-36.10066,0.3493400000000028,0.232,125,-36.10066,False,-36.10066,False,-36.10066,False,BHARTIARTL,False
2026-07-02,1860.0,30.75,1861.3,-30.83596,5.614040000000003,0.152,125,-30.83596,False,-30.83596,False,-30.83596,False,BHARTIARTL,False
2026-07-03,1900.0,39.0,1898.0,-6.301179999999994,1.0988200000000043,0.232,125,-6.301179999999994,False,-6.301179999999994,False,-6.301179999999994,False,BHARTIARTL,False
2026-07-06,1920.0,35.05,1921.8,-21.137340000000087,10.112660000000007,0.552,125,-21.137340000000087,False,-21.137340000000087,False,-21.137340000000087,False,BHARTIARTL,False
2026-07-07,1920.0,31.1,1920.1,-31.18694,14.113060000000003,0.384,125,-31.18694,False,-31.18694,False,-31.18694,False,BHARTIARTL,False
2026-07-08,1920.0,31.95,1917.0,-32.03932,13.260680000000004,0.328,125,-32.03932,False,-32.03932,False,-32.03932,False,BHARTIARTL,False
2026-07-09,1920.0,35.05,1924.8,-4.5838199999999985,10.066180000000006,0.344,125,-4.5838199999999985,False,-4.5838199999999985,False,-4.5838199999999985,False,BHARTIARTL,False
2026-07-10,1900.0,32.8,1908.0,-32.8917,6.258300000000008,0.2,125,-32.8917,False,-32.8917,False,-32.8917,False,BHARTIARTL,False
2026-07-13,1900.0,43.05,1905.9,-43.170399999999994,-4.0203999999999915,0.296,125,-43.170399999999994,False,-43.170399999999994,False,-43.170399999999994,False,BHARTIARTL,False
2026-07-14,1940.0,36.65,1931.6,-10.62584,6.224160000000006,0.536,125,-10.62584,False,-10.62584,False,-10.62584,False,BHARTIARTL,False
2026-07-15,1940.0,34.05,1943.1,-7.220799999999997,8.829200000000007,0.56,125,-7.220799999999997,False,-7.220799999999997,False,-7.220799999999997,False,BHARTIARTL,False
2026-07-16,1920.0,35.199999999999996,1926.0,-35.29841999999999,5.401580000000007,0.224,125,-35.29841999999999,False,-35.29841999999999,False,-35.29841999999999,False,BHARTIARTL,False
2026-07-17,1920.0,34.05,1916.8,-11.957500000000044,6.492500000000006,0.12,125,-11.957500000000044,False,-11.957500000000044,False,-11.957500000000044,False,BHARTIARTL,False
2026-07-20,1940.0,42.449999999999996,1934.9,-2.830299999999902,17.869699999999916,0.712,125,-2.830299999999902,False,-2.830299999999902,False,-2.830299999999902,False,BHARTIARTL,False
2026-07-21,1940.0,29.05,1947.8,14.795459999999911,31.29545999999991,0.512,125,14.320460000000002,True,28.84546,True,14.795459999999911,False,BHARTIARTL,False
2026-07-22,1940.0,26.05,1944.0,13.36632,34.31631999999991,0.32,125,12.841320000000001,True,25.86632,True,13.36632,False,BHARTIARTL,False
2026-07-23,1940.0,25.0,1945.7,-25.06986,35.48013999999991,0.288,125,12.43014,True,24.93014,True,-25.06986,False,BHARTIARTL,False
2026-07-24,1900.0,12.5,1897.7,-12.53486,8.015139999999908,0.496,125,6.21514,True,-12.53486,False,-12.53486,False,BHARTIARTL,False
2026-07-27,1900.0,13.0,1900.1,-13.03626,-2.736260000000001,0.376,125,-13.03626,False,-13.03626,False,-13.03626,False,BHARTIARTL,False
2026-07-28,1900.0,3.15,1895.9,-3.15868,4.84132,0.192,125,1.5663199999999997,True,3.14132,True,-3.15868,False,BHARTIARTL,False
2026-07-29,1940.0,35.4,1933.0,-35.498979999999996,4.951020000000004,0.232,125,-35.498979999999996,False,-35.498979999999996,False,-35.498979999999996,False,BHARTIARTL,False
2026-07-30,1960.0,42.05,1956.7,-8.113219999999991,1.0867800000000043,0.712,125,-8.113219999999991,False,-8.113219999999991,False,-8.113219999999991,False,BHARTIARTL,False
2026-07-31,1960.0,36.15,1958.7,-24.33454,7.0654600000000025,0.768,125,-24.33454,False,-24.33454,False,-24.33454,False,BHARTIARTL,False
2026-08-03,1960.0,40.9,1969.1,-7.209299999999993,2.240700000000003,0.76,125,-7.209299999999993,False,-7.209299999999993,False,-7.209299999999993,False,BHARTIARTL,False
2026-08-04,1960.0,37.05,1959.5,-18.356379999999906,4.743620000000005,0.632,125,-18.356379999999906,False,-18.356379999999906,False,-18.356379999999906,False,BHARTIARTL,False
2026-08-05,1980.0,27.3,1973.7,32.90444000000001,35.50443999999992,0.08,125,13.404440000000003,True,27.05444,True,32.90444000000001,False,BHARTIARTL,False
2026-08-06,1960.0,34.699999999999996,1965.2,18.30387999999996,21.80387999999996,0.32,125,17.10388,True,18.30387999999996,False,18.30387999999996,False,BHARTIARTL,False
2026-08-07,1960.0,26.1,1951.0,0.6018799999999964,30.501879999999957,0.336,125,12.901880000000004,True,25.951880000000003,True,0.6018799999999964,False,BHARTIARTL,False
2026-08-10,1940.0,24.400000000000002,1945.7,-24.468180000000004,14.48182,0.336,125,12.13182,True,-24.468180000000004,False,-24.468180000000004,False,BHARTIARTL,False
2026-08-11,1920.0,27.2,1922.8,-27.27602,4.273980000000002,0.392,125,-27.27602,False,-27.27602,False,-27.27602,False,BHARTIARTL,False
2026-08-12,1900.0,20.05,1904.0,-20.106,1.0939999999999985,0.168,125,-20.106,False,-20.106,False,-20.106,False,BHARTIARTL,False
2026-08-13,1940.0,21.6,1940.6,-6.502900000000002,2.697099999999997,0.36,100,-6.502900000000002,False,-6.502900000000002,False,-6.502900000000002,False,BHARTIARTL,False
2026-08-14,1940.0,25.0,1940.7,-9.912420000000001,-5.8124199999999995,0.36486486486486486,74,-9.912420000000001,False,-9.912420000000001,False,-9.912420000000001,False,BHARTIARTL,False
2026-08-17,2000.0,16.900000000000002,1991.3,33.261840000000085,42.9618399999999,0.4791666666666667,48,8.26184,True,16.711840000000002,True,33.611839999999994,True,BHARTIARTL,False
2026-06-25,405.0,8.15,404.75,1.001559999999999,7.151559999999999,0.168,125,4.026560000000001,True,1.001559999999999,False,1.001559999999999,False,BHEL,False
2026-06-29,397.5,5.5,398.65,1.5150000000000228,10.614999999999998,0.048,125,2.715,True,5.465,True,1.5150000000000228,False,BHEL,False
2026-06-30,412.5,1.3,413.75,29.65956000000002,29.65956000000002,0.088,125,0.5595600000000001,True,1.20956,True,2.5095600000000005,True,BHEL,False
2026-07-01,412.5,15.05,412.6,18.91251999999998,24.812520000000013,0.024,125,7.387520000000002,True,14.91252,True,18.91251999999998,False,BHEL,False
2026-07-02,407.5,16.05,406.65,9.383660000000022,18.833660000000013,0.016,125,7.908660000000002,True,15.933660000000001,True,9.383660000000022,False,BHEL,False
2026-07-03,397.5,14.05,395.75,-10.200120000000013,10.89988000000001,0.024,125,6.974880000000002,True,-10.200120000000013,False,-10.200120000000013,False,BHEL,False
2026-07-06,395.0,17.5,390.4,-17.54886,4.95114000000001,0.256,125,-17.54886,False,-17.54886,False,-17.54886,False,BHEL,False
2026-07-07,390.0,17.35,381.4,-17.39844,1.5515599999999978,0.128,125,-17.39844,False,-17.39844,False,-17.39844,False,BHEL,False
2026-07-08,380.0,17.55,372.45,-17.599,-13.949000000000012,0.0,125,-17.599,False,-17.599,False,-17.599,False,BHEL,False
2026-07-09,392.5,18.05,384.1,-18.1004,0.5495999999999979,0.096,125,-18.1004,False,-18.1004,False,-18.1004,False,BHEL,False
2026-07-10,395.0,15.450000000000001,391.8,-15.493120000000001,0.9568799999999982,0.144,125,-15.493120000000001,False,-15.493120000000001,False,-15.493120000000001,False,BHEL,False
2026-07-13,400.0,15.8,400.7,-15.844100000000001,-15.844100000000001,0.0,125,-15.844100000000001,False,-15.844100000000001,False,-15.844100000000001,False,BHEL,False
2026-07-14,405.0,12.8,404.5,-12.835700000000001,2.6142999999999987,0.128,125,-12.835700000000001,False,-12.835700000000001,False,-12.835700000000001,False,BHEL,False
2026-07-15,407.5,14.05,407.4,-14.0892,1.9608,0.04,125,-14.0892,False,-14.0892,False,-14.0892,False,BHEL,False
2026-07-16,417.5,18.05,417.05,-14.460620000000013,-1.06062,0.296,125,-14.460620000000013,False,-14.460620000000013,False,-14.460620000000013,False,BHEL,False
2026-07-17,445.0,16.75,443.3,22.69235999999998,22.69235999999998,0.024,125,8.21736,True,16.59236,True,22.69235999999998,False,BHEL,False
2026-07-20,420.0,9.350000000000001,419.9,-5.636540000000001,7.663460000000021,0.048,125,4.638460000000001,True,-5.636540000000001,False,-5.636540000000001,False,BHEL,False
2026-07-21,415.0,8.5,414.15,-0.7454999999999772,3.504500000000022,0.288,125,-0.7454999999999772,False,-0.7454999999999772,False,-0.7454999999999772,False,BHEL,False
2026-07-22,420.0,8.5,419.0,6.833219999999988,8.483220000000022,0.024,125,4.18322,True,8.43322,True,6.833219999999988,False,BHEL,False
2026-07-23,415.0,5.95,413.8,7.096799999999976,12.596799999999977,0.176,125,2.9218000000000006,True,5.8968,True,11.846800000000002,True,BHEL,False
2026-07-24,405.0,5.1499999999999995,405.35,-5.16428,10.085720000000002,0.408,125,2.5607200000000003,True,5.135719999999999,True,-5.16428,False,BHEL,False
2026-07-27,420.0,3.5999999999999996,419.25,6.511639999999988,19.961639999999978,0.0,125,1.7616399999999999,True,3.5616399999999997,True,7.161639999999999,True,BHEL,False
2026-07-28,407.5,1.1500000000000001,407.15,-1.15308,9.946919999999976,0.016,125,0.57192,True,1.1469200000000002,True,2.2969199999999996,True,BHEL,False
2026-07-29,405.0,12.9,404.55,-12.93598,2.3140199999999997,0.24,125,-12.93598,False,-12.93598,False,-12.93598,False,BHEL,False
2026-07-30,400.0,13.600000000000001,401.85,-13.637940000000002,-0.7379400000000028,0.112,125,-13.637940000000002,False,-13.637940000000002,False,-13.637940000000002,False,BHEL,False
2026-07-31,410.0,12.700000000000001,409.4,-0.9186000000000014,1.0813999999999986,0.888,125,-0.9186000000000014,False,-0.9186000000000014,False,-0.9186000000000014,False,BHEL,False
2026-08-03,410.0,13.55,409.8,-9.449420000000012,0.25057999999999897,0.784,125,-9.449420000000012,False,-9.449420000000012,False,-9.449420000000012,False,BHEL,False
2026-08-04,410.0,13.15,409.1,-1.1704200000000013,0.27957999999999966,0.672,125,-1.1704200000000013,False,-1.1704200000000013,False,-1.1704200000000013,False,BHEL,False
2026-08-05,410.0,13.65,412.0,-7.156419999999978,-0.20642000000000044,0.504,125,-7.156419999999978,False,-7.156419999999978,False,-7.156419999999978,False,BHEL,False
2026-08-06,410.0,12.0,407.55,-12.03346,1.1665399999999992,0.464,125,-12.03346,False,-12.03346,False,-12.03346,False,BHEL,False
2026-08-07,410.0,10.700000000000001,410.9,-10.729820000000002,2.4201799999999976,0.264,125,-10.729820000000002,False,-10.729820000000002,False,-10.729820000000002,False,BHEL,False
2026-08-10,400.0,11.05,402.45,-11.0808,-0.6308000000000015,0.024,125,-11.0808,False,-11.0808,False,-11.0808,False,BHEL,False
2026-08-11,405.0,11.950000000000001,406.75,-11.98332,0.1666799999999975,0.248,125,-11.98332,False,-11.98332,False,-11.98332,False,BHEL,False
2026-08-12,410.0,10.8,409.45,-10.8301,2.319899999999998,0.1282051282051282,117,-10.8301,False,-10.8301,False,-10.8301,False,BHEL,False
2026-08-13,415.0,10.600000000000001,417.3,-10.629540000000002,0.5204599999999971,0.23076923076923078,91,-10.629540000000002,False,-10.629540000000002,False,-10.629540000000002,False,BHEL,False
2026-08-14,425.0,11.55,425.7,-4.4522200000000005,0.24777999999999895,0.5846153846153846,65,-4.4522200000000005,False,-4.4522200000000005,False,-4.4522200000000005,False,BHEL,False
2026-08-17,425.0,7.1499999999999995,422.75,-0.03989999999999911,1.1100999999999994,0.3076923076923077,39,-0.03989999999999911,False,-0.03989999999999911,False,-0.03989999999999911,False,BHEL,False
2026-06-25,425.0,7.3,422.95,-2.3342999999999883,5.715700000000022,0.024,125,3.6156999999999995,True,-2.3342999999999883,False,-2.3342999999999883,False,BIOCON,False
2026-06-29,415.0,5.05,416.9,-5.064,5.885999999999999,0.28,125,2.5109999999999997,True,5.036,True,-5.064,False,BIOCON,False
2026-06-30,415.0,6.05,412.85,-6.0668,4.8831999999999995,0.16,125,3.0081999999999995,True,-6.0668,False,-6.0668,False,BIOCON,False
2026-07-01,425.0,13.450000000000001,425.05,2.7169800000000097,5.416979999999998,0.344,125,2.7169800000000097,False,2.7169800000000097,False,2.7169800000000097,False,BIOCON,False
2026-07-02,415.0,11.05,415.75,-0.06173999999997874,8.038259999999987,0.104,125,5.463260000000002,True,-0.06173999999997874,False,-0.06173999999997874,False,BIOCON,False
2026-07-03,420.0,10.65,419.95,3.7797200000000104,13.429719999999987,0.144,125,5.254720000000001,True,10.57972,True,3.7797200000000104,False,BIOCON,False
2026-07-06,430.0,10.55,427.75,5.276079999999987,23.52607999999999,0.0,125,5.20108,True,10.476080000000001,True,21.02608,True,BIOCON,False
2026-07-07,425.0,11.450000000000001,423.45,-11.48192,17.66807999999999,0.008,125,5.693079999999999,True,11.418080000000002,True,-11.48192,False,BIOCON,False
2026-07-08,410.0,13.15,408.7,-13.18668,0.9633199999999875,0.16,125,-13.18668,False,-13.18668,False,-13.18668,False,BIOCON,False
2026-07-09,405.0,10.850000000000001,403.9,-10.88024,1.0697599999999978,0.2,125,-10.88024,False,-10.88024,False,-10.88024,False,BIOCON,False
2026-07-10,405.0,11.700000000000001,405.45,-11.73262,0.2173799999999982,0.104,125,-11.73262,False,-11.73262,False,-11.73262,False,BIOCON,False
2026-07-13,415.0,11.350000000000001,414.05,-11.38164,0.1683599999999975,0.016,125,-11.38164,False,-11.38164,False,-11.38164,False,BIOCON,False
2026-07-14,430.0,11.4,431.8,-11.43178,-2.6817800000000003,0.016,125,-11.43178,False,-11.43178,False,-11.43178,False,BIOCON,False
2026-07-15,430.0,10.0,431.9,-10.02786,-1.27786,0.008,125,-10.02786,False,-10.02786,False,-10.02786,False,BIOCON,False
2026-07-16,435.0,11.65,434.45,-5.99844,-2.7984400000000016,0.488,125,-5.99844,False,-5.99844,False,-5.99844,False,BIOCON,False
2026-07-17,435.0,7.75,436.9,-2.5861199999999998,1.1138799999999986,0.608,125,-2.5861199999999998,False,-2.5861199999999998,False,-2.5861199999999998,False,BIOCON,False
2026-07-20,435.0,6.85,436.05,-4.824779999999999,0.1252200000000119,0.464,125,-4.824779999999999,False,-4.824779999999999,False,-4.824779999999999,False,BIOCON,False
2026-07-21,435.0,6.1,436.45,-3.7735199999999995,0.8764800000000119,0.552,125,-3.7735199999999995,False,-3.7735199999999995,False,-3.7735199999999995,False,BIOCON,False
2026-07-22,435.0,3.6999999999999997,435.95,-0.6189000000000222,3.281100000000012,0.624,125,1.8311000000000002,True,-0.6189000000000222,False,-0.6189000000000222,False,BIOCON,False
2026-07-23,435.0,6.0,433.95,4.852819999999988,4.852819999999988,0.464,125,2.95282,True,4.852819999999988,False,4.852819999999988,False,BIOCON,False
2026-07-24,430.0,3.05,429.75,1.7780199999999777,10.47802,0.464,125,1.5030199999999996,True,3.0280199999999997,True,6.078019999999999,True,BIOCON,False
2026-07-27,435.0,2.65,436.5,7.165139999999976,9.165139999999976,0.28,125,1.2901399999999998,True,2.61514,True,5.265139999999999,True,BIOCON,False
2026-07-28,435.0,3.15,435.45,4.7690600000000005,8.669059999999977,0.08,125,1.5440599999999998,True,3.1190599999999997,True,6.269059999999999,True,BIOCON,False
2026-07-29,430.0,11.25,431.85,-3.35362,2.246379999999999,0.248,125,-3.35362,False,-3.35362,False,-3.35362,False,BIOCON,False
2026-07-30,425.0,13.950000000000001,424.05,-2.6707000000000014,-0.07070000000000178,0.904,125,-2.6707000000000014,False,-2.6707000000000014,False,-2.6707000000000014,False,BIOCON,False
2026-07-31,425.0,12.600000000000001,425.1,-12.635140000000002,0.8648599999999986,0.736,125,-12.635140000000002,False,-12.635140000000002,False,-12.635140000000002,False,BIOCON,False
2026-08-03,425.0,11.0,425.1,-1.8564200000000006,2.44358,0.608,125,-1.8564200000000006,False,-1.8564200000000006,False,-1.8564200000000006,False,BIOCON,False
2026-08-04,425.0,12.950000000000001,424.7,-4.659500000000001,-0.25950000000000106,0.64,125,-4.659500000000001,False,-4.659500000000001,False,-4.659500000000001,False,BIOCON,False
2026-08-05,425.0,11.200000000000001,426.0,-1.757820000000001,1.3921799999999975,0.64,125,-1.757820000000001,False,-1.757820000000001,False,-1.757820000000001,False,BIOCON,False
2026-08-06,425.0,10.450000000000001,425.25,-10.479120000000002,-0.3791200000000014,0.536,125,-10.479120000000002,False,-10.479120000000002,False,-10.479120000000002,False,BIOCON,False
2026-08-07,430.0,11.05,432.3,0.6363000000000099,1.4862999999999758,0.344,125,0.6363000000000099,False,0.6363000000000099,False,0.6363000000000099,False,BIOCON,False
2026-08-10,430.0,9.65,427.8,4.882239999999976,6.332240000000022,0.224,125,4.757240000000001,True,4.882239999999976,False,4.882239999999976,False,BIOCON,False
2026-08-11,425.0,9.350000000000001,423.3,1.9421799999999751,6.642180000000021,0.448,125,4.617180000000001,True,1.9421799999999751,False,1.9421799999999751,False,BIOCON,False
2026-08-12,425.0,8.65,424.85,-4.386119999999978,7.363880000000021,0.2796610169491525,118,4.288880000000001,True,-4.386119999999978,False,-4.386119999999978,False,BIOCON,False
2026-08-13,425.0,6.75,422.8,-2.4807999999999772,9.269200000000023,0.2391304347826087,92,3.3442,True,6.7192,True,-2.4807999999999772,False,BIOCON,False
2026-08-14,420.0,7.7,417.85,-1.83794,3.312060000000022,0.6515151515151515,66,-1.83794,False,-1.83794,False,-1.83794,False,BIOCON,False
2026-08-17,415.0,7.25,414.2,-7.27016,2.5798399999999995,0.725,40,-7.27016,False,-7.27016,False,-7.27016,False,BIOCON,False
2026-06-25,1660.0,16.1,1662.1,38.6512,49.6512,0.144,125,7.8512,True,15.901200000000001,True,32.001200000000004,True,BLUESTARCO,False
2026-06-29,1640.0,17.400000000000002,1639.5,31.663519999999956,42.363519999999994,0.36,125,8.51352,True,17.213520000000003,True,34.613519999999994,True,BLUESTARCO,False
2026-06-30,1640.0,10.0,1639.4,41.07863999999996,49.77864,0.176,125,4.82864,True,9.82864,True,19.82864,True,BLUESTARCO,False
2026-07-01,1620.0,68.35,1628.0,-43.66109999999999,-1.061099999999997,0.16,125,-43.66109999999999,False,-43.66109999999999,False,-43.66109999999999,False,BLUESTARCO,False
2026-07-02,1600.0,51.8,1605.1,-7.220479999999996,7.879520000000006,0.8,125,-7.220479999999996,False,-7.220479999999996,False,-7.220479999999996,False,BLUESTARCO,False
2026-07-03,1600.0,61.949999999999996,1608.6,-62.12331999999999,-2.8733199999999957,0.752,125,-62.12331999999999,False,-62.12331999999999,False,-62.12331999999999,False,BLUESTARCO,False
2026-07-07,1600.0,57.949999999999996,1591.3,-58.11212,-1.912119999999993,0.448,125,-58.11212,False,-58.11212,False,-58.11212,False,BLUESTARCO,False
2026-07-08,1600.0,48.9,1590.4,-49.03678,5.663220000000004,0.296,125,-49.03678,False,-49.03678,False,-49.03678,False,BLUESTARCO,False
2026-07-09,1600.0,57.4,1608.7,-57.56058,-8.710579999999997,0.16,125,-57.56058,False,-57.56058,False,-57.56058,False,BLUESTARCO,False
2026-07-10,1620.0,42.0,1626.6,-42.11746,1.9825400000000015,0.064,125,-42.11746,False,-42.11746,False,-42.11746,False,BLUESTARCO,False
2026-07-13,1660.0,51.849999999999994,1660.0,-51.995039999999996,-8.995039999999994,0.024,125,-51.995039999999996,False,-51.995039999999996,False,-51.995039999999996,False,BLUESTARCO,False
2026-07-14,1720.0,38.0,1722.0,-8.339840000000002,17.31016,0.144,125,-8.339840000000002,False,-8.339840000000002,False,-8.339840000000002,False,BLUESTARCO,False
2026-07-15,1760.0,50.05,1758.9,23.35349999999996,44.25350000000005,0.12,125,24.678499999999993,True,23.35349999999996,False,23.35349999999996,False,BLUESTARCO,False
2026-07-16,1760.0,48.55,1756.2,52.18098000000005,59.58097999999991,0.0,125,23.85597999999999,True,48.130979999999994,True,52.18098000000005,False,BLUESTARCO,False
2026-07-17,1720.0,37.55,1721.0,75.97594000000001,75.97594000000001,0.136,125,18.350939999999998,True,37.12594,True,74.67594,True,BLUESTARCO,False
2026-07-20,1660.0,38.599999999999994,1665.3,-25.295599999999997,15.204400000000009,0.176,125,-25.295599999999997,False,-25.295599999999997,False,-25.295599999999997,False,BLUESTARCO,False
2026-07-21,1720.0,33.599999999999994,1712.6,53.610919999999915,80.01092000000001,0.04,125,16.460919999999998,True,33.26091999999999,True,66.86092,True,BLUESTARCO,False
2026-07-22,1680.0,26.45,1686.2,10.422339999999913,47.32234,0.104,125,13.047339999999998,True,26.27234,True,10.422339999999913,False,BLUESTARCO,False
2026-07-23,1660.0,23.2,1658.8,-23.26482,41.68518,0.312,125,11.535179999999999,True,23.13518,True,-23.26482,False,BLUESTARCO,False
2026-07-24,1600.0,8.5,1606.0,-8.52366,-8.52366,0.0,125,-8.52366,False,-8.52366,False,-8.52366,False,BLUESTARCO,False
2026-07-27,1660.0,7.5,1655.6,-7.52086,57.429140000000004,0.232,125,3.72914,True,7.47914,True,14.97914,True,BLUESTARCO,False
2026-07-28,1640.0,10.0,1632.4,-10.02786,45.422140000000006,0.144,125,4.97214,True,9.97214,True,19.97214,True,BLUESTARCO,False
2026-07-29,1640.0,50.65,1642.9,-50.79168,4.658320000000004,0.056,125,-50.79168,False,-50.79168,False,-50.79168,False,BLUESTARCO,False
2026-07-31,1700.0,61.25,1699.0,105.06118,113.06118,0.232,125,29.98618,True,60.61118,True,105.06118,False,BLUESTARCO,False
2026-08-03,1680.0,60.55,1689.2,112.74354,120.8435399999999,0.168,125,29.618539999999992,True,59.893539999999994,True,120.44353999999998,True,BLUESTARCO,False
2026-08-04,1720.0,56.65,1730.0,159.43434000000008,174.03434,0.096,125,27.559339999999995,True,55.88434,True,112.53433999999999,True,BLUESTARCO,False
2026-08-05,1700.0,76.05,1694.2,126.41809999999995,134.61809999999997,0.04,125,37.24309999999999,True,75.2681,True,126.41809999999995,False,BLUESTARCO,False
2026-08-06,1660.0,64.55,1654.7,104.94298000000003,118.14298000000008,0.072,125,31.617979999999992,True,63.892979999999994,True,104.94298000000003,False,BLUESTARCO,True
2026-08-07,1560.0,59.9,1565.0,-11.45408000000004,23.145920000000096,0.0,125,-11.45408000000004,False,-11.45408000000004,False,-11.45408000000004,False,BLUESTARCO,False
2026-08-10,1500.0,39.05,1503.0,-17.519959999999998,12.080040000000007,0.848,125,-17.519959999999998,False,-17.519959999999998,False,-17.519959999999998,False,BLUESTARCO,False
2026-08-11,1520.0,42.05,1513.1,-12.84992,20.600080000000005,0.68,125,-12.84992,False,-12.84992,False,-12.84992,False,BLUESTARCO,False
2026-08-12,1480.0,29.75,1488.0,-29.83316,10.116840000000003,0.1440677966101695,118,-29.83316,False,-29.83316,False,-29.83316,False,BLUESTARCO,False
2026-08-13,1500.0,37.3,1494.0,-14.468699999999997,0.9313000000000086,0.8260869565217391,92,-14.468699999999997,False,-14.468699999999997,False,-14.468699999999997,False,BLUESTARCO,False
2026-08-14,1500.0,27.55,1502.5,-4.691400000000001,10.708600000000004,0.8636363636363636,66,-4.691400000000001,False,-4.691400000000001,False,-4.691400000000001,False,BLUESTARCO,False
2026-08-17,1480.0,24.900000000000002,1484.7,-24.96958,-24.96958,0.0,40,-24.96958,False,-24.96958,False,-24.96958,False,BLUESTARCO,False
2026-08-10,43000.0,1100.05,43125.0,-1103.1299999999999,156.92,0.168,125,-1103.1299999999999,False,-1103.1299999999999,False,-1103.1299999999999,False,BOSCHLTD,False
2026-08-11,45000.0,1169.75,44920.0,-1173.02516,-74.42515999999986,0.12,125,-1173.02516,False,-1173.02516,False,-1173.02516,False,BOSCHLTD,False
2026-08-12,46500.0,1236.95,46405.0,-1240.41332,-209.01331999999996,0.425,120,-1240.41332,False,-1240.41332,False,-1240.41332,False,BOSCHLTD,False
2026-08-13,47000.0,1050.1,47110.0,-1053.0401399999998,-83.14013999999982,0.7127659574468085,94,-1053.0401399999998,False,-1053.0401399999998,False,-1053.0401399999998,False,BOSCHLTD,False
2026-08-14,46500.0,755.0,46605.0,-757.11386,-32.21385999999991,0.1323529411764706,68,-757.11386,False,-757.11386,False,-757.11386,False,BOSCHLTD,False
2026-08-17,47500.0,792.05,47630.0,-794.2675999999999,110.63240000000013,0.7142857142857143,42,-794.2675999999999,False,-794.2675999999999,False,-794.2675999999999,False,BOSCHLTD,False
2026-08-10,320.0,7.45,317.55,-1.6370999999999996,2.3128999999999986,0.696,125,-1.6370999999999996,False,-1.6370999999999996,False,-1.6370999999999996,False,BPCL,False
2026-08-11,315.0,6.0,317.15,-2.7258999999999998,1.2241,0.8,125,-2.7258999999999998,False,-2.7258999999999998,False,-2.7258999999999998,False,BPCL,False
2026-08-12,320.0,4.8999999999999995,318.15,3.2135999999999885,4.8636,0.712,125,2.4136,True,4.8636,True,3.2135999999999885,False,BPCL,False
2026-08-13,315.0,6.1499999999999995,313.05,-3.0259000000000107,1.0741000000000005,0.77,100,-3.0259000000000107,False,-3.0259000000000107,False,-3.0259000000000107,False,BPCL,False
2026-08-14,315.0,5.1,316.2,-1.9729600000000107,0.2270400000000009,0.6891891891891891,74,-1.9729600000000107,False,-1.9729600000000107,False,-1.9729600000000107,False,BPCL,False
2026-08-17,315.0,4.55,315.65,-1.421420000000011,0.7785800000000007,0.875,48,-1.421420000000011,False,-1.421420000000011,False,-1.421420000000011,False,BPCL,False
2026-08-10,5550.0,100.39999999999999,5565.5,-100.68097999999999,3.719020000000014,0.112,125,-100.68097999999999,False,-100.68097999999999,False,-100.68097999999999,False,BRITANNIA,False
2026-08-11,5600.0,88.0,5621.0,21.744899999999998,31.29490000000001,0.6,125,21.744899999999998,False,21.744899999999998,False,21.744899999999998,False,BRITANNIA,False
2026-08-12,5600.0,90.95,5611.0,-37.40558,28.494420000000005,0.5491803278688525,122,-37.40558,False,-37.40558,False,-37.40558,False,BRITANNIA,False
2026-08-13,5650.0,70.1,5642.0,33.36280000000001,78.8628,0.4166666666666667,96,34.562799999999996,True,69.6128,True,33.36280000000001,False,BRITANNIA,False
2026-08-14,5600.0,81.75,5607.0,-28.179819999999996,37.720180000000006,0.5571428571428572,70,-28.179819999999996,False,-28.179819999999996,False,-28.179819999999996,False,BRITANNIA,False
2026-08-17,5550.0,91.8,5533.0,-28.285959999999996,5.06404,0.8409090909090909,44,-28.285959999999996,False,-28.285959999999996,False,-28.285959999999996,False,BRITANNIA,False
2026-06-25,3900.0,64.55,3890.9,111.62422,123.47421999999999,0.696,125,31.599219999999992,True,63.874219999999994,True,111.62422,False,BSE,False
2026-06-29,3950.0,31.05,3953.2,161.37265999999988,161.37265999999988,0.648,125,14.897660000000002,True,30.42266,True,61.47266000000001,True,BSE,False
2026-06-30,3900.0,21.25,3911.2,178.08077999999998,188.58077999999998,0.696,125,10.00578,True,20.63078,True,41.88078,True,BSE,False
2026-07-01,3900.0,166.3,3904.0,69.82020000000016,96.42020000000007,0.496,125,82.0202,True,69.82020000000016,False,69.82020000000016,False,BSE,False
2026-07-02,3950.0,152.10000000000002,3939.2,14.056519999999875,160.85652000000005,0.112,125,75.15652000000001,True,151.20652,True,14.056519999999875,False,BSE,False
2026-07-03,3850.0,150.9,3848.6,-16.451080000000005,62.148920000000075,0.616,125,-16.451080000000005,False,-16.451080000000005,False,-16.451080000000005,False,BSE,False
2026-07-06,3800.0,165.8,3756.9,-166.2641,34.33589999999998,0.28,125,-166.2641,False,-166.2641,False,-166.2641,False,BSE,False
2026-07-07,3750.0,151.70000000000002,3700.0,-152.12462000000002,49.825379999999974,0.376,125,-152.12462000000002,False,-152.12462000000002,False,-152.12462000000002,False,BSE,False
2026-07-08,3700.0,164.4,3662.7,-164.86018,-12.660180000000016,0.032,125,-164.86018,False,-164.86018,False,-164.86018,False,BSE,False
2026-07-09,3850.0,167.45000000000002,3782.9,-51.59534000000019,-0.09534000000003928,0.992,125,-51.59534000000019,False,-51.59534000000019,False,-51.59534000000019,False,BSE,False
2026-07-10,3850.0,125.35,3821.5,69.70049999999999,69.70049999999999,0.816,125,61.77549999999998,True,69.70049999999999,False,69.70049999999999,False,BSE,False
2026-07-13,3850.0,130.05,3812.2,166.70173999999997,166.70173999999997,0.616,125,63.82674000000001,True,128.85174,True,166.70173999999997,False,BSE,False
2026-07-14,3850.0,120.1,3833.0,49.038,177.03799999999998,0.416,125,59.237999999999985,True,119.288,True,49.038,False,BSE,False
2026-07-15,3800.0,121.6,3765.8,41.550599999999996,125.55059999999999,0.392,125,60.000599999999984,True,120.80059999999999,True,41.550599999999996,False,BSE,False
2026-07-16,3800.0,130.15,3733.3,26.694299999999803,116.99429999999998,0.296,125,64.26930000000002,True,26.694299999999803,False,26.694299999999803,False,BSE,False
2026-07-17,3700.0,139.95000000000002,3654.0,16.467980000000153,34.16797999999997,0.888,125,16.467980000000153,False,16.467980000000153,False,16.467980000000153,False,BSE,False
2026-07-20,3600.0,105.64999999999999,3552.0,-50.05261999999999,-7.452619999999985,0.432,125,-50.05261999999999,False,-50.05261999999999,False,-50.05261999999999,False,BSE,False
2026-07-21,3750.0,99.05,3680.0,126.38902000000009,148.98901999999998,0.416,125,48.61401999999999,True,98.13902,True,126.38902000000009,False,BSE,False
2026-07-22,3700.0,88.1,3636.0,125.20383999999981,155.30384000000018,0.504,125,43.203839999999985,True,87.25384,True,125.20383999999981,False,BSE,False
2026-07-23,3700.0,39.449999999999996,3642.3,139.0880599999998,204.18806000000018,0.304,125,19.11306,True,38.83806,True,78.28806,True,BSE,False
2026-07-24,3500.0,67.7,3542.7,-67.88942,74.51057999999998,0.88,125,33.66058000000001,True,67.51058,True,-67.88942,False,BSE,False
2026-07-27,3600.0,44.449999999999996,3560.8,-44.57431999999999,152.32567999999998,0.992,125,22.10068,True,44.32568,True,88.77568000000001,True,BSE,False
2026-07-28,3500.0,6.25,3523.6,-6.26736,136.13263999999998,0.592,125,3.10764,True,6.23264,True,12.48264,True,BSE,False
2026-07-29,3500.0,152.25,3485.8,-152.67616,-16.326160000000005,0.392,125,-152.67616,False,-152.67616,False,-152.67616,False,BSE,False
2026-07-30,3500.0,134.5,3520.8,-18.253919999999997,1.1460799999999944,0.36,125,-18.253919999999997,False,-18.253919999999997,False,-18.253919999999997,False,BSE,False
2026-07-31,3600.0,126.3,3576.0,75.22963999999999,75.22963999999999,0.984,125,62.22963999999999,True,75.22963999999999,False,75.22963999999999,False,BSE,False
2026-08-03,3700.0,166.20000000000002,3656.8,85.57651999999997,97.57651999999997,0.432,125,81.92652,True,85.57651999999997,False,85.57651999999997,False,BSE,False
2026-08-04,3600.0,154.5,3566.8,-52.32057999999999,53.879419999999996,0.888,125,-52.32057999999999,False,-52.32057999999999,False,-52.32057999999999,False,BSE,False
2026-08-05,3600.0,112.55,3586.1,-18.679459999999995,95.97054,0.888,125,55.695539999999994,True,-18.679459999999995,False,-18.679459999999995,False,BSE,False
2026-08-06,3500.0,109.55,3499.9,-21.853699999999996,43.9963,0.6,125,-21.853699999999996,False,-21.853699999999996,False,-21.853699999999996,False,BSE,False
2026-08-07,3500.0,161.5,3494.4,-76.34244,-12.24244000000001,0.6,125,-76.34244,False,-76.34244,False,-76.34244,False,BSE,False
2026-08-10,3400.0,133.05,3441.3,-76.13326,-64.83326000000001,0.104,125,-76.13326,False,-76.13326,False,-76.13326,False,BSE,False
2026-08-11,3500.0,90.05,3543.8,69.10042000000008,112.60042000000008,0.568,125,44.325419999999994,True,89.35042,True,69.10042000000008,False,BSE,False
2026-08-12,3600.0,98.85,3581.4,217.33478000000008,248.23478000000017,0.5128205128205128,117,48.259779999999985,True,97.68477999999999,True,196.53477999999996,True,BSE,False
2026-08-13,3500.0,86.5,3526.2,129.99936000000008,160.89936000000017,0.5714285714285714,91,42.39936,True,85.64936,True,129.99936000000008,False,BSE,False
2026-08-14,3500.0,91.0,3485.6,125.48676000000007,156.38676000000018,0.4,65,44.63676,True,90.13676,True,125.48676000000007,False,BSE,False
2026-08-17,3300.0,54.05,3323.5,15.20392000000001,46.553920000000005,0.9743589743589743,39,26.67891999999999,True,15.20392000000001,False,15.20392000000001,False,BSE,False
2026-06-25,800.0,4.8999999999999995,798.15,15.77832,21.57832,0.352,125,2.37832,True,4.82832,True,9.72832,True,CAMS,False
2026-06-29,790.0,5.05,786.15,18.6195,20.1695,0.544,125,2.4444999999999997,True,4.9695,True,10.019499999999997,True,CAMS,False
2026-06-30,790.0,3.65,794.8,5.015559999999999,21.615560000000002,0.552,125,1.7905599999999997,True,3.61556,True,7.265559999999999,True,CAMS,False
2026-07-01,790.0,25.2,794.85,-4.9774000000000225,-0.02739999999999851,0.408,125,-4.9774000000000225,False,-4.9774000000000225,False,-4.9774000000000225,False,CAMS,False
2026-07-02,790.0,23.25,787.75,12.534380000000002,20.134380000000025,0.216,125,11.45938,True,12.534380000000002,False,12.534380000000002,False,CAMS,False
2026-07-03,800.0,21.150000000000002,804.7,-7.44771999999998,32.30228000000002,0.16,125,10.477279999999999,True,21.052280000000003,True,-7.44771999999998,False,CAMS,False
2026-07-06,790.0,24.1,786.45,-13.447440000000048,19.352560000000025,0.296,125,11.952560000000004,True,-13.447440000000048,False,-13.447440000000048,False,CAMS,False
2026-07-07,780.0,20.0,781.25,0.0377199999999986,13.437720000000025,0.432,125,9.88772,True,0.0377199999999986,False,0.0377199999999986,False,CAMS,False
2026-07-08,770.0,20.25,769.6,-2.85556,3.194440000000022,0.416,125,-2.85556,False,-2.85556,False,-2.85556,False,CAMS,False
2026-07-09,750.0,22.400000000000002,754.0,-22.462580000000003,-4.112580000000004,0.008,125,-22.462580000000003,False,-22.462580000000003,False,-22.462580000000003,False,CAMS,False
2026-07-10,780.0,17.650000000000002,782.25,16.753980000000023,16.753980000000023,0.248,125,8.67898,True,16.753980000000023,False,16.753980000000023,False,CAMS,False
2026-07-13,780.0,13.3,781.0,20.26854,24.51854,0.16,125,6.518540000000002,True,13.16854,True,20.26854,False,CAMS,False
2026-07-14,780.0,18.05,776.4,-13.164260000000002,19.83574,0.016,125,8.960740000000001,True,17.98574,True,-13.164260000000002,False,CAMS,False
2026-07-15,770.0,20.7,768.05,-8.84128,7.15872,0.44,125,-8.84128,False,-8.84128,False,-8.84128,False,CAMS,False
2026-07-16,760.0,14.200000000000001,758.8,-5.813280000000002,6.186719999999998,0.2,125,-5.813280000000002,False,-5.813280000000002,False,-5.813280000000002,False,CAMS,False
2026-07-17,750.0,18.7,745.4,-11.72196,-0.6719600000000014,0.16,125,-11.72196,False,-11.72196,False,-11.72196,False,CAMS,False
2026-07-20,750.0,12.05,746.25,-12.0836,-2.6336000000000013,0.056,125,-12.0836,False,-12.0836,False,-12.0836,False,CAMS,False
2026-07-21,770.0,11.05,775.0,-11.0808,8.1192,0.392,125,5.494200000000002,True,-11.0808,False,-11.0808,False,CAMS,False
2026-07-22,760.0,10.850000000000001,764.45,-10.88024,0.5697599999999978,0.312,125,-10.88024,False,-10.88024,False,-10.88024,False,CAMS,False
2026-07-23,770.0,9.25,767.85,-9.27576,9.92424,0.032,125,4.59924,True,9.22424,True,-9.27576,False,CAMS,False
2026-07-24,750.0,4.7,751.6,-4.71302,4.736979999999999,0.048,125,2.3369800000000005,True,4.68698,True,-4.71302,False,CAMS,False
2026-07-27,770.0,12.8,771.55,-12.835700000000001,-12.835700000000001,0.0,125,-12.835700000000001,False,-12.835700000000001,False,-12.835700000000001,False,CAMS,False
2026-07-29,790.0,27.85,792.75,-27.92784,0.8721599999999993,0.368,125,-27.92784,False,-27.92784,False,-27.92784,False,CAMS,False
2026-07-30,790.0,27.25,787.8,-27.32616,1.42384,0.168,125,-27.32616,False,-27.32616,False,-27.32616,False,CAMS,False
2026-07-31,790.0,28.900000000000002,795.0,-28.980780000000003,-9.630780000000005,0.016,125,-28.980780000000003,False,-28.980780000000003,False,-28.980780000000003,False,CAMS,False
2026-08-03,800.0,24.7,804.3,-9.462000000000023,1.7380000000000015,0.256,125,-9.462000000000023,False,-9.462000000000023,False,-9.462000000000023,False,CAMS,False
2026-08-04,800.0,26.55,798.05,-16.402900000000045,-4.902900000000001,0.232,125,-16.402900000000045,False,-16.402900000000045,False,-16.402900000000045,False,CAMS,False
2026-08-05,820.0,24.75,815.6,9.035780000000003,16.335779999999957,0.08,125,12.21078,True,9.035780000000003,False,9.035780000000003,False,CAMS,False
2026-08-06,810.0,20.05,808.0,15.194880000000047,18.64487999999998,0.016,125,9.869880000000002,True,15.194880000000047,False,15.194880000000047,False,CAMS,False
2026-08-07,790.0,19.0,788.0,0.7413599999999766,5.491359999999998,0.512,125,0.7413599999999766,False,0.7413599999999766,False,0.7413599999999766,False,CAMS,False
2026-08-10,790.0,18.0,786.25,8.425400000000021,9.275400000000044,0.456,125,8.875399999999999,True,8.425400000000021,False,8.425400000000021,False,CAMS,False
2026-08-11,790.0,17.900000000000002,788.45,-0.8978600000000255,16.302140000000023,0.304,125,8.852139999999999,True,-0.8978600000000255,False,-0.8978600000000255,False,CAMS,False
2026-08-12,780.0,12.100000000000001,784.8,6.164879999999975,12.11488000000002,0.6206896551724138,116,5.964880000000001,True,12.014880000000002,True,6.164879999999975,False,CAMS,False
2026-08-13,780.0,14.5,778.6,3.7581599999999766,9.708160000000023,0.5111111111111111,90,7.15816,True,3.7581599999999766,False,3.7581599999999766,False,CAMS,False
2026-08-14,770.0,13.200000000000001,766.85,-4.9102000000000245,3.439799999999998,0.75,64,-4.9102000000000245,False,-4.9102000000000245,False,-4.9102000000000245,False,CAMS,False
2026-08-17,760.0,10.65,755.65,-0.6079600000000007,1.242039999999999,0.6052631578947368,38,-0.6079600000000007,False,-0.6079600000000007,False,-0.6079600000000007,False,CAMS,False
2026-08-10,132.5,3.21,131.18,-0.40674399999999966,1.0632560000000035,0.576,125,-0.40674399999999966,False,-0.40674399999999966,False,-0.40674399999999966,False,CANBK,False
2026-08-11,127.5,3.6599999999999997,128.61,-3.6701079999999995,-1.2801079999999996,0.032,125,-3.6701079999999995,False,-3.6701079999999995,False,-3.6701079999999995,False,CANBK,False
2026-08-12,132.5,2.9499999999999997,132.06,-0.16596000000000521,1.1540400000000004,0.8290598290598291,117,-0.16596000000000521,False,-0.16596000000000521,False,-0.16596000000000521,False,CANBK,False
2026-08-13,132.5,3.52,131.23,-0.7375560000000055,0.5824440000000001,0.8241758241758241,91,-0.7375560000000055,False,-0.7375560000000055,False,-0.7375560000000055,False,CANBK,False
2026-08-14,132.5,3.25,131.08,-0.4668000000000055,0.8532000000000001,0.7692307692307693,65,-0.4668000000000055,False,-0.4668000000000055,False,-0.4668000000000055,False,CANBK,False
2026-08-17,130.0,2.25,129.5,-0.12215199999999987,0.22784800000000022,0.85,40,-0.12215199999999987,False,-0.12215199999999987,False,-0.12215199999999987,False,CANBK,False
2026-08-10,1320.0,27.6,1324.5,-27.67714,1.9728599999999972,0.056,125,-27.67714,False,-27.67714,False,-27.67714,False,CDSL,False
2026-08-11,1320.0,34.9,1327.8,-34.99758,-9.54758,0.056,125,-34.99758,False,-34.99758,False,-34.99758,False,CDSL,False
2026-08-12,1340.0,24.6,1344.7,-6.868720000000003,5.481279999999998,0.8780487804878049,123,-6.868720000000003,False,-6.868720000000003,False,-6.868720000000003,False,CDSL,False
2026-08-13,1340.0,28.150000000000002,1343.4,-10.428660000000004,1.8713399999999965,0.845360824742268,97,-10.428660000000004,False,-10.428660000000004,False,-10.428660000000004,False,CDSL,False
2026-08-14,1340.0,27.6,1343.8,-9.877120000000003,2.422879999999997,0.8732394366197183,71,-9.877120000000003,False,-9.877120000000003,False,-9.877120000000003,False,CDSL,False
2026-08-17,1320.0,21.8,1324.0,-21.8609,-4.660900000000002,0.08888888888888889,45,-21.8609,False,-21.8609,False,-21.8609,False,CDSL,False
2026-06-25,930.0,13.9,926.9,10.991219999999954,10.991219999999954,0.064,125,6.841220000000002,True,10.991219999999954,False,10.991219999999954,False,CGPOWER,False
2026-06-29,940.0,5.8999999999999995,939.75,27.938560000000003,44.83855999999998,0.032,125,2.83856,True,5.7885599999999995,True,11.68856,True,CGPOWER,False
2026-06-30,960.0,6.05,964.7,44.79039999999996,64.64039999999999,0.392,125,2.8653999999999997,True,5.8904,True,11.940399999999999,True,CGPOWER,False
2026-07-01,960.0,35.05,962.6,19.99716000000003,35.547159999999984,0.216,125,17.27216,True,34.79716,True,19.99716000000003,False,CGPOWER,False
2026-07-02,960.0,31.8,959.3,10.890980000000047,38.84097999999998,0.112,125,15.690980000000001,True,31.590980000000002,True,10.890980000000047,False,CGPOWER,False
2026-07-03,900.0,25.8,904.95,-25.8721,11.077900000000001,0.144,125,-25.8721,False,-25.8721,False,-25.8721,False,CGPOWER,False
2026-07-06,910.0,30.400000000000002,906.0,-24.900660000000027,3.549340000000002,0.48,125,-24.900660000000027,False,-24.900660000000027,False,-24.900660000000027,False,CGPOWER,False
2026-07-07,910.0,29.6,908.95,-17.367320000000024,4.3326800000000025,0.56,125,-17.367320000000024,False,-17.367320000000024,False,-17.367320000000024,False,CGPOWER,False
2026-07-08,900.0,29.05,904.65,-29.1312,1.4188,0.248,125,-29.1312,False,-29.1312,False,-29.1312,False,CGPOWER,False
2026-07-09,920.0,32.849999999999994,917.05,-7.862259999999996,-1.5122599999999944,0.264,125,-7.862259999999996,False,-7.862259999999996,False,-7.862259999999996,False,CGPOWER,False
2026-07-10,920.0,29.85,915.95,-2.6600200000000034,0.33997999999999645,0.336,125,-2.6600200000000034,False,-2.6600200000000034,False,-2.6600200000000034,False,CGPOWER,False
2026-07-13,900.0,29.05,904.35,-7.0432200000000025,-0.5932200000000029,0.272,125,-7.0432200000000025,False,-7.0432200000000025,False,-7.0432200000000025,False,CGPOWER,False
2026-07-14,900.0,24.95,897.6,-25.01972,3.580279999999999,0.168,125,-25.01972,False,-25.01972,False,-25.01972,False,CGPOWER,False
2026-07-15,920.0,28.45,919.25,-7.63818,0.8118199999999993,0.184,125,-7.63818,False,-7.63818,False,-7.63818,False,CGPOWER,False
2026-07-16,920.0,27.5,923.95,-18.65192,1.7980799999999986,0.2,125,-18.65192,False,-18.65192,False,-18.65192,False,CGPOWER,False
2026-07-17,920.0,25.7,916.05,9.379479999999958,10.679480000000027,0.112,125,9.379479999999958,False,9.379479999999958,False,9.379479999999958,False,CGPOWER,False
2026-07-20,900.0,23.35,903.85,4.655940000000043,23.405940000000047,0.16,125,11.530940000000005,True,23.205940000000002,True,4.655940000000043,False,CGPOWER,False
2026-07-21,910.0,20.95,912.8,38.02572,38.02572,0.28,125,10.250719999999998,True,20.72572,True,38.02572,False,CGPOWER,False
2026-07-22,920.0,21.900000000000002,923.9,66.98906,66.98906,0.072,125,10.639059999999999,True,21.589060000000003,True,43.489059999999995,True,CGPOWER,False
2026-07-23,910.0,21.400000000000002,911.0,64.99746,64.99746,0.072,125,10.397459999999999,True,21.09746,True,42.49746,True,CGPOWER,False
2026-07-24,880.0,21.6,884.7,9.801319999999999,41.50131999999996,0.152,125,10.651320000000004,True,21.451320000000003,True,9.801319999999999,False,CGPOWER,False
2026-07-27,870.0,9.05,871.8,1.9438600000000212,44.14385999999996,0.104,125,4.46886,True,8.993860000000002,True,18.043860000000002,True,CGPOWER,False
2026-07-28,850.0,5.05,850.75,18.719219999999975,28.119219999999956,0.016,125,2.4442199999999996,True,4.96922,True,10.019219999999997,True,CGPOWER,False
2026-07-29,840.0,31.400000000000002,830.75,-31.48778,0.5622200000000022,0.128,125,-31.48778,False,-31.48778,False,-31.48778,False,CGPOWER,False
2026-07-30,820.0,22.400000000000002,823.25,-22.462580000000003,4.287419999999998,0.184,125,-22.462580000000003,False,-22.462580000000003,False,-22.462580000000003,False,CGPOWER,False
2026-07-31,880.0,28.1,872.4,-1.5034400000000014,25.59655999999998,0.672,125,13.896560000000004,True,-1.5034400000000014,False,-1.5034400000000014,False,CGPOWER,False
2026-08-03,860.0,23.6,858.9,-23.665940000000003,10.18405999999998,0.216,125,-23.665940000000003,False,-23.665940000000003,False,-23.665940000000003,False,CGPOWER,False
2026-08-04,860.0,30.150000000000002,863.65,-30.234280000000002,-8.084280000000003,0.024,125,-30.234280000000002,False,-30.234280000000002,False,-30.234280000000002,False,CGPOWER,False
2026-08-05,880.0,24.650000000000002,883.8,-1.3844000000000036,5.115599999999996,0.952,125,-1.3844000000000036,False,-1.3844000000000036,False,-1.3844000000000036,False,CGPOWER,False
2026-08-06,880.0,29.05,880.8,-11.430900000000001,0.7190999999999979,0.952,125,-11.430900000000001,False,-11.430900000000001,False,-11.430900000000001,False,CGPOWER,False
2026-08-07,880.0,26.7,875.8,-8.9746,3.0753999999999992,0.952,125,-8.9746,False,-8.9746,False,-8.9746,False,CGPOWER,False
2026-08-10,880.0,26.0,876.65,-11.712980000000002,3.5870199999999994,0.944,125,-11.712980000000002,False,-11.712980000000002,False,-11.712980000000002,False,CGPOWER,False
2026-08-11,880.0,24.150000000000002,871.75,-24.217480000000002,3.9325199999999962,0.768,125,-24.217480000000002,False,-24.217480000000002,False,-24.217480000000002,False,CGPOWER,False
2026-08-12,880.0,24.7,874.45,-24.769019999999998,-0.9190200000000014,0.628099173553719,121,-24.769019999999998,False,-24.769019999999998,False,-24.769019999999998,False,CGPOWER,False
2026-08-13,880.0,15.600000000000001,885.4,-15.643540000000002,3.8564599999999984,0.5263157894736842,95,-15.643540000000002,False,-15.643540000000002,False,-15.643540000000002,False,CGPOWER,False
2026-08-14,880.0,24.05,882.0,-24.1172,-5.8172,0.34782608695652173,69,-24.1172,False,-24.1172,False,-24.1172,False,CGPOWER,False
2026-08-17,900.0,21.650000000000002,890.8,-2.763680000000002,2.436319999999997,1.0,43,-2.763680000000002,False,-2.763680000000002,False,-2.763680000000002,False,CGPOWER,False
2026-06-25,1800.0,22.05,1797.4,-22.1116,40.6884,0.92,125,10.963400000000002,True,21.988400000000002,True,-22.1116,False,CHOLAFIN,False
2026-06-29,1800.0,18.650000000000002,1809.4,-18.702080000000002,44.09792000000001,0.952,125,9.27292,True,18.597920000000002,True,37.24792,True,CHOLAFIN,False
2026-06-30,1780.0,9.55,1773.5,-9.576600000000001,42.873400000000004,0.16,125,4.7484,True,9.5234,True,19.073400000000003,True,CHOLAFIN,False
2026-07-01,1780.0,53.05,1778.6,-53.1984,-1.5983999999999958,0.12,125,-53.1984,False,-53.1984,False,-53.1984,False,CHOLAFIN,False
2026-07-02,1800.0,47.449999999999996,1802.5,11.700820000000007,16.55082,0.424,125,11.700820000000007,False,11.700820000000007,False,11.700820000000007,False,CHOLAFIN,False
2026-07-03,1820.0,44.8,1816.3,4.834980000000009,21.684980000000003,0.336,125,4.834980000000009,False,4.834980000000009,False,4.834980000000009,False,CHOLAFIN,False
2026-07-06,1820.0,51.65,1814.1,16.513720000000003,16.513720000000003,0.376,125,16.513720000000003,False,16.513720000000003,False,16.513720000000003,False,CHOLAFIN,False
2026-07-07,1880.0,53.0,1872.9,60.3829600000001,64.58295999999991,0.136,125,26.03296,True,52.53296,True,60.3829600000001,False,CHOLAFIN,False
2026-07-08,1820.0,49.05,1816.3,-1.3714599999999944,22.628540000000005,0.56,125,-1.3714599999999944,False,-1.3714599999999944,False,-1.3714599999999944,False,CHOLAFIN,False
2026-07-09,1780.0,48.199999999999996,1774.6,-48.33481999999999,15.165180000000005,0.24,125,-48.33481999999999,False,-48.33481999999999,False,-48.33481999999999,False,CHOLAFIN,False
2026-07-10,1820.0,60.55,1817.8,-11.707019999999991,11.092980000000006,0.784,125,-11.707019999999991,False,-11.707019999999991,False,-11.707019999999991,False,CHOLAFIN,False
2026-07-13,1800.0,52.8,1791.8,-0.1958199999999915,10.354180000000005,0.664,125,-0.1958199999999915,False,-0.1958199999999915,False,-0.1958199999999915,False,CHOLAFIN,False
2026-07-14,1760.0,35.05,1766.1,-5.481299999999997,18.618700000000004,0.12,125,17.3437,True,-5.481299999999997,False,-5.481299999999997,False,CHOLAFIN,False
2026-07-15,1820.0,52.8,1812.3,16.208120000000097,16.208120000000097,0.576,125,16.208120000000097,False,16.208120000000097,False,16.208120000000097,False,CHOLAFIN,False
2026-07-16,1800.0,42.199999999999996,1802.2,33.91792000000001,33.91792000000001,0.568,125,20.76792,True,33.91792000000001,False,33.91792000000001,False,CHOLAFIN,False
2026-07-17,1800.0,37.099999999999994,1805.1,84.50451999999991,84.50451999999991,0.368,125,18.104519999999997,True,36.65452,True,73.75451999999999,True,CHOLAFIN,False
2026-07-20,1780.0,38.55,1773.2,-6.8471199999999985,73.40288000000005,0.408,125,19.077879999999997,True,38.35288,True,-6.8471199999999985,False,CHOLAFIN,False
2026-07-21,1760.0,32.099999999999994,1768.3,-32.18973999999999,59.960260000000055,0.368,125,15.960259999999996,True,32.010259999999995,True,-32.18973999999999,False,CHOLAFIN,False
2026-07-22,1760.0,34.099999999999994,1750.6,-34.195339999999995,57.954660000000054,0.208,125,16.954659999999997,True,34.004659999999994,True,-34.195339999999995,False,CHOLAFIN,False
2026-07-23,1720.0,24.05,1723.5,-24.1172,28.032800000000048,0.312,125,11.957800000000002,True,23.9828,True,-24.1172,False,CHOLAFIN,False
2026-07-24,1680.0,26.150000000000002,1677.9,-26.223080000000003,1.0769199999999985,0.056,125,-26.223080000000003,False,-26.223080000000003,False,-26.223080000000003,False,CHOLAFIN,False
2026-07-27,1760.0,20.7,1764.9,-20.75782,31.94218,0.128,125,10.292179999999998,True,20.64218,True,-20.75782,False,CHOLAFIN,False
2026-07-28,1780.0,15.950000000000001,1788.7,-15.994520000000001,47.10548,0.256,125,7.930479999999999,True,15.90548,True,31.85548,True,CHOLAFIN,False
2026-07-29,1800.0,62.75,1800.0,-62.92556,5.724440000000006,0.296,125,-62.92556,False,-62.92556,False,-62.92556,False,CHOLAFIN,False
2026-07-30,1780.0,54.15,1789.4,-54.30148,8.798520000000003,0.192,125,-54.30148,False,-54.30148,False,-54.30148,False,CHOLAFIN,False
2026-07-31,1820.0,59.0,1820.8,-59.16506,-6.365059999999996,0.016,125,-59.16506,False,-59.16506,False,-59.16506,False,CHOLAFIN,False
2026-08-03,1900.0,59.349999999999994,1906.1,2.2605000000000084,20.160500000000013,0.768,125,2.2605000000000084,False,2.2605000000000084,False,2.2605000000000084,False,CHOLAFIN,False
2026-08-04,1880.0,51.8,1870.7,-51.9449,11.605100000000007,0.544,125,-51.9449,False,-51.9449,False,-51.9449,False,CHOLAFIN,False
2026-08-05,1900.0,53.349999999999994,1897.2,-12.713759999999988,11.186240000000003,0.64,125,-12.713759999999988,False,-12.713759999999988,False,-12.713759999999988,False,CHOLAFIN,False
2026-08-07,1920.0,49.15,1911.1,-11.693039999999996,15.056960000000004,0.848,125,-11.693039999999996,False,-11.693039999999996,False,-11.693039999999996,False,CHOLAFIN,False
2026-08-10,1880.0,53.699999999999996,1872.6,-53.85021999999999,-8.150219999999992,0.016,125,-53.85021999999999,False,-53.85021999999999,False,-53.85021999999999,False,CHOLAFIN,False
2026-08-11,1900.0,46.05,1899.7,-14.41798,-2.317979999999994,0.784,125,-14.41798,False,-14.41798,False,-14.41798,False,CHOLAFIN,False
2026-08-12,1900.0,43.349999999999994,1902.8,-27.665619999999905,0.4343800000000083,0.7131147540983607,122,-27.665619999999905,False,-27.665619999999905,False,-27.665619999999905,False,CHOLAFIN,False
2026-08-13,1900.0,35.8,1905.0,-20.09447999999991,7.005520000000005,0.65625,96,-20.09447999999991,False,-20.09447999999991,False,-20.09447999999991,False,CHOLAFIN,False
2026-08-14,1900.0,32.099999999999994,1901.1,-16.384119999999903,10.715880000000007,0.7285714285714285,70,-16.384119999999903,False,-16.384119999999903,False,-16.384119999999903,False,CHOLAFIN,False
2026-08-17,1880.0,30.55,1874.0,-7.699800000000001,1.5501999999999994,0.8863636363636364,44,-7.699800000000001,False,-7.699800000000001,False,-7.699800000000001,False,CHOLAFIN,False
2026-08-10,415.0,6.75,413.4,1.7074400000000107,2.4074399999999994,0.48,125,1.7074400000000107,False,1.7074400000000107,False,1.7074400000000107,False,COALINDIA,False
2026-08-11,410.0,5.0,409.65,0.17158000000000018,1.8715800000000002,0.944,125,0.17158000000000018,False,0.17158000000000018,False,0.17158000000000018,False,COALINDIA,False
2026-08-12,415.0,6.6,413.15,-0.38583999999998814,2.5641599999999998,0.43859649122807015,114,-0.38583999999998814,False,-0.38583999999998814,False,-0.38583999999998814,False,COALINDIA,False
2026-08-13,410.0,5.45,409.35,-1.27688,1.4231200000000002,1.0,88,-1.27688,False,-1.27688,False,-1.27688,False,COALINDIA,False
2026-08-14,410.0,6.0,409.25,-1.82842,0.8715800000000004,1.0,62,-1.82842,False,-1.82842,False,-1.82842,False,COALINDIA,False
2026-08-17,405.0,3.9,406.2,-3.91078,-0.4107799999999999,0.5833333333333334,36,-3.91078,False,-3.91078,False,-3.91078,False,COALINDIA,False
2026-06-25,1480.0,27.05,1487.9,-27.125600000000002,26.3244,0.192,125,13.449400000000002,True,-27.125600000000002,False,-27.125600000000002,False,COCHINSHIP,False
2026-06-29,1460.0,18.95,1462.5,-19.00292,14.447080000000003,0.04,125,9.422079999999998,True,-19.00292,False,-19.00292,False,COCHINSHIP,False
2026-06-30,1440.0,3.3499999999999996,1449.6,51.785920000000004,52.93592,0.032,125,1.5109199999999998,True,3.1859199999999994,True,6.535919999999999,True,COCHINSHIP,False
2026-07-01,1500.0,80.05,1501.0,0.44934000000000573,5.04934,0.232,125,0.44934000000000573,False,0.44934000000000573,False,0.44934000000000573,False,COCHINSHIP,False
2026-07-02,1500.0,68.55,1502.9,17.565859999999915,30.965860000000006,0.096,125,17.565859999999915,False,17.565859999999915,False,17.565859999999915,False,COCHINSHIP,False
2026-07-03,1520.0,61.199999999999996,1524.4,40.193600000000096,58.293600000000005,0.2,125,30.143600000000003,True,40.193600000000096,False,40.193600000000096,False,COCHINSHIP,False
2026-07-06,1540.0,60.699999999999996,1534.7,66.22332,78.72332,0.056,125,29.823320000000002,True,60.17332,True,66.22332,False,COCHINSHIP,False
2026-07-07,1440.0,73.25,1442.4,-46.97930000000009,-18.229299999999995,0.08,125,-46.97930000000009,False,-46.97930000000009,False,-46.97930000000009,False,COCHINSHIP,False
2026-07-08,1420.0,45.099999999999994,1419.0,-23.836199999999995,-0.3361999999999915,0.672,125,-23.836199999999995,False,-23.836199999999995,False,-23.836199999999995,False,COCHINSHIP,False
2026-07-09,1420.0,39.449999999999996,1413.4,-9.544599999999997,4.905400000000008,0.576,125,-9.544599999999997,False,-9.544599999999997,False,-9.544599999999997,False,COCHINSHIP,False
2026-07-10,1420.0,38.949999999999996,1418.1,-23.652179999999998,2.8978200000000043,0.488,125,-23.652179999999998,False,-23.652179999999998,False,-23.652179999999998,False,COCHINSHIP,False
2026-07-13,1420.0,35.8,1412.5,-10.022759999999998,6.027240000000003,0.304,125,-10.022759999999998,False,-10.022759999999998,False,-10.022759999999998,False,COCHINSHIP,False
2026-07-14,1420.0,30.75,1413.4,-16.42642,6.073580000000002,0.12,125,-16.42642,False,-16.42642,False,-16.42642,False,COCHINSHIP,False
2026-07-15,1400.0,32.849999999999994,1398.5,-10.953579999999993,1.9964200000000056,0.88,125,-10.953579999999993,False,-10.953579999999993,False,-10.953579999999993,False,COCHINSHIP,False
2026-07-16,1420.0,33.65,1417.6,12.376419999999959,19.976420000000097,0.088,125,16.601419999999997,True,12.376419999999959,False,12.376419999999959,False,COCHINSHIP,False
2026-07-17,1400.0,28.05,1404.5,-13.020820000000002,5.679180000000093,0.672,125,-13.020820000000002,False,-13.020820000000002,False,-13.020820000000002,False,COCHINSHIP,False
2026-07-20,1400.0,24.85,1394.0,-17.440440000000002,8.909560000000093,0.624,125,-17.440440000000002,False,-17.440440000000002,False,-17.440440000000002,False,COCHINSHIP,False
2026-07-21,1400.0,20.05,1405.5,-12.627,13.723000000000093,0.616,125,9.948000000000002,True,-12.627,False,-12.627,False,COCHINSHIP,False
2026-07-22,1400.0,20.45,1391.6,22.272760000000005,22.272760000000005,0.544,125,10.047759999999998,True,20.272759999999998,True,22.272760000000005,False,COCHINSHIP,False
2026-07-23,1380.0,20.05,1373.7,-20.106,18.444000000000003,0.272,125,9.969000000000003,True,-20.106,False,-20.106,False,COCHINSHIP,False
2026-07-24,1400.0,21.2,1390.7,-21.25922,26.440780000000004,0.792,125,10.540779999999998,True,21.14078,True,-21.25922,False,COCHINSHIP,False
2026-07-27,1400.0,9.600000000000001,1400.0,-9.626740000000002,38.073260000000005,0.648,125,4.7732600000000005,True,9.573260000000001,True,19.173260000000003,True,COCHINSHIP,False
2026-07-28,1400.0,7.35,1396.0,-7.370439999999999,40.32956,0.456,125,3.654559999999999,True,7.32956,True,14.679559999999997,True,COCHINSHIP,False
2026-07-29,1400.0,43.0,1394.1,-43.12026,4.579740000000003,0.328,125,-43.12026,False,-43.12026,False,-43.12026,False,COCHINSHIP,False
2026-07-30,1400.0,49.05,1390.8,-49.1872,-2.3371999999999957,0.144,125,-49.1872,False,-49.1872,False,-49.1872,False,COCHINSHIP,False
2026-07-31,1420.0,40.0,1416.0,-40.11186,5.088140000000003,0.4,125,-40.11186,False,-40.11186,False,-40.11186,False,COCHINSHIP,False
2026-08-03,1420.0,45.8,1428.8,-45.9281,-3.5780999999999956,0.208,125,-45.9281,False,-45.9281,False,-45.9281,False,COCHINSHIP,False
2026-08-04,1440.0,34.449999999999996,1440.9,-34.546319999999994,11.203680000000004,0.224,125,-34.546319999999994,False,-34.546319999999994,False,-34.546319999999994,False,COCHINSHIP,False
2026-08-05,1440.0,43.15,1443.5,-43.27068,2.4793200000000013,0.032,125,-43.27068,False,-43.27068,False,-43.27068,False,COCHINSHIP,False
2026-08-06,1420.0,38.15,1428.9,-38.256679999999996,-38.256679999999996,0.0,125,-38.256679999999996,False,-38.256679999999996,False,-38.256679999999996,False,COCHINSHIP,False
2026-08-07,1480.0,45.05,1487.4,-45.175999999999995,-11.125999999999992,0.008,125,-45.175999999999995,False,-45.175999999999995,False,-45.175999999999995,False,COCHINSHIP,False
2026-08-10,1520.0,46.05,1515.3,2.384840000000006,12.934840000000003,0.656,125,2.384840000000006,False,2.384840000000006,False,2.384840000000006,False,COCHINSHIP,False
2026-08-11,1500.0,35.9,1497.9,6.929079999999914,11.979080000000003,0.76,125,6.929079999999914,False,6.929079999999914,False,6.929079999999914,False,COCHINSHIP,False
2026-08-12,1500.0,38.099999999999994,1500.0,-11.182419999999997,9.817580000000007,0.68,125,-11.182419999999997,False,-11.182419999999997,False,-11.182419999999997,False,COCHINSHIP,False
2026-08-13,1520.0,47.599999999999994,1515.8,-19.263080000000087,17.636920000000007,0.45,100,-19.263080000000087,False,-19.263080000000087,False,-19.263080000000087,False,COCHINSHIP,False
2026-08-14,1500.0,34.099999999999994,1505.4,-6.423319999999997,13.826680000000007,0.7027027027027027,74,-6.423319999999997,False,-6.423319999999997,False,-6.423319999999997,False,COCHINSHIP,False
2026-08-17,1460.0,53.75,1463.0,-53.90036,-27.00036,0.2916666666666667,48,-53.90036,False,-53.90036,False,-53.90036,False,COCHINSHIP,False
2026-08-10,1800.0,49.099999999999994,1809.0,-20.468119999999995,-0.6681199999999886,0.416,125,-20.468119999999995,False,-20.468119999999995,False,-20.468119999999995,False,COFORGE,False
2026-08-11,1820.0,45.05,1826.6,-8.179879999999995,9.820120000000005,0.992,125,-8.179879999999995,False,-8.179879999999995,False,-8.179879999999995,False,COFORGE,False
2026-08-12,1800.0,38.05,1806.0,-11.082419999999953,10.217580000000005,0.46956521739130436,115,-11.082419999999953,False,-11.082419999999953,False,-11.082419999999953,False,COFORGE,False
2026-08-13,1820.0,44.0,1812.7,2.8949200000000483,4.694920000000002,0.8651685393258427,89,2.8949200000000483,False,2.8949200000000483,False,2.8949200000000483,False,COFORGE,False
2026-08-14,1820.0,33.199999999999996,1816.2,13.725160000000052,15.525160000000007,0.8095238095238095,63,13.725160000000052,False,13.725160000000052,False,13.725160000000052,False,COFORGE,False
2026-08-17,1800.0,34.199999999999996,1802.0,-7.221639999999951,-5.271639999999998,0.5135135135135135,37,-7.221639999999951,False,-7.221639999999951,False,-7.221639999999951,False,COFORGE,False
2026-08-10,2020.0,35.099999999999994,2022.4,5.736919999999918,12.636920000000009,0.416,125,5.736919999999918,False,5.736919999999918,False,5.736919999999918,False,COLPAL,False
2026-08-11,2000.0,32.349999999999994,2003.8,7.796580000000007,8.896580000000009,0.864,125,7.796580000000007,False,7.796580000000007,False,7.796580000000007,False,COLPAL,False
2026-08-12,2000.0,36.9,1997.1,46.711760000000005,56.91176000000005,0.7155172413793104,116,18.111759999999997,True,36.56176,True,46.711760000000005,False,COLPAL,False
2026-08-13,2000.0,32.099999999999994,1992.8,51.525200000000005,61.72520000000005,0.6333333333333333,90,15.725199999999997,True,31.775199999999995,True,51.525200000000005,False,COLPAL,False
2026-08-14,1980.0,29.25,1976.0,34.43918,44.639180000000046,0.796875,64,14.36418,True,28.98918,True,34.43918,False,COLPAL,False
2026-08-17,1960.0,24.05,1962.6,19.709740000000004,29.90974000000005,0.5,38,11.834740000000002,True,23.859740000000002,True,19.709740000000004,False,COLPAL,False
2026-08-10,505.0,10.15,504.7,-10.17828,0.771719999999999,0.16,125,-10.17828,False,-10.17828,False,-10.17828,False,CONCOR,False
2026-08-11,500.0,9.05,499.95,-9.0752,-0.07520000000000071,0.008,125,-9.0752,False,-9.0752,False,-9.0752,False,CONCOR,False
2026-08-12,515.0,8.100000000000001,515.0,-8.12254,2.377459999999999,0.04918032786885246,122,-8.12254,False,-8.12254,False,-8.12254,False,CONCOR,False
2026-08-13,520.0,10.100000000000001,521.95,-3.6463400000000012,-1.9463400000000022,0.3854166666666667,96,-3.6463400000000012,False,-3.6463400000000012,False,-3.6463400000000012,False,CONCOR,False
2026-08-14,540.0,10.5,541.45,8.068520000000044,11.518519999999976,0.17142857142857143,70,5.16852,True,10.41852,True,8.068520000000044,False,CONCOR,False
2026-08-17,525.0,7.6499999999999995,523.85,-4.031499999999954,3.468499999999999,0.5681818181818182,44,-4.031499999999954,False,-4.031499999999954,False,-4.031499999999954,False,CONCOR,False
2026-08-10,250.0,7.05,249.5,-1.03654,2.66346,0.728,125,-1.03654,False,-1.03654,False,-1.03654,False,CROMPTON,False
2026-08-11,245.0,5.5,247.45,-1.9253399999999998,1.3746600000000004,0.816,125,-1.9253399999999998,False,-1.9253399999999998,False,-1.9253399999999998,False,CROMPTON,False
2026-08-12,245.0,5.55,245.0,-1.3273,1.3227000000000004,0.8083333333333333,120,-1.3273,False,-1.3273,False,-1.3273,False,CROMPTON,False
2026-08-13,245.0,4.3,246.3,-0.07379999999999982,0.8262000000000005,0.7978723404255319,94,-0.07379999999999982,False,-0.07379999999999982,False,-0.07379999999999982,False,CROMPTON,False
2026-08-14,245.0,4.55,245.4,-0.32449999999999984,0.37550000000000033,0.9558823529411765,68,-0.32449999999999984,False,-0.32449999999999984,False,-0.32449999999999984,False,CROMPTON,False
2026-08-17,245.0,5.3,245.9,-1.0765999999999998,-0.6265999999999996,1.0,42,-1.0765999999999998,False,-1.0765999999999998,False,-1.0765999999999998,False,CROMPTON,False
2026-06-25,5600.0,40.8,5620.0,150.89732,150.89732,0.288,125,19.74732,True,40.14732,True,80.94731999999999,True,CUMMINSIND,False
2026-06-29,5650.0,42.65,5634.0,76.84486000000001,184.84485999999998,0.496,125,20.869859999999996,True,42.19486,True,84.84485999999998,True,CUMMINSIND,False
2026-06-30,5600.0,17.900000000000002,5587.0,195.45082,232.55082,0.512,125,8.30082,True,17.25082,True,35.150819999999996,True,CUMMINSIND,False
2026-07-01,5700.0,160.05,5694.5,48.86413999999998,106.36413999999998,0.368,125,78.98914,True,48.86413999999998,False,48.86413999999998,False,CUMMINSIND,False
2026-07-02,5650.0,165.05,5578.0,-39.91466000000001,76.63533999999999,0.416,125,-39.91466000000001,False,-39.91466000000001,False,-39.91466000000001,False,CUMMINSIND,False
2026-07-03,5600.0,174.35000000000002,5551.5,-174.83804000000003,105.86195999999997,0.944,125,86.68696000000001,True,-174.83804000000003,False,-174.83804000000003,False,CUMMINSIND,False
2026-07-06,5600.0,199.25,5530.0,-177.42062,80.82937999999999,0.744,125,-177.42062,False,-177.42062,False,-177.42062,False,CUMMINSIND,False
2026-07-07,5550.0,185.05,5498.0,-3.229980000000017,49.72001999999997,0.4,125,-3.229980000000017,False,-3.229980000000017,False,-3.229980000000017,False,CUMMINSIND,False
2026-07-08,5550.0,203.75,5490.0,-198.38702,0.21297999999998307,0.384,125,-198.38702,False,-198.38702,False,-198.38702,False,CUMMINSIND,False
2026-07-09,5550.0,168.65,5524.0,-155.21114000000003,19.48885999999997,0.24,125,-155.21114000000003,False,-155.21114000000003,False,-155.21114000000003,False,CUMMINSIND,False
2026-07-10,5700.0,180.05,5678.0,75.67653999999997,75.67653999999997,0.4,125,75.67653999999997,False,75.67653999999997,False,75.67653999999997,False,CUMMINSIND,False
2026-07-14,5550.0,181.60000000000002,5490.0,-81.79002000000001,24.60997999999998,0.608,125,-81.79002000000001,False,-81.79002000000001,False,-81.79002000000001,False,CUMMINSIND,False
2026-07-15,5600.0,151.60000000000002,5542.5,-142.60080000000002,80.89919999999996,0.76,125,75.34920000000001,True,-142.60080000000002,False,-142.60080000000002,False,CUMMINSIND,False
2026-07-16,5550.0,159.75,5493.0,-160.19716,46.80284,0.432,125,-160.19716,False,-160.19716,False,-160.19716,False,CUMMINSIND,False
2026-07-17,5550.0,125.05,5470.0,-125.39999999999999,81.60000000000001,0.424,125,62.17499999999999,True,-125.39999999999999,False,-125.39999999999999,False,CUMMINSIND,False
2026-07-21,5550.0,120.05,5518.5,-40.70971999999999,-13.659719999999995,0.072,125,-40.70971999999999,False,-40.70971999999999,False,-40.70971999999999,False,CUMMINSIND,False
2026-07-22,5650.0,120.05,5591.0,110.91453999999999,131.91454,0.72,125,59.03953999999999,True,119.06454,True,110.91453999999999,False,CUMMINSIND,False
2026-07-23,5650.0,95.6,5598.5,196.2622,234.2622,0.52,125,46.71219999999998,True,94.51219999999999,True,190.11219999999997,True,CUMMINSIND,False
2026-07-24,5600.0,82.05,5572.5,128.32903999999996,198.07903999999996,0.232,125,40.20403999999999,True,81.22904,True,163.27903999999995,True,CUMMINSIND,False
2026-07-28,5600.0,50.05,5537.5,173.98056,230.13055999999997,0.592,125,24.255559999999992,True,49.280559999999994,True,99.33055999999998,True,CUMMINSIND,False
2026-07-29,5500.0,196.95000000000002,5457.0,-4.343680000000028,74.05631999999994,0.88,125,-4.343680000000028,False,-4.343680000000028,False,-4.343680000000028,False,CUMMINSIND,False
2026-07-30,5300.0,155.05,5340.0,-155.484,9.865999999999984,0.016,125,-155.484,False,-155.484,False,-155.484,False,CUMMINSIND,False
2026-07-31,5500.0,180.05,5528.5,30.70281999999998,99.80281999999998,0.848,125,88.92782000000004,True,30.70281999999998,False,30.70281999999998,False,CUMMINSIND,False
2026-08-03,5500.0,166.05,5502.0,-14.441800000000011,114.00819999999997,0.848,125,82.1332,True,-14.441800000000011,False,-14.441800000000011,False,CUMMINSIND,False
2026-08-04,5500.0,175.9,5532.0,-36.93396000000001,104.16603999999998,0.848,125,87.06604000000002,True,-36.93396000000001,False,-36.93396000000001,False,CUMMINSIND,False
2026-08-05,5500.0,190.5,5547.0,-21.55912000000001,89.44087999999999,0.944,125,-21.55912000000001,False,-21.55912000000001,False,-21.55912000000001,False,CUMMINSIND,False
2026-08-06,5400.0,151.9,5362.0,-26.378820000000008,19.121179999999978,0.928,125,-26.378820000000008,False,-26.378820000000008,False,-26.378820000000008,False,CUMMINSIND,False
2026-08-07,5400.0,132.85000000000002,5378.0,-14.804340000000023,-7.254340000000026,0.928,125,-14.804340000000023,False,-14.804340000000023,False,-14.804340000000023,False,CUMMINSIND,False
2026-08-10,5400.0,98.05,5425.0,-12.01674,31.28326,0.944,125,-12.01674,False,-12.01674,False,-12.01674,False,CUMMINSIND,False
2026-08-11,5400.0,95.8,5410.0,-96.0681,33.7819,0.944,125,-96.0681,False,-96.0681,False,-96.0681,False,CUMMINSIND,False
2026-08-12,5400.0,104.05,5381.5,-20.127659999999995,25.272339999999996,0.896,125,-20.127659999999995,False,-20.127659999999995,False,-20.127659999999995,False,CUMMINSIND,False
2026-08-13,5400.0,101.1,5374.5,-17.169399999999992,28.2306,0.8686868686868687,99,-17.169399999999992,False,-17.169399999999992,False,-17.169399999999992,False,CUMMINSIND,False
2026-08-14,5400.0,102.1,5389.0,-18.172199999999993,10.977800000000014,0.821917808219178,73,-18.172199999999993,False,-18.172199999999993,False,-18.172199999999993,False,CUMMINSIND,False
2026-08-17,5300.0,98.05,5344.0,-98.3244,-98.3244,0.0,47,-98.3244,False,-98.3244,False,-98.3244,False,CUMMINSIND,False
2026-08-10,410.0,6.8,410.7,-0.9852799999999993,2.3147199999999986,0.856,125,-0.9852799999999993,False,-0.9852799999999993,False,-0.9852799999999993,False,DABUR,False
2026-08-11,410.0,6.25,411.5,-0.23430000000000017,2.8656999999999986,0.952,125,-0.23430000000000017,False,-0.23430000000000017,False,-0.23430000000000017,False,DABUR,False
2026-08-12,410.0,6.3,408.65,0.4136000000000117,2.8135999999999988,0.824,125,0.4136000000000117,False,0.4136000000000117,False,0.4136000000000117,False,DABUR,False
2026-08-13,410.0,7.95,407.85,-1.2410199999999887,0.958979999999999,0.7777777777777778,99,-1.2410199999999887,False,-1.2410199999999887,False,-1.2410199999999887,False,DABUR,False
2026-08-14,410.0,5.55,408.5,1.1657000000000117,3.3656999999999995,0.6986301369863014,73,2.7406999999999995,True,1.1657000000000117,False,1.1657000000000117,False,DABUR,False
2026-08-17,405.0,3.8499999999999996,403.55,1.0256400000000008,1.5756400000000006,0.9361702127659575,47,1.0256400000000008,False,1.0256400000000008,False,1.0256400000000008,False,DABUR,False
2026-06-25,1760.0,16.05,1755.0,-16.0948,52.8552,0.032,125,7.980200000000002,True,16.005200000000002,True,32.055200000000006,True,DALBHARAT,False
2026-06-29,1720.0,15.05,1717.7,-15.092,40.208,0.696,125,7.483000000000002,True,15.008000000000001,True,30.058000000000003,True,DALBHARAT,False
2026-06-30,1700.0,2.05,1700.1,-2.0555999999999996,49.59440000000001,0.36,125,1.0193999999999999,True,2.0444,True,4.094399999999999,True,DALBHARAT,False
2026-07-01,1700.0,49.65,1702.4,-49.78888,1.8611200000000072,0.168,125,-49.78888,False,-49.78888,False,-49.78888,False,DALBHARAT,False
2026-07-02,1720.0,44.25,1713.3,-44.37376,7.926240000000004,0.152,125,-44.37376,False,-44.37376,False,-44.37376,False,DALBHARAT,False
2026-07-03,1760.0,51.0,1768.85,-51.14266,16.307340000000003,0.472,125,-51.14266,False,-51.14266,False,-51.14266,False,DALBHARAT,False
2026-07-06,1740.0,36.15,1750.0,-36.25108,25.348920000000003,0.216,125,17.973919999999996,True,-36.25108,False,-36.25108,False,DALBHARAT,False
2026-07-08,1780.0,45.05,1777.5,-6.833659999999995,18.066340000000096,0.704,125,-6.833659999999995,False,-6.833659999999995,False,-6.833659999999995,False,DALBHARAT,False
2026-07-09,1740.0,50.3,1732.5,-50.4407,2.1093000000000073,0.16,125,-50.4407,False,-50.4407,False,-50.4407,False,DALBHARAT,False
2026-07-10,1780.0,45.05,1786.4,-45.175999999999995,14.974000000000009,0.56,125,-45.175999999999995,False,-45.175999999999995,False,-45.175999999999995,False,DALBHARAT,False
2026-07-13,1760.0,51.05,1770.0,-51.1928,-2.8427999999999956,0.336,125,-51.1928,False,-51.1928,False,-51.1928,False,DALBHARAT,False
2026-07-14,1760.0,44.0,1753.4,-44.12306,4.1769400000000045,0.152,125,-44.12306,False,-44.12306,False,-44.12306,False,DALBHARAT,False
2026-07-15,1780.0,44.9,1785.7,-45.02558,-6.475579999999995,0.024,125,-45.02558,False,-45.02558,False,-45.02558,False,DALBHARAT,False
2026-07-16,1820.0,42.05,1822.0,-42.1676,6.532400000000005,0.344,125,-42.1676,False,-42.1676,False,-42.1676,False,DALBHARAT,False
2026-07-17,1820.0,35.199999999999996,1814.8,-35.29841999999999,13.401580000000006,0.216,125,-35.29841999999999,False,-35.29841999999999,False,-35.29841999999999,False,DALBHARAT,False
2026-07-20,1820.0,37.199999999999996,1830.2,-14.468139999999996,-3.168139999999993,0.128,125,-14.468139999999996,False,-14.468139999999996,False,-14.468139999999996,False,DALBHARAT,False
2026-07-21,1860.0,37.65,1863.3,9.26270000000005,22.062700000000003,0.6,125,18.587699999999995,True,9.26270000000005,False,9.26270000000005,False,DALBHARAT,False
2026-07-22,1840.0,33.55,1837.6,-18.935100000000045,6.714900000000009,0.464,125,-18.935100000000045,False,-18.935100000000045,False,-18.935100000000045,False,DALBHARAT,False
2026-07-23,1880.0,33.849999999999994,1875.8,33.81510000000001,45.81510000000001,0.2,125,16.640099999999997,True,33.565099999999994,True,33.81510000000001,False,DALBHARAT,False
2026-07-24,1820.0,28.0,1829.1,24.374460000000003,38.374460000000006,0.848,125,13.77446,True,27.77446,True,24.374460000000003,False,DALBHARAT,False
2026-07-27,1800.0,47.949999999999996,1800.0,-48.08412,7.06588000000001,0.424,125,-48.08412,False,-48.08412,False,-48.08412,False,DALBHARAT,False
2026-07-30,1800.0,42.05,1805.0,-42.1676,12.982400000000009,0.312,125,-42.1676,False,-42.1676,False,-42.1676,False,DALBHARAT,False
2026-07-31,1800.0,42.05,1791.0,-42.1676,3.0324000000000058,0.184,125,-42.1676,False,-42.1676,False,-42.1676,False,DALBHARAT,False
2026-08-03,1800.0,38.449999999999996,1807.5,-38.55752,-0.6075199999999928,0.016,125,-38.55752,False,-38.55752,False,-38.55752,False,DALBHARAT,False
2026-08-04,1820.0,43.05,1815.0,-43.170399999999994,4.329600000000003,0.632,125,-43.170399999999994,False,-43.170399999999994,False,-43.170399999999994,False,DALBHARAT,False
2026-08-05,1820.0,45.55,1828.3,-14.814059999999998,1.4359400000000058,0.568,125,-14.814059999999998,False,-14.814059999999998,False,-14.814059999999998,False,DALBHARAT,False
2026-08-06,1820.0,44.349999999999994,1825.1,-44.474039999999995,2.7259600000000086,0.64,125,-44.474039999999995,False,-44.474039999999995,False,-44.474039999999995,False,DALBHARAT,False
2026-08-07,1820.0,37.949999999999996,1819.2,-12.627519999999995,9.072480000000008,0.648,125,-12.627519999999995,False,-12.627519999999995,False,-12.627519999999995,False,DALBHARAT,False
2026-08-10,1820.0,41.849999999999994,1825.6,-41.96704,-3.717039999999994,0.464,125,-41.96704,False,-41.96704,False,-41.96704,False,DALBHARAT,False
2026-08-11,1820.0,52.05,1824.6,-52.1956,-17.645599999999995,0.432,125,-52.1956,False,-52.1956,False,-52.1956,False,DALBHARAT,False
2026-08-12,1820.0,34.949999999999996,1825.0,-35.04772,-0.4977199999999915,0.35537190082644626,121,-35.04772,False,-35.04772,False,-35.04772,False,DALBHARAT,False
2026-08-13,1820.0,26.0,1824.4,-26.07266,5.377339999999999,0.25263157894736843,95,-26.07266,False,-26.07266,False,-26.07266,False,DALBHARAT,False
2026-08-14,1820.0,3.8499999999999996,1826.7,-3.8606399999999996,19.48936,0.014285714285714285,70,1.9143599999999998,True,3.8393599999999997,True,7.689359999999999,True,DALBHARAT,False
2026-08-17,1840.0,21.85,1848.2,-1.3188600000000028,4.931139999999997,0.8181818181818182,44,-1.3188600000000028,False,-1.3188600000000028,False,-1.3188600000000028,False,DALBHARAT,False
2026-08-10,470.0,18.05,471.95,-10.521680000000025,-6.021680000000001,0.584,125,-10.521680000000025,False,-10.521680000000025,False,-10.521680000000025,False,DELHIVERY,False
2026-08-11,480.0,13.600000000000001,478.85,9.895979999999975,11.945979999999986,0.024,125,6.6959800000000005,True,9.895979999999975,False,9.895979999999975,False,DELHIVERY,False
2026-08-12,475.0,10.450000000000001,473.45,14.401019999999999,14.401019999999999,0.4,125,5.12602,True,10.351020000000002,True,14.401019999999999,False,DELHIVERY,False
2026-08-13,470.0,9.5,470.15,10.36768,10.36768,0.4444444444444444,99,4.66768,True,9.41768,True,10.36768,False,DELHIVERY,False
2026-08-14,470.0,9.8,468.65,10.06684,10.06684,0.2465753424657534,73,4.81684,True,9.716840000000001,True,10.06684,False,DELHIVERY,False
2026-08-17,455.0,8.05,454.3,-3.1362600000000005,-0.4862600000000002,0.6170212765957447,47,-3.1362600000000005,False,-3.1362600000000005,False,-3.1362600000000005,False,DELHIVERY,False
2026-06-25,6750.0,65.85,6734.0,83.49589999999999,143.4959,0.176,125,32.320899999999995,True,65.24589999999999,True,131.0959,True,DIVISLAB,False
2026-06-29,6650.0,35.949999999999996,6629.0,-36.05052,158.44948000000002,0.36,125,17.874480000000002,True,35.84947999999999,True,71.79948,True,DIVISLAB,False
2026-06-30,6550.0,8.850000000000001,6565.5,-8.874640000000001,146.82536,0.248,125,4.400360000000001,True,8.825360000000002,True,17.67536,True,DIVISLAB,False
2026-07-01,6600.0,171.15,6599.0,-171.62908000000002,11.320919999999983,0.208,125,-171.62908000000002,False,-171.62908000000002,False,-171.62908000000002,False,DIVISLAB,False
2026-07-02,6600.0,177.65,6563.0,-178.14728,-11.447280000000017,0.008,125,-178.14728,False,-178.14728,False,-178.14728,False,DIVISLAB,False
2026-07-03,6750.0,178.05,6766.0,-178.54840000000002,-13.548400000000012,0.184,125,-178.54840000000002,False,-178.54840000000002,False,-178.54840000000002,False,DIVISLAB,False
2026-07-06,6800.0,155.20000000000002,6816.0,-155.63442,34.31557999999997,0.656,125,-155.63442,False,-155.63442,False,-155.63442,False,DIVISLAB,False
2026-07-07,6900.0,171.75,6894.0,-172.23076,23.21923999999999,0.36,125,-172.23076,False,-172.23076,False,-172.23076,False,DIVISLAB,False
2026-07-08,6800.0,149.55,6807.0,-149.9686,39.98139999999998,0.424,125,-149.9686,False,-149.9686,False,-149.9686,False,DIVISLAB,False
2026-07-09,6900.0,158.10000000000002,6876.0,-158.54254000000003,19.657459999999965,0.28,125,-158.54254000000003,False,-158.54254000000003,False,-158.54254000000003,False,DIVISLAB,False
2026-07-10,6800.0,120.75,6792.0,-121.08796,10.862039999999988,0.216,125,-121.08796,False,-121.08796,False,-121.08796,False,DIVISLAB,False
2026-07-13,6850.0,122.0,6827.0,-122.34146,34.708539999999985,0.136,125,-122.34146,False,-122.34146,False,-122.34146,False,DIVISLAB,False
2026-07-14,6950.0,138.15,6956.0,-138.53668000000002,-10.786680000000006,0.008,125,-138.53668000000002,False,-138.53668000000002,False,-138.53668000000002,False,DIVISLAB,False
2026-07-15,7500.0,551.3499999999999,7320.0,-298.6574999999999,-259.6574999999999,0.712,125,-298.6574999999999,False,-298.6574999999999,False,-298.6574999999999,False,DIVISLAB,False
2026-07-16,7500.0,305.0,7290.5,-115.63796,-21.33795999999999,0.704,125,-115.63796,False,-115.63796,False,-115.63796,False,DIVISLAB,False
2026-07-17,7500.0,195.05,7275.5,46.67373999999998,88.77374,0.672,125,46.67373999999998,False,46.67373999999998,False,46.67373999999998,False,DIVISLAB,False
2026-07-20,7500.0,243.15,7280.0,-97.24228000000001,29.707719999999984,0.688,125,-97.24228000000001,False,-97.24228000000001,False,-97.24228000000001,False,DIVISLAB,False
2026-07-21,7500.0,248.10000000000002,7285.0,-155.10760000000005,24.892399999999967,0.576,125,-155.10760000000005,False,-155.10760000000005,False,-155.10760000000005,False,DIVISLAB,False
2026-07-22,7400.0,179.0,7249.0,-179.50106,23.798939999999984,0.176,125,-179.50106,False,-179.50106,False,-179.50106,False,DIVISLAB,False
2026-07-23,7500.0,220.0,7315.5,-220.61586,53.33413999999999,0.288,125,-220.61586,False,-220.61586,False,-220.61586,False,DIVISLAB,False
2026-07-24,7400.0,163.10000000000002,7261.5,-163.55654,25.79345999999997,0.136,125,-163.55654,False,-163.55654,False,-163.55654,False,DIVISLAB,False
2026-07-27,7500.0,127.89999999999999,7323.5,-128.25798,83.44202,0.096,125,63.592020000000005,True,-128.25798,False,-128.25798,False,DIVISLAB,False
2026-07-29,7500.0,212.10000000000002,7526.0,-212.69374000000002,-212.69374000000002,0.0,125,-212.69374000000002,False,-212.69374000000002,False,-212.69374000000002,False,DIVISLAB,False
2026-07-30,7800.0,225.95000000000002,7798.0,-226.58252000000002,7.667479999999983,0.048,125,-226.58252000000002,False,-226.58252000000002,False,-226.58252000000002,False,DIVISLAB,False
2026-07-31,8000.0,231.20000000000002,8028.0,-231.84722000000002,30.10277999999997,0.184,125,-231.84722000000002,False,-231.84722000000002,False,-231.84722000000002,False,DIVISLAB,False
2026-08-03,8300.0,240.20000000000002,8294.5,-58.33496000000003,-35.28496000000002,0.336,125,-58.33496000000003,False,-58.33496000000003,False,-58.33496000000003,False,DIVISLAB,False
2026-08-04,8400.0,180.05,8390.5,46.50843999999998,75.35844,0.992,125,46.50843999999998,False,46.50843999999998,False,46.50843999999998,False,DIVISLAB,False
2026-08-05,8400.0,174.0,8378.0,-174.48706,82.06294000000001,0.896,125,-174.48706,False,-174.48706,False,-174.48706,False,DIVISLAB,False
2026-08-06,8400.0,170.05,8407.0,-170.526,86.024,0.688,125,84.549,True,-170.526,False,-170.526,False,DIVISLAB,False
2026-08-07,8300.0,183.10000000000002,8314.5,-183.61254000000002,22.48745999999997,0.44,125,-183.61254000000002,False,-183.61254000000002,False,-183.61254000000002,False,DIVISLAB,False
2026-08-10,8300.0,198.05,8320.5,-198.6044,-23.604400000000012,0.232,125,-198.6044,False,-198.6044,False,-198.6044,False,DIVISLAB,False
2026-08-11,8300.0,155.05,8291.5,-155.484,-4.184000000000029,0.024,125,-155.484,False,-155.484,False,-155.484,False,DIVISLAB,False
2026-08-12,8600.0,240.75,8614.0,-129.78742,-7.7874200000000116,0.8938053097345132,113,-129.78742,False,-129.78742,False,-129.78742,False,DIVISLAB,False
2026-08-13,8500.0,150.10000000000002,8470.5,-150.52014000000003,32.42985999999996,0.8735632183908046,87,-150.52014000000003,False,-150.52014000000003,False,-150.52014000000003,False,DIVISLAB,False
2026-08-14,8500.0,139.15,8521.5,-139.53948,-16.589480000000002,0.819672131147541,61,-139.53948,False,-139.53948,False,-139.53948,False,DIVISLAB,False
2026-08-17,8500.0,120.75,8523.0,-121.08796,-0.48795999999999146,0.7142857142857143,35,-121.08796,False,-121.08796,False,-121.08796,False,DIVISLAB,False
2026-08-10,14250.0,498.7,14168.0,-181.19165999999998,103.95834000000005,0.728,125,-181.19165999999998,False,-181.19165999999998,False,-181.19165999999998,False,DIXON,False
2026-08-11,14000.0,452.40000000000003,14070.0,-453.66658,81.28342,0.76,125,-453.66658,False,-453.66658,False,-453.66658,False,DIXON,False
2026-08-12,14000.0,343.85,13930.0,-344.81264000000004,190.13736000000003,0.6293103448275862,116,170.96236000000007,True,-344.81264000000004,False,-344.81264000000004,False,DIXON,False
2026-08-13,13750.0,321.85,13688.0,-322.75104000000005,60.448959999999964,0.1,90,-322.75104000000005,False,-322.75104000000005,False,-322.75104000000005,False,DIXON,False
2026-08-14,14000.0,278.25,14068.0,-279.02896,8.97104,0.328125,64,-279.02896,False,-279.02896,False,-279.02896,False,DIXON,False
2026-08-17,14250.0,345.05,14141.0,-263.29826,10.701739999999978,0.9210526315789473,38,-263.29826,False,-263.29826,False,-263.29826,False,DIXON,False
2026-08-10,3900.0,74.05,3901.9,-74.2572,-8.307199999999995,0.008,125,-74.2572,False,-74.2572,False,-74.2572,False,DMART,False
2026-08-11,4050.0,84.05,4036.1,-10.59211999999999,10.55788,0.968,125,-10.59211999999999,False,-10.59211999999999,False,-10.59211999999999,False,DMART,False
2026-08-12,4050.0,78.1,4041.6,-20.530799999999992,7.969200000000009,0.8,125,-20.530799999999992,False,-20.530799999999992,False,-20.530799999999992,False,DMART,False
2026-08-13,4000.0,52.9,4019.1,1.8478800000000057,12.39788000000001,0.45544554455445546,101,1.8478800000000057,False,1.8478800000000057,False,1.8478800000000057,False,DMART,False
2026-08-14,4050.0,53.099999999999994,4051.9,1.2484399999998272,33.04844000000001,0.64,75,26.24844,True,1.2484399999998272,False,1.2484399999998272,False,DMART,False
2026-08-17,4050.0,51.599999999999994,4033.5,2.7526399999998272,34.55264000000001,0.5102040816326531,49,25.502639999999996,True,2.7526399999998272,False,2.7526399999998272,False,DMART,False
2026-08-10,1170.0,22.25,1172.9,-22.31216,1.3878399999999993,0.152,125,-22.31216,False,-22.31216,False,-22.31216,False,DRREDDY,False
2026-08-11,1160.0,18.8,1158.7,-18.8525,0.5974999999999986,0.056,125,-18.8525,False,-18.8525,False,-18.8525,False,DRREDDY,False
2026-08-12,1190.0,20.1,1191.7,-3.6026200000000035,2.1973799999999972,0.38016528925619836,121,-3.6026200000000035,False,-3.6026200000000035,False,-3.6026200000000035,False,DRREDDY,False
2026-08-13,1190.0,19.55,1187.0,-3.051080000000003,2.748919999999998,0.4421052631578947,95,-3.051080000000003,False,-3.051080000000003,False,-3.051080000000003,False,DRREDDY,False
2026-08-14,1200.0,18.6,1199.9,-4.840719999999911,9.259279999999997,0.7246376811594203,69,9.20928,True,-4.840719999999911,False,-4.840719999999911,False,DRREDDY,False
2026-08-17,1180.0,17.85,1179.4,-17.89984,-4.2498400000000025,0.09302325581395349,43,-17.89984,False,-17.89984,False,-17.89984,False,DRREDDY,False
2026-08-10,8000.0,106.0,7990.0,-106.29666,50.653339999999986,0.624,125,-106.29666,False,-106.29666,False,-106.29666,False,EICHERMOT,False
2026-08-11,8100.0,120.05,8059.0,-16.32817999999999,73.77181999999999,0.872,125,59.39681999999999,True,-16.32817999999999,False,-16.32817999999999,False,EICHERMOT,False
2026-08-12,8000.0,120.1,7994.5,-120.43614,17.313860000000005,0.3445378151260504,119,-120.43614,False,-120.43614,False,-120.43614,False,EICHERMOT,False
2026-08-13,8000.0,165.15,8038.5,-165.61228,-59.91228,0.16129032258064516,93,-165.61228,False,-165.61228,False,-165.61228,False,EICHERMOT,False
2026-08-14,8100.0,138.05,8051.0,-43.75226000000001,-22.652260000000012,0.9552238805970149,67,-43.75226000000001,False,-43.75226000000001,False,-43.75226000000001,False,EICHERMOT,False
2026-08-17,8100.0,105.0,8137.0,-10.609719999999998,8.590280000000005,0.926829268292683,41,-10.609719999999998,False,-10.609719999999998,False,-10.609719999999998,False,EICHERMOT,False
2026-08-10,310.0,7.85,311.45,-7.87184,0.27815999999999896,0.128,125,-7.87184,False,-7.87184,False,-7.87184,False,ETERNAL,False
2026-08-11,310.0,7.05,307.9,-7.069599999999999,1.0803999999999987,0.056,125,-7.069599999999999,False,-7.069599999999999,False,-7.069599999999999,False,ETERNAL,False
2026-08-12,315.0,8.65,317.25,-4.785,-0.23500000000000107,0.35,120,-4.785,False,-4.785,False,-4.785,False,ETERNAL,False
2026-08-13,315.0,7.6499999999999995,316.7,-3.782199999999999,-1.7321999999999993,0.1702127659574468,94,-3.782199999999999,False,-3.782199999999999,False,-3.782199999999999,False,ETERNAL,False
2026-08-14,320.0,7.1,320.4,-4.5270200000000225,0.5229800000000008,0.8382352941176471,68,-4.5270200000000225,False,-4.5270200000000225,False,-4.5270200000000225,False,ETERNAL,False
2026-08-17,320.0,7.5,321.65,-4.928140000000022,0.12186000000000041,0.8095238095238095,42,-4.928140000000022,False,-4.928140000000022,False,-4.928140000000022,False,ETERNAL,False
2026-06-25,325.0,2.55,323.8,-2.557,0.39300000000000035,0.304,125,-2.557,False,-2.557,False,-2.557,False,FEDERALBNK,False
2026-06-29,325.0,2.8,324.45,-2.8076999999999996,-0.30769999999998826,0.168,125,-2.8076999999999996,False,-2.8076999999999996,False,-2.8076999999999996,False,FEDERALBNK,False
2026-06-30,325.0,2.5,324.05,-2.50686,4.54314,0.016,125,1.24314,True,2.49314,True,-2.50686,False,FEDERALBNK,False
2026-07-01,327.5,8.15,327.55,-8.17268,0.7773199999999989,0.208,125,-8.17268,False,-8.17268,False,-8.17268,False,FEDERALBNK,False
2026-07-02,330.0,8.25,330.6,-6.07912,0.17087999999999928,0.52,125,-6.07912,False,-6.07912,False,-6.07912,False,FEDERALBNK,False
2026-07-03,332.5,8.950000000000001,332.5,-7.7782800000000005,0.2717200000000096,0.128,125,-7.7782800000000005,False,-7.7782800000000005,False,-7.7782800000000005,False,FEDERALBNK,False
2026-07-06,327.5,8.65,327.15,-8.67408,0.47591999999999823,0.28,125,-8.67408,False,-8.67408,False,-8.67408,False,FEDERALBNK,False
2026-07-07,330.0,8.100000000000001,330.6,-1.2917200000000009,0.3082799999999979,0.52,125,-1.2917200000000009,False,-1.2917200000000009,False,-1.2917200000000009,False,FEDERALBNK,False
2026-07-08,330.0,7.3999999999999995,329.85,0.058420000000000534,1.0084199999999999,0.416,125,0.058420000000000534,False,0.058420000000000534,False,0.058420000000000534,False,FEDERALBNK,False
2026-07-09,327.5,9.0,327.75,-7.57912,-0.9791200000000011,0.432,125,-7.57912,False,-7.57912,False,-7.57912,False,FEDERALBNK,False
2026-07-10,330.0,8.700000000000001,331.25,-8.72422,-0.2742200000000018,0.272,125,-8.72422,False,-8.72422,False,-8.72422,False,FEDERALBNK,False
2026-07-13,330.0,7.6499999999999995,328.85,-7.671279999999999,0.7787199999999999,0.104,125,-7.671279999999999,False,-7.671279999999999,False,-7.671279999999999,False,FEDERALBNK,False
2026-07-14,330.0,7.8999999999999995,331.05,-7.92198,0.5280199999999998,0.08,125,-7.92198,False,-7.92198,False,-7.92198,False,FEDERALBNK,False
2026-07-15,330.0,7.7,330.0,-7.72142,0.7285799999999991,0.048,125,-7.72142,False,-7.72142,False,-7.72142,False,FEDERALBNK,False
2026-07-16,325.0,7.6499999999999995,326.0,-7.671279999999999,-0.12127999999999964,0.032,125,-7.671279999999999,False,-7.671279999999999,False,-7.671279999999999,False,FEDERALBNK,False
2026-07-17,332.5,7.1,331.6,-7.119739999999999,0.6302600000000004,0.064,125,-7.119739999999999,False,-7.119739999999999,False,-7.119739999999999,False,FEDERALBNK,False
2026-07-20,350.0,9.450000000000001,345.05,-9.476320000000001,-2.3763200000000007,0.016,125,-9.476320000000001,False,-9.476320000000001,False,-9.476320000000001,False,FEDERALBNK,False
2026-07-21,355.0,6.75,352.55,-6.76876,-0.8687599999999996,0.512,125,-6.76876,False,-6.76876,False,-6.76876,False,FEDERALBNK,False
2026-07-22,360.0,6.6,354.8,2.3065999999999995,3.006599999999988,0.584,125,2.3065999999999995,False,2.3065999999999995,False,2.3065999999999995,False,FEDERALBNK,False
2026-07-23,360.0,4.05,354.95,-0.37155999999999967,5.578439999999988,0.664,125,2.0034399999999994,True,4.02844,True,-0.37155999999999967,False,FEDERALBNK,False
2026-07-24,355.0,3.65,352.1,3.0710200000000003,4.371019999999999,0.384,125,1.7960199999999997,True,3.62102,True,3.0710200000000003,False,FEDERALBNK,False
2026-07-27,360.0,4.1499999999999995,356.85,3.3175200000000005,5.01752,0.72,125,2.04252,True,4.11752,True,3.3175200000000005,False,FEDERALBNK,False
2026-07-28,360.0,3.6999999999999997,355.8,-3.7102199999999996,5.48978,0.704,125,1.8397800000000002,True,3.68978,True,-3.7102199999999996,False,FEDERALBNK,False
2026-07-29,360.0,9.700000000000001,357.8,-2.1483000000000003,-0.5483000000000018,0.704,125,-2.1483000000000003,False,-2.1483000000000003,False,-2.1483000000000003,False,FEDERALBNK,False
2026-07-30,355.0,8.75,357.05,-2.6914399999999996,-0.7414400000000011,0.416,125,-2.6914399999999996,False,-2.6914399999999996,False,-2.6914399999999996,False,FEDERALBNK,False
2026-07-31,355.0,7.5,356.7,-4.9779999999999776,-0.1279999999999997,0.408,125,-4.9779999999999776,False,-4.9779999999999776,False,-4.9779999999999776,False,FEDERALBNK,False
2026-08-03,360.0,7.6,358.6,0.2567400000000007,0.9067400000000224,0.496,125,0.2567400000000007,False,0.2567400000000007,False,0.2567400000000007,False,FEDERALBNK,False
2026-08-04,360.0,6.3999999999999995,360.6,-1.182479999999988,2.1175200000000225,0.32,125,-1.182479999999988,False,-1.182479999999988,False,-1.182479999999988,False,FEDERALBNK,False
2026-08-05,360.0,7.25,359.5,-2.483599999999977,1.266400000000022,0.128,125,-2.483599999999977,False,-2.483599999999977,False,-2.483599999999977,False,FEDERALBNK,False
2026-08-06,355.0,6.6,354.75,-1.9813599999999993,1.2686400000000007,0.832,125,-1.9813599999999993,False,-1.9813599999999993,False,-1.9813599999999993,False,FEDERALBNK,False
2026-08-07,350.0,5.55,351.5,-5.5653999999999995,0.034600000000000714,0.08,125,-5.5653999999999995,False,-5.5653999999999995,False,-5.5653999999999995,False,FEDERALBNK,False
2026-08-10,355.0,7.1499999999999995,357.0,-2.7323399999999993,-0.6323399999999997,0.984,125,-2.7323399999999993,False,-2.7323399999999993,False,-2.7323399999999993,False,FEDERALBNK,False
2026-08-11,355.0,5.6499999999999995,354.55,-2.6242199999999993,0.8757800000000003,1.0,125,-2.6242199999999993,False,-2.6242199999999993,False,-2.6242199999999993,False,FEDERALBNK,False
2026-08-12,355.0,4.95,356.95,-1.8724,1.5775999999999997,1.0,118,-1.8724,False,-1.8724,False,-1.8724,False,FEDERALBNK,False
2026-08-13,355.0,4.6,356.05,-1.5214199999999996,1.9285800000000002,1.0,92,-1.5214199999999996,False,-1.5214199999999996,False,-1.5214199999999996,False,FEDERALBNK,False
2026-08-14,350.0,5.35,351.5,-5.36484,-1.8148399999999993,0.2878787878787879,66,-5.36484,False,-5.36484,False,-5.36484,False,FEDERALBNK,False
2026-08-17,350.0,3.4499999999999997,350.6,-3.45952,-0.40951999999999944,0.225,40,-3.45952,False,-3.45952,False,-3.45952,False,FEDERALBNK,False
2026-08-10,18500.0,477.0,18417.0,20.214679999999987,129.9146800000001,0.704,125,20.214679999999987,False,20.214679999999987,False,20.214679999999987,False,FORCEMOT,True
2026-08-11,18500.0,609.75,18345.0,-332.29102,-10.791019999999955,0.712,125,-332.29102,False,-332.29102,False,-332.29102,False,FORCEMOT,False
2026-08-12,18500.0,506.15000000000003,18670.0,-179.53814000000006,41.46186000000001,0.6451612903225806,124,-179.53814000000006,False,-179.53814000000006,False,-179.53814000000006,False,FORCEMOT,False
2026-08-13,19000.0,620.05,19239.0,204.84294000000008,252.64294000000004,0.7346938775510204,98,204.84294000000008,False,204.84294000000008,False,204.84294000000008,False,FORCEMOT,False
2026-08-14,18500.0,431.15000000000003,18342.0,-104.32814000000005,87.27186000000003,0.8333333333333334,72,-104.32814000000005,False,-104.32814000000005,False,-104.32814000000005,False,FORCEMOT,False
2026-08-17,18500.0,495.0,18404.0,-168.35692,-0.8569200000000112,0.7391304347826086,46,-168.35692,False,-168.35692,False,-168.35692,False,FORCEMOT,False
2026-08-10,960.0,18.95,958.55,19.439140000000027,59.83914,0.088,125,9.314139999999998,True,18.78914,True,37.73913999999999,True,FORTIS,False
2026-08-11,940.0,17.400000000000002,942.0,3.3929000000000427,41.442899999999995,0.064,125,8.592899999999998,True,17.292900000000003,True,34.692899999999995,True,FORTIS,False
2026-08-12,910.0,16.45,911.4,-6.07518,12.42482,0.5470085470085471,117,8.149819999999998,True,-6.07518,False,-6.07518,False,FORTIS,False
2026-08-13,900.0,21.85,896.85,-21.91104,-1.4610400000000021,0.2967032967032967,91,-21.91104,False,-21.91104,False,-21.91104,False,FORTIS,False
2026-08-14,900.0,14.450000000000001,904.7,-14.49032,0.5596799999999978,0.046153846153846156,65,-14.49032,False,-14.49032,False,-14.49032,False,FORTIS,False
2026-08-17,920.0,17.5,924.9,-6.3802200000000004,1.3697799999999993,0.6923076923076923,39,-6.3802200000000004,False,-6.3802200000000004,False,-6.3802200000000004,False,FORTIS,False
2026-08-10,172.5,3.7399999999999998,172.64,-3.7503319999999998,0.34966800000000076,0.28,125,-3.7503319999999998,False,-3.7503319999999998,False,-3.7503319999999998,False,GAIL,False
2026-08-11,172.5,3.92,172.39,-2.036156,-0.6061559999999998,0.352,125,-2.036156,False,-2.036156,False,-2.036156,False,GAIL,False
2026-08-12,175.0,3.54,174.5,-0.44848000000000326,0.7315200000000001,0.808,125,-0.44848000000000326,False,-0.44848000000000326,False,-0.44848000000000326,False,GAIL,False
2026-08-13,175.0,3.67,175.54,-0.7184519999999895,0.44154799999999994,0.77,100,-0.7184519999999895,False,-0.7184519999999895,False,-0.7184519999999895,False,GAIL,False
2026-08-14,172.5,3.4499999999999997,173.73,-1.0263519999999993,-0.9163519999999995,0.7162162162162162,74,-1.0263519999999993,False,-1.0263519999999993,False,-1.0263519999999993,False,GAIL,False
2026-08-17,172.5,2.1599999999999997,172.87,0.2672600000000007,0.3772600000000006,1.0,48,0.2672600000000007,False,0.2672600000000007,False,0.2672600000000007,False,GAIL,False
2026-08-10,2280.0,46.05,2290.0,-46.178799999999995,12.021200000000006,0.488,125,-46.178799999999995,False,-46.178799999999995,False,-46.178799999999995,False,GLENMARK,False
2026-08-11,2240.0,41.349999999999994,2246.6,-41.46563999999999,-41.46563999999999,0.0,125,-41.46563999999999,False,-41.46563999999999,False,-41.46563999999999,False,GLENMARK,False
2026-08-12,2300.0,42.849999999999994,2302.1,-17.591099999999994,10.60890000000001,0.3793103448275862,116,-17.591099999999994,False,-17.591099999999994,False,-17.591099999999994,False,GLENMARK,False
2026-08-13,2300.0,40.599999999999994,2300.1,-15.334799999999994,2.76520000000001,0.2,90,-15.334799999999994,False,-15.334799999999994,False,-15.334799999999994,False,GLENMARK,False
2026-08-14,2320.0,39.15,2325.8,-29.337339999999998,5.612660000000007,0.921875,64,-29.337339999999998,False,-29.337339999999998,False,-29.337339999999998,False,GLENMARK,False
2026-08-17,2320.0,32.699999999999996,2315.6,-22.869279999999996,12.08072000000001,0.9210526315789473,38,-22.869279999999996,False,-22.869279999999996,False,-22.869279999999996,False,GLENMARK,False
2026-08-10,107.0,3.3,106.55,1.307936000000007,1.797936000000002,0.088,125,1.6279359999999994,True,1.307936000000007,False,1.307936000000007,False,GMRAIRPORT,False
2026-08-11,105.0,2.1199999999999997,105.34,0.9156639999999948,1.5056639999999983,0.312,125,1.0456640000000001,True,0.9156639999999948,False,0.9156639999999948,False,GMRAIRPORT,False
2026-08-12,104.0,2.52,104.07,-0.382935999999997,0.7270640000000002,0.4957983193277311,119,-0.382935999999997,False,-0.382935999999997,False,-0.382935999999997,False,GMRAIRPORT,False
2026-08-13,104.0,1.9200000000000002,103.75,0.21874400000000285,0.828744,0.3870967741935484,93,0.21874400000000285,False,0.21874400000000285,False,0.21874400000000285,False,GMRAIRPORT,False
2026-08-14,102.0,1.73,102.28,-0.23890399999999998,0.09109599999999987,0.7761194029850746,67,-0.23890399999999998,False,-0.23890399999999998,False,-0.23890399999999998,False,GMRAIRPORT,False
2026-08-17,101.0,1.62,101.31,-1.6243960000000002,-0.5343960000000002,0.17073170731707318,41,-1.6243960000000002,False,-1.6243960000000002,False,-1.6243960000000002,False,GMRAIRPORT,False
2026-06-25,2280.0,21.05,2278.0,81.35350000000018,112.55349999999999,0.08,125,10.178500000000001,True,20.703500000000002,True,41.75350000000001,True,GODFRYPHLP,False
2026-06-30,2200.0,19.75,2193.0,82.75686,98.60686,0.952,125,9.53186,True,19.406859999999998,True,39.15686,True,GODFRYPHLP,False
2026-07-09,2100.0,66.05,2109.0,-9.444259999999995,12.205740000000011,0.992,125,-9.444259999999995,False,-9.444259999999995,False,-9.444259999999995,False,GODFRYPHLP,False
2026-07-13,2100.0,68.05,2093.7,-40.36865999999999,10.28134000000001,0.96,125,-40.36865999999999,False,-40.36865999999999,False,-40.36865999999999,False,GODFRYPHLP,False
2026-07-14,2100.0,64.1,2090.2,-64.27933999999999,14.320660000000014,0.84,125,-64.27933999999999,False,-64.27933999999999,False,-64.27933999999999,False,GODFRYPHLP,False
2026-07-15,2100.0,66.05,2086.3,-37.315999999999995,-5.6659999999999915,0.648,125,-37.315999999999995,False,-37.315999999999995,False,-37.315999999999995,False,GODFRYPHLP,False
2026-07-16,2100.0,54.05,2095.2,6.079540000000006,14.129540000000002,0.648,125,6.079540000000006,False,6.079540000000006,False,6.079540000000006,False,GODFRYPHLP,False
2026-07-17,2100.0,34.849999999999994,2124.45,31.31650000000001,43.81650000000001,0.656,125,17.141499999999997,True,34.5665,True,31.31650000000001,False,GODFRYPHLP,False
2026-07-20,2100.0,31.900000000000002,2114.9,-31.98918,46.96082,0.624,125,15.860819999999999,True,31.810820000000003,True,-31.98918,False,GODFRYPHLP,False
2026-07-21,2150.0,42.599999999999994,2160.0,28.28150000000001,73.53150000000001,0.472,125,20.981499999999997,True,42.281499999999994,True,28.28150000000001,False,GODFRYPHLP,False
2026-07-23,2100.0,72.35,2076.4,24.32554000000001,62.125539999999994,0.728,125,35.70054,True,24.32554000000001,False,24.32554000000001,False,GODFRYPHLP,False
2026-07-24,2050.0,50.9,2033.5,-51.04238,75.90762000000001,0.488,125,25.307619999999996,True,50.757619999999996,True,-51.04238,False,GODFRYPHLP,False
2026-07-27,2200.0,35.199999999999996,2175.5,49.61316000000001,150.41316,0.416,125,17.263160000000003,True,34.86315999999999,True,70.06316000000001,True,GODFRYPHLP,False
2026-07-28,2100.0,34.449999999999996,2076.7,-34.546319999999994,100.40368,0.536,125,17.128680000000003,True,34.35368,True,68.80368,True,GODFRYPHLP,False
2026-07-29,2000.0,118.85,2014.0,-119.18263999999999,-119.18263999999999,0.0,125,-119.18263999999999,False,-119.18263999999999,False,-119.18263999999999,False,GODFRYPHLP,True
2026-07-30,2100.0,110.05,2081.0,-110.358,-0.6079999999999972,0.152,125,-110.358,False,-110.358,False,-110.358,False,GODFRYPHLP,False
2026-07-31,2200.0,98.05,2176.9,-98.3244,26.625600000000006,0.216,125,-98.3244,False,-98.3244,False,-98.3244,False,GODFRYPHLP,False
2026-08-03,2200.0,118.55,2190.5,-118.8818,-45.3318,0.016,125,-118.8818,False,-118.8818,False,-118.8818,False,GODFRYPHLP,False
2026-08-04,2400.0,92.25,2377.9,14.242099999999912,52.14209999999999,0.112,125,45.5671,True,14.242099999999912,False,14.242099999999912,False,GODFRYPHLP,False
2026-08-05,2300.0,99.35,2322.8,-21.39769999999999,6.752300000000014,0.88,125,-21.39769999999999,False,-21.39769999999999,False,-21.39769999999999,False,GODFRYPHLP,False
2026-08-06,2300.0,88.1,2319.5,19.999239999999826,46.999239999999816,0.728,125,43.499239999999986,True,19.999239999999826,False,19.999239999999826,False,GODFRYPHLP,False
2026-08-07,2300.0,88.39999999999999,2282.7,43.93036,49.13035999999982,0.52,125,43.580360000000006,True,43.93036,False,43.93036,False,GODFRYPHLP,False
2026-08-10,2300.0,90.05,2276.8,59.8264599999999,63.22645999999999,0.312,125,44.35145999999999,True,59.8264599999999,False,59.8264599999999,False,GODFRYPHLP,False
2026-08-11,2250.0,68.75,2248.1,54.16198,56.76197999999991,0.408,125,33.83698,True,54.16198,False,54.16198,False,GODFRYPHLP,False
2026-08-13,2200.0,59.05,2189.5,32.17817999999983,32.17817999999983,0.8241758241758241,91,29.10317999999999,True,32.17817999999983,False,32.17817999999983,False,GODFRYPHLP,False
2026-08-17,2150.0,48.699999999999996,2128.7,-7.302840000000174,4.197160000000011,0.6410256410256411,39,-7.302840000000174,False,-7.302840000000174,False,-7.302840000000174,False,GODFRYPHLP,False
2026-08-10,2060.0,49.599999999999994,2068.9,16.126319999999918,24.02632000000001,0.08,125,16.126319999999918,False,16.126319999999918,False,16.126319999999918,False,GODREJPROP,False
2026-08-11,2100.0,48.05,2094.3,15.187659999999916,79.48766000000009,0.04,125,23.712659999999993,True,47.73766,True,15.187659999999916,False,GODREJPROP,False
2026-08-12,2020.0,50.849999999999994,2024.3,-50.992239999999995,10.30776000000001,0.7068965517241379,116,-50.992239999999995,False,-50.992239999999995,False,-50.992239999999995,False,GODREJPROP,False
2026-08-13,2000.0,44.199999999999996,1998.0,-44.32362,2.82638000000001,0.5888888888888889,90,-44.32362,False,-44.32362,False,-44.32362,False,GODREJPROP,False
2026-08-14,2000.0,37.949999999999996,2002.6,-38.05611999999999,9.09388000000001,0.75,64,-38.05611999999999,False,-38.05611999999999,False,-38.05611999999999,False,GODREJPROP,False
2026-08-17,1980.0,30.0,1979.5,-30.08386,6.866140000000003,0.2631578947368421,38,-30.08386,False,-30.08386,False,-30.08386,False,GODREJPROP,False
2026-06-25,3120.0,25.1,3122.5,-25.17014,46.07986,0.44,125,12.479860000000004,True,25.029860000000003,True,-25.17014,False,GRASIM,False
2026-06-29,3120.0,19.55,3126.2,-19.6046,51.6454,0.376,125,9.720400000000001,True,19.4954,True,39.04540000000001,True,GRASIM,False
2026-06-30,3100.0,21.400000000000002,3096.8,-21.459780000000002,48.240219999999994,0.168,125,10.64022,True,21.340220000000002,True,42.740219999999994,True,GRASIM,False
2026-07-01,3100.0,57.55,3093.0,-57.711,2.589000000000007,0.008,125,-57.711,False,-57.711,False,-57.711,False,GRASIM,False
2026-07-02,3140.0,63.449999999999996,3143.9,-63.62752,4.572480000000007,0.088,125,-63.62752,False,-63.62752,False,-63.62752,False,GRASIM,False
2026-07-03,3200.0,62.599999999999994,3202.4,-62.77513999999999,9.074860000000099,0.864,125,-62.77513999999999,False,-62.77513999999999,False,-62.77513999999999,False,GRASIM,False
2026-07-06,3180.0,60.05,3186.3,-60.217999999999996,4.532000000000003,0.224,125,-60.217999999999996,False,-60.217999999999996,False,-60.217999999999996,False,GRASIM,False
2026-07-07,3200.0,63.05,3207.0,24.876220000000096,24.876220000000096,0.536,125,24.876220000000096,False,24.876220000000096,False,24.876220000000096,False,GRASIM,False
2026-07-08,3160.0,50.75,3162.9,-20.228059999999818,25.821939999999998,0.208,125,25.14694,True,-20.228059999999818,False,-20.228059999999818,False,GRASIM,False
2026-07-09,3160.0,66.25,3169.6,21.467819999999822,21.467819999999822,0.152,125,21.467819999999822,False,21.467819999999822,False,21.467819999999822,False,GRASIM,False
2026-07-10,3220.0,69.2,3219.1,48.52528000000018,89.82527999999989,0.136,125,34.07528000000001,True,68.67528,True,48.52528000000018,False,GRASIM,False
2026-07-13,3200.0,50.05,3193.6,27.541740000000004,89.1417399999999,0.04,125,24.66673999999999,True,49.691739999999996,True,27.541740000000004,False,GRASIM,False
2026-07-14,3120.0,56.05,3111.6,-56.206799999999994,16.193200000000008,0.528,125,-56.206799999999994,False,-56.206799999999994,False,-56.206799999999994,False,GRASIM,False
2026-07-15,3120.0,55.349999999999994,3129.2,-55.504839999999994,14.845160000000014,0.328,125,-55.504839999999994,False,-55.504839999999994,False,-55.504839999999994,False,GRASIM,False
2026-07-16,3080.0,50.5,3071.8,-50.64126,8.35874,0.336,125,-50.64126,False,-50.64126,False,-50.64126,False,GRASIM,False
2026-07-17,3100.0,56.949999999999996,3101.7,-28.090799999999998,6.759200000000007,0.24,125,-28.090799999999998,False,-28.090799999999998,False,-28.090799999999998,False,GRASIM,False
2026-07-20,3120.0,37.599999999999994,3122.0,-22.796999999999993,12.6030000000001,0.256,125,-22.796999999999993,False,-22.796999999999993,False,-22.796999999999993,False,GRASIM,False
2026-07-21,3160.0,45.0,3154.3,4.883719999999822,45.08372000000009,0.448,125,22.23372,True,44.73372,True,4.883719999999822,False,GRASIM,False
2026-07-22,3160.0,31.05,3152.7,11.194340000000002,59.094340000000095,0.272,125,15.319340000000002,True,30.84434,True,11.194340000000002,False,GRASIM,False
2026-07-23,3180.0,31.25,3175.0,53.57421999999982,78.7742200000001,0.064,125,15.29922,True,30.924220000000002,True,62.17422,True,GRASIM,False
2026-07-24,3080.0,30.0,3087.1,-30.08386,38.91614,0.176,125,14.91614,True,29.91614,True,-30.08386,False,GRASIM,False
2026-07-27,3100.0,18.05,3105.0,-18.1004,60.8496,0.536,125,8.974600000000002,True,17.9996,True,36.049600000000005,True,GRASIM,False
2026-07-28,3100.0,2.4499999999999997,3109.8,-2.45672,76.49328,0.352,125,1.21828,True,2.4432799999999997,True,4.893280000000001,True,GRASIM,False
2026-07-29,3120.0,76.75,3129.0,-76.96476,10.085239999999997,0.656,125,-76.96476,False,-76.96476,False,-76.96476,False,GRASIM,False
2026-07-30,3100.0,70.0,3108.1,-70.19586,8.754140000000003,0.256,125,-70.19586,False,-70.19586,False,-70.19586,False,GRASIM,False
2026-08-03,3100.0,70.5,3109.0,-70.69726,-70.69726,0.0,125,-70.69726,False,-70.69726,False,-70.69726,False,GRASIM,False
2026-08-04,3160.0,78.3,3159.2,-78.5191,10.680900000000007,0.168,125,-78.5191,False,-78.5191,False,-78.5191,False,GRASIM,False
2026-08-05,3160.0,88.25,3154.4,-88.49696,-16.096959999999996,0.016,125,-88.49696,False,-88.49696,False,-88.49696,False,GRASIM,False
2026-08-06,3220.0,80.1,3218.0,-80.32414,21.025860000000016,0.256,125,-80.32414,False,-80.32414,False,-80.32414,False,GRASIM,False
2026-08-07,3200.0,87.89999999999999,3191.7,-88.14598,-2.045979999999983,0.024,125,-88.14598,False,-88.14598,False,-88.14598,False,GRASIM,False
2026-08-10,3340.0,105.55,3342.8,-12.058740000000086,5.941259999999915,0.16,125,-12.058740000000086,False,-12.058740000000086,False,-12.058740000000086,False,GRASIM,False
2026-08-11,3340.0,88.75,3345.0,-2.690700000000088,22.80929999999991,0.152,125,-2.690700000000088,False,-2.690700000000088,False,-2.690700000000088,False,GRASIM,False
2026-08-12,3380.0,85.05,3376.1,1.9171400000000056,66.5171399999999,0.16521739130434782,115,42.04213999999999,True,1.9171400000000056,False,1.9171400000000056,False,GRASIM,False
2026-08-13,3220.0,60.949999999999996,3227.9,-61.12052,-12.020519999999994,0.02247191011235955,89,-61.12052,False,-61.12052,False,-61.12052,False,GRASIM,False
2026-08-14,3220.0,52.5,3229.6,-52.64686,-3.546859999999999,0.015873015873015872,63,-52.64686,False,-52.64686,False,-52.64686,False,GRASIM,False
2026-08-17,3240.0,48.349999999999994,3239.7,-48.48524,1.31476000000001,0.40540540540540543,37,-48.48524,False,-48.48524,False,-48.48524,False,GRASIM,False
2026-06-25,5100.0,137.75,5091.0,443.3816199999999,443.3816199999999,0.08,125,66.85662,True,135.73162,True,273.48162,True,GVT&D,True
2026-06-29,4800.0,100.05,4784.0,208.75213999999997,363.75214,0.2,125,48.87713999999999,True,98.90214,True,198.95213999999996,True,GVT&D,False
2026-06-30,4900.0,45.599999999999994,4928.5,409.0455200000004,517.94552,0.144,125,21.395519999999998,True,44.195519999999995,True,89.79551999999998,True,GVT&D,False
2026-07-01,5000.0,285.05,4979.9,249.99741999999966,377.59742000000006,0.08,125,140.22242000000003,True,282.74742000000003,True,249.99741999999966,False,GVT&D,True
2026-07-02,4800.0,257.05,4758.7,5.0424600000003394,206.44245999999998,0.16,125,127.06746000000004,True,5.0424600000003394,False,5.0424600000003394,False,GVT&D,True
2026-07-03,4500.0,244.4,4516.8,-245.08418,21.06581999999997,0.368,125,-245.08418,False,-245.08418,False,-245.08418,False,GVT&D,False
2026-07-06,4500.0,203.95000000000002,4490.0,-204.52092000000002,32.42907999999997,0.32,125,-204.52092000000002,False,-204.52092000000002,False,-204.52092000000002,False,GVT&D,False
2026-07-07,4400.0,238.65,4443.9,-93.47758,-20.777580000000018,0.208,125,-93.47758,False,-93.47758,False,-93.47758,False,GVT&D,False
2026-07-08,4500.0,219.05,4462.6,-219.66320000000002,17.286799999999978,0.464,125,-219.66320000000002,False,-219.66320000000002,False,-219.66320000000002,False,GVT&D,False
2026-07-09,4500.0,226.3,4536.4,-226.9335,-26.033500000000036,0.28,125,-226.9335,False,-226.9335,False,-226.9335,False,GVT&D,False
2026-07-10,4600.0,217.05,4629.9,-58.15546000000002,-8.155460000000023,0.392,125,-58.15546000000002,False,-58.15546000000002,False,-58.15546000000002,False,GVT&D,False
2026-07-13,4600.0,208.95000000000002,4573.9,-53.72241999999985,43.47757999999997,0.392,125,-53.72241999999985,False,-53.72241999999985,False,-53.72241999999985,False,GVT&D,False
2026-07-14,4400.0,147.85000000000002,4431.0,-148.26384000000002,26.686159999999965,0.208,125,-148.26384000000002,False,-148.26384000000002,False,-148.26384000000002,False,GVT&D,False
2026-07-15,4600.0,142.4,4580.8,-51.90380000000018,110.39619999999998,0.312,125,70.54620000000001,True,-51.90380000000018,False,-51.90380000000018,False,GVT&D,False
2026-07-16,4600.0,169.35000000000002,4563.6,-25.279900000000033,83.22009999999996,0.192,125,-25.279900000000033,False,-25.279900000000033,False,-25.279900000000033,False,GVT&D,False
2026-07-17,4600.0,115.05,4552.7,189.32246000000035,189.32246000000035,0.008,125,56.34745999999999,True,113.87245999999999,True,189.32246000000035,False,GVT&D,False
2026-07-20,4400.0,127.89999999999999,4443.7,99.45263999999963,148.55264000000003,0.144,125,62.95264,True,126.90263999999999,True,99.45263999999963,False,GVT&D,False
2026-07-21,4500.0,101.1,4474.0,295.0539200000004,295.0539200000004,0.416,125,49.153919999999985,True,99.70392,True,200.80391999999995,True,GVT&D,False
2026-07-22,4500.0,108.05,4508.8,322.38813999999996,387.18814000000015,0.216,125,52.51313999999999,True,106.53814,True,214.58813999999995,True,GVT&D,False
2026-07-23,4500.0,107.39999999999999,4455.0,339.3940400000001,387.79404000000017,0.024,125,52.144040000000004,True,105.84403999999999,True,213.24404,True,GVT&D,False
2026-07-24,4300.0,44.55,4294.4,173.9615,251.46150000000017,0.128,125,21.536499999999993,True,43.811499999999995,True,88.36149999999998,True,GVT&D,False
2026-07-27,4200.0,27.400000000000002,4171.6,-27.476580000000002,218.97341999999998,0.224,125,13.62342,True,27.323420000000002,True,54.72342,True,GVT&D,False
2026-07-28,4100.0,13.350000000000001,4102.4,-13.387240000000002,235.31276,0.36,125,6.637760000000001,True,13.31276,True,26.662760000000002,True,GVT&D,False
2026-07-29,4100.0,220.05,4068.0,-220.66600000000003,28.033999999999978,0.208,125,-220.66600000000003,False,-220.66600000000003,False,-220.66600000000003,False,GVT&D,False
2026-07-30,4100.0,237.5,4051.6,-238.16486,10.535139999999988,0.024,125,-238.16486,False,-238.16486,False,-238.16486,False,GVT&D,False
2026-07-31,4300.0,245.10000000000002,4340.0,-245.78614000000002,-19.23614000000004,0.528,125,-245.78614000000002,False,-245.78614000000002,False,-245.78614000000002,False,GVT&D,False
2026-08-03,4300.0,221.10000000000002,4287.8,-70.09468000000004,-3.09468000000004,0.592,125,-70.09468000000004,False,-70.09468000000004,False,-70.09468000000004,False,GVT&D,False
2026-08-04,4400.0,275.2,4391.2,-211.4017199999998,-12.101719999999977,0.384,125,-211.4017199999998,False,-211.4017199999998,False,-211.4017199999998,False,GVT&D,False
2026-08-05,4400.0,259.35,4384.7,-137.47030000000004,3.6296999999999886,0.312,125,-137.47030000000004,False,-137.47030000000004,False,-137.47030000000004,False,GVT&D,False
2026-08-06,4300.0,175.3,4276.9,-175.79070000000002,9.609299999999966,0.576,125,-175.79070000000002,False,-175.79070000000002,False,-175.79070000000002,False,GVT&D,False
2026-08-07,4400.0,140.10000000000002,4355.1,23.696839999999955,90.8968399999996,0.424,125,69.19684000000001,True,23.696839999999955,False,23.696839999999955,False,GVT&D,True
2026-08-10,4200.0,120.0,4178.5,-120.33586,38.16414,0.064,125,-120.33586,False,-120.33586,False,-120.33586,False,GVT&D,False
2026-08-11,4300.0,125.1,4315.2,-32.46124,13.88876,0.64,125,-32.46124,False,-32.46124,False,-32.46124,False,GVT&D,False
2026-08-12,4500.0,165.05,4517.9,124.62333999999997,124.62333999999997,0.24369747899159663,119,81.24834,True,124.62333999999997,False,124.62333999999997,False,GVT&D,False
2026-08-13,4400.0,120.05,4352.7,70.02933999999999,70.02933999999999,0.8172043010752689,93,59.15433999999999,True,70.02933999999999,False,70.02933999999999,False,GVT&D,False
2026-08-14,4300.0,105.05,4334.950000000001,-14.648659999999994,8.801340000000009,0.8059701492537313,67,-14.648659999999994,False,-14.648659999999994,False,-14.648659999999994,False,GVT&D,False
2026-08-17,4300.0,79.0,4318.0,11.474280000000002,34.92428,0.7560975609756098,41,11.474280000000002,False,11.474280000000002,False,11.474280000000002,False,GVT&D,False
2026-08-10,4900.0,117.89999999999999,4910.2,-118.22998,19.02002000000001,0.416,125,-118.22998,False,-118.22998,False,-118.22998,False,HAL,False
2026-08-11,4900.0,135.5,4922.5,-135.87926,1.37074,0.328,125,-135.87926,False,-135.87926,False,-135.87926,False,HAL,False
2026-08-12,4900.0,120.05,4900.2,-120.386,16.864000000000004,0.16666666666666666,114,-120.386,False,-120.386,False,-120.386,False,HAL,False
2026-08-13,4950.0,89.14999999999999,4955.0,-89.39948,10.400520000000006,0.3522727272727273,88,-89.39948,False,-89.39948,False,-89.39948,False,HAL,False
2026-08-14,4950.0,96.2,4945.0,-96.46922,-6.319219999999997,0.22580645161290322,62,-96.46922,False,-96.46922,False,-96.46922,False,HAL,False
2026-08-17,5100.0,88.5,5120.0,-3.8859399999999917,20.564059999999998,0.9722222222222222,36,-3.8859399999999917,False,-3.8859399999999917,False,-3.8859399999999917,False,HAL,False
2026-06-25,1190.0,13.55,1192.3,20.017840000000003,34.96784000000005,0.44,125,6.642840000000002,True,13.41784,True,26.967840000000006,True,HAVELLS,False
2026-06-29,1180.0,6.7,1181.9,25.191779999999998,31.84178000000005,0.312,125,3.2417800000000003,True,6.59178,True,13.291780000000003,True,HAVELLS,False
2026-06-30,1150.0,4.85,1147.5,-4.86344,4.63656,0.104,125,2.4115599999999997,True,-4.86344,False,-4.86344,False,HAVELLS,False
2026-07-01,1190.0,35.5,1189.7,-35.59926,0.3507400000000028,0.344,125,-35.59926,False,-35.59926,False,-35.59926,False,HAVELLS,False
2026-07-02,1200.0,35.05,1196.3,-35.147999999999996,0.7520000000000086,0.056,125,-35.147999999999996,False,-35.147999999999996,False,-35.147999999999996,False,HAVELLS,False
2026-07-03,1190.0,35.4,1188.7,-35.498979999999996,0.1510200000000071,0.128,125,-35.498979999999996,False,-35.498979999999996,False,-35.498979999999996,False,HAVELLS,False
2026-07-06,1180.0,32.449999999999996,1180.1,0.9652000000000057,2.26520000000001,0.24,125,0.9652000000000057,False,0.9652000000000057,False,0.9652000000000057,False,HAVELLS,False
2026-07-07,1180.0,30.55,1183.1,-20.912700000000047,4.237300000000005,0.224,125,-20.912700000000047,False,-20.912700000000047,False,-20.912700000000047,False,HAVELLS,False
2026-07-08,1210.0,31.5,1214.9,-12.491679999999956,8.108319999999956,0.128,125,-12.491679999999956,False,-12.491679999999956,False,-12.491679999999956,False,HAVELLS,False
2026-07-09,1220.0,33.949999999999996,1217.5,1.305820000000007,15.605819999999962,0.008,125,1.305820000000007,False,1.305820000000007,False,1.305820000000007,False,HAVELLS,False
2026-07-10,1200.0,34.05,1196.5,0.10862000000009636,1.6586200000000082,0.04,125,0.10862000000009636,False,0.10862000000009636,False,0.10862000000009636,False,HAVELLS,False
2026-07-13,1170.0,36.4,1173.2,-36.50178,-2.051779999999996,0.192,125,-36.50178,False,-36.50178,False,-36.50178,False,HAVELLS,False
2026-07-14,1170.0,30.900000000000002,1173.4,-30.98638,3.4636200000000006,0.184,125,-30.98638,False,-30.98638,False,-30.98638,False,HAVELLS,False
2026-07-15,1190.0,31.150000000000002,1190.8,-31.237080000000002,7.3129199999999095,0.136,125,-31.237080000000002,False,-31.237080000000002,False,-31.237080000000002,False,HAVELLS,False
2026-07-16,1180.0,34.9,1184.5,-34.99758,1.2024200000000043,0.208,125,-34.99758,False,-34.99758,False,-34.99758,False,HAVELLS,False
2026-07-17,1170.0,31.75,1165.6,-31.83876,2.6112400000000027,0.056,125,-31.83876,False,-31.83876,False,-31.83876,False,HAVELLS,False
2026-07-20,1180.0,20.2,1183.4,-20.25642,-20.25642,0.0,125,-20.25642,False,-20.25642,False,-20.25642,False,HAVELLS,False
2026-07-21,1200.0,19.55,1202.4,-19.6046,-4.0546000000000015,0.088,125,-19.6046,False,-19.6046,False,-19.6046,False,HAVELLS,False
2026-07-22,1210.0,15.75,1206.6,-15.79396,3.0560399999999976,0.304,125,-15.79396,False,-15.79396,False,-15.79396,False,HAVELLS,False
2026-07-23,1200.0,13.5,1202.6,-13.53766,-2.78766,0.008,125,-13.53766,False,-13.53766,False,-13.53766,False,HAVELLS,False
2026-07-24,1200.0,12.05,1203.3,-12.0836,-12.0836,0.0,125,-12.0836,False,-12.0836,False,-12.0836,False,HAVELLS,False
2026-07-27,1250.0,9.75,1245.2,-9.77716,15.07284000000009,0.0,125,4.84784,True,9.72284,True,-9.77716,False,HAVELLS,False
2026-07-28,1240.0,5.1499999999999995,1237.2,-5.16428,29.785720000000005,0.28,125,2.5607200000000003,True,5.135719999999999,True,10.285720000000001,True,HAVELLS,False
2026-07-29,1220.0,25.650000000000002,1229.6,-25.721680000000003,-0.6216800000000042,0.024,125,-25.721680000000003,False,-25.721680000000003,False,-25.721680000000003,False,HAVELLS,False
2026-07-30,1240.0,28.150000000000002,1242.2,-28.22868,5.121319999999999,0.088,125,-28.22868,False,-28.22868,False,-28.22868,False,HAVELLS,False
2026-07-31,1260.0,28.95,1260.0,-29.03092,2.1190799999999994,0.32,125,-29.03092,False,-29.03092,False,-29.03092,False,HAVELLS,False
2026-08-03,1260.0,27.2,1266.5,-27.27602,1.8739799999999993,0.12,125,-27.27602,False,-27.27602,False,-27.27602,False,HAVELLS,False
2026-08-04,1280.0,27.95,1290.0,-7.086919999999999,0.4130800000000007,0.92,125,-7.086919999999999,False,-7.086919999999999,False,-7.086919999999999,False,HAVELLS,False
2026-08-05,1280.0,27.2,1287.0,-5.2379000000000016,1.0620999999999994,0.968,125,-5.2379000000000016,False,-5.2379000000000016,False,-5.2379000000000016,False,HAVELLS,False
2026-08-06,1280.0,26.55,1281.5,1.09796,3.7479599999999986,0.968,125,1.09796,False,1.09796,False,1.09796,False,HAVELLS,False
2026-08-07,1280.0,21.1,1286.7,0.23099999999999787,9.230999999999998,0.968,125,0.23099999999999787,False,0.23099999999999787,False,0.23099999999999787,False,HAVELLS,False
2026-08-10,1280.0,27.400000000000002,1278.9,-27.476580000000002,2.9734199999999973,0.92,125,-27.476580000000002,False,-27.476580000000002,False,-27.476580000000002,False,HAVELLS,False
2026-08-11,1280.0,22.0,1280.4,-22.06146,8.388539999999999,0.72,125,-22.06146,False,-22.06146,False,-22.06146,False,HAVELLS,False
2026-08-12,1280.0,16.650000000000002,1275.0,-16.69648,13.753519999999996,0.5423728813559322,118,8.278519999999999,True,-16.69648,False,-16.69648,False,HAVELLS,False
2026-08-13,1260.0,17.7,1266.2,-17.74942,1.20058,0.3695652173913043,92,-17.74942,False,-17.74942,False,-17.74942,False,HAVELLS,False
2026-08-14,1260.0,12.850000000000001,1267.8,-12.885840000000002,2.6641599999999976,0.13636363636363635,66,-12.885840000000002,False,-12.885840000000002,False,-12.885840000000002,False,HAVELLS,False
2026-08-17,1280.0,19.900000000000002,1282.3,-19.95558,-19.95558,0.0,40,-19.95558,False,-19.95558,False,-19.95558,False,HAVELLS,False
2026-08-10,1360.0,31.95,1358.0,-11.89588,3.3041200000000064,0.728,125,-11.89588,False,-11.89588,False,-11.89588,False,HCLTECH,False
2026-08-11,1370.0,28.05,1371.4,10.812259999999911,10.812259999999911,0.616,125,10.812259999999911,False,10.812259999999911,False,10.812259999999911,False,HCLTECH,False
2026-08-12,1370.0,30.650000000000002,1365.6,39.41734000000009,42.617339999999906,0.5603448275862069,116,15.04234,True,30.367340000000002,True,39.41734000000009,False,HCLTECH,False
2026-08-13,1360.0,31.35,1360.7,28.74338000000009,31.94337999999991,0.4222222222222222,90,15.418380000000004,True,31.09338,True,28.74338000000009,False,HCLTECH,False
2026-08-14,1360.0,24.3,1360.7,35.8131200000001,39.013119999999915,0.390625,64,11.913120000000001,True,24.06312,True,35.8131200000001,False,HCLTECH,False
2026-08-17,1340.0,22.1,1343.1,18.07528000000009,21.27527999999991,0.6052631578947368,38,10.875280000000004,True,18.07528000000009,False,18.07528000000009,False,HCLTECH,False
2026-06-29,2646.0,23.650000000000002,2653.0,-23.71608,24.93391999999982,0.096,125,11.75892,True,23.583920000000003,True,-23.71608,False,HDFCAMC,False
2026-07-01,2686.0,95.25,2686.0,-95.51656,-11.01656,0.032,125,-95.51656,False,-95.51656,False,-95.51656,False,HDFCAMC,False
2026-07-02,2760.0,87.55,2756.4,-33.49746,16.002540000000007,0.408,125,-33.49746,False,-33.49746,False,-33.49746,False,HDFCAMC,False
2026-07-06,2846.0,96.1,2824.0,45.632339999999814,93.18234,0.016,125,47.382339999999985,True,45.632339999999814,False,45.632339999999814,False,HDFCAMC,False
2026-07-07,2786.0,79.05,2771.3,2.4493400000000056,50.44933999999999,0.336,125,39.07433999999999,True,2.4493400000000056,False,2.4493400000000056,False,HDFCAMC,False
2026-07-08,2760.0,75.05,2768.8999999999996,-14.281220000000175,37.9187800000001,0.256,125,37.14377999999999,True,-14.281220000000175,False,-14.281220000000175,False,HDFCAMC,False
2026-07-09,2700.0,75.89999999999999,2696.9,-15.233320000000079,8.216680000000009,0.272,125,-15.233320000000079,False,-15.233320000000079,False,-15.233320000000079,False,HDFCAMC,False
2026-07-10,2760.0,72.55,2766.9,28.911540000000006,72.1115399999998,0.2,125,35.78653999999999,True,72.06154,True,28.911540000000006,False,HDFCAMC,False
2026-07-13,2720.0,55.8,2713.5,24.866959999999914,49.46695999999982,0.104,125,27.51695999999999,True,24.866959999999914,False,24.866959999999914,False,HDFCAMC,False
2026-07-14,2700.0,78.05,2704.0,78.44157999999982,79.04158000000018,0.168,125,38.36657999999999,True,77.39158,True,78.44157999999982,False,HDFCAMC,False
2026-07-15,2700.0,78.05,2698.8,152.33410000000015,152.33410000000015,0.152,125,38.15909999999999,True,77.1841,True,152.33410000000015,False,HDFCAMC,False
2026-07-16,2650.0,59.05,2638.9,65.2852200000001,121.68522000000017,0.32,125,29.01021999999999,True,58.535219999999995,True,117.58521999999998,True,HDFCAMC,False
2026-07-21,2680.0,53.55,2680.0,89.84714,157.14714000000015,0.008,125,26.222139999999992,True,52.997139999999995,True,106.54713999999998,True,HDFCAMC,False
2026-07-22,2600.0,54.5,2564.9,48.95662000000001,76.30662000000017,0.368,125,26.80662,True,54.05662,True,48.95662000000001,False,HDFCAMC,False
2026-07-23,2560.0,40.449999999999996,2542.5,-40.56312,50.68688000000019,0.088,125,20.111880000000003,True,40.336879999999994,True,-40.56312,False,HDFCAMC,False
2026-07-24,2506.0,37.949999999999996,2493.2,-38.05611999999999,-0.806119999999811,0.08,125,-38.05611999999999,False,-38.05611999999999,False,-38.05611999999999,False,HDFCAMC,False
2026-07-27,2550.0,32.05,2532.6,-32.139599999999994,47.26040000000001,0.64,125,15.935399999999998,True,31.960399999999996,True,-32.139599999999994,False,HDFCAMC,False
2026-07-30,2550.0,80.05,2542.6,-19.594379999999994,-2.694379999999997,0.68,125,-19.594379999999994,False,-19.594379999999994,False,-19.594379999999994,False,HDFCAMC,False
2026-07-31,2550.0,65.6,2570.8,-5.951539999999994,0.6984600000000114,0.68,125,-5.951539999999994,False,-5.951539999999994,False,-5.951539999999994,False,HDFCAMC,False
2026-08-03,2600.0,50.05,2612.3,41.50254,48.50254,0.936,125,24.627539999999993,True,41.50254,False,41.50254,False,HDFCAMC,False
2026-08-04,2550.0,79.85,2572.7,-26.822959999999988,-8.422959999999996,0.936,125,-26.822959999999988,False,-26.822959999999988,False,-26.822959999999988,False,HDFCAMC,False
2026-08-05,2550.0,57.849999999999994,2574.6,12.789360000000006,13.989360000000008,0.96,125,12.789360000000006,False,12.789360000000006,False,12.789360000000006,False,HDFCAMC,False
2026-08-06,2550.0,55.65,2553.2,25.51598,28.915980000000005,0.968,125,27.440979999999996,True,25.51598,False,25.51598,False,HDFCAMC,False
2026-08-10,2550.0,63.05,2536.1,15.751840000000005,21.501840000000005,0.92,125,15.751840000000005,False,15.751840000000005,False,15.751840000000005,False,HDFCAMC,False
2026-08-11,2500.0,60.05,2520.6,-60.217999999999996,-6.2679999999999945,0.816,125,-60.217999999999996,False,-60.217999999999996,False,-60.217999999999996,False,HDFCAMC,False
2026-08-12,2500.0,36.25,2518.6,-7.482420000000001,17.517580000000002,0.8709677419354839,124,-7.482420000000001,False,-7.482420000000001,False,-7.482420000000001,False,HDFCAMC,False
2026-08-13,2500.0,53.15,2487.9,-24.42974,0.5702600000000042,0.8367346938775511,98,-24.42974,False,-24.42974,False,-24.42974,False,HDFCAMC,False
2026-08-14,2500.0,45.0,2491.1,-16.25692,8.743080000000003,0.7777777777777778,72,-16.25692,False,-16.25692,False,-16.25692,False,HDFCAMC,False
2026-08-17,2500.0,50.0,2479.1,-21.27092,-11.020919999999997,0.6521739130434783,46,-21.27092,False,-21.27092,False,-21.27092,False,HDFCAMC,False
2026-06-25,800.0,7.1499999999999995,798.7,-7.169879999999999,13.08012,0.648,125,3.55512,True,7.13012,True,-7.169879999999999,False,HDFCBANK,False
2026-06-29,795.0,4.55,795.65,-4.5626,14.187399999999998,0.264,125,2.2623999999999995,True,4.5374,True,9.087399999999997,True,HDFCBANK,False
2026-06-30,795.0,1.05,796.95,-1.0528,17.6972,0.176,125,0.5222000000000001,True,1.0472000000000001,True,2.0972000000000004,True,HDFCBANK,False
2026-07-01,800.0,18.55,799.0,-18.6018,1.4482,0.328,125,-18.6018,False,-18.6018,False,-18.6018,False,HDFCBANK,False
2026-07-02,800.0,20.95,801.4,-21.00852,-1.5085199999999992,0.176,125,-21.00852,False,-21.00852,False,-21.00852,False,HDFCBANK,False
2026-07-03,805.0,18.25,802.85,-18.30096,0.94904,0.136,125,-18.30096,False,-18.30096,False,-18.30096,False,HDFCBANK,False
2026-07-06,815.0,18.05,815.3,-15.407960000000001,-0.7579600000000029,0.08,125,-15.407960000000001,False,-15.407960000000001,False,-15.407960000000001,False,HDFCBANK,False
2026-07-07,835.0,18.05,835.3,1.5942999999999532,7.944299999999976,0.096,125,1.5942999999999532,False,1.5942999999999532,False,1.5942999999999532,False,HDFCBANK,False
2026-07-08,830.0,16.2,828.5,-1.7858200000000453,4.814179999999977,0.064,125,-1.7858200000000453,False,-1.7858200000000453,False,-1.7858200000000453,False,HDFCBANK,False
2026-07-09,815.0,17.0,815.5,-3.2362400000000004,-1.3862400000000008,0.304,125,-3.2362400000000004,False,-3.2362400000000004,False,-3.2362400000000004,False,HDFCBANK,False
2026-07-10,825.0,13.8,823.75,-2.370700000000047,4.079299999999999,0.184,125,-2.370700000000047,False,-2.370700000000047,False,-2.370700000000047,False,HDFCBANK,False
2026-07-13,810.0,13.05,812.25,17.976380000000045,17.976380000000045,0.272,125,6.401380000000002,True,12.92638,True,17.976380000000045,False,HDFCBANK,False
2026-07-14,815.0,14.3,815.2,29.48704,29.48704,0.296,125,6.987040000000002,True,14.13704,True,28.437040000000003,True,HDFCBANK,False
2026-07-15,815.0,15.5,815.45,44.43832000000005,44.43832000000005,0.224,125,7.53832,True,15.28832,True,30.78832,True,HDFCBANK,False
2026-07-16,815.0,14.55,813.9,53.468299999999964,53.468299999999964,0.096,125,7.043300000000002,True,14.3183,True,28.868300000000005,True,HDFCBANK,False
2026-07-17,815.0,14.200000000000001,813.45,59.05457999999995,59.05457999999995,0.032,125,6.8545799999999995,True,13.954580000000002,True,28.15458,True,HDFCBANK,False
2026-07-20,780.0,11.55,778.8,23.569099999999956,29.719100000000047,0.168,125,5.644100000000003,True,11.4191,True,22.969100000000005,True,HDFCBANK,False
2026-07-21,770.0,8.4,771.0,24.38450000000005,24.38450000000005,0.032,125,4.084500000000001,True,8.2845,True,16.684500000000003,True,HDFCBANK,False
2026-07-22,755.0,7.25,754.8,1.206039999999954,14.256040000000022,0.12,125,3.5810400000000002,True,7.20604,True,1.206039999999954,False,HDFCBANK,False
2026-07-23,745.0,8.5,746.7,-8.52366,3.026340000000022,0.296,125,-8.52366,False,-8.52366,False,-8.52366,False,HDFCBANK,False
2026-07-24,740.0,5.85,741.45,-5.8662399999999995,1.2837600000000007,0.344,125,-5.8662399999999995,False,-5.8662399999999995,False,-5.8662399999999995,False,HDFCBANK,False
2026-07-27,745.0,3.9499999999999997,744.7,-3.9609199999999998,7.589080000000023,0.008,125,1.96408,True,3.9390799999999997,True,-3.9609199999999998,False,HDFCBANK,False
2026-07-28,735.0,4.0,737.05,-4.01106,-1.2110599999999998,0.12,125,-4.01106,False,-4.01106,False,-4.01106,False,HDFCBANK,False
2026-07-29,750.0,16.150000000000002,746.45,-8.267340000000003,2.9326599999999963,0.816,125,-8.267340000000003,False,-8.267340000000003,False,-8.267340000000003,False,HDFCBANK,False
2026-07-30,750.0,17.75,749.35,-3.040999999999978,0.7589999999999978,0.616,125,-3.040999999999978,False,-3.040999999999978,False,-3.040999999999978,False,HDFCBANK,False
2026-07-31,750.0,17.75,752.4,-1.595060000000046,-1.045059999999978,0.416,125,-1.595060000000046,False,-1.595060000000046,False,-1.595060000000046,False,HDFCBANK,False
2026-08-03,750.0,15.5,751.75,3.8024200000000445,5.3524199999999995,0.216,125,3.8024200000000445,False,3.8024200000000445,False,3.8024200000000445,False,HDFCBANK,False
2026-08-04,750.0,14.25,748.85,4.258159999999976,6.608159999999999,0.024,125,4.258159999999976,False,4.258159999999976,False,4.258159999999976,False,HDFCBANK,False
2026-08-05,740.0,15.4,737.7,-4.274340000000001,0.975659999999999,0.248,125,-4.274340000000001,False,-4.274340000000001,False,-4.274340000000001,False,HDFCBANK,False
2026-08-06,740.0,14.25,736.75,4.108579999999999,5.558579999999998,0.192,125,4.108579999999999,False,4.108579999999999,False,4.108579999999999,False,HDFCBANK,False
2026-08-07,730.0,16.05,734.55,-4.128400000000001,-0.6784000000000014,0.976,125,-4.128400000000001,False,-4.128400000000001,False,-4.128400000000001,False,HDFCBANK,False
2026-08-10,730.0,12.75,730.0,-1.4673400000000003,2.632659999999999,0.984,125,-1.4673400000000003,False,-1.4673400000000003,False,-1.4673400000000003,False,HDFCBANK,False
2026-08-11,730.0,12.850000000000001,727.75,-2.8639800000000024,2.536019999999998,1.0,125,-2.8639800000000024,False,-2.8639800000000024,False,-2.8639800000000024,False,HDFCBANK,False
2026-08-12,730.0,12.0,727.4,-5.751099999999977,3.3988999999999994,0.9024390243902439,123,-5.751099999999977,False,-5.751099999999977,False,-5.751099999999977,False,HDFCBANK,False
2026-08-13,730.0,13.3,726.1,-7.054739999999978,-0.8047400000000018,0.8762886597938144,97,-7.054739999999978,False,-7.054739999999978,False,-7.054739999999978,False,HDFCBANK,False
2026-08-14,730.0,8.5,726.2,-2.241299999999977,3.5586999999999995,0.8309859154929577,71,-2.241299999999977,False,-2.241299999999977,False,-2.241299999999977,False,HDFCBANK,False
2026-08-17,730.0,10.600000000000001,725.6,-4.3471799999999785,1.0028199999999972,0.7333333333333333,45,-4.3471799999999785,False,-4.3471799999999785,False,-4.3471799999999785,False,HDFCBANK,False
2026-08-10,5900.0,130.10000000000002,5912.5,15.226779999999971,35.376779999999975,0.872,125,15.226779999999971,False,15.226779999999971,False,15.226779999999971,False,HEROMOTOCO,False
2026-08-11,5900.0,149.9,5882.0,30.223479999999977,33.97347999999998,0.888,125,30.223479999999977,False,30.223479999999977,False,30.223479999999977,False,HEROMOTOCO,False
2026-08-12,5900.0,131.10000000000002,5890.0,62.93719999999997,62.93719999999997,0.8761061946902655,113,62.93719999999997,False,62.93719999999997,False,62.93719999999997,False,HEROMOTOCO,False
2026-08-13,5900.0,120.95,5913.0,73.11561999999999,73.11561999999999,0.8390804597701149,87,59.59062000000001,True,73.11561999999999,False,73.11561999999999,False,HEROMOTOCO,False
2026-08-14,5800.0,92.39999999999999,5808.0,2.025560000000011,25.17556000000002,0.8524590163934426,61,2.025560000000011,False,2.025560000000011,False,2.025560000000011,False,HEROMOTOCO,False
2026-08-17,5800.0,100.1,5796.5,-5.695999999999992,17.454000000000015,0.7428571428571429,35,-5.695999999999992,False,-5.695999999999992,False,-5.695999999999992,False,HEROMOTOCO,False
2026-06-25,960.0,9.05,962.1,-9.0752,22.074799999999996,0.408,125,4.4998000000000005,True,9.0248,True,18.0748,True,HINDALCO,False
2026-06-29,960.0,12.100000000000001,959.4,14.740799999999998,18.940799999999996,0.376,125,5.9408,True,11.990800000000002,True,14.740799999999998,False,HINDALCO,False
2026-06-30,960.0,2.05,959.0,-2.0555999999999996,29.094399999999997,0.328,125,1.0193999999999999,True,2.0444,True,4.094399999999999,True,HINDALCO,False
2026-07-01,950.0,27.0,945.75,-27.07546,3.874539999999999,0.224,125,-27.07546,False,-27.07546,False,-27.07546,False,HINDALCO,False
2026-07-02,950.0,32.05,953.8,-32.139599999999994,-1.1895999999999978,0.176,125,-32.139599999999994,False,-32.139599999999994,False,-32.139599999999994,False,HINDALCO,False
2026-07-03,980.0,32.099999999999994,977.5,-7.2597399999999945,-1.7597399999999943,0.224,125,-7.2597399999999945,False,-7.2597399999999945,False,-7.2597399999999945,False,HINDALCO,False
2026-07-06,960.0,31.55,964.5,-10.796720000000002,-3.14672,0.152,125,-10.796720000000002,False,-10.796720000000002,False,-10.796720000000002,False,HINDALCO,False
2026-07-07,980.0,30.5,977.4,-9.69392,-0.9939200000000015,0.2,125,-9.69392,False,-9.69392,False,-9.69392,False,HINDALCO,False
2026-07-08,970.0,23.05,969.8,-18.17826,8.17174,0.32,125,-18.17826,False,-18.17826,False,-18.17826,False,HINDALCO,False
2026-07-09,960.0,27.5,962.8,-9.0788,0.9212000000000007,0.48,125,-9.0788,False,-9.0788,False,-9.0788,False,HINDALCO,False
2026-07-10,980.0,21.900000000000002,977.35,8.702719999999951,8.702719999999951,0.16,125,8.702719999999951,False,8.702719999999951,False,8.702719999999951,False,HINDALCO,False
2026-07-13,960.0,20.05,963.85,-7.192260000000001,2.8077399999999986,0.488,125,-7.192260000000001,False,-7.192260000000001,False,-7.192260000000001,False,HINDALCO,False
2026-07-14,980.0,20.85,980.95,9.755659999999953,18.45566,0.088,125,10.280660000000001,True,9.755659999999953,False,9.755659999999953,False,HINDALCO,False
2026-07-15,960.0,18.7,965.0,-13.217759999999977,3.7322400000000004,0.312,125,-13.217759999999977,False,-13.217759999999977,False,-13.217759999999977,False,HINDALCO,False
2026-07-16,960.0,17.95,962.35,-8.02812,2.2218800000000005,0.152,125,-8.02812,False,-8.02812,False,-8.02812,False,HINDALCO,False
2026-07-17,950.0,15.0,949.2,-2.72644,5.6235599999999994,0.76,125,-2.72644,False,-2.72644,False,-2.72644,False,HINDALCO,False
2026-07-20,950.0,13.65,947.0,-8.50264,3.3973599999999977,0.656,125,-8.50264,False,-8.50264,False,-8.50264,False,HINDALCO,False
2026-07-21,950.0,15.55,949.2,-4.773780000000024,-0.023780000000000995,0.616,125,-4.773780000000024,False,-4.773780000000024,False,-4.773780000000024,False,HINDALCO,False
2026-07-22,950.0,12.100000000000001,954.4,-5.352779999999979,1.5472199999999978,0.488,125,-5.352779999999979,False,-5.352779999999979,False,-5.352779999999979,False,HINDALCO,False
2026-07-23,960.0,11.25,960.05,-11.28136,21.568640000000002,0.288,125,5.59364,True,11.21864,True,-11.28136,False,HINDALCO,False
2026-07-24,950.0,12.950000000000001,945.35,-12.986120000000001,0.7138799999999982,0.2,125,-12.986120000000001,False,-12.986120000000001,False,-12.986120000000001,False,HINDALCO,False
2026-07-27,950.0,9.65,948.35,-9.67688,4.023119999999999,0.168,125,-9.67688,False,-9.67688,False,-9.67688,False,HINDALCO,False
2026-07-28,940.0,7.85,939.1,-7.87184,18.57816,0.2,125,3.903159999999999,True,7.82816,True,15.678159999999998,True,HINDALCO,False
2026-07-29,940.0,28.55,943.15,-28.6298,-3.0798,0.008,125,-28.6298,False,-28.6298,False,-28.6298,False,HINDALCO,False
2026-07-30,980.0,36.449999999999996,971.7,-36.551919999999996,-3.0519199999999955,0.36,125,-36.551919999999996,False,-36.551919999999996,False,-36.551919999999996,False,HINDALCO,False
2026-07-31,980.0,30.85,977.5,-30.93624,0.8637599999999993,0.344,125,-30.93624,False,-30.93624,False,-30.93624,False,HINDALCO,False
2026-08-03,980.0,26.150000000000002,985.5,-26.223080000000003,0.9269199999999964,0.144,125,-26.223080000000003,False,-26.223080000000003,False,-26.223080000000003,False,HINDALCO,False
2026-08-04,1000.0,33.05,1005.15,-33.142399999999995,-3.942399999999998,0.144,125,-33.142399999999995,False,-33.142399999999995,False,-33.142399999999995,False,HINDALCO,False
2026-08-05,1020.0,30.150000000000002,1022.2,-30.234280000000002,3.5157199999999977,0.36,125,-30.234280000000002,False,-30.234280000000002,False,-30.234280000000002,False,HINDALCO,False
2026-08-06,1020.0,33.349999999999994,1026.5,-33.443239999999996,-3.2932399999999955,0.2,125,-33.443239999999996,False,-33.443239999999996,False,-33.443239999999996,False,HINDALCO,False
2026-08-07,1040.0,26.75,1030.3,-11.11886,7.531140000000006,0.344,125,-11.11886,False,-11.11886,False,-11.11886,False,HINDALCO,False
2026-08-10,1060.0,28.150000000000002,1057.75,4.130460000000001,8.180459999999998,0.616,125,4.130460000000001,False,4.130460000000001,False,4.130460000000001,False,HINDALCO,False
2026-08-11,1060.0,26.55,1055.0,-6.730060000000002,9.819939999999999,0.68,125,-6.730060000000002,False,-6.730060000000002,False,-6.730060000000002,False,HINDALCO,False
2026-08-12,1080.0,28.05,1084.1,8.119820000000093,28.069820000000025,0.36752136752136755,117,13.844820000000002,True,27.86982,True,8.119820000000093,False,HINDALCO,False
2026-08-13,1060.0,16.5,1056.4,-0.24183999999991002,19.90816,0.7142857142857143,91,8.15816,True,16.40816,True,-0.24183999999991002,False,HINDALCO,False
2026-08-14,1020.0,23.8,1029.0,-23.866500000000002,-7.466500000000002,0.16923076923076924,65,-23.866500000000002,False,-23.866500000000002,False,-23.866500000000002,False,HINDALCO,False
2026-08-17,1040.0,19.1,1035.8,-7.386380000000003,-2.1863800000000015,0.8717948717948718,39,-7.386380000000003,False,-7.386380000000003,False,-7.386380000000003,False,HINDALCO,False
2026-06-25,415.0,4.85,416.3,11.5405,20.94049999999998,0.112,125,2.3655,True,4.7905,True,9.6405,True,HINDPETRO,False
2026-06-29,400.0,2.55,401.75,7.6643,9.664299999999999,0.44,125,1.2392999999999998,True,2.5143,True,5.064299999999999,True,HINDPETRO,False
2026-06-30,395.0,1.05,392.8,-1.0528,11.097199999999997,0.208,125,0.5222000000000001,True,1.0472000000000001,True,2.0972000000000004,True,HINDPETRO,False
2026-07-01,395.0,12.700000000000001,394.2,-8.696759999999978,-0.5967600000000025,0.08,125,-8.696759999999978,False,-8.696759999999978,False,-8.696759999999978,False,HINDPETRO,False
2026-07-02,400.0,12.55,400.7,-2.563139999999979,2.686860000000021,0.52,125,-2.563139999999979,False,-2.563139999999979,False,-2.563139999999979,False,HINDPETRO,False
2026-07-03,400.0,11.8,398.5,-8.791439999999978,3.458560000000021,0.376,125,-8.791439999999978,False,-8.791439999999978,False,-8.791439999999978,False,HINDPETRO,False
2026-07-06,400.0,11.05,400.9,-1.4079600000000014,4.192040000000022,0.184,125,-1.4079600000000014,False,-1.4079600000000014,False,-1.4079600000000014,False,HINDPETRO,False
2026-07-07,405.0,11.05,403.75,9.41166000000002,9.41166000000002,0.192,125,5.4366600000000025,True,9.41166000000002,False,9.41166000000002,False,HINDPETRO,False
2026-07-08,390.0,7.6,390.45,1.4533800000000001,4.503379999999999,0.472,125,3.753379999999999,True,1.4533800000000001,False,1.4533800000000001,False,HINDPETRO,False
2026-07-09,385.0,12.25,387.5,-12.28416,-0.734160000000001,0.2,125,-12.28416,False,-12.28416,False,-12.28416,False,HINDPETRO,True
2026-07-10,400.0,11.5,397.55,-2.507400000000001,5.44260000000001,0.168,125,-2.507400000000001,False,-2.507400000000001,False,-2.507400000000001,False,HINDPETRO,False
2026-07-13,390.0,5.95,389.75,-5.96652,4.333479999999999,0.184,125,2.9584800000000007,True,-5.96652,False,-5.96652,False,HINDPETRO,False
2026-07-14,385.0,9.05,384.4,-9.0752,2.4747999999999983,0.192,125,-9.0752,False,-9.0752,False,-9.0752,False,HINDPETRO,True
2026-07-15,390.0,10.600000000000001,392.1,-10.629540000000002,-10.629540000000002,0.0,125,-10.629540000000002,False,-10.629540000000002,False,-10.629540000000002,False,HINDPETRO,False
2026-07-16,395.0,9.100000000000001,396.7,1.2953999999999979,1.2953999999999979,0.12,125,1.2953999999999979,False,1.2953999999999979,False,1.2953999999999979,False,HINDPETRO,False
2026-07-17,400.0,10.4,401.0,9.365439999999976,10.21544,0.416,125,5.115440000000001,True,9.365439999999976,False,9.365439999999976,False,HINDPETRO,False
2026-07-20,400.0,10.3,399.85,-0.7555800000000241,16.994419999999977,0.224,125,5.09442,True,10.244420000000002,True,-0.7555800000000241,False,HINDPETRO,False
2026-07-21,405.0,7.8,405.05,0.6046399999999995,24.50463999999998,0.16,125,3.8546399999999994,True,7.75464,True,15.554639999999997,True,HINDPETRO,False
2026-07-22,400.0,7.5,399.1,-2.1858400000000224,19.814159999999976,0.208,125,3.71416,True,7.46416,True,14.96416,True,HINDPETRO,False
2026-07-23,385.0,5.3999999999999995,384.5,-5.41498,6.935019999999977,0.128,125,2.68502,True,5.385019999999999,True,-5.41498,False,HINDPETRO,False
2026-07-24,380.0,4.3,380.1,-4.3119,3.038099999999978,0.128,125,2.1380999999999997,True,-4.3119,False,-4.3119,False,HINDPETRO,False
2026-07-27,390.0,2.15,390.35,5.722,9.822,0.704,125,1.0469999999999997,True,2.122,True,4.271999999999999,True,HINDPETRO,False
2026-07-28,395.0,2.05,396.5,-2.0555999999999996,6.444400000000011,0.088,125,1.0193999999999999,True,2.0444,True,4.094399999999999,True,HINDPETRO,False
2026-07-29,390.0,9.450000000000001,394.6,-0.8006800000000018,2.499319999999999,0.84,125,-0.8006800000000018,False,-0.8006800000000018,False,-0.8006800000000018,False,HINDPETRO,True
2026-07-30,390.0,10.25,391.85,-2.7497000000000003,1.7003,0.776,125,-2.7497000000000003,False,-2.7497000000000003,False,-2.7497000000000003,False,HINDPETRO,False
2026-07-31,390.0,10.350000000000001,386.9,-10.378840000000002,1.4211599999999975,0.648,125,-10.378840000000002,False,-10.378840000000002,False,-10.378840000000002,False,HINDPETRO,False
2026-08-03,390.0,11.05,394.85,-3.4522200000000005,-1.952220000000002,0.64,125,-3.4522200000000005,False,-3.4522200000000005,False,-3.4522200000000005,False,HINDPETRO,False
2026-08-04,390.0,8.75,393.05,-1.3950799999999997,0.35491999999999857,0.712,125,-1.3950799999999997,False,-1.3950799999999997,False,-1.3950799999999997,False,HINDPETRO,False
2026-08-05,400.0,9.15,399.45,0.1981999999999876,3.398199999999976,0.28,125,0.1981999999999876,False,0.1981999999999876,False,0.1981999999999876,False,HINDPETRO,False
2026-08-06,400.0,7.75,395.1,7.236299999999999,9.036299999999997,0.312,125,3.8113,True,7.6863,True,7.236299999999999,False,HINDPETRO,False
2026-08-07,390.0,7.95,394.45,-1.59004,2.1099599999999996,0.992,125,-1.59004,False,-1.59004,False,-1.59004,False,HINDPETRO,False
2026-08-10,390.0,7.45,392.55,10.528740000000022,10.628739999999988,0.816,125,3.6537400000000004,True,7.3787400000000005,True,10.528740000000022,False,HINDPETRO,False
2026-08-11,390.0,10.05,387.75,8.719219999999975,10.269219999999986,0.616,125,4.9442200000000005,True,9.96922,True,8.719219999999975,False,HINDPETRO,False
2026-08-12,390.0,7.45,392.15,15.863759999999989,15.863759999999989,0.408,125,3.6387600000000004,True,7.36376,True,14.813760000000002,True,HINDPETRO,False
2026-08-13,390.0,7.8,391.6,15.413060000000021,15.513059999999987,0.25,100,3.8130599999999992,True,7.71306,True,15.413060000000021,False,HINDPETRO,False
2026-08-14,370.75,6.8,373.9,-2.780239999999977,-0.48023999999999933,0.8378378378378378,74,-2.780239999999977,False,-2.780239999999977,False,-2.780239999999977,False,HINDPETRO,False
2026-08-17,370.0,8.15,370.35,-1.292,-1.292,0.375,48,-1.292,False,-1.292,False,-1.292,False,HINDPETRO,False
2026-06-18,570.0,14.25,573.3,27.143900000000027,27.143900000000027,0.336,125,6.9689,True,14.0939,True,27.143900000000027,False,HINDZINC,False
2026-06-19,560.0,10.200000000000001,560.55,28.36322,31.413219999999953,0.288,125,4.96322,True,10.063220000000001,True,20.263219999999997,True,HINDZINC,False
2026-06-22,560.0,13.450000000000001,564.25,25.35342,28.153419999999954,0.088,125,6.5784199999999995,True,13.303420000000001,True,26.75342,True,HINDZINC,False
2026-06-23,560.0,12.0,556.4,18.231559999999977,29.631559999999958,0.032,125,5.88156,True,11.88156,True,23.88156,True,HINDZINC,False
2026-06-24,540.0,13.55,541.2,-5.560339999999979,8.139659999999953,0.184,125,6.714660000000002,True,-5.560339999999979,False,-5.560339999999979,False,HINDZINC,False
2026-06-25,530.0,4.85,528.4,-4.86344,13.736559999999999,0.456,125,2.4115599999999997,True,4.8365599999999995,True,9.68656,True,HINDZINC,False
2026-06-29,520.0,6.85,521.25,-6.86904,8.48096,0.376,125,3.405959999999999,True,6.830959999999999,True,-6.86904,False,HINDZINC,False
2026-06-30,520.0,2.65,521.0,-2.65728,12.69272,0.184,125,1.3177199999999998,True,2.6427199999999997,True,5.292719999999999,True,HINDZINC,False
2026-07-01,530.0,16.95,529.6,-2.08918,1.5608199999999985,0.472,125,-2.08918,False,-2.08918,False,-2.08918,False,HINDZINC,False
2026-07-02,530.0,16.1,531.9,1.8545199999999993,1.8545199999999993,0.448,125,1.8545199999999993,False,1.8545199999999993,False,1.8545199999999993,False,HINDZINC,False
2026-07-03,540.0,16.35,543.6,-1.487500000000002,1.4124999999999965,0.552,125,-1.487500000000002,False,-1.487500000000002,False,-1.487500000000002,False,HINDZINC,False
2026-07-06,540.0,17.5,539.25,-7.377420000000001,0.2725799999999979,0.544,125,-7.377420000000001,False,-7.377420000000001,False,-7.377420000000001,False,HINDZINC,False
2026-07-07,530.0,16.95,532.85,-4.9312,1.0188000000000015,0.6,125,-4.9312,False,-4.9312,False,-4.9312,False,HINDZINC,False
2026-07-08,530.0,16.650000000000002,528.85,-5.079100000000004,1.3208999999999986,0.624,125,-5.079100000000004,False,-5.079100000000004,False,-5.079100000000004,False,HINDZINC,False
2026-07-09,530.0,17.400000000000002,526.0,-1.1942200000000014,-0.24422000000000216,0.752,125,-1.1942200000000014,False,-1.1942200000000014,False,-1.1942200000000014,False,HINDZINC,False
2026-07-10,540.0,17.2,539.5,6.13632,6.13632,0.192,125,6.13632,False,6.13632,False,6.13632,False,HINDZINC,False
2026-07-13,530.0,16.5,529.75,-9.465940000000023,-0.26593999999999923,0.696,125,-9.465940000000023,False,-9.465940000000023,False,-9.465940000000023,False,HINDZINC,False
2026-07-14,530.0,15.25,534.9,-3.82476,0.9752400000000008,0.592,125,-3.82476,False,-3.82476,False,-3.82476,False,HINDZINC,False
2026-07-15,530.0,13.4,534.85,-13.437380000000001,2.86262,0.552,125,-13.437380000000001,False,-13.437380000000001,False,-13.437380000000001,False,HINDZINC,False
2026-07-16,530.0,15.55,525.15,-15.5934,0.6565999999999993,0.456,125,-15.5934,False,-15.5934,False,-15.5934,False,HINDZINC,False
2026-07-17,520.0,12.100000000000001,516.5,-12.133740000000001,2.0162599999999973,0.304,125,-12.133740000000001,False,-12.133740000000001,False,-12.133740000000001,False,HINDZINC,False
2026-07-20,520.0,9.65,522.85,-9.67688,-0.07688000000000071,0.176,125,-9.67688,False,-9.67688,False,-9.67688,False,HINDZINC,False
2026-07-21,530.0,12.700000000000001,527.9,-7.250820000000001,-0.4008200000000014,0.68,125,-7.250820000000001,False,-7.250820000000001,False,-7.250820000000001,False,HINDZINC,False
2026-07-22,540.0,10.350000000000001,538.75,-0.10767999999997946,5.842319999999952,0.208,125,5.11732,True,-0.10767999999997946,False,-0.10767999999997946,False,HINDZINC,False
2026-07-23,540.0,7.85,539.5,6.93658,8.336579999999953,0.128,125,3.861579999999999,True,7.78658,True,6.93658,False,HINDZINC,False
2026-07-24,530.0,10.850000000000001,526.6,-10.88024,4.469759999999998,0.736,125,-10.88024,False,-10.88024,False,-10.88024,False,HINDZINC,False
2026-07-27,540.0,7.6499999999999995,538.05,3.89624,10.046240000000001,0.352,125,3.77124,True,7.59624,True,3.89624,False,HINDZINC,False
2026-07-28,530.0,5.6499999999999995,526.6,-5.665679999999999,9.68432,0.448,125,2.80932,True,5.63432,True,-5.665679999999999,False,HINDZINC,False
2026-07-29,530.0,15.05,529.65,-15.092,0.25799999999999895,0.28,125,-15.092,False,-15.092,False,-15.092,False,HINDZINC,False
2026-07-30,540.0,15.05,539.5,-15.092,2.6579999999999995,0.312,125,-15.092,False,-15.092,False,-15.092,False,HINDZINC,False
2026-07-31,540.0,15.05,537.5,-15.092,-0.9420000000000022,0.208,125,-15.092,False,-15.092,False,-15.092,False,HINDZINC,False
2026-08-03,540.0,11.55,542.65,-11.5822,-0.6322000000000014,0.008,125,-11.5822,False,-11.5822,False,-11.5822,False,HINDZINC,False
2026-08-04,560.0,14.75,558.05,-14.79116,1.5588399999999978,0.2,125,-14.79116,False,-14.79116,False,-14.79116,False,HINDZINC,False
2026-08-05,570.0,13.75,570.75,-13.78836,0.8616399999999986,0.072,125,-13.78836,False,-13.78836,False,-13.78836,False,HINDZINC,False
2026-08-06,590.0,15.05,594.55,1.1124999999999994,4.0124999999999975,0.448,125,1.1124999999999994,False,1.1124999999999994,False,1.1124999999999994,False,HINDZINC,False
2026-08-07,590.0,12.8,592.5,6.41026,6.41026,0.496,125,6.310260000000002,True,6.41026,False,6.41026,False,HINDZINC,False
2026-08-10,600.0,12.4,602.05,23.863500000000048,28.663500000000003,0.472,125,6.063500000000001,True,12.2635,True,24.663500000000003,True,HINDZINC,False
2026-08-11,600.0,12.700000000000001,602.3,17.13072,28.38072,0.296,125,6.23072,True,12.580720000000001,True,25.28072,True,HINDZINC,False
2026-08-12,590.0,13.100000000000001,594.95,13.139679999999975,17.989679999999996,0.4424778761061947,113,6.439680000000001,True,12.989680000000002,True,13.139679999999975,False,HINDZINC,False
2026-08-13,590.0,10.450000000000001,586.75,15.797099999999975,20.647100000000002,0.2988505747126437,87,5.1221,True,10.347100000000001,True,15.797099999999975,False,HINDZINC,False
2026-08-14,560.0,9.3,561.75,-1.8967600000000004,2.553239999999998,0.5573770491803278,61,-1.8967600000000004,False,-1.8967600000000004,False,-1.8967600000000004,False,HINDZINC,False
2026-08-17,570.0,12.05,565.3,-5.751380000000023,-0.15138000000000135,0.7142857142857143,35,-5.751380000000023,False,-5.751380000000023,False,-5.751380000000023,False,HINDZINC,False
2026-06-25,1960.0,30.05,1965.3,-30.134,43.01600000000005,0.112,125,14.941000000000003,True,29.966,True,-30.134,False,HYUNDAI,False
2026-06-29,1940.0,14.950000000000001,1948.0,-14.99172,52.60828000000001,0.144,125,7.43328,True,14.908280000000001,True,29.858279999999997,True,HYUNDAI,False
2026-06-30,1900.0,8.0,1892.0,-8.02226,53.92774,0.112,125,3.97774,True,7.97774,True,15.97774,True,HYUNDAI,False
2026-07-01,1900.0,58.599999999999994,1908.4,-58.76393999999999,3.1860600000000083,0.016,125,-58.76393999999999,False,-58.76393999999999,False,-58.76393999999999,False,HYUNDAI,False
2026-07-02,1920.0,64.05,1916.9,-12.225219999999991,3.824780000000006,0.144,125,-12.225219999999991,False,-12.225219999999991,False,-12.225219999999991,False,HYUNDAI,False
2026-07-03,1960.0,51.05,1968.9,2.207260000000007,6.507260000000004,0.096,125,2.207260000000007,False,2.207260000000007,False,2.207260000000007,False,HYUNDAI,False
2026-07-06,1980.0,54.5,1983.8,-3.894979999999994,18.655020000000004,0.328,125,-3.894979999999994,False,-3.894979999999994,False,-3.894979999999994,False,HYUNDAI,False
2026-07-07,2000.0,55.05,1997.4,-29.725540000000088,38.17446,0.072,125,27.299459999999993,True,-29.725540000000088,False,-29.725540000000088,False,HYUNDAI,False
2026-07-08,1960.0,55.05,1953.0,-55.204,2.6460000000000043,0.24,125,-55.204,False,-55.204,False,-55.204,False,HYUNDAI,False
2026-07-09,1900.0,46.199999999999996,1909.3,-46.32921999999999,-46.32921999999999,0.0,125,-46.32921999999999,False,-46.32921999999999,False,-46.32921999999999,False,HYUNDAI,False
2026-07-10,1940.0,50.25,1949.0,-50.39056,-50.39056,0.0,125,-50.39056,False,-50.39056,False,-50.39056,False,HYUNDAI,False
2026-07-13,1960.0,45.05,1952.9,-45.175999999999995,10.774000000000006,0.088,125,-45.175999999999995,False,-45.175999999999995,False,-45.175999999999995,False,HYUNDAI,False
2026-07-14,1980.0,52.05,1980.5,-24.82246,3.977540000000003,0.352,125,-24.82246,False,-24.82246,False,-24.82246,False,HYUNDAI,False
2026-07-15,2040.0,45.05,2030.6,51.80169999999996,54.4017000000001,0.08,125,22.126699999999992,True,44.6517,True,51.80169999999996,False,HYUNDAI,False
2026-07-16,2020.0,50.05,2023.0,17.769180000000052,29.469180000000097,0.088,125,24.694179999999992,True,17.769180000000052,False,17.769180000000052,False,HYUNDAI,False
2026-07-17,2020.0,43.15,2021.7,31.070579999999914,36.370580000000096,0.0,125,21.245579999999997,True,31.070579999999914,False,31.070579999999914,False,HYUNDAI,False
2026-07-20,1980.0,40.699999999999996,1989.2,-26.803160000000087,5.996840000000098,0.288,125,-26.803160000000087,False,-26.803160000000087,False,-26.803160000000087,False,HYUNDAI,False
2026-07-21,1960.0,35.0,1957.3,-35.09786,3.852140000000003,0.416,125,-35.09786,False,-35.09786,False,-35.09786,False,HYUNDAI,False
2026-07-22,1940.0,27.55,1942.7,-27.627000000000002,-2.977000000000002,0.192,125,-27.627000000000002,False,-27.627000000000002,False,-27.627000000000002,False,HYUNDAI,False
2026-07-23,1960.0,23.8,1951.8,-23.866500000000002,4.033499999999998,0.192,125,-23.866500000000002,False,-23.866500000000002,False,-23.866500000000002,False,HYUNDAI,False
2026-07-24,1940.0,19.05,1945.4,-19.1032,5.5467999999999975,0.072,125,-19.1032,False,-19.1032,False,-19.1032,False,HYUNDAI,False
2026-07-27,1960.0,12.850000000000001,1965.9,-12.885840000000002,0.3641599999999986,0.024,125,-12.885840000000002,False,-12.885840000000002,False,-12.885840000000002,False,HYUNDAI,False
2026-07-28,1980.0,7.8999999999999995,1979.7,-7.92198,67.77802,0.184,125,3.92802,True,7.878019999999999,True,15.778020000000001,True,HYUNDAI,False
2026-07-29,2000.0,70.39999999999999,1998.7,-70.59697999999999,12.603020000000011,0.216,125,-70.59697999999999,False,-70.59697999999999,False,-70.59697999999999,False,HYUNDAI,False
2026-07-30,2000.0,83.14999999999999,1997.8,-83.38268,-5.782679999999983,0.112,125,-83.38268,False,-83.38268,False,-83.38268,False,HYUNDAI,False
2026-07-31,2180.0,82.1,2171.4,-82.32974,-6.629739999999991,0.104,125,-82.32974,False,-82.32974,False,-82.32974,False,HYUNDAI,False
2026-08-03,2220.0,88.05,2220.0,-73.48797999999991,-5.03798,0.552,125,-73.48797999999991,False,-73.48797999999991,False,-73.48797999999991,False,HYUNDAI,False
2026-08-04,2200.0,66.39999999999999,2207.4,-66.58577999999999,-11.685779999999985,0.36,125,-66.58577999999999,False,-66.58577999999999,False,-66.58577999999999,False,HYUNDAI,False
2026-08-05,2220.0,59.199999999999996,2214.9,-44.95608,8.393920000000001,0.448,125,-44.95608,False,-44.95608,False,-44.95608,False,HYUNDAI,False
2026-08-06,2180.0,54.05,2187.1,-54.2012,-9.251199999999994,0.016,125,-54.2012,False,-54.2012,False,-54.2012,False,HYUNDAI,False
2026-08-07,2200.0,51.55,2197.0,-51.694199999999995,0.6558000000000043,0.28,125,-51.694199999999995,False,-51.694199999999995,False,-51.694199999999995,False,HYUNDAI,False
2026-08-10,2220.0,46.5,2228.2,-3.6507399999999985,3.699260000000003,0.536,125,-3.6507399999999985,False,-3.6507399999999985,False,-3.6507399999999985,False,HYUNDAI,False
2026-08-11,2220.0,42.099999999999994,2226.1,2.3571000000000084,6.757100000000007,0.488,125,2.3571000000000084,False,2.3571000000000084,False,2.3571000000000084,False,HYUNDAI,False
2026-08-12,2200.0,36.349999999999994,2208.2,-36.45164,8.498360000000009,0.4017094017094017,117,-36.45164,False,-36.45164,False,-36.45164,False,HYUNDAI,False
2026-08-13,2240.0,39.05,2247.0,-15.076820000000179,26.423179999999824,0.3626373626373626,91,19.34818,True,-15.076820000000179,False,-15.076820000000179,False,HYUNDAI,False
2026-08-14,2240.0,41.75,2230.6,-17.784380000000183,23.71561999999982,0.15384615384615385,65,20.69062,True,-17.784380000000183,False,-17.784380000000183,False,HYUNDAI,False
2026-08-17,2200.0,31.6,2202.0,-31.68834,13.261660000000001,0.7948717948717948,39,-31.68834,False,-31.68834,False,-31.68834,False,HYUNDAI,False
2026-06-25,1390.0,16.75,1385.6,-16.79676,12.25324,0.472,125,8.32824,True,-16.79676,False,-16.79676,False,ICICIBANK,False
2026-06-29,1390.0,14.55,1390.1,-14.5906,14.4594,0.336,125,7.234400000000002,True,-14.5906,False,-14.5906,False,ICICIBANK,False
2026-06-30,1390.0,2.5999999999999996,1390.0,-2.60714,26.442860000000003,0.136,125,1.29286,True,2.5928599999999995,True,5.19286,True,ICICIBANK,False
2026-07-01,1370.0,28.55,1370.3,-28.6298,-2.2298000000000022,0.04,125,-28.6298,False,-28.6298,False,-28.6298,False,ICICIBANK,False
2026-07-02,1390.0,26.85,1387.7,-26.925040000000003,2.1249599999999993,0.112,125,-26.925040000000003,False,-26.925040000000003,False,-26.925040000000003,False,ICICIBANK,False
2026-07-03,1420.0,31.55,1417.2,-14.436500000000047,10.763500000000002,0.152,125,-14.436500000000047,False,-14.436500000000047,False,-14.436500000000047,False,ICICIBANK,False
2026-07-06,1420.0,31.75,1423.0,-2.670660000000046,10.529340000000003,0.144,125,-2.670660000000046,False,-2.670660000000046,False,-2.670660000000046,False,ICICIBANK,False
2026-07-07,1430.0,23.5,1427.2,7.69656000000009,28.796560000000003,0.072,125,11.59656,True,23.34656,True,7.69656000000009,False,ICICIBANK,False
2026-07-08,1410.0,23.8,1413.4,-23.866500000000002,8.583500000000003,0.248,125,-23.866500000000002,False,-23.866500000000002,False,-23.866500000000002,False,ICICIBANK,False
2026-07-09,1400.0,27.75,1396.2,-27.82756,0.022439999999997864,0.416,125,-27.82756,False,-27.82756,False,-27.82756,False,ICICIBANK,False
2026-07-10,1400.0,26.3,1402.7,-26.3735,1.1264999999999994,0.368,125,-26.3735,False,-26.3735,False,-26.3735,False,ICICIBANK,False
2026-07-13,1390.0,23.05,1390.7,-23.1144,0.28559999999999786,0.024,125,-23.1144,False,-23.1144,False,-23.1144,False,ICICIBANK,False
2026-07-14,1400.0,23.5,1398.6,-23.56566,3.93434,0.072,125,-23.56566,False,-23.56566,False,-23.56566,False,ICICIBANK,False
2026-07-15,1420.0,28.75,1422.6,-28.83036,-0.7803599999999993,0.144,125,-28.83036,False,-28.83036,False,-28.83036,False,ICICIBANK,False
2026-07-16,1410.0,24.85,1414.4,-24.91944,0.1305599999999993,0.144,125,-24.91944,False,-24.91944,False,-24.91944,False,ICICIBANK,False
2026-07-17,1430.0,28.650000000000002,1430.6,-15.367600000000003,-3.0676000000000028,0.184,125,-15.367600000000003,False,-15.367600000000003,False,-15.367600000000003,False,ICICIBANK,False
2026-07-20,1450.0,24.55,1454.1,-6.419700000000047,5.68030000000009,0.152,125,-6.419700000000047,False,-6.419700000000047,False,-6.419700000000047,False,ICICIBANK,False
2026-07-21,1470.0,18.2,1470.5,9.720639999999909,32.02064000000009,0.008,125,8.970639999999998,True,18.07064,True,9.720639999999909,False,ICICIBANK,False
2026-07-22,1450.0,9.3,1449.6,10.069639999999998,22.56964,0.104,125,4.569640000000001,True,9.21964,True,18.519640000000003,True,ICICIBANK,False
2026-07-23,1440.0,14.65,1440.7,-2.4751800000000466,19.124820000000003,0.528,125,7.2498200000000015,True,14.57482,True,-2.4751800000000466,False,ICICIBANK,False
2026-07-24,1430.0,12.55,1429.0,-12.585,19.365,0.376,125,6.240000000000002,True,12.515,True,-12.585,False,ICICIBANK,False
2026-07-27,1430.0,9.65,1431.7,-9.67688,22.27312,0.448,125,4.798120000000001,True,9.62312,True,19.273120000000006,True,ICICIBANK,False
2026-07-28,1440.0,6.05,1441.9,-6.0668,27.7832,0.344,125,3.0081999999999995,True,6.0332,True,12.083199999999998,True,ICICIBANK,False
2026-07-29,1430.0,31.6,1430.5,-31.68834,0.2616599999999979,0.328,125,-31.68834,False,-31.68834,False,-31.68834,False,ICICIBANK,False
2026-07-30,1430.0,35.05,1427.7,-35.147999999999996,-3.1979999999999977,0.344,125,-35.147999999999996,False,-35.147999999999996,False,-35.147999999999996,False,ICICIBANK,False
2026-07-31,1440.0,30.75,1438.3,-30.83596,1.1140399999999993,0.288,125,-30.83596,False,-30.83596,False,-30.83596,False,ICICIBANK,False
2026-08-03,1450.0,26.400000000000002,1445.4,1.796840000000088,2.6968399999999977,0.472,125,1.796840000000088,False,1.796840000000088,False,1.796840000000088,False,ICICIBANK,False
2026-08-04,1450.0,24.85,1446.4,-3.2303400000000475,7.869660000000093,0.312,125,-3.2303400000000475,False,-3.2303400000000475,False,-3.2303400000000475,False,ICICIBANK,False
2026-08-05,1450.0,25.55,1448.7,2.1506200000000892,8.050619999999956,0.232,125,2.1506200000000892,False,2.1506200000000892,False,2.1506200000000892,False,ICICIBANK,False
2026-08-06,1450.0,22.85,1452.0,3.8609800000000885,10.760979999999956,0.136,125,3.8609800000000885,False,3.8609800000000885,False,3.8609800000000885,False,ICICIBANK,False
2026-08-07,1450.0,20.3,1454.0,19.381720000000094,21.081719999999912,0.048,125,9.981720000000001,True,20.13172,True,19.381720000000094,False,ICICIBANK,False
2026-08-10,1430.0,20.1,1432.7,-1.6580800000000928,3.741919999999998,0.408,125,-1.6580800000000928,False,-1.6580800000000928,False,-1.6580800000000928,False,ICICIBANK,False
2026-08-11,1430.0,18.85,1426.4,-1.2522000000000022,4.997799999999998,0.424,125,-1.2522000000000022,False,-1.2522000000000022,False,-1.2522000000000022,False,ICICIBANK,False
2026-08-12,1430.0,15.05,1430.2,6.8962599999999075,8.796259999999998,0.4444444444444444,117,7.421260000000002,True,6.8962599999999075,False,6.8962599999999075,False,ICICIBANK,False
2026-08-13,1420.0,16.05,1417.4,-4.078540000000092,5.671460000000001,0.8461538461538461,91,-4.078540000000092,False,-4.078540000000092,False,-4.078540000000092,False,ICICIBANK,False
2026-08-14,1410.0,13.950000000000001,1409.4,-0.9256000000000014,2.3243999999999967,0.6923076923076923,65,-0.9256000000000014,False,-0.9256000000000014,False,-0.9256000000000014,False,ICICIBANK,False
2026-08-17,1420.0,12.0,1417.7,-0.017200000000091406,6.832799999999999,0.6410256410256411,39,5.9328,True,-0.017200000000091406,False,-0.017200000000091406,False,ICICIBANK,False
2026-08-10,495.0,12.05,495.95,-12.0836,-0.5336000000000017,0.272,125,-12.0836,False,-12.0836,False,-12.0836,False,ICICIPRULI,False
2026-08-11,495.0,8.700000000000001,492.55,-8.72422,2.1257799999999984,0.144,125,-8.72422,False,-8.72422,False,-8.72422,False,ICICIPRULI,False
2026-08-12,500.0,11.05,497.6,-5.94522,0.1547799999999993,0.256,125,-5.94522,False,-5.94522,False,-5.94522,False,ICICIPRULI,False
2026-08-13,505.0,8.0,504.0,-4.881080000000011,1.8189199999999996,0.6831683168316832,101,-4.881080000000011,False,-4.881080000000011,False,-4.881080000000011,False,ICICIPRULI,False
2026-08-14,500.0,9.75,501.5,-4.492,-4.342,0.14666666666666667,75,-4.492,False,-4.492,False,-4.492,False,ICICIPRULI,False
2026-08-17,505.0,6.25,505.8,-3.1261800000000113,1.3238200000000007,0.7551020408163265,49,-3.1261800000000113,False,-3.1261800000000113,False,-3.1261800000000113,False,ICICIPRULI,False
2026-08-10,85.0,1.8,84.63,-1.8049,0.13509999999999991,0.504,125,-1.8049,False,-1.8049,False,-1.8049,False,IDFCFIRSTB,False
2026-08-11,85.0,1.86,84.61,-0.9376720000000002,0.07232799999999985,0.472,125,-0.9376720000000002,False,-0.9376720000000002,False,-0.9376720000000002,False,IDFCFIRSTB,False
2026-08-12,85.0,1.4200000000000002,84.55,-0.4964400000000002,0.5135599999999998,0.576,125,-0.4964400000000002,False,-0.4964400000000002,False,-0.4964400000000002,False,IDFCFIRSTB,False
2026-08-13,85.0,1.24,85.4,-0.30596400000000007,0.10403599999999988,0.5,100,-0.30596400000000007,False,-0.30596400000000007,False,-0.30596400000000007,False,IDFCFIRSTB,False
2026-08-14,86.0,1.25,86.07,-0.2561600000000029,0.73384,0.6891891891891891,74,0.6188400000000001,True,-0.2561600000000029,False,-0.2561600000000029,False,IDFCFIRSTB,False
2026-08-17,85.0,1.24,84.7,-0.30596400000000007,0.10403599999999988,1.0,48,-0.30596400000000007,False,-0.30596400000000007,False,-0.30596400000000007,False,IDFCFIRSTB,False
2026-06-25,125.0,1.05,125.36,-0.2650119999999967,3.6549880000000003,0.696,125,0.5199880000000001,True,1.044988,True,2.0949880000000007,True,IEX,False
2026-06-29,125.0,1.3,124.8,3.193872,3.483872,0.688,125,0.6338720000000001,True,1.2838720000000001,True,2.5838720000000004,True,IEX,False
2026-07-01,125.0,3.82,124.8,3.5686679999999993,4.558667999999993,0.512,125,1.8786679999999998,True,3.788668,True,3.5686679999999993,False,IEX,False
2026-07-02,125.0,4.9399999999999995,123.45,1.5679960000000042,3.4379959999999934,0.312,125,2.4379959999999996,True,1.5679960000000042,False,1.5679960000000042,False,IEX,False
2026-07-03,126.0,5.3999999999999995,124.0,2.7321439999999986,3.9721439999999935,0.144,125,2.662144,True,2.7321439999999986,False,2.7321439999999986,False,IEX,False
2026-07-06,125.0,4.85,122.79,-0.5156480000000029,3.5343519999999935,0.272,125,2.399352,True,-0.5156480000000029,False,-0.5156480000000029,False,IEX,False
2026-07-07,125.0,4.85,122.9,-1.1139679999999972,3.5360319999999934,0.184,125,2.401032,True,-1.1139679999999972,False,-1.1139679999999972,False,IEX,False
2026-07-08,122.5,5.05,119.55,-5.064,1.606,0.192,125,-5.064,False,-5.064,False,-5.064,False,IEX,False
2026-07-09,122.0,6.34,118.2,-6.357612,0.03238800000000071,0.632,125,-6.357612,False,-6.357612,False,-6.357612,False,IEX,False
2026-07-13,122.0,5.26,118.58,-5.274588,1.1154120000000007,0.368,125,-5.274588,False,-5.274588,False,-5.274588,False,IEX,False
2026-07-14,122.0,5.53,118.13,-5.545344,0.8446560000000003,0.2,125,-5.545344,False,-5.545344,False,-5.545344,False,IEX,False
2026-07-16,122.5,3.73,120.59,-3.740304,0.4096960000000004,0.224,125,-3.740304,False,-3.740304,False,-3.740304,False,IEX,False
2026-07-20,122.5,3.75,121.7,-3.76036,-0.5203599999999998,0.224,125,-3.76036,False,-3.76036,False,-3.76036,False,IEX,False
2026-07-22,125.0,3.69,123.34,-3.700192,0.6398079999999999,0.344,125,-3.700192,False,-3.700192,False,-3.700192,False,IEX,False
2026-07-23,125.0,3.59,123.29,-3.599912,0.740088,0.192,125,-3.599912,False,-3.599912,False,-3.599912,False,IEX,False
2026-07-24,125.0,4.56,122.84,-4.572628,-1.0826279999999995,0.048,125,-4.572628,False,-4.572628,False,-4.572628,False,IEX,False
2026-07-27,127.5,2.21,125.94,-2.216048,-0.08604799999999962,0.192,125,-2.216048,False,-2.216048,False,-2.216048,False,IEX,False
2026-07-28,130.0,1.26,129.79,2.6256920000000004,4.535692000000001,0.248,125,0.6156920000000001,True,1.245692,True,2.5056920000000003,True,IEX,False
2026-07-29,132.5,4.18,132.71,0.8044080000000001,1.9344079999999981,0.784,125,0.8044080000000001,False,0.8044080000000001,False,0.8044080000000001,False,IEX,False
2026-07-30,132.5,4.34,133.12,0.12541600000000036,1.775415999999998,0.832,125,0.12541600000000036,False,0.12541600000000036,False,0.12541600000000036,False,IEX,False
2026-07-31,132.5,4.05,133.15,0.37634000000000034,2.066339999999998,0.68,125,2.0013399999999995,True,0.37634000000000034,False,0.37634000000000034,False,IEX,False
2026-08-03,132.5,3.82,132.46,1.3349400000000042,2.294939999999998,0.496,125,1.8849399999999996,True,1.3349400000000042,False,1.3349400000000042,False,IEX,False
2026-08-04,127.5,3.4499999999999997,128.16,-0.37817199999999945,-0.08817199999999939,0.488,125,-0.37817199999999945,False,-0.37817199999999945,False,-0.37817199999999945,False,IEX,False
2026-08-05,130.0,3.1999999999999997,130.57,1.0093360000000016,1.6993360000000002,0.8,125,1.579336,True,1.0093360000000016,False,1.0093360000000016,False,IEX,False
2026-08-06,130.0,3.19,129.39,1.7971800000000024,2.5671799999999987,0.592,125,1.5721800000000001,True,1.7971800000000024,False,1.7971800000000024,False,IEX,False
2026-08-07,127.5,2.53,127.74,0.8635080000000004,1.8535080000000006,0.976,125,1.2485080000000002,True,0.8635080000000004,False,0.8635080000000004,False,IEX,False
2026-08-10,125.0,3.3,126.05,-1.2947559999999998,-0.5047559999999998,0.808,125,-1.2947559999999998,False,-1.2947559999999998,False,-1.2947559999999998,False,IEX,False
2026-08-11,125.0,2.2199999999999998,125.95,-0.6704439999999997,0.5795560000000003,1.0,125,-0.6704439999999997,False,-0.6704439999999997,False,-0.6704439999999997,False,IEX,False
2026-08-12,125.0,1.94,126.0,-0.21016399999999996,0.8598360000000002,1.0,115,-0.21016399999999996,False,-0.21016399999999996,False,-0.21016399999999996,False,IEX,False
2026-08-13,125.0,2.4299999999999997,125.3,-0.7015359999999997,0.0784640000000003,1.0,89,-0.7015359999999997,False,-0.7015359999999997,False,-0.7015359999999997,False,IEX,False
2026-08-14,125.0,2.25,124.9,-0.521032,0.25896800000000003,1.0,63,-0.521032,False,-0.521032,False,-0.521032,False,IEX,False
2026-08-17,125.0,2.8499999999999996,123.85,-1.1227119999999997,-0.7527119999999993,1.0,37,-1.1227119999999997,False,-1.1227119999999997,False,-1.1227119999999997,False,IEX,False
2026-08-10,730.0,10.950000000000001,732.2,3.279439999999998,9.929439999999998,0.768,125,5.404439999999999,True,3.279439999999998,False,3.279439999999998,False,INDHOTEL,False
2026-08-11,730.0,13.05,727.0,0.5253799999999978,7.825379999999998,0.752,125,6.450380000000002,True,0.5253799999999978,False,0.5253799999999978,False,INDHOTEL,False
2026-08-12,720.0,10.3,718.5,-2.101800000000001,4.698199999999998,0.936,125,-2.101800000000001,False,-2.101800000000001,False,-2.101800000000001,False,INDHOTEL,False
2026-08-13,720.0,10.350000000000001,716.15,-2.1519400000000015,2.7980599999999978,0.9191919191919192,99,-2.1519400000000015,False,-2.1519400000000015,False,-2.1519400000000015,False,INDHOTEL,False
2026-08-14,720.0,8.8,719.75,-0.5976000000000007,2.452399999999998,0.8904109589041096,73,-0.5976000000000007,False,-0.5976000000000007,False,-0.5976000000000007,False,INDHOTEL,False
2026-08-17,720.0,10.15,718.4,-1.9513800000000003,0.8486199999999986,0.8297872340425532,47,-1.9513800000000003,False,-1.9513800000000003,False,-1.9513800000000003,False,INDHOTEL,False
2026-06-25,841.75,5.3999999999999995,844.5,33.326239999999984,33.326239999999984,0.048,125,2.5762400000000003,True,5.27624,True,10.67624,True,INDIANB,False
2026-06-29,831.75,9.15,833.45,27.57133999999998,32.02134000000003,0.04,125,4.446340000000001,True,9.02134,True,18.171340000000004,True,INDIANB,False
2026-06-30,820.0,4.05,818.7,38.22008000000005,38.22008000000005,0.24,125,1.8950799999999992,True,3.9200799999999996,True,7.970079999999998,True,INDIANB,False
2026-07-01,820.0,25.05,817.2,2.6021600000000213,17.20216000000005,0.12,125,12.377160000000002,True,2.6021600000000213,False,2.6021600000000213,False,INDIANB,False
2026-07-02,810.0,25.05,810.7,2.8015999999999535,13.451600000000047,0.048,125,12.376600000000002,True,2.8015999999999535,False,2.8015999999999535,False,INDIANB,False
2026-07-03,810.0,25.45,806.8,-20.18610000000002,13.113900000000049,0.032,125,12.638899999999998,True,-20.18610000000002,False,-20.18610000000002,False,INDIANB,False
2026-07-06,800.0,27.7,796.45,-27.77742,0.8725800000000454,0.08,125,-27.77742,False,-27.77742,False,-27.77742,False,INDIANB,False
2026-07-07,790.0,26.05,789.4,-26.1228,3.8271999999999986,0.432,125,-26.1228,False,-26.1228,False,-26.1228,False,INDIANB,False
2026-07-08,790.0,28.85,785.95,-28.93064,1.0193599999999978,0.312,125,-28.93064,False,-28.93064,False,-28.93064,False,INDIANB,False
2026-07-09,790.0,27.75,781.5,-27.82756,1.0724399999999985,0.176,125,-27.82756,False,-27.82756,False,-27.82756,False,INDIANB,False
2026-07-10,801.75,29.05,805.45,-29.1312,-4.481200000000002,0.048,125,-29.1312,False,-29.1312,False,-29.1312,False,INDIANB,False
2026-07-13,861.75,23.900000000000002,864.1,-4.421660000000026,18.528340000000025,0.016,125,11.828339999999999,True,-4.421660000000026,False,-4.421660000000026,False,INDIANB,False
2026-07-14,840.0,20.35,839.25,-20.406840000000003,1.3431599999999986,0.072,125,-20.406840000000003,False,-20.406840000000003,False,-20.406840000000003,False,INDIANB,False
2026-07-15,850.0,20.05,845.95,-9.286380000000024,10.663620000000021,0.12,125,9.938620000000002,True,-9.286380000000024,False,-9.286380000000024,False,INDIANB,False
2026-07-16,830.0,19.400000000000002,829.9,-19.45418,0.49581999999999715,0.208,125,-19.45418,False,-19.45418,False,-19.45418,False,INDIANB,False
2026-07-17,820.0,17.900000000000002,820.45,-9.025040000000002,-9.025040000000002,0.008,125,-9.025040000000002,False,-9.025040000000002,False,-9.025040000000002,False,INDIANB,False
2026-07-20,841.75,16.05,842.1,-10.161460000000002,9.588539999999998,0.024,125,7.963540000000002,True,-10.161460000000002,False,-10.161460000000002,False,INDIANB,False
2026-07-21,860.0,17.6,859.05,11.269659999999952,26.21966,0.08,125,8.66966,True,17.46966,True,11.269659999999952,False,INDIANB,False
2026-07-22,840.0,13.9,839.1,14.082539999999998,14.082539999999998,0.12,125,6.832540000000001,True,13.782540000000001,True,14.082539999999998,False,INDIANB,False
2026-07-23,831.75,12.0,831.15,-4.6043199999999995,3.645679999999999,0.232,125,-4.6043199999999995,False,-4.6043199999999995,False,-4.6043199999999995,False,INDIANB,False
2026-07-24,820.0,10.3,819.65,-10.328700000000001,10.2213,0.096,125,5.121300000000001,True,-10.328700000000001,False,-10.328700000000001,False,INDIANB,False
2026-07-27,831.75,11.05,835.75,-11.0808,-3.4808000000000003,0.192,125,-11.0808,False,-11.0808,False,-11.0808,False,INDIANB,False
2026-07-28,831.75,9.15,830.95,-9.17548,-1.7254800000000001,0.088,125,-9.17548,False,-9.17548,False,-9.17548,False,INDIANB,False
2026-07-29,840.0,26.650000000000002,837.6,-5.4342600000000045,-0.6842600000000043,0.344,125,-5.4342600000000045,False,-5.4342600000000045,False,-5.4342600000000045,False,INDIANB,False
2026-07-30,830.0,21.05,825.5,-21.108800000000002,3.6912,0.328,125,-21.108800000000002,False,-21.108800000000002,False,-21.108800000000002,False,INDIANB,False
2026-07-31,830.0,21.45,831.6,-21.50992,0.04008000000000143,0.136,125,-21.50992,False,-21.50992,False,-21.50992,False,INDIANB,False
2026-08-03,840.0,24.6,840.25,-24.66874,-1.7687400000000029,0.248,125,-24.66874,False,-24.66874,False,-24.66874,False,INDIANB,False
2026-08-04,840.0,21.900000000000002,842.65,-21.961180000000002,0.9388199999999964,0.152,125,-21.961180000000002,False,-21.961180000000002,False,-21.961180000000002,False,INDIANB,False
2026-08-05,860.0,23.05,859.05,-23.1144,2.4356,0.224,125,-23.1144,False,-23.1144,False,-23.1144,False,INDIANB,False
2026-08-06,860.0,21.35,856.0,-21.409640000000003,2.8403599999999987,0.136,125,-21.409640000000003,False,-21.409640000000003,False,-21.409640000000003,False,INDIANB,False
2026-08-07,880.0,23.650000000000002,885.0,-23.71608,-1.466080000000002,0.288,125,-23.71608,False,-23.71608,False,-23.71608,False,INDIANB,False
2026-08-10,890.0,26.05,892.55,-11.862840000000002,-2.86284,0.56,125,-11.862840000000002,False,-11.862840000000002,False,-11.862840000000002,False,INDIANB,False
2026-08-11,880.0,18.25,880.1,-5.636520000000001,3.3134799999999984,0.376,125,-5.636520000000001,False,-5.636520000000001,False,-5.636520000000001,False,INDIANB,False
2026-08-12,890.0,19.45,889.95,-9.58218,3.4678200000000006,0.592,125,-9.58218,False,-9.58218,False,-9.58218,False,INDIANB,False
2026-08-13,890.0,21.0,890.15,-11.13652,1.91348,0.5454545454545454,99,-11.13652,False,-11.13652,False,-11.13652,False,INDIANB,False
2026-08-14,890.0,16.400000000000002,889.85,-6.523640000000003,6.526359999999998,0.5616438356164384,73,-6.523640000000003,False,-6.523640000000003,False,-6.523640000000003,False,INDIANB,False
2026-08-17,880.0,11.3,876.55,1.8813999999999993,7.1814,0.9787234042553191,47,5.581400000000002,True,1.8813999999999993,False,1.8813999999999993,False,INDIANB,False
2026-06-25,5350.0,84.75,5362.0,-84.98716,63.912839999999974,0.4,125,42.13784,True,-84.98716,False,-84.98716,False,INDIGO,False
2026-06-29,5400.0,51.8,5389.0,78.73815999999998,106.93816,0.416,125,25.388159999999992,True,51.28816,True,103.08815999999997,True,INDIGO,False
2026-06-30,5300.0,52.949999999999996,5324.1,-53.098119999999994,-53.098119999999994,0.0,125,-53.098119999999994,False,-53.098119999999994,False,-53.098119999999994,False,INDIGO,False
2026-07-01,5350.0,140.55,5371.0,-32.79706000000001,7.652939999999965,0.16,125,-32.79706000000001,False,-32.79706000000001,False,-32.79706000000001,False,INDIGO,False
2026-07-02,5450.0,148.4,5446.0,138.32835999999998,187.82835999999998,0.128,125,72.97836000000002,True,147.17836,True,138.32835999999998,False,INDIGO,False
2026-07-03,5450.0,141.75,5437.0,11.37217999999999,194.87218,0.04,125,70.04718,True,140.92218,True,11.37217999999999,False,INDIGO,False
2026-07-06,5400.0,125.05,5407.0,78.97613999999999,161.47614,0.352,125,61.601139999999994,True,124.12613999999999,True,78.97613999999999,False,INDIGO,False
2026-07-07,5350.0,128.9,5370.0,110.01735999999998,110.01735999999998,0.128,125,63.417360000000016,True,110.01735999999998,False,110.01735999999998,False,INDIGO,False
2026-07-08,5250.0,152.4,5241.5,-95.03884000000001,17.961159999999982,0.176,125,-95.03884000000001,False,-95.03884000000001,False,-95.03884000000001,False,INDIGO,False
2026-07-09,5150.0,160.10000000000002,5162.0,-160.54814000000002,-8.74814000000004,0.104,125,-160.54814000000002,False,-160.54814000000002,False,-160.54814000000002,False,INDIGO,False
2026-07-10,5300.0,112.14999999999999,5296.0,-79.10753999999999,108.39246,0.104,125,55.667460000000005,True,-79.10753999999999,False,-79.10753999999999,False,INDIGO,False
2026-07-13,5200.0,133.4,5195.0,-95.43104,-1.9310400000000172,0.336,125,-95.43104,False,-95.43104,False,-95.43104,False,INDIGO,False
2026-07-14,5100.0,110.05,5110.0,-110.358,26.54199999999998,0.192,125,-110.358,False,-110.358,False,-110.358,False,INDIGO,False
2026-07-15,5200.0,140.0,5192.0,-87.09152,-13.141519999999995,0.304,125,-87.09152,False,-87.09152,False,-87.09152,False,INDIGO,False
2026-07-16,5200.0,123.05,5177.0,-36.18926,0.11074000000000284,0.168,125,-36.18926,False,-36.18926,False,-36.18926,False,INDIGO,False
2026-07-17,5250.0,106.25,5266.5,222.47878,222.47878,0.248,125,51.90378,True,105.02878,True,211.27878,True,INDIGO,False
2026-07-20,5150.0,127.39999999999999,5161.5,-88.26745999999999,121.58254,0.152,125,63.23254,True,-88.26745999999999,False,-88.26745999999999,False,INDIGO,False
2026-07-21,5300.0,121.75,5292.5,-64.80162,277.19838,0.168,125,60.37338,True,121.24838,True,242.99838,True,INDIGO,False
2026-07-22,5150.0,100.05,5146.5,-100.33,149.11999999999998,0.176,125,49.74499999999999,True,99.77,True,-100.33,False,INDIGO,False
2026-07-23,5100.0,117.05,5112.5,-117.3776,82.07239999999999,0.08,125,58.197399999999995,True,-117.3776,False,-117.3776,False,INDIGO,False
2026-07-24,4950.0,136.05,4920.0,-136.4308,-25.780800000000006,0.08,125,-136.4308,False,-136.4308,False,-136.4308,False,INDIGO,False
2026-07-27,5150.0,71.2,5153.0,-71.39922,-23.249219999999998,0.056,125,-71.39922,False,-71.39922,False,-71.39922,False,INDIGO,False
2026-07-28,5250.0,25.75,5242.5,-25.82196,63.628040000000006,0.184,125,12.80304,True,25.67804,True,51.42804,True,INDIGO,False
2026-07-29,5200.0,109.45,5215.0,-109.75632,47.34367999999999,0.448,125,-109.75632,False,-109.75632,False,-109.75632,False,INDIGO,False
2026-07-30,5200.0,134.20000000000002,5227.0,-134.57562000000001,22.524379999999976,0.344,125,-134.57562000000001,False,-134.57562000000001,False,-134.57562000000001,False,INDIGO,False
2026-07-31,5300.0,151.35000000000002,5260.0,-48.91246000000002,2.187539999999977,0.2,125,-48.91246000000002,False,-48.91246000000002,False,-48.91246000000002,False,INDIGO,False
2026-08-03,5300.0,140.05,5302.0,-42.66654000000001,-7.766540000000023,0.328,125,-42.66654000000001,False,-42.66654000000001,False,-42.66654000000001,False,INDIGO,False
2026-08-04,5400.0,134.35000000000002,5424.0,-54.99990000000002,31.65009999999997,0.496,125,-54.99990000000002,False,-54.99990000000002,False,-54.99990000000002,False,INDIGO,False
2026-08-05,5500.0,166.55,5472.5,70.76613999999998,96.26613999999998,0.0,125,82.14114000000001,True,70.76613999999998,False,70.76613999999998,False,INDIGO,False
2026-08-06,5400.0,128.35000000000002,5390.0,33.086459999999974,58.78645999999996,0.272,125,33.086459999999974,False,33.086459999999974,False,33.086459999999974,False,INDIGO,False
2026-08-07,5300.0,121.05,5318.0,-51.28564,15.11435999999999,0.912,125,-51.28564,False,-51.28564,False,-51.28564,False,INDIGO,False
2026-08-10,5300.0,110.05,5305.0,-43.09685999999999,26.15313999999999,0.904,125,-43.09685999999999,False,-43.09685999999999,False,-43.09685999999999,False,INDIGO,False
2026-08-11,5200.0,119.05,5242.5,-119.3832,-20.933199999999996,0.096,125,-119.3832,False,-119.3832,False,-119.3832,False,INDIGO,False
2026-08-12,5300.0,79.2,5263.0,8.78072,52.13071999999998,0.8608695652173913,115,39.13072000000001,True,8.78072,False,8.78072,False,INDIGO,False
2026-08-13,5300.0,87.8,5314.0,0.15664000000000572,14.156640000000007,0.8202247191011236,89,0.15664000000000572,False,0.15664000000000572,False,0.15664000000000572,False,INDIGO,False
2026-08-14,5300.0,64.89999999999999,5328.0,23.12076000000001,37.12076000000001,0.7777777777777778,63,32.02076,True,23.12076000000001,False,23.12076000000001,False,INDIGO,False
2026-08-17,5300.0,72.1,5299.0,15.900600000000008,29.900600000000008,0.6756756756756757,37,15.900600000000008,False,15.900600000000008,False,15.900600000000008,False,INDIGO,False
2026-06-25,400.0,5.0,400.95,8.94694000000001,13.296939999999976,0.048,125,2.44694,True,4.94694,True,9.94694,True,INDUSTOWER,False
2026-06-29,390.0,4.1,388.5,5.61136,7.661359999999999,0.296,125,2.01136,True,4.06136,True,5.61136,False,INDUSTOWER,False
2026-06-30,395.0,2.65,394.2,9.25926,10.659259999999977,0.232,125,1.2842599999999997,True,2.60926,True,5.259259999999999,True,INDUSTOWER,False
2026-07-01,390.0,11.0,390.85,-7.341019999999999,3.0589799999999765,0.136,125,-7.341019999999999,False,-7.341019999999999,False,-7.341019999999999,False,INDUSTOWER,False
2026-07-02,385.0,11.700000000000001,385.85,-11.73262,-0.0826200000000025,0.592,125,-11.73262,False,-11.73262,False,-11.73262,False,INDUSTOWER,False
2026-07-03,385.0,9.700000000000001,385.95,-9.727020000000001,1.7229799999999982,0.392,125,-9.727020000000001,False,-9.727020000000001,False,-9.727020000000001,False,INDUSTOWER,False
2026-07-06,390.0,11.5,391.9,-11.53206,2.5679399999999766,0.128,125,-11.53206,False,-11.53206,False,-11.53206,False,INDUSTOWER,False
2026-07-07,385.0,11.05,383.0,-11.0808,-0.030800000000001777,0.048,125,-11.0808,False,-11.0808,False,-11.0808,False,INDUSTOWER,False
2026-07-08,385.0,9.350000000000001,386.25,-9.376040000000001,0.5739599999999979,0.024,125,-9.376040000000001,False,-9.376040000000001,False,-9.376040000000001,False,INDUSTOWER,False
2026-07-09,395.0,10.3,395.25,-10.328700000000001,-0.07870000000000071,0.168,125,-10.328700000000001,False,-10.328700000000001,False,-10.328700000000001,False,INDUSTOWER,False
2026-07-10,400.0,10.450000000000001,397.9,-10.479120000000002,0.12087999999999857,0.04,125,-10.479120000000002,False,-10.479120000000002,False,-10.479120000000002,False,INDUSTOWER,False
2026-07-13,405.0,9.55,407.4,-2.297040000000001,-0.49704000000000104,0.584,125,-2.297040000000001,False,-2.297040000000001,False,-2.297040000000001,False,INDUSTOWER,False
2026-07-14,410.0,9.55,408.8,-1.9480200000000119,-0.29802000000000173,0.248,125,-1.9480200000000119,False,-1.9480200000000119,False,-1.9480200000000119,False,INDUSTOWER,False
2026-07-15,405.0,7.7,406.4,-2.5858400000000112,0.9641599999999991,0.664,125,-2.5858400000000112,False,-2.5858400000000112,False,-2.5858400000000112,False,INDUSTOWER,False
2026-07-16,410.0,7.75,409.05,5.989800000000022,8.239800000000022,0.136,125,3.8148,True,7.6898,True,5.989800000000022,False,INDUSTOWER,False
2026-07-17,405.0,7.35,403.95,9.332660000000011,9.332660000000011,0.528,125,3.6076599999999988,True,7.28266,True,9.332660000000011,False,INDUSTOWER,False
2026-07-20,405.0,7.05,405.95,1.0575799999999882,11.957580000000021,0.328,125,3.4825799999999996,True,7.00758,True,1.0575799999999882,False,INDUSTOWER,False
2026-07-21,400.0,6.05,402.3,6.348339999999999,8.348339999999999,0.08,125,2.9733399999999994,True,5.99834,True,6.348339999999999,False,INDUSTOWER,False
2026-07-22,400.0,4.55,399.8,10.594839999999998,14.64484000000001,0.04,125,2.2198399999999996,True,4.49484,True,9.044839999999997,True,INDUSTOWER,False
2026-07-23,395.0,8.75,396.15,0.8486199999999986,5.448620000000011,0.208,125,4.32362,True,0.8486199999999986,False,0.8486199999999986,False,INDUSTOWER,False
2026-07-27,395.0,4.05,396.8,4.7640199999999995,10.16402000000001,0.248,125,1.9890199999999996,True,4.0140199999999995,True,8.064019999999998,True,INDUSTOWER,False
2026-07-28,385.0,6.0,387.5,-6.01666,4.033339999999999,0.304,125,2.98334,True,-6.01666,False,-6.01666,False,INDUSTOWER,False
2026-07-29,385.0,9.3,384.75,-9.3259,0.7240999999999982,0.184,125,-9.3259,False,-9.3259,False,-9.3259,False,INDUSTOWER,False
2026-07-30,395.0,9.4,393.0,-1.4984400000000002,1.1015600000000216,0.384,125,-1.4984400000000002,False,-1.4984400000000002,False,-1.4984400000000002,False,INDUSTOWER,False
2026-07-31,390.0,7.2,392.45,-3.53038,2.9196199999999983,0.496,125,-3.53038,False,-3.53038,False,-3.53038,False,INDUSTOWER,False
2026-08-03,395.0,8.850000000000001,393.55,1.0973600000000092,2.7473599999999863,0.2,125,1.0973600000000092,False,1.0973600000000092,False,1.0973600000000092,False,INDUSTOWER,False
2026-08-04,390.0,7.75,392.5,10.62678,10.62678,0.368,125,3.80178,True,7.67678,True,10.62678,False,INDUSTOWER,False
2026-08-05,390.0,8.3,390.65,12.61810000000001,14.018099999999988,0.168,125,4.0681,True,8.218100000000002,True,12.61810000000001,False,INDUSTOWER,False
2026-08-06,390.0,7.55,388.0,3.148900000000011,14.798899999999987,0.032,125,3.7238999999999995,True,7.4989,True,3.148900000000011,False,INDUSTOWER,False
2026-08-07,385.0,8.05,383.9,-0.9424200000000004,9.307579999999987,0.4,125,3.9825800000000005,True,8.00758,True,-0.9424200000000004,False,INDUSTOWER,False
2026-08-10,376.0,7.3,376.5,-7.3203,1.0796999999999881,0.224,125,-7.3203,False,-7.3203,False,-7.3203,False,INDUSTOWER,False
2026-08-11,371.0,7.05,372.95,-7.069599999999999,-0.5196,0.096,125,-7.069599999999999,False,-7.069599999999999,False,-7.069599999999999,False,INDUSTOWER,False
2026-08-12,371.0,6.55,370.8,-2.03094,-1.03094,0.09836065573770492,122,-2.03094,False,-2.03094,False,-2.03094,False,INDUSTOWER,False
2026-08-13,381.0,5.5,382.3,3.609119999999988,3.609119999999988,0.3645833333333333,96,2.70912,True,3.609119999999988,False,3.609119999999988,False,INDUSTOWER,False
2026-08-14,380.0,5.1499999999999995,379.85,2.9628999999999883,2.9628999999999883,0.14285714285714285,70,2.5379,True,2.9628999999999883,False,2.9628999999999883,False,INDUSTOWER,False
2026-08-17,381.0,3.55,382.7,5.564579999999988,5.564579999999988,0.5681818181818182,44,1.7395799999999995,True,3.51458,True,5.564579999999988,False,INDUSTOWER,False
2026-08-10,1180.0,25.1,1180.7,-1.5863600000000029,7.6636400000000044,0.792,125,-1.5863600000000029,False,-1.5863600000000029,False,-1.5863600000000029,False,INFY,False
2026-08-11,1200.0,22.0,1189.5,34.92852000000005,38.128520000000094,0.24,125,10.77852,True,21.77852,True,34.92852000000005,False,INFY,False
2026-08-12,1180.0,21.05,1187.5,43.85878000000005,45.758779999999916,0.6666666666666666,114,10.283780000000002,True,20.808780000000002,True,41.85878000000001,True,INFY,False
2026-08-13,1175.0,27.55,1167.2,32.35458000000005,34.25457999999991,0.6363636363636364,88,13.529580000000003,True,27.30458,True,32.35458000000005,False,INFY,False
2026-08-14,1175.0,22.0,1167.2,37.92012000000005,39.82011999999991,0.4838709677419355,62,10.77012,True,21.77012,True,37.92012000000005,False,INFY,False
2026-08-17,1160.0,24.5,1154.0,20.455120000000047,22.35511999999991,0.6666666666666666,36,12.05512,True,20.455120000000047,False,20.455120000000047,False,INFY,False
2026-06-30,89.0,1.05,89.06,2.357623999999999,2.357623999999999,0.048,125,0.5126240000000002,True,1.037624,True,2.0876240000000004,True,INOXWIND,False
2026-07-01,90.0,3.34,90.28,1.5570119999999992,1.8670120000000014,0.36,125,1.647012,True,1.5570119999999992,False,1.5570119999999992,False,INOXWIND,False
2026-07-02,91.0,4.03,89.9,3.617352000000004,4.627351999999994,0.368,125,1.9823519999999997,True,3.9973520000000002,True,3.617352000000004,False,INOXWIND,False
2026-07-03,91.0,3.9099999999999997,90.11,4.126596000000004,5.116595999999999,0.192,125,1.9215959999999996,True,3.8765959999999997,True,4.126596000000004,False,INOXWIND,False
2026-07-06,88.0,3.3699999999999997,87.08,3.3019440000000007,3.3019440000000007,0.368,125,1.656944,True,3.3019440000000007,False,3.3019440000000007,False,INOXWIND,False
2026-07-08,87.0,4.09,84.72,3.4076039999999987,3.8676040000000067,0.16,125,2.012604,True,3.4076039999999987,False,3.4076039999999987,False,INOXWIND,False
2026-07-09,83.0,2.4699999999999998,83.45,1.332528000000005,1.5025280000000067,0.512,125,1.217528,True,1.332528000000005,False,1.332528000000005,False,INOXWIND,False
2026-07-10,82.5,2.75,82.01,1.889391999999994,1.889391999999994,0.776,125,1.354392,True,1.889391999999994,False,1.889391999999994,False,INOXWIND,False
2026-07-13,82.5,2.53,81.42,1.4518559999999976,2.341855999999998,0.768,125,1.2468560000000002,True,1.4518559999999976,False,1.4518559999999976,False,INOXWIND,False
2026-07-14,82.0,2.9299999999999997,79.88,0.6917440000000004,2.2917440000000004,0.944,125,1.4467439999999998,True,0.6917440000000004,False,0.6917440000000004,False,INOXWIND,False
2026-07-15,82.0,4.2299999999999995,79.42,0.41521999999999953,0.9852200000000007,0.856,125,0.41521999999999953,False,0.41521999999999953,False,0.41521999999999953,False,INOXWIND,False
2026-07-17,82.0,4.569999999999999,77.99,-0.28472399999999976,0.6452760000000008,0.728,125,-0.28472399999999976,False,-0.28472399999999976,False,-0.28472399999999976,False,INOXWIND,False
2026-07-20,80.0,3.05,77.56,1.9276000000000002,2.1875999999999998,0.424,125,1.5025999999999995,True,1.9276000000000002,False,1.9276000000000002,False,INOXWIND,False
2026-07-21,82.0,3.7199999999999998,78.79,3.2700679999999935,4.330067999999995,0.376,125,1.8300680000000003,True,3.6900679999999997,True,3.2700679999999935,False,INOXWIND,False
2026-07-22,80.0,2.69,77.45,1.5307360000000003,3.3707359999999955,0.52,125,1.3257360000000002,True,2.6707359999999998,True,1.5307360000000003,False,INOXWIND,False
2026-07-27,82.0,4.33,78.17,-1.7293199999999982,3.7306799999999947,0.24,125,2.14568,True,-1.7293199999999982,False,-1.7293199999999982,False,INOXWIND,False
2026-07-28,80.0,2.05,77.72,1.3847400000000003,4.014739999999996,0.72,125,1.0097399999999999,True,2.0347399999999998,True,1.3847400000000003,False,INOXWIND,True
2026-07-29,77.5,3.3499999999999996,77.23,-3.35924,2.1607600000000007,0.536,125,1.66576,True,-3.35924,False,-3.35924,False,INOXWIND,True
2026-07-30,75.0,2.9,75.1,-2.90798,1.0720200000000004,0.248,125,-2.90798,False,-2.90798,False,-2.90798,False,INOXWIND,False
2026-07-31,75.0,3.05,75.57,-3.0584,-0.31839999999999963,0.048,125,-3.0584,False,-3.0584,False,-3.0584,False,INOXWIND,False
2026-08-03,80.0,3.67,80.22,0.3585239999999999,1.2085240000000004,1.0,125,0.3585239999999999,False,0.3585239999999999,False,0.3585239999999999,False,INOXWIND,True
2026-08-04,80.0,3.8,79.12,2.2026159999999986,2.242616000000005,0.824,125,1.8726159999999994,True,2.2026159999999986,False,2.2026159999999986,False,INOXWIND,True
2026-08-05,80.0,3.54,80.17,2.333708000000003,3.173708000000006,0.616,125,1.7437080000000005,True,2.333708000000003,False,2.333708000000003,False,INOXWIND,True
2026-08-06,77.5,2.82,78.41,1.460204,2.1102040000000004,0.84,125,1.3902039999999998,True,1.460204,False,1.460204,False,INOXWIND,True
2026-08-07,77.5,3.9,77.22,-0.08153199999999916,1.0284680000000002,0.808,125,-0.08153199999999916,False,-0.08153199999999916,False,-0.08153199999999916,False,INOXWIND,True
2026-08-10,75.0,3.05,75.04,-0.8146999999999999,0.2953000000000005,1.0,125,-0.8146999999999999,False,-0.8146999999999999,False,-0.8146999999999999,False,INOXWIND,True
2026-08-11,72.5,1.6600000000000001,73.73,-1.664508,0.2554919999999998,0.28,125,-1.664508,False,-1.664508,False,-1.664508,False,INOXWIND,False
2026-08-12,75.0,2.69,74.0,-1.251452,0.1085480000000001,0.9008264462809917,121,-1.251452,False,-1.251452,False,-1.251452,False,INOXWIND,False
2026-08-13,75.0,2.42,73.94,-0.980696,0.3593040000000001,0.8736842105263158,95,-0.980696,False,-0.980696,False,-0.980696,False,INOXWIND,False
2026-08-14,72.5,2.52,73.56,-2.526916,-1.066916,0.3333333333333333,69,-2.526916,False,-2.526916,False,-2.526916,False,INOXWIND,False
2026-08-17,72.5,1.1300000000000001,73.44,-1.133024,-1.133024,0.0,43,-1.133024,False,-1.133024,False,-1.133024,False,INOXWIND,False
2026-08-10,145.0,5.06,142.2,1.3180240000000085,1.8280240000000003,0.968,125,1.3180240000000085,False,1.3180240000000085,False,1.3180240000000085,False,IOC,False
2026-08-11,145.0,6.43,140.31,-0.12561600000001313,0.45438400000000023,0.824,125,-0.12561600000001313,False,-0.12561600000001313,False,-0.12561600000001313,False,IOC,False
2026-08-12,145.0,6.01,141.35,-0.0035999999999962104,0.8764000000000002,0.7017543859649122,114,-0.0035999999999962104,False,-0.0035999999999962104,False,-0.0035999999999962104,False,IOC,False
2026-08-13,145.0,5.8999999999999995,140.94,0.1067080000000041,0.7767079999999916,0.6179775280898876,89,0.1067080000000041,False,0.1067080000000041,False,0.1067080000000041,False,IOC,False
2026-08-14,145.0,6.05,140.02,-0.04371199999999624,0.6262879999999913,0.4603174603174603,63,-0.04371199999999624,False,-0.04371199999999624,False,-0.04371199999999624,False,IOC,False
2026-08-17,142.5,4.35,138.93,-0.3333519999999996,0.33664800000000034,0.8918918918918919,37,-0.3333519999999996,False,-0.3333519999999996,False,-0.3333519999999996,False,IOC,False
2026-06-29,127.0,1.55,126.6,-1.5542,-0.5442,0.16,125,-1.5542,False,-1.5542,False,-1.5542,False,IREDA,False
2026-07-01,129.0,6.33,128.81,-1.411444,0.548556,0.608,125,-1.411444,False,-1.411444,False,-1.411444,False,IREDA,False
2026-07-03,130.0,5.97,129.07,-0.5518359999999995,3.118164000000001,0.192,125,2.953164,True,-0.5518359999999995,False,-0.5518359999999995,False,IREDA,False
2026-07-08,125.0,4.49,123.47,0.32401599999999964,2.3040160000000003,0.36,125,2.2190160000000003,True,0.32401599999999964,False,0.32401599999999964,False,IREDA,False
2026-07-10,125.0,5.01,123.99,-0.5265159999999973,0.8334840000000003,0.192,125,-0.5265159999999973,False,-0.5265159999999973,False,-0.5265159999999973,False,IREDA,False
2026-07-13,125.0,3.15,123.95,3.2533160000000008,3.2533160000000008,0.176,125,1.5483159999999998,True,3.123316,True,3.2533160000000008,False,IREDA,False
2026-07-14,125.0,4.55,122.94,-1.1322320000000048,1.8577680000000008,0.128,125,-1.1322320000000048,False,-1.1322320000000048,False,-1.1322320000000048,False,IREDA,False
2026-07-16,122.5,4.33,121.1,-1.7392919999999998,0.6407080000000002,0.608,125,-1.7392919999999998,False,-1.7392919999999998,False,-1.7392919999999998,False,IREDA,False
2026-07-17,122.0,4.14,120.42,-2.436268,0.4037320000000008,0.544,125,-2.436268,False,-2.436268,False,-2.436268,False,IREDA,False
2026-07-23,122.0,3.17,120.35,-1.1344760000000054,1.2155240000000005,0.608,125,-1.1344760000000054,False,-1.1344760000000054,False,-1.1344760000000054,False,IREDA,False
2026-07-24,120.0,3.3,118.34,-3.3091,-0.21909999999999952,0.048,125,-3.3091,False,-3.3091,False,-3.3091,False,IREDA,False
2026-07-28,122.0,1.96,120.2,-0.7687080000000001,0.6012920000000047,0.16,125,-0.7687080000000001,False,-0.7687080000000001,False,-0.7687080000000001,False,IREDA,False
2026-07-30,122.5,7.0,119.96,0.11052000000000035,1.090519999999999,0.784,125,0.11052000000000035,False,0.11052000000000035,False,0.11052000000000035,False,IREDA,False
2026-07-31,122.5,7.55,120.05,-1.1889199999999995,0.29108000000000006,0.744,125,-1.1889199999999995,False,-1.1889199999999995,False,-1.1889199999999995,False,IREDA,False
2026-08-04,122.5,7.05,120.75,-0.03934,0.9106600000000001,0.928,125,-0.03934,False,-0.03934,False,-0.03934,False,IREDA,False
2026-08-06,122.5,8.3,120.85,-1.3427000000000007,-0.3427000000000007,0.912,125,-1.3427000000000007,False,-1.3427000000000007,False,-1.3427000000000007,False,IREDA,False
2026-08-07,122.5,6.08,121.25,0.08575600000000011,1.885756,0.896,125,0.08575600000000011,False,0.08575600000000011,False,0.08575600000000011,False,IREDA,False
2026-08-10,120.0,5.84,118.73,-1.1893159999999958,0.24068400000000045,0.656,125,-1.1893159999999958,False,-1.1893159999999958,False,-1.1893159999999958,False,IREDA,False
2026-08-11,122.5,7.319999999999999,119.14,-0.5494239999999998,0.48057600000000045,0.536,125,-0.5494239999999998,False,-0.5494239999999998,False,-0.5494239999999998,False,IREDA,False
2026-08-12,120.0,5.74,118.2,-1.587635999999996,0.3323640000000003,0.8425925925925926,108,-1.587635999999996,False,-1.587635999999996,False,-1.587635999999996,False,IREDA,False
2026-08-13,120.0,5.609999999999999,117.89,-1.4572719999999952,0.4127280000000004,0.7926829268292683,82,-1.4572719999999952,False,-1.4572719999999952,False,-1.4572719999999952,False,IREDA,False
2026-08-14,117.5,3.6999999999999997,116.4,0.08911200000000032,0.33911200000000075,0.9655172413793104,58,0.08911200000000032,False,0.08911200000000032,False,0.08911200000000032,False,IREDA,False
2026-08-17,115.0,2.25,115.06,-2.25616,0.07384000000000007,0.20588235294117646,34,-2.25616,False,-2.25616,False,-2.25616,False,IREDA,False
2026-06-25,92.0,1.58,92.06,-0.41756000000000126,1.5024400000000002,0.272,125,0.78244,True,-0.41756000000000126,False,-0.41756000000000126,False,IRFC,False
2026-07-01,92.0,2.75,91.54,0.1243479999999979,0.384348000000003,0.072,125,0.1243479999999979,False,0.1243479999999979,False,0.1243479999999979,False,IRFC,False
2026-07-02,92.0,2.6199999999999997,91.68,1.1621639999999949,2.172164,0.008,125,1.292164,True,1.1621639999999949,False,1.1621639999999949,False,IRFC,False
2026-07-03,91.0,2.9,90.78,-1.242656000000001,0.8973439999999997,0.16,125,-1.242656000000001,False,-1.242656000000001,False,-1.242656000000001,False,IRFC,False
2026-07-06,90.0,2.9499999999999997,89.85,-2.190276000000007,-0.1502760000000001,0.536,125,-2.190276000000007,False,-2.190276000000007,False,-2.190276000000007,False,IRFC,False
2026-07-07,90.0,2.76,90.1,-1.8102759999999947,0.03972399999999981,0.416,125,-1.8102759999999947,False,-1.8102759999999947,False,-1.8102759999999947,False,IRFC,False
2026-07-08,89.0,2.8099999999999996,88.8,-0.9928519999999997,-0.14285199999999945,0.512,125,-0.9928519999999997,False,-0.9928519999999997,False,-0.9928519999999997,False,IRFC,False
2026-07-09,88.0,2.67,88.15,-2.677336,-0.15733599999999992,0.192,125,-2.677336,False,-2.677336,False,-2.677336,False,IRFC,False
2026-07-10,89.0,2.88,89.28,-2.1699400000000035,-0.24993999999999975,0.712,125,-2.1699400000000035,False,-2.1699400000000035,False,-2.1699400000000035,False,IRFC,False
2026-07-13,89.0,2.25,89.02,-1.4584000000000057,0.38160000000000016,0.672,125,-1.4584000000000057,False,-1.4584000000000057,False,-1.4584000000000057,False,IRFC,False
2026-07-15,90.0,2.07,89.55,0.47717599999999977,0.47717599999999977,0.016,125,0.47717599999999977,False,0.47717599999999977,False,0.47717599999999977,False,IRFC,False
2026-07-16,89.0,2.3499999999999996,88.67,-0.5415359999999951,-0.10153599999999943,0.328,125,-0.5415359999999951,False,-0.5415359999999951,False,-0.5415359999999951,False,IRFC,False
2026-07-17,88.0,1.85,88.34,-0.2096599999999973,-0.07966000000000006,0.512,125,-0.2096599999999973,False,-0.2096599999999973,False,-0.2096599999999973,False,IRFC,False
2026-07-20,88.0,1.6300000000000001,87.79,-1.295376,0.10462399999999987,0.432,125,-1.295376,False,-1.295376,False,-1.295376,False,IRFC,False
2026-07-21,88.0,1.57,88.47,-1.4246759999999998,0.16532399999999992,0.552,125,-1.4246759999999998,False,-1.4246759999999998,False,-1.4246759999999998,False,IRFC,False
2026-07-22,88.0,1.4000000000000001,87.68,1.1989120000000002,1.1989120000000002,0.528,125,0.688912,True,1.1989120000000002,False,1.1989120000000002,False,IRFC,False
2026-07-23,87.0,1.54,87.25,-1.544172,-0.3741720000000001,0.248,125,-1.544172,False,-1.544172,False,-1.544172,False,IRFC,False
2026-07-24,87.0,1.36,86.61,-1.363668,-0.19366800000000017,0.104,125,-1.363668,False,-1.363668,False,-1.363668,False,IRFC,False
2026-07-29,88.0,2.8499999999999996,88.28,-2.8578399999999995,-0.3278399999999994,0.064,125,-2.8578399999999995,False,-2.8578399999999995,False,-2.8578399999999995,False,IRFC,False
2026-07-30,89.0,2.5,88.66,-0.003887999999999772,0.5561120000000003,0.48,125,-0.003887999999999772,False,-0.003887999999999772,False,-0.003887999999999772,False,IRFC,False
2026-07-31,89.0,2.6399999999999997,88.85,-0.7126839999999998,-0.02268399999999934,0.52,125,-0.7126839999999998,False,-0.7126839999999998,False,-0.7126839999999998,False,IRFC,False
2026-08-03,90.0,2.73,89.89,-1.4910040000000029,-0.08100399999999983,0.456,125,-1.4910040000000029,False,-1.4910040000000029,False,-1.4910040000000029,False,IRFC,False
2026-08-04,90.0,2.15,89.89,-0.95924,0.5007600000000002,0.264,125,-0.95924,False,-0.95924,False,-0.95924,False,IRFC,False
2026-08-05,90.0,2.32,90.27,-0.3319560000000027,0.24804400000000024,0.056,125,-0.3319560000000027,False,-0.3319560000000027,False,-0.3319560000000027,False,IRFC,False
2026-08-06,89.0,2.52,88.89,0.19543999999999997,0.22544000000000022,0.688,125,0.19543999999999997,False,0.19543999999999997,False,0.19543999999999997,False,IRFC,False
2026-08-07,89.0,2.11,88.92,-0.270948,0.6390520000000004,0.616,125,-0.270948,False,-0.270948,False,-0.270948,False,IRFC,False
2026-08-10,88.0,1.94,88.37,-0.279968,0.22003200000000042,0.88,125,-0.279968,False,-0.279968,False,-0.279968,False,IRFC,False
2026-08-11,88.0,1.8,88.19,-0.06977200000000006,0.5102280000000002,0.952,125,-0.06977200000000006,False,-0.06977200000000006,False,-0.06977200000000006,False,IRFC,False
2026-08-12,88.0,2.01,88.05,-0.43991200000000436,0.3000880000000005,0.8083333333333333,120,-0.43991200000000436,False,-0.43991200000000436,False,-0.43991200000000436,False,IRFC,False
2026-08-13,88.0,1.73,88.06,-0.15912800000000457,0.5808720000000003,0.7553191489361702,94,-0.15912800000000457,False,-0.15912800000000457,False,-0.15912800000000457,False,IRFC,False
2026-08-14,88.0,1.4000000000000001,87.89,0.17179599999999529,0.9117960000000002,0.6617647058823529,68,0.691796,True,0.17179599999999529,False,0.17179599999999529,False,IRFC,False
2026-08-17,86.0,1.33,86.49,-0.29649600000000004,-0.08649600000000007,0.40476190476190477,42,-0.29649600000000004,False,-0.29649600000000004,False,-0.29649600000000004,False,IRFC,False
2026-06-25,289.5,1.3,289.7,-1.3035,2.046499999999978,0.048,125,0.6465000000000002,True,1.2965,True,-1.3035,False,ITC,False
2026-06-29,290.0,1.25,290.25,3.8323600000000004,5.08236,0.752,125,0.60736,True,1.23236,True,2.48236,True,ITC,False
2026-07-01,290.0,6.5,288.0,-2.1802400000000226,-0.5802399999999998,0.968,125,-2.1802400000000226,False,-2.1802400000000226,False,-2.1802400000000226,False,ITC,False
2026-07-02,290.0,4.8,290.65,3.413600000000011,4.513599999999976,0.768,125,2.3635999999999995,True,3.413600000000011,False,3.413600000000011,False,ITC,False
2026-07-03,290.0,5.1499999999999995,290.6,1.566820000000012,4.166819999999977,0.568,125,2.54182,True,1.566820000000012,False,1.566820000000012,False,ITC,False
2026-07-06,290.0,4.6,288.45,4.5615,4.711499999999977,0.392,125,2.2615,True,4.5615,True,4.5615,False,ITC,False
2026-07-07,290.0,4.95,287.4,5.058140000000022,5.458139999999999,0.192,125,2.4331400000000003,True,4.90814,True,5.058140000000022,False,ITC,False
2026-07-08,287.5,5.85,285.6,5.0531,6.253099999999988,0.064,125,2.878099999999999,True,5.8031,True,5.0531,False,ITC,False
2026-07-09,282.5,5.3,281.7,0.07017999999998903,1.820179999999989,0.176,125,0.07017999999998903,False,0.07017999999998903,False,0.07017999999998903,False,ITC,False
2026-07-10,285.0,6.05,283.2,0.11584000000000036,3.565839999999988,0.048,125,2.9908399999999995,True,0.11584000000000036,False,0.11584000000000036,False,ITC,False
2026-07-13,280.0,4.3,280.75,-1.4200199999999994,2.12998,0.872,125,2.1299799999999993,True,-1.4200199999999994,False,-1.4200199999999994,False,ITC,False
2026-07-14,280.0,4.5,279.9,-4.51246,1.9375400000000003,0.712,125,-4.51246,False,-4.51246,False,-4.51246,False,ITC,False
2026-07-15,280.0,6.75,276.5,-3.92674,-0.77674,0.664,125,-3.92674,False,-3.92674,False,-3.92674,False,ITC,False
2026-07-16,280.0,6.05,277.05,-4.1721200000000005,-0.8221199999999999,0.656,125,-4.1721200000000005,False,-4.1721200000000005,False,-4.1721200000000005,False,ITC,False
2026-07-17,280.0,4.35,278.75,-4.3620399999999995,-0.6620399999999995,0.52,125,-4.3620399999999995,False,-4.3620399999999995,False,-4.3620399999999995,False,ITC,False
2026-07-20,280.0,2.6999999999999997,280.2,-2.70742,0.5425800000000003,0.376,125,-2.70742,False,-2.70742,False,-2.70742,False,ITC,False
2026-07-21,285.0,4.3,283.3,-4.3119,1.7880999999999776,0.176,125,-4.3119,False,-4.3119,False,-4.3119,False,ITC,False
2026-07-22,280.0,2.5999999999999996,279.6,-2.60714,0.6428600000000003,0.24,125,-2.60714,False,-2.60714,False,-2.60714,False,ITC,False
2026-07-23,280.0,2.65,280.7,-2.65728,-0.5572799999999998,0.088,125,-2.65728,False,-2.65728,False,-2.65728,False,ITC,False
2026-07-24,282.5,2.05,281.15,3.4290000000000003,3.4290000000000003,0.032,125,1.004,True,2.029,True,3.4290000000000003,False,ITC,False
2026-07-27,290.0,4.35,287.3,-0.07407999999999981,4.725919999999977,0.192,125,2.1509199999999997,True,4.32592,True,-0.07407999999999981,False,ITC,False
2026-07-28,290.0,2.4,287.3,0.5351600000000003,6.685159999999976,0.048,125,1.1851599999999998,True,2.38516,True,4.7851599999999985,True,ITC,False
2026-07-29,287.5,6.2,287.4,-6.21722,0.38277999999997725,0.552,125,-6.21722,False,-6.21722,False,-6.21722,False,ITC,False
2026-07-30,287.5,6.55,287.6,-2.0808,0.019199999999977617,0.424,125,-2.0808,False,-2.0808,False,-2.0808,False,ITC,False
2026-07-31,282.5,6.8,283.6,-6.8189,0.08110000000000053,0.128,125,-6.8189,False,-6.8189,False,-6.8189,False,ITC,False
2026-08-03,290.0,5.05,290.45,0.07157999999998901,0.821579999999989,0.048,125,0.07157999999998901,False,0.07157999999998901,False,0.07157999999998901,False,ITC,False
2026-08-04,287.5,4.05,286.6,0.9248000000000117,0.9248000000000117,0.232,125,0.9248000000000117,False,0.9248000000000117,False,0.9248000000000117,False,ITC,False
2026-08-05,287.5,4.45,287.0,3.7645800000000103,3.7645800000000103,0.072,125,2.1895800000000003,True,3.7645800000000103,False,3.7645800000000103,False,ITC,False
2026-08-06,285.0,3.65,286.15,3.968499999999989,5.668499999999976,0.496,125,1.7934999999999999,True,3.6185,True,3.968499999999989,False,ITC,False
2026-08-07,285.0,3.8499999999999996,285.0,3.718079999999978,5.468079999999977,0.288,125,1.8930799999999999,True,3.8180799999999997,True,3.718079999999978,False,ITC,False
2026-08-10,285.0,3.8,284.85,3.7682199999999777,5.518219999999976,0.08,125,1.8682199999999995,True,3.76822,True,3.7682199999999777,False,ITC,False
2026-08-11,280.0,3.8499999999999996,281.1,2.8206000000000007,2.970599999999978,0.784,125,1.8955999999999997,True,2.8206000000000007,False,2.8206000000000007,False,ITC,False
2026-08-12,277.5,2.6999999999999997,278.65,3.525080000000012,3.625079999999978,0.7350427350427351,117,1.32508,True,2.67508,True,3.525080000000012,False,ITC,False
2026-08-13,277.5,3.55,276.65,2.672700000000012,2.7726999999999777,0.6593406593406593,91,1.7476999999999994,True,2.672700000000012,False,2.672700000000012,False,ITC,False
2026-08-14,277.5,2.8499999999999996,276.4,3.374660000000012,3.474659999999978,0.5230769230769231,65,1.3996599999999997,True,2.8246599999999997,True,3.374660000000012,False,ITC,False
2026-08-17,277.5,2.9,276.35,3.3245200000000117,3.4245199999999776,0.20512820512820512,39,1.4245199999999998,True,2.87452,True,3.3245200000000117,False,ITC,False
2026-08-10,1120.0,17.5,1111.7,11.569379999999999,22.319380000000002,0.808,125,8.61938,True,17.36938,True,11.569379999999999,False,JINDALSTEL,False
2026-08-11,1120.0,21.3,1113.4,-1.7146600000000014,18.53534,0.808,125,10.535340000000001,True,-1.7146600000000014,False,-1.7146600000000014,False,JINDALSTEL,False
2026-08-12,1100.0,23.1,1099.0,-11.297860000000004,1.202139999999997,0.8943089430894309,123,-11.297860000000004,False,-11.297860000000004,False,-11.297860000000004,False,JINDALSTEL,False
2026-08-13,1100.0,17.5,1102.5,-5.682180000000002,6.817819999999998,0.8865979381443299,97,-5.682180000000002,False,-5.682180000000002,False,-5.682180000000002,False,JINDALSTEL,False
2026-08-14,1100.0,26.7,1093.7,-14.90794,-2.407940000000001,0.8450704225352113,71,-14.90794,False,-14.90794,False,-14.90794,False,JINDALSTEL,False
2026-08-17,1100.0,18.7,1092.5,-6.885540000000001,0.91446,0.7555555555555555,45,-6.885540000000001,False,-6.885540000000001,False,-6.885540000000001,False,JINDALSTEL,False
2026-08-10,257.5,7.0,256.4,0.30996000000000584,1.309960000000005,0.32,125,0.30996000000000584,False,0.30996000000000584,False,0.30996000000000584,False,JIOFIN,False
2026-08-11,252.5,5.35,252.6,0.7679400000000007,2.0679400000000006,0.64,125,0.7679400000000007,False,0.7679400000000007,False,0.7679400000000007,False,JIOFIN,False
2026-08-12,252.5,4.55,252.25,1.8693400000000004,2.8693400000000002,0.464,125,2.2443399999999993,True,1.8693400000000004,False,1.8693400000000004,False,JIOFIN,False
2026-08-13,257.5,8.25,257.6,2.546660000000005,3.296660000000005,0.2376237623762376,101,2.546660000000005,False,2.546660000000005,False,2.546660000000005,False,JIOFIN,False
2026-08-14,252.5,6.55,252.1,-0.734579999999994,0.8654200000000003,0.48,75,-0.734579999999994,False,-0.734579999999994,False,-0.734579999999994,False,JIOFIN,False
2026-08-17,245.0,3.75,245.85,-3.76036,0.33964000000000055,0.10204081632653061,49,-3.76036,False,-3.76036,False,-3.76036,False,JIOFIN,False
2026-06-25,1230.0,14.15,1233.0,-14.18948,19.510520000000003,0.496,125,7.035520000000001,True,14.110520000000001,True,-14.18948,False,JSWSTEEL,False
2026-06-29,1250.0,12.05,1246.0,5.915859999999908,25.615859999999955,0.04,125,5.9408600000000025,True,11.965860000000001,True,24.015860000000004,True,JSWSTEEL,False
2026-06-30,1230.0,8.15,1231.7,18.701859999999996,25.451860000000003,0.408,125,3.976860000000001,True,8.05186,True,16.201860000000003,True,JSWSTEEL,False
2026-07-01,1220.0,37.15,1219.7,-37.253879999999995,-1.6538799999999971,0.288,125,-37.253879999999995,False,-37.253879999999995,False,-37.253879999999995,False,JSWSTEEL,False
2026-07-02,1230.0,32.349999999999994,1225.6,-27.20514000000004,1.2448600000000087,0.312,125,-27.20514000000004,False,-27.20514000000004,False,-27.20514000000004,False,JSWSTEEL,False
2026-07-03,1240.0,31.6,1240.1,-31.68834,3.211660000000004,0.392,125,-31.68834,False,-31.68834,False,-31.68834,False,JSWSTEEL,False
2026-07-06,1230.0,30.5,1231.9,-30.58526,-0.6852600000000014,0.256,125,-30.58526,False,-30.58526,False,-30.58526,False,JSWSTEEL,False
2026-07-07,1230.0,30.6,1229.3,-30.685540000000003,-0.7855400000000028,0.328,125,-30.685540000000003,False,-30.685540000000003,False,-30.685540000000003,False,JSWSTEEL,False
2026-07-08,1240.0,27.5,1239.6,-3.793640000000002,2.706359999999998,0.256,125,-3.793640000000002,False,-3.793640000000002,False,-3.793640000000002,False,JSWSTEEL,False
2026-07-09,1220.0,27.1,1224.7,-27.17574,-0.47574000000000216,0.056,125,-27.17574,False,-27.17574,False,-27.17574,False,JSWSTEEL,False
2026-07-10,1250.0,27.05,1245.3,-6.633140000000092,2.4168599999999976,0.288,125,-6.633140000000092,False,-6.633140000000092,False,-6.633140000000092,False,JSWSTEEL,False
2026-07-13,1240.0,26.0,1236.2,-26.07266,4.17734,0.248,125,-26.07266,False,-26.07266,False,-26.07266,False,JSWSTEEL,False
2026-07-14,1250.0,26.150000000000002,1245.8,-26.223080000000003,3.126920000000088,0.152,125,-26.223080000000003,False,-26.223080000000003,False,-26.223080000000003,False,JSWSTEEL,False
2026-07-15,1240.0,44.05,1243.6,-44.173199999999994,-16.5732,0.088,125,-44.173199999999994,False,-44.173199999999994,False,-44.173199999999994,False,JSWSTEEL,False
2026-07-16,1230.0,27.55,1226.5,-27.627000000000002,-0.7770000000000028,0.248,125,-27.627000000000002,False,-27.627000000000002,False,-27.627000000000002,False,JSWSTEEL,False
2026-07-17,1230.0,26.45,1229.4,-26.52392,-0.22391999999999856,0.144,125,-26.52392,False,-26.52392,False,-26.52392,False,JSWSTEEL,False
2026-07-20,1250.0,19.25,1254.8,-13.96873999999991,0.631259999999999,0.088,125,-13.96873999999991,False,-13.96873999999991,False,-13.96873999999991,False,JSWSTEEL,False
2026-07-21,1270.0,16.1,1265.9,7.039959999999953,23.73996,0.392,125,7.939960000000001,True,15.989960000000002,True,7.039959999999953,False,JSWSTEEL,False
2026-07-22,1270.0,14.3,1265.2,-4.417760000000001,25.582240000000002,0.208,125,7.082240000000002,True,14.232240000000001,True,-4.417760000000001,False,JSWSTEEL,False
2026-07-23,1270.0,13.3,1271.6,-13.337100000000001,26.612900000000003,0.04,125,6.612900000000002,True,13.2629,True,26.562900000000006,True,JSWSTEEL,False
2026-07-24,1240.0,15.450000000000001,1241.4,-15.493120000000001,-1.7931200000000018,0.304,125,-15.493120000000001,False,-15.493120000000001,False,-15.493120000000001,False,JSWSTEEL,False
2026-07-27,1240.0,10.75,1244.6,-10.77996,1.4200399999999993,0.168,125,-10.77996,False,-10.77996,False,-10.77996,False,JSWSTEEL,False
2026-07-28,1250.0,9.55,1246.7,-9.576600000000001,-1.3266000000000007,0.176,125,-9.576600000000001,False,-9.576600000000001,False,-9.576600000000001,False,JSWSTEEL,False
2026-07-29,1260.0,28.95,1260.0,-29.03092,3.3690800000000065,0.28,125,-29.03092,False,-29.03092,False,-29.03092,False,JSWSTEEL,False
2026-07-30,1280.0,33.05,1277.1,-33.142399999999995,-0.6423999999999972,0.52,125,-33.142399999999995,False,-33.142399999999995,False,-33.142399999999995,False,JSWSTEEL,False
2026-07-31,1280.0,28.05,1270.9,-28.1284,3.7215999999999974,0.448,125,-28.1284,False,-28.1284,False,-28.1284,False,JSWSTEEL,False
2026-08-03,1280.0,19.5,1282.1,-0.1589200000000007,12.241079999999998,0.36,125,9.64108,True,-0.1589200000000007,False,-0.1589200000000007,False,JSWSTEEL,False
2026-08-04,1280.0,24.7,1286.2,-24.769019999999998,0.3809799999999993,0.168,125,-24.769019999999998,False,-24.769019999999998,False,-24.769019999999998,False,JSWSTEEL,False
2026-08-05,1300.0,27.05,1298.3,-6.433700000000047,3.1163000000000003,0.624,125,-6.433700000000047,False,-6.433700000000047,False,-6.433700000000047,False,JSWSTEEL,False
2026-08-06,1320.0,23.75,1329.2,23.999380000000002,23.999380000000002,0.184,125,11.67438,True,23.54938,True,23.999380000000002,False,JSWSTEEL,False
2026-08-07,1300.0,22.400000000000002,1305.7,11.043339999999999,14.793339999999999,0.76,125,11.043339999999999,True,11.043339999999999,False,11.043339999999999,False,JSWSTEEL,False
2026-08-10,1300.0,23.05,1304.2,10.989840000000003,15.539839999999957,0.64,125,11.364840000000003,True,10.989840000000003,False,10.989840000000003,False,JSWSTEEL,False
2026-08-11,1300.0,22.5,1299.8,4.6607,19.810700000000004,0.512,125,11.1107,True,4.6607,False,4.6607,False,JSWSTEEL,False
2026-08-12,1280.0,20.5,1285.8,-1.11186,9.33814,1.0,121,-1.11186,False,-1.11186,False,-1.11186,False,JSWSTEEL,False
2026-08-13,1260.0,17.45,1267.9,-17.49872,0.2512800000000007,0.4105263157894737,95,-17.49872,False,-17.49872,False,-17.49872,False,JSWSTEEL,False
2026-08-14,1260.0,16.1,1265.8,-16.144940000000002,1.6050599999999986,0.463768115942029,69,-16.144940000000002,False,-16.144940000000002,False,-16.144940000000002,False,JSWSTEEL,False
2026-08-17,1260.0,14.05,1257.5,-14.0892,3.660799999999999,0.3023255813953488,43,-14.0892,False,-14.0892,False,-14.0892,False,JSWSTEEL,False
2026-08-10,615.0,27.150000000000002,613.75,-7.481320000000001,2.2686799999999985,0.408,125,-7.481320000000001,False,-7.481320000000001,False,-7.481320000000001,False,KALYANKJIL,True
2026-08-11,600.0,25.25,597.95,-25.32056,0.42944,0.328,125,-25.32056,False,-25.32056,False,-25.32056,False,KALYANKJIL,False
2026-08-12,600.0,23.05,599.3,-23.1144,2.6355999999999993,0.25862068965517243,116,-23.1144,False,-23.1144,False,-23.1144,False,KALYANKJIL,False
2026-08-13,605.0,19.85,604.85,-6.842120000000002,2.757879999999998,0.18888888888888888,90,-6.842120000000002,False,-6.842120000000002,False,-6.842120000000002,False,KALYANKJIL,True
2026-08-14,615.0,19.650000000000002,614.05,-10.580499999999958,0.6194999999999956,0.734375,64,-10.580499999999958,False,-10.580499999999958,False,-10.580499999999958,False,KALYANKJIL,False
2026-08-17,605.0,15.4,606.6,-2.3796600000000008,-0.529660000000001,0.2631578947368421,38,-2.3796600000000008,False,-2.3796600000000008,False,-2.3796600000000008,False,KALYANKJIL,False
2026-06-25,3250.0,30.650000000000002,3229.2,24.65877999999991,160.05877999999998,0.248,125,15.083779999999999,True,30.408780000000004,True,61.05878,True,KAYNES,True
2026-06-29,3250.0,38.9,3231.6,-39.00878,151.94122,0.248,125,19.341219999999996,True,38.791219999999996,True,77.69121999999999,True,KAYNES,False
2026-06-30,3150.0,11.4,3165.8,-11.43178,161.26821999999999,0.544,125,5.668220000000001,True,11.36822,True,22.768220000000003,True,KAYNES,False
2026-07-01,3150.0,171.70000000000002,3161.6,-172.18062,0.5193799999999715,0.344,125,-172.18062,False,-172.18062,False,-172.18062,False,KAYNES,False
2026-07-02,3150.0,165.05,3165.0,-165.512,-6.412000000000017,0.192,125,-165.512,False,-165.512,False,-165.512,False,KAYNES,False
2026-07-03,3200.0,153.5,3194.4,-153.92966,-6.9796600000000115,0.048,125,-153.92966,False,-153.92966,False,-153.92966,False,KAYNES,False
2026-07-06,3300.0,140.05,3305.8,-52.73826000000001,40.36173999999997,0.416,125,-52.73826000000001,False,-52.73826000000001,False,-52.73826000000001,False,KAYNES,True
2026-07-07,3350.0,149.05,3336.3,-4.923060000000023,32.726939999999985,0.752,125,-4.923060000000023,False,-4.923060000000023,False,-4.923060000000023,False,KAYNES,False
2026-07-08,3300.0,156.05,3297.0,-66.68894000000002,24.311059999999973,0.616,125,-66.68894000000002,False,-66.68894000000002,False,-66.68894000000002,False,KAYNES,False
2026-07-09,3250.0,146.95000000000002,3266.4,-147.36132,-147.36132,0.0,125,-147.36132,False,-147.36132,False,-147.36132,False,KAYNES,True
2026-07-10,3450.0,155.05,3434.9,21.36942000000007,24.169419999999796,0.12,125,21.36942000000007,False,21.36942000000007,False,21.36942000000007,False,KAYNES,False
2026-07-13,3300.0,89.64999999999999,3278.0,9.769260000000012,18.169260000000016,0.8,125,9.769260000000012,False,9.769260000000012,False,9.769260000000012,False,KAYNES,False
2026-07-16,3400.0,100.6,3428.65,106.0873199999999,161.48731999999998,0.152,125,49.437319999999985,True,99.73732,True,106.0873199999999,False,KAYNES,False
2026-07-21,3300.0,52.55,3306.3,33.510940000000005,110.01093999999999,0.432,125,25.88593999999999,True,52.16094,True,104.71093999999998,True,KAYNES,False
2026-07-24,3150.0,42.849999999999994,3144.2,-42.96984,24.48016000000001,0.128,125,21.305159999999997,True,-42.96984,False,-42.96984,False,KAYNES,False
2026-07-27,3200.0,50.9,3195.4,-51.04238,6.557620000000003,0.384,125,-51.04238,False,-51.04238,False,-51.04238,False,KAYNES,False
2026-07-28,3200.0,47.099999999999994,3178.1,-47.231739999999995,-10.93173999999999,0.184,125,-47.231739999999995,False,-47.231739999999995,False,-47.231739999999995,False,KAYNES,False
2026-07-29,3300.0,176.05,3317.5,-176.5428,-30.142800000000033,0.008,125,-176.5428,False,-176.5428,False,-176.5428,False,KAYNES,False
2026-07-30,3650.0,214.15,3658.9,-214.74948,23.550519999999977,0.192,125,-214.74948,False,-214.74948,False,-214.74948,False,KAYNES,False
2026-07-31,3650.0,199.05,3627.7,-199.6072,-199.6072,0.0,125,-199.6072,False,-199.6072,False,-199.6072,False,KAYNES,False
2026-08-03,3750.0,205.05,3772.0,-205.62400000000002,-5.474000000000034,0.016,125,-205.62400000000002,False,-205.62400000000002,False,-205.62400000000002,False,KAYNES,False
2026-08-04,3800.0,202.10000000000002,3806.0,-92.8241600000002,4.125839999999972,0.248,125,-92.8241600000002,False,-92.8241600000002,False,-92.8241600000002,False,KAYNES,False
2026-08-05,3900.0,218.20000000000002,3905.0,-37.17084000000021,40.62915999999997,0.504,125,-37.17084000000021,False,-37.17084000000021,False,-37.17084000000021,False,KAYNES,False
2026-08-06,3900.0,215.0,3915.0,-54.15518000000002,43.89481999999999,0.4,125,-54.15518000000002,False,-54.15518000000002,False,-54.15518000000002,False,KAYNES,False
2026-08-07,3850.0,215.8,3841.8,-138.67236000000003,12.177639999999972,0.368,125,-138.67236000000003,False,-138.67236000000003,False,-138.67236000000003,False,KAYNES,False
2026-08-10,3700.0,227.0,3705.9,-107.97146,-63.82146000000002,0.352,125,-107.97146,False,-107.97146,False,-107.97146,False,KAYNES,False
2026-08-11,3800.0,111.85,3775.1,20.414699999999993,63.71470000000001,0.44,125,55.239699999999985,True,20.414699999999993,False,20.414699999999993,False,KAYNES,False
2026-08-12,3750.0,115.05,3748.5,-12.510820000000177,48.339180000000006,0.6842105263157895,114,-12.510820000000177,False,-12.510820000000177,False,-12.510820000000177,False,KAYNES,False
2026-08-13,3800.0,140.05,3797.0,12.279179999999796,12.279179999999796,0.2840909090909091,88,12.279179999999796,False,12.279179999999796,False,12.279179999999796,False,KAYNES,False
2026-08-14,3700.0,95.0,3722.5,-42.264680000000176,32.33532,0.9354838709677419,62,-42.264680000000176,False,-42.264680000000176,False,-42.264680000000176,False,KAYNES,False
2026-08-17,3650.0,112.1,3647.1,-20.721199999999993,-11.321199999999985,0.3055555555555556,36,-20.721199999999993,False,-20.721199999999993,False,-20.721199999999993,False,KAYNES,False
2026-06-25,5250.0,57.599999999999994,5274.0,143.6234,210.02339999999998,0.312,125,28.073399999999996,True,56.8734,True,114.47339999999998,True,KEI,False
2026-06-29,5200.0,68.39999999999999,5192.0,-68.59137999999999,167.05862,0.032,125,34.00862,True,68.20862,True,136.60862,True,KEI,False
2026-06-30,5300.0,10.65,5303.0,186.71605999999997,279.06606000000005,0.512,125,4.741060000000001,True,10.06606,True,20.716060000000006,True,KEI,False
2026-07-01,5400.0,228.10000000000002,5424.0,128.20919999999995,143.20919999999995,0.048,125,112.40920000000001,True,128.20919999999995,False,128.20919999999995,False,KEI,False
2026-07-02,5200.0,191.65,5189.0,21.164459999999984,84.21445999999999,0.264,125,21.164459999999984,False,21.164459999999984,False,21.164459999999984,False,KEI,False
2026-07-06,5250.0,189.45000000000002,5255.0,-51.91798000000003,107.08201999999997,0.176,125,93.80702,True,-51.91798000000003,False,-51.91798000000003,False,KEI,False
2026-07-08,5100.0,212.0,5077.75,-17.19212000000001,65.60788,0.584,125,-17.19212000000001,False,-17.19212000000001,False,-17.19212000000001,False,KEI,False
2026-07-09,5100.0,235.85000000000002,5052.0,-236.51024,32.439759999999964,0.392,125,-236.51024,False,-236.51024,False,-236.51024,False,KEI,False
2026-07-10,5100.0,179.05,5075.0,72.93983999999998,89.13983999999996,0.32,125,88.31484000000003,True,72.93983999999998,False,72.93983999999998,False,KEI,False
2026-07-14,5100.0,169.70000000000002,5015.0,44.522139999999965,106.37213999999996,0.432,125,83.77214,True,44.522139999999965,False,44.522139999999965,False,KEI,False
2026-07-15,5100.0,138.05,5068.0,-36.57242000000001,138.42757999999998,0.528,125,68.35258,True,137.37758000000002,True,-36.57242000000001,False,KEI,False
2026-07-16,5150.0,158.85000000000002,5092.5,22.145899999999966,101.14589999999997,0.296,125,78.47090000000001,True,22.145899999999966,False,22.145899999999966,False,KEI,False
2026-07-17,5100.0,202.15,4978.5,89.41385999999999,101.41385999999999,0.648,125,99.68886000000002,True,89.41385999999999,False,89.41385999999999,False,KEI,False
2026-07-20,5050.0,213.45000000000002,4929.0,-77.03224000000004,40.517759999999974,0.488,125,-77.03224000000004,False,-77.03224000000004,False,-77.03224000000004,False,KEI,False
2026-07-23,5100.0,155.60000000000002,4977.5,179.47239999999996,193.97239999999996,0.144,125,76.42240000000001,True,154.22240000000002,True,179.47239999999996,False,KEI,False
2026-07-24,5000.0,119.3,4837.0,71.87835999999999,164.27835999999996,0.48,125,58.77835999999999,True,118.42836,True,71.87835999999999,False,KEI,False
2026-07-27,5050.0,168.4,4913.5,-127.13856000000037,131.96143999999998,0.176,125,83.61144000000002,True,-127.13856000000037,False,-127.13856000000037,False,KEI,False
2026-07-28,4900.0,83.2,4825.0,-83.43282,177.56718,0.264,125,41.36718000000001,True,82.96718,True,166.16718000000003,True,KEI,False
2026-07-29,4800.0,171.45000000000002,4840.0,-171.92992,38.120079999999966,0.288,125,-171.92992,False,-171.92992,False,-171.92992,False,KEI,False
2026-07-30,4800.0,160.5,4790.0,-160.94926,49.10073999999998,0.192,125,-160.94926,False,-160.94926,False,-160.94926,False,KEI,False
2026-08-03,5000.0,190.0,4993.6,-190.53186,-0.5818600000000114,0.2,125,-190.53186,False,-190.53186,False,-190.53186,False,KEI,False
2026-08-04,5400.0,175.10000000000002,5350.5,-175.59014000000002,34.35985999999997,0.152,125,-175.59014000000002,False,-175.59014000000002,False,-175.59014000000002,False,KEI,False
2026-08-05,5500.0,169.8,5498.4,-170.27530000000002,-7.825300000000023,0.304,125,-170.27530000000002,False,-170.27530000000002,False,-170.27530000000002,False,KEI,False
2026-08-06,5500.0,154.95000000000002,5515.5,-155.38372,2.916279999999966,0.144,125,-155.38372,False,-155.38372,False,-155.38372,False,KEI,False
2026-08-07,5500.0,155.05,5549.4,-155.484,-155.484,0.0,125,-155.484,False,-155.484,False,-155.484,False,KEI,False
2026-08-10,5600.0,141.25,5639.4,-141.64536,6.404639999999983,0.44,125,-141.64536,False,-141.64536,False,-141.64536,False,KEI,False
2026-08-11,5600.0,158.70000000000002,5632.0,-159.14422000000002,-19.794220000000024,0.248,125,-159.14422000000002,False,-159.14422000000002,False,-159.14422000000002,False,KEI,False
2026-08-12,5600.0,118.05,5629.0,-118.3804,-7.430399999999994,0.04310344827586207,116,-118.3804,False,-118.3804,False,-118.3804,False,KEI,False
2026-08-13,5800.0,101.05,5764.4,-29.135519999999993,59.21448,0.9111111111111111,90,50.03947999999999,True,-29.135519999999993,False,-29.135519999999993,False,KEI,False
2026-08-14,5800.0,126.05,5750.1,-54.20551999999999,34.14448,0.875,64,-54.20551999999999,False,-54.20551999999999,False,-54.20551999999999,False,KEI,False
2026-08-17,5700.0,80.1,5736.0,-80.32414,-80.32414,0.0,38,-80.32414,False,-80.32414,False,-80.32414,False,KEI,False
2026-08-10,940.0,37.55,930.15,-15.118279999999999,-0.31827999999999146,0.76,125,-15.118279999999999,False,-15.118279999999999,False,-15.118279999999999,False,KFINTECH,False
2026-08-11,920.0,23.35,925.25,-23.41524,1.9847599999999972,0.592,125,-23.41524,False,-23.41524,False,-23.41524,False,KFINTECH,False
2026-08-13,920.0,21.150000000000002,923.8,-21.209080000000004,3.2409199999999974,0.42,100,-21.209080000000004,False,-21.209080000000004,False,-21.209080000000004,False,KFINTECH,False
2026-08-14,920.0,17.05,922.0,-17.0976,7.3523999999999985,0.21621621621621623,74,-17.0976,False,-17.0976,False,-17.0976,False,KFINTECH,False
2026-08-17,920.0,13.0,929.9,-13.03626,-13.03626,0.0,48,-13.03626,False,-13.03626,False,-13.03626,False,KFINTECH,False
2026-06-25,740.0,8.75,739.0,168.22863999999996,177.27864000000002,0.16,125,3.8536400000000004,True,8.22864,True,16.97864,True,KPITTECH,False
2026-06-29,730.0,8.700000000000001,735.0,171.51967999999997,171.51967999999997,0.032,125,3.81968,True,8.169680000000001,True,16.86968,True,KPITTECH,False
2026-06-30,700.0,1.9000000000000001,696.0,138.15156,151.00156,0.0,125,0.55156,True,1.5015600000000002,True,3.40156,True,KPITTECH,False
2026-07-01,600.0,35.05,604.4,0.900780000000051,18.050780000000028,0.0,125,17.325779999999998,True,0.900780000000051,False,0.900780000000051,False,KPITTECH,False
2026-07-02,570.0,36.099999999999994,566.3,-20.046299999999995,-6.696299999999994,0.008,125,-20.046299999999995,False,-20.046299999999995,False,-20.046299999999995,False,KPITTECH,True
2026-07-03,560.0,36.449999999999996,562.45,-9.079059999999995,-2.8290599999999912,0.64,125,-9.079059999999995,False,-9.079059999999995,False,-9.079059999999995,False,KPITTECH,True
2026-07-06,550.0,27.45,549.2,-27.52672,4.223280000000001,0.344,125,-27.52672,False,-27.52672,False,-27.52672,False,KPITTECH,False
2026-07-07,560.0,27.1,559.5,-27.17574,3.374259999999999,0.584,125,-27.17574,False,-27.17574,False,-27.17574,False,KPITTECH,True
2026-07-08,560.0,25.75,563.8,-18.143520000000002,4.706480000000001,0.52,125,-18.143520000000002,False,-18.143520000000002,False,-18.143520000000002,False,KPITTECH,False
2026-07-09,550.0,25.150000000000002,553.75,-25.220280000000002,2.8297199999999987,0.384,125,-25.220280000000002,False,-25.220280000000002,False,-25.220280000000002,False,KPITTECH,False
2026-07-10,560.0,25.05,559.35,-18.83763999999998,2.8623599999999993,0.384,125,-18.83763999999998,False,-18.83763999999998,False,-18.83763999999998,False,KPITTECH,False
2026-07-13,560.0,27.900000000000002,560.35,-21.346599999999956,-4.896600000000005,0.184,125,-21.346599999999956,False,-21.346599999999956,False,-21.346599999999956,False,KPITTECH,False
2026-07-14,580.0,18.150000000000002,575.55,-4.588900000000003,16.711100000000002,0.008,125,8.986099999999999,True,-4.588900000000003,False,-4.588900000000003,False,KPITTECH,False
2026-07-15,550.0,20.95,552.25,-21.00852,-0.3585200000000007,0.568,125,-21.00852,False,-21.00852,False,-21.00852,False,KPITTECH,False
2026-07-16,560.0,17.2,556.55,-9.120839999999955,1.42916,0.432,125,-9.120839999999955,False,-9.120839999999955,False,-9.120839999999955,False,KPITTECH,False
2026-07-17,550.0,28.1,553.65,-21.497300000000003,-12.347300000000002,0.496,125,-21.497300000000003,False,-21.497300000000003,False,-21.497300000000003,False,KPITTECH,False
2026-07-20,550.0,11.100000000000001,553.3,-11.13094,-2.480940000000003,0.36,125,-11.13094,False,-11.13094,False,-11.13094,False,KPITTECH,False
2026-07-21,580.0,14.15,575.35,-14.18948,16.61052000000002,0.16,125,7.035520000000001,True,14.110520000000001,True,-14.18948,False,KPITTECH,False
2026-07-22,560.0,8.4,558.25,-8.42338,4.126619999999998,0.136,125,-8.42338,False,-8.42338,False,-8.42338,False,KPITTECH,False
2026-07-23,550.0,9.5,551.8,-9.52646,-1.9264599999999994,0.264,125,-9.52646,False,-9.52646,False,-9.52646,False,KPITTECH,False
2026-07-24,550.0,6.2,551.05,-6.21722,1.2827799999999998,0.064,125,-6.21722,False,-6.21722,False,-6.21722,False,KPITTECH,False
2026-07-27,590.0,8.600000000000001,588.45,-8.623940000000001,20.92606,0.376,125,4.276060000000001,True,8.576060000000002,True,17.176060000000003,True,KPITTECH,False
2026-07-28,590.0,5.1,592.75,-5.11414,24.43586,0.248,125,2.53586,True,5.085859999999999,True,10.18586,True,KPITTECH,False
2026-07-29,630.0,29.2,627.9,-4.102319999999999,20.097680000000004,0.128,125,14.447679999999998,True,-4.102319999999999,False,-4.102319999999999,False,KPITTECH,False
2026-07-30,600.0,24.5,599.75,-24.56846,2.93154,0.12,125,-24.56846,False,-24.56846,False,-24.56846,False,KPITTECH,False
2026-07-31,580.0,22.05,580.5,-22.1116,0.9883999999999972,0.032,125,-22.1116,False,-22.1116,False,-22.1116,False,KPITTECH,True
2026-08-03,600.0,24.45,604.6,-24.51832,-24.51832,0.0,125,-24.51832,False,-24.51832,False,-24.51832,False,KPITTECH,False
2026-08-04,620.0,28.45,621.9,-28.529519999999998,-5.82952,0.296,125,-28.529519999999998,False,-28.529519999999998,False,-28.529519999999998,False,KPITTECH,False
2026-08-05,630.0,22.2,626.35,-4.06312,2.3368799999999994,0.696,125,-4.06312,False,-4.06312,False,-4.06312,False,KPITTECH,False
2026-08-06,630.0,25.45,629.95,-8.917739999999954,-1.2677399999999988,0.672,125,-8.917739999999954,False,-8.917739999999954,False,-8.917739999999954,False,KPITTECH,False
2026-08-07,630.0,23.95,632.05,-4.12278,-0.5727799999999993,0.64,125,-4.12278,False,-4.12278,False,-4.12278,False,KPITTECH,False
2026-08-10,630.0,24.35,632.35,-9.260600000000002,-1.1606000000000007,0.592,125,-9.260600000000002,False,-9.260600000000002,False,-9.260600000000002,False,KPITTECH,False
2026-08-11,630.0,20.650000000000002,627.4,-0.11549999999995748,4.484499999999952,0.44,125,-0.11549999999995748,False,-0.11549999999995748,False,-0.11549999999995748,False,KPITTECH,False
2026-08-12,620.0,12.4,623.25,9.852839999999976,10.002839999999953,0.8571428571428571,119,6.102840000000001,True,9.852839999999976,False,9.852839999999976,False,KPITTECH,False
2026-08-13,620.0,14.75,616.4,7.496259999999976,7.646259999999954,0.8172043010752689,93,7.27126,True,7.496259999999976,False,7.496259999999976,False,KPITTECH,False
2026-08-14,620.0,13.05,617.0,9.201019999999977,9.351019999999954,0.746268656716418,67,6.426020000000002,True,9.201019999999977,False,9.201019999999977,False,KPITTECH,False
2026-08-17,600.0,12.5,604.7,-1.7152400000000003,-1.1652400000000014,0.3902439024390244,41,-1.7152400000000003,False,-1.7152400000000003,False,-1.7152400000000003,False,KPITTECH,False
2026-06-25,1450.0,15.700000000000001,1450.3,-15.743820000000001,-0.19382000000000213,0.168,125,-15.743820000000001,False,-15.743820000000001,False,-15.743820000000001,False,LAURUSLABS,False
2026-06-29,1450.0,10.05,1454.0,-10.078000000000001,-10.078000000000001,0.0,125,-10.078000000000001,False,-10.078000000000001,False,-10.078000000000001,False,LAURUSLABS,False
2026-06-30,1490.0,4.1,1493.6,-4.111339999999999,46.838660000000004,0.24,125,2.0386599999999997,True,4.08866,True,8.188659999999999,True,LAURUSLABS,False
2026-07-01,1520.0,46.3,1519.3,-14.369519999999948,5.530480000000007,0.288,125,-14.369519999999948,False,-14.369519999999948,False,-14.369519999999948,False,LAURUSLABS,False
2026-07-02,1480.0,45.199999999999996,1482.0,-45.32642,6.373580000000007,0.144,125,-45.32642,False,-45.32642,False,-45.32642,False,LAURUSLABS,False
2026-07-03,1530.0,45.05,1529.0,-29.071219999999954,32.1287800000001,0.28,125,22.35377999999999,True,-29.071219999999954,False,-29.071219999999954,False,LAURUSLABS,False
2026-07-06,1540.0,46.949999999999996,1545.0,-2.606199999999994,40.1438000000001,0.288,125,23.2188,True,-2.606199999999994,False,-2.606199999999994,False,LAURUSLABS,False
2026-07-07,1520.0,42.599999999999994,1516.4,-42.719139999999996,24.630860000000098,0.256,125,21.180859999999996,True,-42.719139999999996,False,-42.719139999999996,False,LAURUSLABS,False
2026-07-08,1480.0,43.05,1487.8,-43.170399999999994,8.529600000000006,0.104,125,-43.170399999999994,False,-43.170399999999994,False,-43.170399999999994,False,LAURUSLABS,False
2026-07-09,1510.0,43.75,1510.1,-43.87236,0.4776400000000014,0.152,125,-43.87236,False,-43.87236,False,-43.87236,False,LAURUSLABS,False
2026-07-10,1510.0,42.55,1513.8,-42.669,-42.669,0.0,125,-42.669,False,-42.669,False,-42.669,False,LAURUSLABS,False
2026-07-13,1540.0,44.05,1540.4,-4.983239999999993,5.566760000000004,0.264,125,-4.983239999999993,False,-4.983239999999993,False,-4.983239999999993,False,LAURUSLABS,False
2026-07-14,1560.0,45.8,1558.2,-45.9281,0.2719000000000057,0.552,125,-45.9281,False,-45.9281,False,-45.9281,False,LAURUSLABS,False
2026-07-15,1570.0,40.949999999999996,1567.3,-41.064519999999995,9.685480000000004,0.52,125,-41.064519999999995,False,-41.064519999999995,False,-41.064519999999995,False,LAURUSLABS,False
2026-07-16,1560.0,44.3,1559.6,-44.423899999999996,-0.22389999999999433,0.272,125,-44.423899999999996,False,-44.423899999999996,False,-44.423899999999996,False,LAURUSLABS,False
2026-07-17,1540.0,40.9,1538.5,-41.014379999999996,4.635620000000007,0.232,125,-41.014379999999996,False,-41.014379999999996,False,-41.014379999999996,False,LAURUSLABS,False
2026-07-20,1530.0,38.0,1533.8,-38.10626,-4.706259999999994,0.024,125,-38.10626,False,-38.10626,False,-38.10626,False,LAURUSLABS,False
2026-07-21,1570.0,30.1,1566.4,-30.184140000000003,4.16586,0.32,125,-30.184140000000003,False,-30.184140000000003,False,-30.184140000000003,False,LAURUSLABS,True
2026-07-22,1580.0,29.25,1580.4,-29.33176,9.068240000000007,0.52,125,-29.33176,False,-29.33176,False,-29.33176,False,LAURUSLABS,False
2026-07-23,1580.0,27.45,1580.8,-27.52672,10.423280000000004,0.344,125,-27.52672,False,-27.52672,False,-27.52672,False,LAURUSLABS,False
2026-07-24,1570.0,31.3,1574.0,-31.3875,1.5625000000000022,0.128,125,-31.3875,False,-31.3875,False,-31.3875,False,LAURUSLABS,False
2026-07-27,1680.0,30.5,1662.0,-30.58526,2.2647400000000015,0.024,125,-30.58526,False,-30.58526,False,-30.58526,False,LAURUSLABS,False
2026-07-28,1720.0,14.100000000000001,1724.6,-14.13934,-14.13934,0.0,125,-14.13934,False,-14.13934,False,-14.13934,False,LAURUSLABS,False
2026-07-29,1760.0,46.55,1769.5,-46.6802,-46.6802,0.0,125,-46.6802,False,-46.6802,False,-46.6802,False,LAURUSLABS,False
2026-07-30,1780.0,53.599999999999994,1786.1,-53.749939999999995,-1.7999399999999914,0.192,125,-53.749939999999995,False,-53.749939999999995,False,-53.749939999999995,False,LAURUSLABS,False
2026-07-31,1800.0,57.05,1801.1,-57.209599999999995,-11.109599999999995,0.008,125,-57.209599999999995,False,-57.209599999999995,False,-57.209599999999995,False,LAURUSLABS,False
2026-08-03,1800.0,46.0,1808.7,-46.128659999999996,-46.128659999999996,0.0,125,-46.128659999999996,False,-46.128659999999996,False,-46.128659999999996,False,LAURUSLABS,False
2026-08-04,1820.0,47.099999999999994,1825.4,-47.231739999999995,2.668260000000011,0.12,125,-47.231739999999995,False,-47.231739999999995,False,-47.231739999999995,False,LAURUSLABS,False
2026-08-05,1840.0,47.5,1846.0,-11.085479999999995,4.564520000000004,0.72,125,-11.085479999999995,False,-11.085479999999995,False,-11.085479999999995,False,LAURUSLABS,False
2026-08-06,1840.0,48.05,1839.8,-9.642619999999992,4.0073800000000075,0.64,125,-9.642619999999992,False,-9.642619999999992,False,-9.642619999999992,False,LAURUSLABS,False
2026-08-07,1840.0,47.5,1841.2,-14.276519999999998,-0.2765199999999972,0.656,125,-14.276519999999998,False,-14.276519999999998,False,-14.276519999999998,False,LAURUSLABS,False
2026-08-10,1860.0,46.3,1859.0,-1.3062000000000396,9.393800000000006,0.824,125,-1.3062000000000396,False,-1.3062000000000396,False,-1.3062000000000396,False,LAURUSLABS,False
2026-08-11,1840.0,39.449999999999996,1835.4,-5.904820000000038,14.395179999999916,0.664,125,-5.904820000000038,False,-5.904820000000038,False,-5.904820000000038,False,LAURUSLABS,False
2026-08-12,1860.0,44.0,1858.0,-7.575679999999952,29.82431999999991,0.45132743362831856,113,21.77432,True,-7.575679999999952,False,-7.575679999999952,False,LAURUSLABS,False
2026-08-13,1840.0,38.949999999999996,1836.7,-22.45553999999995,14.944459999999916,0.5057471264367817,87,-22.45553999999995,False,-22.45553999999995,False,-22.45553999999995,False,LAURUSLABS,False
2026-08-14,1840.0,32.75,1836.3,-16.238179999999954,21.161819999999913,0.32786885245901637,61,16.23682,True,-16.238179999999954,False,-16.238179999999954,False,LAURUSLABS,False
2026-08-17,1820.0,39.8,1816.7,-13.984099999999998,4.315900000000007,0.6857142857142857,35,-13.984099999999998,False,-13.984099999999998,False,-13.984099999999998,False,LAURUSLABS,False
2026-06-25,550.0,5.85,552.2,-5.8662399999999995,9.33376,0.416,125,2.908759999999999,True,5.83376,True,-5.8662399999999995,False,LICHSGFIN,False
2026-06-29,550.0,5.2,548.1,-4.915259999999978,9.98474,0.232,125,2.5847400000000005,True,5.18474,True,-4.915259999999978,False,LICHSGFIN,False
2026-06-30,555.0,1.85,556.35,9.413320000000022,15.91332,0.6,125,0.8883200000000002,True,1.81332,True,3.6633200000000006,True,LICHSGFIN,False
2026-07-01,550.0,13.75,552.0,4.41054,4.41054,0.376,125,4.41054,False,4.41054,False,4.41054,False,LICHSGFIN,False
2026-07-02,555.0,13.950000000000001,556.75,0.9192199999999983,11.619220000000043,0.52,125,6.89422,True,0.9192199999999983,False,0.9192199999999983,False,LICHSGFIN,False
2026-07-03,560.0,16.05,559.85,-5.175460000000001,14.524540000000044,0.024,125,7.9495400000000025,True,-5.175460000000001,False,-5.175460000000001,False,LICHSGFIN,False
2026-07-06,555.0,15.05,549.65,-7.5631399999999775,10.536860000000043,0.36,125,7.461860000000002,True,-7.5631399999999775,False,-7.5631399999999775,False,LICHSGFIN,False
2026-07-08,550.0,16.5,540.05,-16.54606,4.103940000000045,0.464,125,-16.54606,False,-16.54606,False,-16.54606,False,LICHSGFIN,False
2026-07-09,545.0,16.55,535.4,-16.5962,-10.04619999999998,0.0,125,-16.5962,False,-16.5962,False,-16.5962,False,LICHSGFIN,False
2026-07-10,550.0,13.55,547.5,-13.388360000000002,-0.18836000000000214,0.32,125,-13.388360000000002,False,-13.388360000000002,False,-13.388360000000002,False,LICHSGFIN,False
2026-07-13,550.0,13.65,546.55,-12.291999999999955,-0.2920000000000019,0.32,125,-12.291999999999955,False,-12.291999999999955,False,-12.291999999999955,False,LICHSGFIN,False
2026-07-14,550.0,11.55,546.85,2.029579999999998,2.529579999999998,0.4,125,2.029579999999998,False,2.029579999999998,False,2.029579999999998,False,LICHSGFIN,False
2026-07-15,560.0,12.8,558.75,13.04164,13.04164,0.048,125,6.291640000000002,True,12.691640000000001,True,13.04164,False,LICHSGFIN,False
2026-07-16,550.0,11.55,546.65,2.3287399999999985,7.778740000000044,0.456,125,5.7037400000000025,True,2.3287399999999985,False,2.3287399999999985,False,LICHSGFIN,False
2026-07-17,550.0,11.700000000000001,546.1,-1.6110400000000025,7.6389600000000435,0.456,125,5.788959999999999,True,-1.6110400000000025,False,-1.6110400000000025,False,LICHSGFIN,False
2026-07-20,550.0,9.05,547.45,-9.0752,10.324800000000044,0.496,125,4.4998000000000005,True,9.0248,True,-9.0752,False,LICHSGFIN,False
2026-07-21,555.0,7.55,552.05,-2.28584,16.814160000000044,0.288,125,3.7391599999999996,True,7.5141599999999995,True,15.064159999999998,True,LICHSGFIN,False
2026-07-22,550.0,9.0,541.55,11.267959999999999,13.467960000000001,0.68,125,4.41796,True,8.91796,True,11.267959999999999,False,LICHSGFIN,False
2026-07-24,540.0,10.450000000000001,530.55,-0.5569800000000018,13.04302,0.256,125,5.168019999999999,True,10.393020000000002,True,-0.5569800000000018,False,LICHSGFIN,False
2026-07-27,550.0,9.0,543.4,20.691500000000023,20.691500000000023,0.392,125,4.3915,True,8.8915,True,17.8915,True,LICHSGFIN,False
2026-07-28,555.0,5.45,549.7,36.01839999999998,36.01839999999998,0.024,125,2.593400000000001,True,5.3184000000000005,True,10.768400000000002,True,LICHSGFIN,False
2026-07-29,550.0,21.55,549.4,16.23354,16.38353999999998,0.152,125,10.608540000000001,True,16.23354,False,16.23354,False,LICHSGFIN,False
2026-07-30,550.0,22.25,545.3,15.631300000000026,17.23129999999999,0.0,125,10.9563,True,15.631300000000026,False,15.631300000000026,False,LICHSGFIN,False
2026-07-31,520.0,15.9,524.4,-2.5819000000000125,5.868099999999997,0.296,125,-2.5819000000000125,False,-2.5819000000000125,False,-2.5819000000000125,False,LICHSGFIN,False
2026-08-03,520.0,14.65,523.3,0.5662800000000217,7.116279999999997,0.24,125,0.5662800000000217,False,0.5662800000000217,False,0.5662800000000217,False,LICHSGFIN,False
2026-08-04,520.0,15.75,517.1,2.803819999999988,3.5038199999999766,0.032,125,2.803819999999988,False,2.803819999999988,False,2.803819999999988,False,LICHSGFIN,False
2026-08-05,510.0,15.05,514.75,-8.36089999999999,3.489099999999997,0.448,125,-8.36089999999999,False,-8.36089999999999,False,-8.36089999999999,False,LICHSGFIN,False
2026-08-06,510.0,13.8,513.5,4.210819999999997,5.710819999999997,0.432,125,4.210819999999997,False,4.210819999999997,False,4.210819999999997,False,LICHSGFIN,False
2026-08-07,500.0,12.350000000000001,504.75,-0.7670600000000029,1.3829399999999976,0.888,125,-0.7670600000000029,False,-0.7670600000000029,False,-0.7670600000000029,False,LICHSGFIN,False
2026-08-10,500.0,12.3,502.1,0.7788799999999979,1.9788799999999989,0.96,125,0.7788799999999979,False,0.7788799999999979,False,0.7788799999999979,False,LICHSGFIN,False
2026-08-11,500.0,12.8,501.05,-1.0188800000000011,1.4811199999999989,0.96,125,-1.0188800000000011,False,-1.0188800000000011,False,-1.0188800000000011,False,LICHSGFIN,False
2026-08-12,510.0,10.3,505.05,1.3385399999999985,11.93854,0.6504065040650406,123,5.08854,True,10.23854,True,1.3385399999999985,False,LICHSGFIN,False
2026-08-13,500.0,10.950000000000001,505.225,1.4346199999999982,4.134619999999997,1.0,97,1.4346199999999982,False,1.4346199999999982,False,1.4346199999999982,False,LICHSGFIN,False
2026-08-14,500.0,11.850000000000001,500.25,0.5320999999999979,3.2320999999999973,1.0,71,0.5320999999999979,False,0.5320999999999979,False,0.5320999999999979,False,LICHSGFIN,False
2026-08-17,500.0,13.65,496.8,-1.272940000000001,1.4270599999999982,1.0,45,-1.272940000000001,False,-1.272940000000001,False,-1.272940000000001,False,LICHSGFIN,False
2026-08-10,395.0,5.1,395.35,-5.11414,3.785859999999999,0.144,125,2.53586,True,-5.11414,False,-5.11414,False,LICI,False
2026-08-11,405.0,7.6499999999999995,406.95,-7.671279999999999,0.17872000000000107,0.192,125,-7.671279999999999,False,-7.671279999999999,False,-7.671279999999999,False,LICI,False
2026-08-12,410.0,5.8,409.65,-1.02954,2.570459999999999,0.47863247863247865,117,-1.02954,False,-1.02954,False,-1.02954,False,LICI,False
2026-08-13,415.0,5.1,414.5,1.3178000000000005,4.767799999999999,0.8021978021978022,91,2.5178,True,1.3178000000000005,False,1.3178000000000005,False,LICI,False
2026-08-14,410.0,4.75,409.5,0.023399999999999824,0.2234,0.5076923076923077,65,0.023399999999999824,False,0.023399999999999824,False,0.023399999999999824,False,LICI,False
2026-08-17,415.0,4.05,412.9,2.3707400000000005,3.5207399999999778,0.5641025641025641,39,1.9957399999999994,True,2.3707400000000005,False,2.3707400000000005,False,LICI,False
2026-06-25,970.0,12.450000000000001,967.55,-12.484720000000001,25.31528,0.096,125,6.19028,True,12.415280000000001,True,24.86528,True,LODHA,False
2026-06-29,950.0,12.65,955.0,-12.68528,5.8147199999999994,0.344,125,-12.68528,False,-12.68528,False,-12.68528,False,LODHA,False
2026-06-30,940.0,12.350000000000001,943.0,-12.384440000000001,-6.584440000000002,0.016,125,-12.384440000000001,False,-12.384440000000001,False,-12.384440000000001,False,LODHA,False
2026-07-01,960.0,38.55,959.6,-38.657799999999995,1.2922000000000058,0.024,125,-38.657799999999995,False,-38.657799999999995,False,-38.657799999999995,False,LODHA,False
2026-07-02,1000.0,38.05,1003.175,-38.1564,0.9436000000000042,0.04,125,-38.1564,False,-38.1564,False,-38.1564,False,LODHA,False
2026-07-03,1040.0,46.25,1022.4,-46.37936,-45.279359999999905,0.0,125,-46.37936,False,-46.37936,False,-46.37936,False,LODHA,False
2026-07-07,1100.0,51.9,1103.7,-52.04518,3.504820000000006,0.24,125,-52.04518,False,-52.04518,False,-52.04518,False,LODHA,False
2026-07-08,1100.0,51.9,1100.4,-52.04518,3.504820000000006,0.04,125,-52.04518,False,-52.04518,False,-52.04518,False,LODHA,False
2026-07-09,1120.0,62.4,1118.85,-62.57458,-62.57458,0.0,125,-62.57458,False,-62.57458,False,-62.57458,False,LODHA,True
2026-07-10,1140.0,54.8,1145.6,-54.9533,-4.303299999999991,0.104,125,-54.9533,False,-54.9533,False,-54.9533,False,LODHA,False
2026-07-13,1220.0,72.05,1212.85,-40.19161999999995,18.108380000000004,0.216,125,-40.19161999999995,False,-40.19161999999995,False,-40.19161999999995,False,LODHA,True
2026-07-14,1160.0,59.449999999999996,1169.05,-59.616319999999995,-6.46631999999999,0.376,125,-59.616319999999995,False,-59.616319999999995,False,-59.616319999999995,False,LODHA,True
2026-07-15,1180.0,41.949999999999996,1170.55,-12.450479999999997,7.8495200000000045,0.72,125,-12.450479999999997,False,-12.450479999999997,False,-12.450479999999997,False,LODHA,True
2026-07-16,1160.0,33.3,1156.95,-9.560019999999998,1.4899800000000056,0.216,125,-9.560019999999998,False,-9.560019999999998,False,-9.560019999999998,False,LODHA,False
2026-07-17,1180.0,26.7,1174.95,14.559320000000003,20.50932000000005,0.664,125,13.159319999999997,True,14.559320000000003,False,14.559320000000003,False,LODHA,False
2026-07-20,1180.0,33.05,1187.8,-8.960299999999997,21.03969999999996,0.536,125,16.3647,True,-8.960299999999997,False,-8.960299999999997,False,LODHA,False
2026-07-21,1200.0,28.05,1191.5,-28.1284,46.12159999999996,0.416,125,13.946600000000002,True,27.971600000000002,True,-28.1284,False,LODHA,True
2026-07-22,1180.0,32.75,1173.35,-32.84156,21.408439999999956,0.424,125,16.28344,True,-32.84156,False,-32.84156,False,LODHA,False
2026-07-23,1160.0,29.05,1158.8,-29.1312,9.318800000000001,0.36,125,-29.1312,False,-29.1312,False,-29.1312,False,LODHA,True
2026-07-24,1140.0,22.400000000000002,1138.5,-22.462580000000003,5.2374199999999975,0.144,125,-22.462580000000003,False,-22.462580000000003,False,-22.462580000000003,False,LODHA,False
2026-07-27,1180.0,17.5,1174.9,-17.54886,3.6511399999999994,0.064,125,-17.54886,False,-17.54886,False,-17.54886,False,LODHA,False
2026-07-28,1240.0,16.35,1249.9,28.97696,33.626960000000004,0.232,125,8.00196,True,16.17696,True,32.52696,True,LODHA,True
2026-07-29,1280.0,89.64999999999999,1280.4,-39.891299999999944,-6.391299999999986,0.232,125,-39.891299999999944,False,-39.891299999999944,False,-39.891299999999944,False,LODHA,True
2026-07-30,1320.0,83.39999999999999,1315.0,-10.987359999999898,26.212640000000004,0.152,125,-10.987359999999898,False,-10.987359999999898,False,-10.987359999999898,False,LODHA,False
2026-07-31,1280.0,71.8,1287.15,-14.711759999999995,6.788240000000005,0.32,125,-14.711759999999995,False,-14.711759999999995,False,-14.711759999999995,False,LODHA,False
2026-08-03,1240.0,49.199999999999996,1242.9,4.461320000000007,8.16132000000001,0.816,125,4.461320000000007,False,4.461320000000007,False,4.461320000000007,False,LODHA,False
2026-08-04,1240.0,45.599999999999994,1246.8,-1.751019999999993,11.798980000000011,0.8,125,-1.751019999999993,False,-1.751019999999993,False,-1.751019999999993,False,LODHA,False
2026-08-05,1260.0,52.599999999999994,1259.6,-2.039519999999901,9.060480000000009,0.384,125,-2.039519999999901,False,-2.039519999999901,False,-2.039519999999901,False,LODHA,False
2026-08-06,1240.0,47.849999999999994,1238.8,-7.2482199999999,9.551780000000011,0.768,125,-7.2482199999999,False,-7.2482199999999,False,-7.2482199999999,False,LODHA,False
2026-08-07,1220.0,41.5,1216.5,-41.61606,7.983940000000001,0.808,125,-41.61606,False,-41.61606,False,-41.61606,False,LODHA,False
2026-08-12,1200.0,31.05,1209.8,-31.1368,6.413200000000003,0.19130434782608696,115,-31.1368,False,-31.1368,False,-31.1368,False,LODHA,False
2026-08-13,1200.0,29.35,1205.5,-29.43204,-29.43204,0.0,89,-29.43204,False,-29.43204,False,-29.43204,False,LODHA,False
2026-08-14,1240.0,31.650000000000002,1231.7,-7.107640000000003,2.0423599999999995,0.7777777777777778,63,-7.107640000000003,False,-7.107640000000003,False,-7.107640000000003,False,LODHA,False
2026-08-17,1220.0,21.85,1225.4,-21.91104,5.238959999999997,0.40540540540540543,37,-21.91104,False,-21.91104,False,-21.91104,False,LODHA,False
2026-06-25,4200.0,43.9,4195.0,71.10396000000001,139.60395999999997,0.152,125,21.503959999999996,True,43.453959999999995,True,87.35395999999999,True,LT,False
2026-06-29,4220.0,24.2,4217.0,169.13932,179.13932,0.088,125,11.489319999999998,True,23.58932,True,47.78931999999999,True,LT,False
2026-06-30,4180.0,15.05,4176.0,166.4482599999999,166.4482599999999,0.16,125,6.9732600000000025,True,14.498260000000002,True,29.548260000000006,True,LT,False
2026-07-01,4120.0,85.89999999999999,4122.0,72.66372000000018,72.66372000000018,0.12,125,42.26372,True,72.66372000000018,False,72.66372000000018,False,LT,False
2026-07-02,4080.0,83.0,4066.8,55.62784000000017,113.12784000000018,0.464,125,40.87784,True,82.37784,True,55.62784000000017,False,LT,False
2026-07-03,4100.0,85.1,4084.5,90.31863999999982,134.11864,0.08,125,41.818639999999995,True,84.36864,True,90.31863999999982,False,LT,False
2026-07-06,4050.0,83.35,4026.0,73.82478000000009,85.92478,0.248,125,40.999779999999994,True,82.67478,True,73.82478000000009,False,LT,False
2026-07-07,4040.0,79.85,3997.9,77.73346000000018,79.43346,0.272,125,39.25846,True,79.18346,True,77.73346000000018,False,LT,False
2026-07-08,4000.0,89.05,3960.7,58.23653999999999,64.23653999999999,0.064,125,43.86153999999999,True,58.23653999999999,False,58.23653999999999,False,LT,False
2026-07-09,3940.0,84.3,3940.7,33.28327999999983,44.88328000000018,0.696,125,41.583279999999995,True,33.28327999999983,False,33.28327999999983,False,LT,False
2026-07-10,3920.0,74.75,3923.8,5.764180000000003,37.214180000000006,0.448,125,36.93918,True,5.764180000000003,False,5.764180000000003,False,LT,False
2026-07-13,3920.0,74.05,3892.1,10.454940000000006,37.90494000000001,0.408,125,36.57993999999999,True,10.454940000000006,False,10.454940000000006,False,LT,False
2026-07-14,3920.0,97.75,3881.7,8.028660000000093,14.078660000000005,0.272,125,8.028660000000093,False,8.028660000000093,False,8.028660000000093,False,LT,False
2026-07-15,3900.0,94.05,3852.0,-15.484540000000084,74.11545999999981,0.296,125,46.54045999999999,True,-15.484540000000084,False,-15.484540000000084,False,LT,False
2026-07-17,3860.0,81.89999999999999,3821.7,-27.731919999999988,46.368079999999814,0.728,125,40.56808,True,-27.731919999999988,False,-27.731919999999988,False,LT,False
2026-07-20,3860.0,73.05,3821.8,-35.610099999999996,55.28989999999981,0.728,125,36.21489999999999,True,-35.610099999999996,False,-35.610099999999996,False,LT,False
2026-07-21,3900.0,71.89999999999999,3839.0,-72.10117999999999,96.54881999999982,0.16,125,35.74882,True,71.69882,True,-72.10117999999999,False,LT,False
2026-07-22,3900.0,84.95,3835.0,-85.18772,83.46227999999981,0.104,125,42.237280000000005,True,-85.18772,False,-85.18772,False,LT,False
2026-07-23,3860.0,67.6,3813.6,-67.78913999999999,60.86085999999981,0.424,125,33.610859999999995,True,-67.78913999999999,False,-67.78913999999999,False,LT,False
2026-07-24,3800.0,65.05,3736.9,-65.232,12.118000000000011,0.04,125,-65.232,False,-65.232,False,-65.232,False,LT,False
2026-07-27,3860.0,57.05,3825.6,-57.209599999999995,6.940400000000008,0.32,125,-57.209599999999995,False,-57.209599999999995,False,-57.209599999999995,False,LT,False
2026-07-28,3860.0,49.0,3813.6,-49.13706,10.812940000000003,0.144,125,-49.13706,False,-49.13706,False,-49.13706,False,LT,False
2026-07-29,3950.0,90.05,3938.1,-90.30199999999999,19.498,0.632,125,-90.30199999999999,False,-90.30199999999999,False,-90.30199999999999,False,LT,False
2026-07-30,3900.0,68.0,3924.1,-68.19026,15.259740000000003,0.048,125,-68.19026,False,-68.19026,False,-68.19026,False,LT,False
2026-07-31,3950.0,68.05,3945.5,-68.2404,12.709600000000005,0.232,125,-68.2404,False,-68.2404,False,-68.2404,False,LT,False
2026-08-03,4000.0,85.35,3980.8,-85.58883999999999,-5.038839999999997,0.336,125,-85.58883999999999,False,-85.58883999999999,False,-85.58883999999999,False,LT,False
2026-08-04,4000.0,63.349999999999994,3999.1,-63.52723999999999,2.4227600000000087,0.128,125,-63.52723999999999,False,-63.52723999999999,False,-63.52723999999999,False,LT,False
2026-08-05,4050.0,101.05,4062.7,-40.2543,-27.85429999999999,0.888,125,-40.2543,False,-40.2543,False,-40.2543,False,LT,False
2026-08-06,4050.0,64.1,4061.7,7.319620000000003,18.569620000000004,0.896,125,7.319620000000003,False,7.319620000000003,False,7.319620000000003,False,LT,False
2026-08-07,4050.0,61.9,4055.2,-13.260239999999996,20.83976,0.928,125,-13.260239999999996,False,-13.260239999999996,False,-13.260239999999996,False,LT,False
2026-08-10,4050.0,71.35,4035.0,-29.667239999999993,11.382760000000003,0.912,125,-29.667239999999993,False,-29.667239999999993,False,-29.667239999999993,False,LT,False
2026-08-11,4050.0,73.7,4055.3,-38.95436,9.045639999999993,0.976,125,-38.95436,False,-38.95436,False,-38.95436,False,LT,False
2026-08-12,4050.0,42.099999999999994,4027.7,-42.21773999999999,40.832260000000005,0.9043478260869565,115,20.932259999999996,True,-42.21773999999999,False,-42.21773999999999,False,LT,False
2026-08-13,4000.0,41.55,4015.8,-41.666199999999996,9.383800000000008,0.0898876404494382,89,-41.666199999999996,False,-41.666199999999996,False,-41.666199999999996,False,LT,False
2026-08-14,4050.0,46.05,4044.5,-46.178799999999995,5.371200000000007,0.8571428571428571,63,-46.178799999999995,False,-46.178799999999995,False,-46.178799999999995,False,LT,False
2026-08-17,4050.0,45.05,4031.8,-45.175999999999995,5.774000000000005,0.7567567567567568,37,-45.175999999999995,False,-45.175999999999995,False,-45.175999999999995,False,LT,False
2026-06-25,300.0,2.55,301.05,-2.557,0.9930000000000004,0.248,125,-2.557,False,-2.557,False,-2.557,False,LTF,False
2026-06-29,305.0,3.3,304.4,-3.3091,3.4409000000000116,0.2,125,1.6408999999999994,True,3.2908999999999997,True,-3.3091,False,LTF,False
2026-07-01,310.0,14.15,311.45,-14.18948,-1.489480000000001,0.032,125,-14.18948,False,-14.18948,False,-14.18948,False,LTF,False
2026-07-02,315.0,12.25,314.85,-0.2679000000000011,0.4321,0.232,125,-0.2679000000000011,False,-0.2679000000000011,False,-0.2679000000000011,False,LTF,False
2026-07-03,320.0,10.05,320.7,-10.078000000000001,2.6219999999999986,0.128,125,-10.078000000000001,False,-10.078000000000001,False,-10.078000000000001,False,LTF,False
2026-07-06,325.0,12.100000000000001,327.4,-12.133740000000001,1.8162599999999978,0.28,125,-12.133740000000001,False,-12.133740000000001,False,-12.133740000000001,False,LTF,False
2026-07-07,335.0,14.100000000000001,337.2,7.250599999999998,7.3506000000000205,0.136,125,6.9506000000000006,True,7.250599999999998,False,7.250599999999998,False,LTF,False
2026-07-08,325.0,9.700000000000001,324.65,-4.242419999999989,4.25758000000001,0.376,125,-4.242419999999989,False,-4.242419999999989,False,-4.242419999999989,False,LTF,False
2026-07-09,315.0,11.9,314.05,-7.545500000000011,0.3544999999999986,0.344,125,-7.545500000000011,False,-7.545500000000011,False,-7.545500000000011,False,LTF,False
2026-07-10,325.0,12.65,326.95,3.718659999999999,3.718659999999999,0.24,125,3.718659999999999,False,3.718659999999999,False,3.718659999999999,False,LTF,False
2026-07-13,330.0,11.9,330.5,13.046680000000022,13.046680000000022,0.072,125,5.846680000000001,True,11.79668,True,13.046680000000022,False,LTF,False
2026-07-14,315.0,8.350000000000001,313.5,5.188679999999975,5.188679999999975,0.312,125,4.1136800000000004,True,5.188679999999975,False,5.188679999999975,False,LTF,False
2026-07-15,320.0,11.200000000000001,319.45,3.8763599999999867,7.326359999999975,0.0,125,5.5263599999999995,True,3.8763599999999867,False,3.8763599999999867,False,LTF,False
2026-07-16,310.0,7.6,310.55,-2.485559999999999,1.4144399999999993,0.472,125,-2.485559999999999,False,-2.485559999999999,False,-2.485559999999999,False,LTF,False
2026-07-17,310.0,8.15,308.5,0.9018399999999762,0.9018399999999762,0.312,125,0.9018399999999762,False,0.9018399999999762,False,0.9018399999999762,False,LTF,False
2026-07-20,305.0,6.75,304.9,-6.76876,0.4312400000000002,0.728,125,-6.76876,False,-6.76876,False,-6.76876,False,LTF,False
2026-07-21,300.0,7.95,301.35,-7.97212,-2.32212,0.136,125,-7.97212,False,-7.97212,False,-7.97212,False,LTF,False
2026-07-22,305.0,6.6,304.8,-6.61834,0.5816600000000005,0.392,125,-6.61834,False,-6.61834,False,-6.61834,False,LTF,False
2026-07-23,310.0,4.75,309.0,-1.1233800000000111,7.676619999999999,0.48,125,2.35162,True,4.72662,True,-1.1233800000000111,False,LTF,False
2026-07-24,300.0,6.8999999999999995,300.85,-6.91918,3.53082,0.136,125,3.43082,True,-6.91918,False,-6.91918,False,LTF,False
2026-07-27,310.0,5.1,309.4,-5.11414,7.335859999999999,0.6,125,2.53586,True,5.085859999999999,True,-5.11414,False,LTF,False
2026-07-29,310.0,12.25,308.45,-12.28416,-0.5841600000000007,0.208,125,-12.28416,False,-12.28416,False,-12.28416,False,LTF,False
2026-07-30,305.0,11.3,306.3,-11.3315,0.3184999999999979,0.192,125,-11.3315,False,-11.3315,False,-11.3315,False,LTF,False
2026-07-31,315.0,10.9,313.3,-10.93038,0.7196199999999983,0.128,125,-10.93038,False,-10.93038,False,-10.93038,False,LTF,False
2026-08-03,320.0,11.9,322.0,2.1771999999999876,2.227199999999999,0.688,125,2.1771999999999876,False,2.1771999999999876,False,2.1771999999999876,False,LTF,False
2026-08-04,320.0,10.600000000000001,321.35,-4.596479999999978,3.553519999999998,0.488,125,-4.596479999999978,False,-4.596479999999978,False,-4.596479999999978,False,LTF,False
2026-08-05,325.0,10.05,322.7,0.29287999999998726,9.09288,0.024,125,4.96788,True,0.29287999999998726,False,0.29287999999998726,False,LTF,False
2026-08-06,320.0,9.4,319.85,0.49595999999999896,4.745959999999999,0.256,125,4.645960000000001,True,0.49595999999999896,False,0.49595999999999896,False,LTF,False
2026-08-07,310.0,9.0,309.5,-9.02506,1.1749399999999992,0.328,125,-9.02506,False,-9.02506,False,-9.02506,False,LTF,False
2026-08-10,310.0,7.3,309.25,-0.5891999999999998,1.6107999999999996,0.344,125,-0.5891999999999998,False,-0.5891999999999998,False,-0.5891999999999998,False,LTF,False
2026-08-11,310.0,6.45,310.45,-6.46792,1.8320799999999988,0.424,125,-6.46792,False,-6.46792,False,-6.46792,False,LTF,False
2026-08-12,315.0,7.6,312.7,-7.62114,2.5788599999999997,0.8220338983050848,118,-7.62114,False,-7.62114,False,-7.62114,False,LTF,False
2026-08-13,315.0,7.0,315.6,-7.01946,3.1805399999999993,0.7717391304347826,92,-7.01946,False,-7.01946,False,-7.01946,False,LTF,False
2026-08-14,310.0,7.45,311.25,-7.47072,0.8292799999999988,0.6515151515151515,66,-7.47072,False,-7.47072,False,-7.47072,False,LTF,False
2026-08-17,305.0,5.1,305.2,-5.11414,-0.06413999999999982,0.075,40,-5.11414,False,-5.11414,False,-5.11414,False,LTF,False
2026-08-10,4700.0,128.0,4710.3,-42.25003999999999,-2.4500399999999942,0.28,125,-42.25003999999999,False,-42.25003999999999,False,-42.25003999999999,False,LTM,False
2026-08-11,4800.0,123.75,4806.0,-28.913619999999998,69.18638000000036,0.392,125,61.26138,True,-28.913619999999998,False,-28.913619999999998,False,LTM,False
2026-08-12,4800.0,110.05,4814.3,81.05453999999999,91.05453999999999,0.312,125,54.17953999999999,True,81.05453999999999,False,81.05453999999999,False,LTM,False
2026-08-13,4750.0,135.70000000000002,4751.1,6.469919999999972,15.469919999999972,0.58,100,6.469919999999972,False,6.469919999999972,False,6.469919999999972,False,LTM,False
2026-08-14,4750.0,101.25,4772.2,41.01637999999999,50.01637999999999,0.47297297297297297,74,49.94138,True,41.01637999999999,False,41.01637999999999,False,LTM,False
2026-08-17,4600.0,85.05,4606.4,-3.5674599999999943,1.9325400000000057,0.22916666666666666,48,-3.5674599999999943,False,-3.5674599999999943,False,-3.5674599999999943,False,LTM,False
2026-06-25,2380.0,23.0,2370.6,-23.06426,27.885740000000002,0.192,125,11.43574,True,22.93574,True,-23.06426,False,LUPIN,False
2026-06-29,2360.0,16.150000000000002,2361.7,-16.19508,-16.19508,0.0,125,-16.19508,False,-16.19508,False,-16.19508,False,LUPIN,False
2026-06-30,2400.0,14.8,2401.1,-14.8413,48.4087,0.44,125,7.3587000000000025,True,14.758700000000001,True,29.558700000000005,True,LUPIN,False
2026-07-01,2420.0,64.39999999999999,2423.7,-64.58017999999998,10.019820000000017,0.376,125,-64.58017999999998,False,-64.58017999999998,False,-64.58017999999998,False,LUPIN,False
2026-07-02,2400.0,58.25,2399.2,-58.41296,1.83704,0.192,125,-58.41296,False,-58.41296,False,-58.41296,False,LUPIN,False
2026-07-03,2420.0,55.0,2419.5,-55.15386,-55.15386,0.0,125,-55.15386,False,-55.15386,False,-55.15386,False,LUPIN,False
2026-07-06,2500.0,60.55,2499.5,-2.0341799999999957,7.91582,0.816,125,-2.0341799999999957,False,-2.0341799999999957,False,-2.0341799999999957,False,LUPIN,False
2026-07-07,2500.0,57.3,2500.0,-5.456319999999992,11.19368,0.816,125,-5.456319999999992,False,-5.456319999999992,False,-5.456319999999992,False,LUPIN,False
2026-07-08,2520.0,62.199999999999996,2513.9,-35.30004000000018,11.049960000000004,0.776,125,-35.30004000000018,False,-35.30004000000018,False,-35.30004000000018,False,LUPIN,False
2026-07-09,2500.0,56.0,2492.3,-11.831119999999997,6.668880000000003,0.912,125,-11.831119999999997,False,-11.831119999999997,False,-11.831119999999997,False,LUPIN,False
2026-07-10,2480.0,52.5,2483.9,-4.930839999999999,-0.28084000000000003,0.128,125,-4.930839999999999,False,-4.930839999999999,False,-4.930839999999999,False,LUPIN,False
2026-07-13,2500.0,61.199999999999996,2497.3,-21.53307999999999,3.466920000000007,0.712,125,-21.53307999999999,False,-21.53307999999999,False,-21.53307999999999,False,LUPIN,False
2026-07-14,2500.0,43.55,2492.9,-3.9333799999999957,21.166620000000005,0.632,125,-3.9333799999999957,False,-3.9333799999999957,False,-3.9333799999999957,False,LUPIN,False
2026-07-15,2500.0,51.199999999999996,2492.8,6.843400000000098,13.443400000000008,0.576,125,6.843400000000098,False,6.843400000000098,False,6.843400000000098,False,LUPIN,False
2026-07-16,2500.0,43.599999999999994,2506.5,60.53531999999992,60.53531999999992,0.376,125,21.385319999999997,True,43.18532,True,60.53531999999992,False,LUPIN,False
2026-07-17,2460.0,35.8,2458.4,45.62100000000019,45.62100000000019,0.328,125,17.570999999999998,True,35.471,True,45.62100000000019,False,LUPIN,False
2026-07-20,2460.0,28.3,2460.0,1.6864799999998172,82.38648000000009,0.128,125,13.986480000000002,True,28.136480000000002,True,56.43648000000001,True,LUPIN,False
2026-07-21,2480.0,35.05,2481.2,35.20445999999991,95.50446000000008,0.008,125,17.22946,True,34.754459999999995,True,69.80445999999999,True,LUPIN,False
2026-07-22,2440.0,14.950000000000001,2441.6,8.19318000000018,75.79318000000009,0.312,125,7.368179999999999,True,14.84318,True,29.79318,True,LUPIN,False
2026-07-23,2400.0,18.1,2395.4,-18.150540000000003,32.699460000000094,0.488,125,8.999460000000001,True,18.04946,True,-18.150540000000003,False,LUPIN,False
2026-07-24,2380.0,22.05,2378.2,-22.1116,12.138399999999999,0.232,125,10.963400000000002,True,-22.1116,False,-22.1116,False,LUPIN,False
2026-07-27,2420.0,15.100000000000001,2429.8,56.90556,57.05556000000001,0.712,125,7.305560000000001,True,14.85556,True,29.955560000000002,True,LUPIN,False
2026-07-28,2400.0,8.350000000000001,2409.4,59.3865,68.5365,0.376,125,3.961500000000001,True,8.136500000000002,True,16.486500000000003,True,LUPIN,False
2026-07-29,2420.0,65.05,2416.7,10.85436,14.85436,0.544,125,10.85436,False,10.85436,False,10.85436,False,LUPIN,False
2026-07-30,2460.0,63.05,2461.5,14.006740000000006,32.706739999999826,0.064,125,31.13173999999999,True,14.006740000000006,False,14.006740000000006,False,LUPIN,False
2026-07-31,2420.0,61.949999999999996,2415.7,5.636420000000007,17.986420000000003,0.56,125,5.636420000000007,False,5.636420000000007,False,5.636420000000007,False,LUPIN,False
2026-08-03,2400.0,55.3,2393.6,-20.103959999999994,21.546040000000012,0.792,125,-20.103959999999994,False,-20.103959999999994,False,-20.103959999999994,False,LUPIN,False
2026-08-04,2380.0,58.949999999999996,2384.2,59.20285999999982,79.90286000000009,0.456,125,28.977860000000003,True,58.452859999999994,True,59.20285999999982,False,LUPIN,False
2026-08-05,2360.0,50.05,2363.8,33.62465999999991,68.9246600000001,0.08,125,24.64965999999999,True,49.674659999999996,True,33.62465999999991,False,LUPIN,False
2026-08-06,2400.0,54.05,2402.2,87.5507799999998,104.75078000000008,0.248,125,26.475779999999993,True,53.50078,True,87.5507799999998,False,LUPIN,False
2026-08-07,2380.0,52.05,2386.6,70.01125999999992,86.81126000000009,0.12,125,25.53625999999999,True,51.56126,True,70.01125999999992,False,LUPIN,False
2026-08-10,2320.0,48.0,2317.0,34.483760000000096,37.38376000000019,0.032,125,23.63376,True,34.483760000000096,False,34.483760000000096,False,LUPIN,False
2026-08-11,2260.0,43.949999999999996,2267.1,-16.949079999999995,-0.49907999999999003,0.776,125,-16.949079999999995,False,-16.949079999999995,False,-16.949079999999995,False,LUPIN,False
2026-08-12,2260.0,39.05,2269.6,-14.07962000000018,4.420380000000009,0.7543859649122807,114,-14.07962000000018,False,-14.07962000000018,False,-14.07962000000018,False,LUPIN,False
2026-08-13,2260.0,31.5,2265.7,-6.508480000000182,11.991520000000007,0.7045454545454546,88,-6.508480000000182,False,-6.508480000000182,False,-6.508480000000182,False,LUPIN,False
2026-08-14,2260.0,26.1,2251.7,-1.0933600000001835,17.406640000000003,0.5806451612903226,62,12.906640000000005,True,-1.0933600000001835,False,-1.0933600000001835,False,LUPIN,False
2026-08-17,2220.0,30.55,2228.0,-30.6354,-6.235400000000002,0.3888888888888889,36,-30.6354,False,-30.6354,False,-30.6354,False,LUPIN,False
2026-06-25,3160.0,41.05,3153.9,42.64986,68.34986,0.16,125,20.17486,True,40.699859999999994,True,42.64986,False,M&M,False
2026-06-29,3140.0,18.05,3144.4,-18.1004,97.09960000000001,0.456,125,8.974600000000002,True,17.9996,True,36.049600000000005,True,M&M,False
2026-06-30,3080.0,16.2,3086.5,-16.24522,-7.69522,0.024,125,-16.24522,False,-16.24522,False,-16.24522,False,M&M,False
2026-07-01,3120.0,99.3,3122.1,-99.5779,4.4721,0.128,125,-99.5779,False,-99.5779,False,-99.5779,False,M&M,False
2026-07-02,3140.0,96.2,3131.0,-18.73748,18.51252,0.224,125,-18.73748,False,-18.73748,False,-18.73748,False,M&M,False
2026-07-03,3150.0,80.05,3151.0,-44.82354000000009,7.326460000000006,0.152,125,-44.82354000000009,False,-44.82354000000009,False,-44.82354000000009,False,M&M,False
2026-07-06,3150.0,77.3,3153.8,-26.708959999999994,1.5410400000000057,0.04,125,-26.708959999999994,False,-26.708959999999994,False,-26.708959999999994,False,M&M,False
2026-07-07,3200.0,70.05,3209.0,25.235900000000186,46.235900000000186,0.248,125,34.56089999999999,True,25.235900000000186,False,25.235900000000186,False,M&M,False
2026-07-08,3150.0,70.05,3147.0,-23.427459999999993,8.822540000000005,0.16,125,-23.427459999999993,False,-23.427459999999993,False,-23.427459999999993,False,M&M,False
2026-07-09,3120.0,65.05,3120.3,-65.232,15.868000000000011,0.696,125,-65.232,False,-65.232,False,-65.232,False,M&M,False
2026-07-10,3120.0,69.75,3114.4,-69.94516,10.454840000000006,0.624,125,-69.94516,False,-69.94516,False,-69.94516,False,M&M,False
2026-07-13,3100.0,76.25,3099.0,-76.46336,-1.4133600000000028,0.376,125,-76.46336,False,-76.46336,False,-76.46336,False,M&M,False
2026-07-14,3100.0,64.8,3104.2,-64.98129999999999,10.0687,0.36,125,-64.98129999999999,False,-64.98129999999999,False,-64.98129999999999,False,M&M,False
2026-07-15,3100.0,66.35,3103.0,-66.53564,1.3643600000000113,0.184,125,-66.53564,False,-66.53564,False,-66.53564,False,M&M,False
2026-07-16,3140.0,59.15,3132.8,-59.31548,14.434520000000001,0.192,125,-59.31548,False,-59.31548,False,-59.31548,False,M&M,False
2026-07-17,3160.0,57.15,3162.5,-57.30988,1.6401200000000042,0.36,125,-57.30988,False,-57.30988,False,-57.30988,False,M&M,False
2026-07-20,3160.0,50.699999999999996,3155.6,-50.84182,4.158180000000004,0.376,125,-50.84182,False,-50.84182,False,-50.84182,False,M&M,False
2026-07-21,3160.0,43.65,3157.3,-43.772079999999995,6.227920000000001,0.232,125,-43.772079999999995,False,-43.772079999999995,False,-43.772079999999995,False,M&M,False
2026-07-22,3200.0,33.55,3191.0,-33.6438,26.906199999999913,0.312,125,16.681199999999997,True,-33.6438,False,-33.6438,False,M&M,False
2026-07-23,3180.0,37.349999999999994,3181.5,-37.45443999999999,8.09556000000001,0.152,125,-37.45443999999999,False,-37.45443999999999,False,-37.45443999999999,False,M&M,False
2026-07-24,3200.0,25.05,3198.0,-25.12,35.429999999999914,0.096,125,12.455000000000002,True,24.98,True,-25.12,False,M&M,False
2026-07-27,3200.0,20.05,3193.0,-20.106,7.643999999999999,0.072,125,-20.106,False,-20.106,False,-20.106,False,M&M,False
2026-07-28,3240.0,18.0,3236.9,-18.05026,7.7997400000000905,0.0,125,-18.05026,False,-18.05026,False,-18.05026,False,M&M,False
2026-07-29,3350.0,131.95000000000002,3308.0,-132.31932,44.030679999999975,0.368,125,-132.31932,False,-132.31932,False,-132.31932,False,M&M,False
2026-07-30,3300.0,120.0,3248.0,-120.33586,5.814140000000005,0.136,125,-120.33586,False,-120.33586,False,-120.33586,False,M&M,False
2026-07-31,3350.0,105.55,3357.9,-105.8454,-27.0454,0.016,125,-105.8454,False,-105.8454,False,-105.8454,False,M&M,False
2026-08-03,3450.0,89.75,3427.3,-90.00116,22.448840000000004,0.904,125,-90.00116,False,-90.00116,False,-90.00116,False,M&M,False
2026-08-04,3400.0,70.1,3388.0,-70.29614,3.9038600000000088,0.28,125,-70.29614,False,-70.29614,False,-70.29614,False,M&M,False
2026-08-05,3500.0,77.2,3482.7,1.3129199999999999,34.112919999999995,0.848,125,1.3129199999999999,False,1.3129199999999999,False,1.3129199999999999,False,M&M,False
2026-08-06,3450.0,76.2,3429.6,-10.149280000000001,9.850719999999999,0.544,125,-10.149280000000001,False,-10.149280000000001,False,-10.149280000000001,False,M&M,False
2026-08-07,3450.0,85.05,3440.6,-13.290159999999995,-6.840159999999991,0.544,125,-13.290159999999995,False,-13.290159999999995,False,-13.290159999999995,False,M&M,False
2026-08-10,3500.0,72.0,3521.0,6.627199999999912,42.72719999999982,0.44,125,35.5772,True,6.627199999999912,False,6.627199999999912,False,M&M,False
2026-08-11,3500.0,60.0,3504.0,37.30844000000018,54.70843999999982,0.296,125,29.55844,True,37.30844000000018,False,37.30844000000018,False,M&M,False
2026-08-12,3450.0,60.0,3468.3,-3.0282999999999958,27.321700000000007,0.9203539823008849,113,-3.0282999999999958,False,-3.0282999999999958,False,-3.0282999999999958,False,M&M,False
2026-08-13,3450.0,45.849999999999994,3433.0,11.16132000000001,41.51132000000001,0.896551724137931,87,22.636319999999998,True,11.16132000000001,False,11.16132000000001,False,M&M,False
2026-08-14,3400.0,40.099999999999994,3393.1,-40.21213999999999,17.08786000000001,0.9016393442622951,61,-40.21213999999999,False,-40.21213999999999,False,-40.21213999999999,False,M&M,False
2026-08-17,3450.0,58.55,3436.2,-1.574239999999993,19.625760000000003,0.7428571428571429,35,-1.574239999999993,False,-1.574239999999993,False,-1.574239999999993,False,M&M,False
2026-08-10,370.0,14.4,368.3,5.25452000000001,10.154519999999987,0.192,125,7.104520000000001,True,5.25452000000001,False,5.25452000000001,False,MANAPPURAM,False
2026-08-11,370.0,14.700000000000001,367.55,6.549199999999976,9.999200000000021,0.024,125,7.2492,True,6.549199999999976,False,6.549199999999976,False,MANAPPURAM,False
2026-08-12,360.0,10.0,358.2,3.0354599999999765,4.735460000000022,0.22549019607843138,102,3.0354599999999765,False,3.0354599999999765,False,3.0354599999999765,False,MANAPPURAM,True
2026-08-13,345.0,8.25,346.6,-4.2343,-0.3342999999999998,0.27631578947368424,76,-4.2343,False,-4.2343,False,-4.2343,False,MANAPPURAM,False
2026-08-17,345.0,6.1499999999999995,345.3,-2.1284199999999998,-0.17841999999999947,0.32,25,-2.1284199999999998,False,-2.1284199999999998,False,-2.1284199999999998,False,MANAPPURAM,False
2026-06-25,820.0,8.3,821.2,-8.3231,-2.0731000000000006,0.008,125,-8.3231,False,-8.3231,False,-8.3231,False,MARICO,False
2026-06-29,830.0,7.8999999999999995,832.0,-7.92198,-5.12198,0.016,125,-7.92198,False,-7.92198,False,-7.92198,False,MARICO,False
2026-06-30,835.0,4.0,835.2,-4.01106,12.23894,0.16,125,1.98894,True,3.98894,True,7.98894,True,MARICO,False
2026-07-01,850.0,21.7,849.0,-18.120839999999955,-1.2708399999999993,0.216,125,-18.120839999999955,False,-18.120839999999955,False,-18.120839999999955,False,MARICO,False
2026-07-02,850.0,18.0,852.15,-15.058660000000046,0.8913399999999995,0.088,125,-15.058660000000046,False,-15.058660000000046,False,-15.058660000000046,False,MARICO,False
2026-07-03,845.0,23.650000000000002,843.3,-23.71608,-4.566080000000004,0.304,125,-23.71608,False,-23.71608,False,-23.71608,False,MARICO,False
2026-07-06,840.0,19.25,840.25,-19.30376,-0.9537600000000022,0.256,125,-19.30376,False,-19.30376,False,-19.30376,False,MARICO,False
2026-07-07,840.0,15.8,840.9,-15.844100000000001,2.5058999999999974,0.144,125,-15.844100000000001,False,-15.844100000000001,False,-15.844100000000001,False,MARICO,False
2026-07-08,845.0,16.6,846.3,-4.729800000000002,0.1201999999999993,0.352,125,-4.729800000000002,False,-4.729800000000002,False,-4.729800000000002,False,MARICO,False
2026-07-09,845.0,16.85,846.95,-6.675740000000001,-2.325740000000002,0.4,125,-6.675740000000001,False,-6.675740000000001,False,-6.675740000000001,False,MARICO,False
2026-07-10,855.0,13.0,855.9,6.159839999999954,6.159839999999954,0.048,125,6.159839999999954,False,6.159839999999954,False,6.159839999999954,False,MARICO,False
2026-07-13,850.0,14.350000000000001,849.9,-8.506559999999956,5.343439999999952,0.216,125,-8.506559999999956,False,-8.506559999999956,False,-8.506559999999956,False,MARICO,False
2026-07-14,850.0,13.3,847.95,-13.337100000000001,6.412899999999953,0.256,125,-13.337100000000001,False,-13.337100000000001,False,-13.337100000000001,False,MARICO,False
2026-07-15,845.0,14.05,846.85,-6.410760000000001,0.6392399999999531,0.328,125,-6.410760000000001,False,-6.410760000000001,False,-6.410760000000001,False,MARICO,False
2026-07-16,845.0,13.200000000000001,847.0,-13.236820000000002,1.5131799999999527,0.208,125,-13.236820000000002,False,-13.236820000000002,False,-13.236820000000002,False,MARICO,False
2026-07-17,835.0,9.3,835.7,-9.3259,3.9240999999999993,0.08,125,-9.3259,False,-9.3259,False,-9.3259,False,MARICO,False
2026-07-20,845.0,12.8,845.05,-12.835700000000001,-1.6857000000000022,0.152,125,-12.835700000000001,False,-12.835700000000001,False,-12.835700000000001,False,MARICO,False
2026-07-21,855.0,9.55,854.0,-9.576600000000001,3.0233999999999988,0.36,125,-9.576600000000001,False,-9.576600000000001,False,-9.576600000000001,False,MARICO,False
2026-07-22,850.0,9.65,848.75,-9.67688,0.5231199999999989,0.184,125,-9.67688,False,-9.67688,False,-9.67688,False,MARICO,False
2026-07-23,860.0,7.1,860.2,-7.119739999999999,10.130259999999954,0.112,125,3.530259999999999,True,7.08026,True,-7.119739999999999,False,MARICO,False
2026-07-24,850.0,9.0,847.65,-9.02506,1.1749399999999992,0.08,125,-9.02506,False,-9.02506,False,-9.02506,False,MARICO,False
2026-07-27,860.0,11.75,861.9,-11.78276,-3.4327600000000005,0.088,125,-11.78276,False,-11.78276,False,-11.78276,False,MARICO,False
2026-07-29,880.0,25.55,879.6,-20.685260000000003,1.16474,0.52,125,-20.685260000000003,False,-20.685260000000003,False,-20.685260000000003,False,MARICO,False
2026-07-30,880.0,24.150000000000002,884.0,0.5130800000000199,5.113080000000043,0.336,125,0.5130800000000199,False,0.5130800000000199,False,0.5130800000000199,False,MARICO,False
2026-07-31,880.0,20.6,877.05,-3.306259999999957,8.693740000000043,0.248,125,-3.306259999999957,False,-3.306259999999957,False,-3.306259999999957,False,MARICO,False
2026-08-03,870.0,20.75,870.85,-5.800099999999978,1.9499000000000006,0.184,125,-5.800099999999978,False,-5.800099999999978,False,-5.800099999999978,False,MARICO,False
2026-08-04,870.0,22.0,872.3,-8.549399999999977,0.7006000000000007,0.08,125,-8.549399999999977,False,-8.549399999999977,False,-8.549399999999977,False,MARICO,False
2026-08-05,850.0,13.3,850.55,-13.337100000000001,1.1628999999999994,0.256,125,-13.337100000000001,False,-13.337100000000001,False,-13.337100000000001,False,MARICO,False
2026-08-06,850.0,14.05,851.3,0.17075999999999825,4.42076,0.352,125,0.17075999999999825,False,0.17075999999999825,False,0.17075999999999825,False,MARICO,False
2026-08-07,860.0,15.100000000000001,859.8,-4.671540000000001,6.028459999999998,0.76,125,-4.671540000000001,False,-4.671540000000001,False,-4.671540000000001,False,MARICO,False
2026-08-10,860.0,15.200000000000001,858.9,-15.242420000000001,5.957579999999998,0.752,125,-15.242420000000001,False,-15.242420000000001,False,-15.242420000000001,False,MARICO,False
2026-08-11,860.0,16.0,856.15,-4.277700000000001,5.122299999999999,0.816,125,-4.277700000000001,False,-4.277700000000001,False,-4.277700000000001,False,MARICO,False
2026-08-12,850.0,11.25,848.0,-2.007400000000001,7.2426,0.3697478991596639,119,5.5676,True,-2.007400000000001,False,-2.007400000000001,False,MARICO,False
2026-08-13,850.0,15.05,854.45,-5.818040000000002,-4.968040000000002,0.1935483870967742,93,-5.818040000000002,False,-5.818040000000002,False,-5.818040000000002,False,MARICO,False
2026-08-14,860.0,11.100000000000001,860.25,1.6830799999999753,2.683079999999998,0.6716417910447762,67,1.6830799999999753,False,1.6830799999999753,False,1.6830799999999753,False,MARICO,False
2026-08-17,860.0,10.25,860.7,2.5354599999999765,3.5354599999999996,0.6097560975609756,41,2.5354599999999765,False,2.5354599999999765,False,2.5354599999999765,False,MARICO,False
2026-06-25,13600.0,200.05,13574.0,-200.61,-10.660000000000023,0.08,125,-200.61,False,-200.61,False,-200.61,False,MARUTI,False
2026-06-29,13700.0,115.05,13748.0,-115.372,174.57799999999997,0.048,125,57.20299999999999,True,114.728,True,-115.372,False,MARUTI,False
2026-06-30,13600.0,60.05,13572.0,-60.217999999999996,4.182000000000008,0.016,125,-60.217999999999996,False,-60.217999999999996,False,-60.217999999999996,False,MARUTI,False
2026-07-01,14200.0,360.1,14194.0,-361.10814000000005,-8.208140000000046,0.016,125,-361.10814000000005,False,-361.10814000000005,False,-361.10814000000005,False,MARUTI,False
2026-07-02,14400.0,301.65000000000003,14393.0,140.21245999999996,191.21245999999996,0.384,125,148.73746,True,140.21245999999996,False,140.21245999999996,False,MARUTI,False
2026-07-03,14400.0,317.55,14427.0,213.01874000000004,371.01874000000004,0.24,125,156.39374000000004,True,315.16874,True,213.01874000000004,False,MARUTI,False
2026-07-06,14400.0,280.05,14420.0,484.96574000000004,484.96574000000004,0.136,125,137.09074000000004,True,277.11574,True,484.96574000000004,False,MARUTI,False
2026-07-07,14500.0,320.25,14503.0,551.3535800000001,551.3535800000001,0.136,125,156.77858,True,316.90358,True,551.3535800000001,False,MARUTI,False
2026-07-08,14300.0,279.95,14307.0,507.00442000000004,537.00442,0.128,125,136.97941999999998,True,276.95441999999997,True,507.00442000000004,False,MARUTI,False
2026-07-09,14000.0,347.2,13956.0,-92.93868,211.06132000000005,0.024,125,171.91131999999996,True,-92.93868,False,-92.93868,False,MARUTI,False
2026-07-10,13900.0,297.85,13867.0,-247.87650000000002,161.12349999999998,0.08,125,147.94850000000002,True,-247.87650000000002,False,-247.87650000000002,False,MARUTI,False
2026-07-13,13600.0,258.95,13632.0,-259.67492,39.02508,0.136,125,-259.67492,False,-259.67492,False,-259.67492,False,MARUTI,False
2026-07-14,13600.0,288.95,13625.0,-132.25118,8.49882,0.2,125,-132.25118,False,-132.25118,False,-132.25118,False,MARUTI,False
2026-07-15,13500.0,280.5,13510.0,-281.28526,-33.385260000000024,0.232,125,-281.28526,False,-281.28526,False,-281.28526,False,MARUTI,False
2026-07-16,13700.0,260.6,13744.0,-79.88900000000004,85.11099999999996,0.088,125,-79.88900000000004,False,-79.88900000000004,False,-79.88900000000004,False,MARUTI,False
2026-07-17,13800.0,260.05,13849.0,273.67134000000004,273.67134000000004,0.184,125,127.79634000000003,True,257.82134,True,273.67134000000004,False,MARUTI,False
2026-07-20,13700.0,233.75,13700.0,-142.71182000000002,258.28818,0.008,125,115.96318,True,232.83818,True,-142.71182000000002,False,MARUTI,False
2026-07-21,13400.0,185.0,13442.0,-185.51786,21.88213999999998,0.256,125,-185.51786,False,-185.51786,False,-185.51786,False,MARUTI,False
2026-07-22,13600.0,202.95000000000002,13604.0,-203.51812,189.43187999999998,0.28,125,100.90688,True,-203.51812,False,-203.51812,False,MARUTI,False
2026-07-23,13500.0,155.05,13518.0,-155.484,137.46599999999998,0.168,125,77.09100000000001,True,-155.484,False,-155.484,False,MARUTI,False
2026-07-24,13300.0,200.05,13264.0,-200.61,-36.910000000000025,0.04,125,-200.61,False,-200.61,False,-200.61,False,MARUTI,False
2026-07-27,13600.0,112.45,13608.0,-112.76472,-15.81472,0.16,125,-112.76472,False,-112.76472,False,-112.76472,False,MARUTI,False
2026-07-28,13700.0,35.5,13681.0,-35.59926,7.600740000000003,0.072,125,-35.59926,False,-35.59926,False,-35.59926,False,MARUTI,False
2026-07-29,13800.0,438.90000000000003,13819.0,-440.12878,-9.328780000000023,0.04,125,-440.12878,False,-440.12878,False,-440.12878,False,MARUTI,False
2026-07-30,14000.0,450.0,13992.0,-451.25986,30.99014,0.112,125,-451.25986,False,-451.25986,False,-451.25986,False,MARUTI,False
2026-07-31,14300.0,530.6999999999999,14258.0,-248.03367999999995,-37.03367999999994,0.032,125,-248.03367999999995,False,-248.03367999999995,False,-248.03367999999995,False,MARUTI,False
2026-08-03,14000.0,400.05,13985.0,-140.45206000000002,-52.40206000000001,0.216,125,-140.45206000000002,False,-140.45206000000002,False,-140.45206000000002,False,MARUTI,False
2026-08-04,14100.0,316.0,14073.0,-71.22444,66.37556,0.512,125,-71.22444,False,-71.22444,False,-71.22444,False,MARUTI,False
2026-08-05,14200.0,335.3,14232.0,-150.80936000000003,43.240639999999985,0.104,125,-150.80936000000003,False,-150.80936000000003,False,-150.80936000000003,False,MARUTI,False
2026-08-06,14100.0,316.3,14106.0,-137.73936000000003,66.26063999999998,0.56,125,-137.73936000000003,False,-137.73936000000003,False,-137.73936000000003,False,MARUTI,False
2026-08-07,13900.0,273.2,13910.0,-75.12314,-14.32314,0.336,125,-75.12314,False,-75.12314,False,-75.12314,False,MARUTI,False
2026-08-10,14100.0,269.90000000000003,14087.0,-61.29344000000005,39.70655999999995,0.448,125,-61.29344000000005,False,-61.29344000000005,False,-61.29344000000005,False,MARUTI,False
2026-08-11,14100.0,240.10000000000002,14090.0,-1.4940000000000342,69.50599999999997,0.256,125,-1.4940000000000342,False,-1.4940000000000342,False,-1.4940000000000342,False,MARUTI,False
2026-08-12,14000.0,230.35000000000002,13990.0,-17.643900000000034,37.15609999999998,0.7203389830508474,118,-17.643900000000034,False,-17.643900000000034,False,-17.643900000000034,False,MARUTI,False
2026-08-13,13900.0,186.05,13892.0,-72.93986000000001,43.96013999999998,0.8478260869565217,92,-72.93986000000001,False,-72.93986000000001,False,-72.93986000000001,False,MARUTI,False
2026-08-14,13800.0,190.0,13820.0,-22.05492000000001,-10.954920000000017,0.4090909090909091,66,-22.05492000000001,False,-22.05492000000001,False,-22.05492000000001,False,MARUTI,False
2026-08-17,13900.0,155.05,13859.0,-41.853060000000006,49.746939999999974,0.65,40,-41.853060000000006,False,-41.853060000000006,False,-41.853060000000006,False,MARUTI,False
2026-08-10,1070.0,23.55,1066.1,37.163540000000005,52.36354000000005,0.072,125,11.538540000000003,True,23.31354,True,46.86354000000001,True,MAXHEALTH,False
2026-08-11,1060.0,23.1,1056.8,39.210320000000024,42.81032000000005,0.024,125,11.310320000000004,True,22.86032,True,39.210320000000024,False,MAXHEALTH,False
2026-08-12,1020.0,20.55,1021.7,-12.57993999999998,11.020059999999997,0.5080645161290323,124,10.195060000000002,True,-12.57993999999998,False,-12.57993999999998,False,MAXHEALTH,False
2026-08-13,1020.0,23.2,1016.1,-15.237359999999978,6.362639999999999,0.3979591836734694,98,-15.237359999999978,False,-15.237359999999978,False,-15.237359999999978,False,MAXHEALTH,False
2026-08-14,1000.0,13.200000000000001,997.0,-13.236820000000002,8.213179999999998,0.5833333333333334,72,6.56318,True,-13.236820000000002,False,-13.236820000000002,False,MAXHEALTH,False
2026-08-17,1020.0,12.8,1015.3,-4.808239999999978,11.891759999999953,0.08695652173913043,46,6.3417600000000025,True,-4.808239999999978,False,-4.808239999999978,False,MAXHEALTH,False
2026-06-25,2520.0,68.45,2523.1,-68.64152,35.758480000000006,0.376,125,34.03348000000001,True,-68.64152,False,-68.64152,False,MAZDOCK,False
2026-06-29,2480.0,24.1,2481.6,-24.167340000000003,69.68266,0.264,125,11.982660000000005,True,24.03266,True,48.13266000000001,True,MAZDOCK,False
2026-06-30,2460.0,12.350000000000001,2467.9,-12.384440000000001,-10.684440000000002,0.008,125,-12.384440000000001,False,-12.384440000000001,False,-12.384440000000001,False,MAZDOCK,False
2026-07-01,2480.0,99.55,2486.2,-99.8286,-5.978599999999989,0.024,125,-99.8286,False,-99.8286,False,-99.8286,False,MAZDOCK,False
2026-07-02,2540.0,85.75,2543.95,18.865619999999822,18.865619999999822,0.248,125,18.865619999999822,False,18.865619999999822,False,18.865619999999822,False,MAZDOCK,False
2026-07-03,2560.0,102.7,2569.0,73.16795999999981,83.66795999999981,0.32,125,50.56796000000001,True,73.16795999999981,False,73.16795999999981,False,MAZDOCK,False
2026-07-06,2600.0,83.39999999999999,2573.5,114.95899999999982,142.95899999999983,0.184,125,40.909000000000006,True,82.609,True,114.95899999999982,False,MAZDOCK,False
2026-07-07,2520.0,81.8,2526.9,67.50124,67.50124,0.184,125,40.25123999999999,True,67.50124,False,67.50124,False,MAZDOCK,False
2026-07-08,2520.0,80.95,2518.8,61.37321999999999,83.37321999999999,0.136,125,39.84822000000001,True,80.32322,True,61.37321999999999,False,MAZDOCK,False
2026-07-09,2440.0,80.14999999999999,2434.8,-13.212859999999898,13.587140000000014,0.176,125,-13.212859999999898,False,-13.212859999999898,False,-13.212859999999898,False,MAZDOCK,False
2026-07-10,2400.0,93.1,2383.3,-12.288179999999997,6.361820000000009,0.84,125,-12.288179999999997,False,-12.288179999999997,False,-12.288179999999997,False,MAZDOCK,False
2026-07-13,2400.0,73.05,2400.8,2.4829400000000055,26.482940000000006,0.8,125,2.4829400000000055,False,2.4829400000000055,False,2.4829400000000055,False,MAZDOCK,False
2026-07-14,2380.0,81.05,2370.0,-41.43865999999999,5.061340000000006,0.536,125,-41.43865999999999,False,-41.43865999999999,False,-41.43865999999999,False,MAZDOCK,False
2026-07-15,2400.0,84.35,2377.0,-15.52993999999981,7.2200600000000055,0.424,125,-15.52993999999981,False,-15.52993999999981,False,-15.52993999999981,False,MAZDOCK,False
2026-07-16,2400.0,83.64999999999999,2372.6,5.814060000000011,8.314060000000012,0.224,125,5.814060000000011,False,5.814060000000011,False,5.814060000000011,False,MAZDOCK,False
2026-07-17,2380.0,66.55,2366.0,25.454940000000004,25.454940000000004,0.144,125,25.454940000000004,False,25.454940000000004,False,25.454940000000004,False,MAZDOCK,False
2026-07-20,2350.0,58.3,2324.0,-18.624959999999994,17.375040000000006,0.896,125,-18.624959999999994,False,-18.624959999999994,False,-18.624959999999994,False,MAZDOCK,False
2026-07-22,2350.0,41.949999999999996,2330.7,6.845339999999917,33.745340000000006,0.952,125,20.72034,True,6.845339999999917,False,6.845339999999917,False,MAZDOCK,False
2026-07-23,2350.0,65.2,2310.0,-8.59188,50.708119999999994,0.944,125,32.258120000000005,True,-8.59188,False,-8.59188,False,MAZDOCK,False
2026-07-27,2350.0,40.05,2318.0,-40.162,95.38799999999999,0.768,125,19.913,True,39.937999999999995,True,79.988,True,MAZDOCK,False
2026-07-28,2350.0,38.449999999999996,2303.3,-38.55752,96.99248,0.568,125,19.11748,True,38.342479999999995,True,76.79248000000001,True,MAZDOCK,False
2026-07-29,2300.0,88.35,2300.9,-88.59724,18.902760000000004,0.368,125,-88.59724,False,-88.59724,False,-88.59724,False,MAZDOCK,False
2026-07-30,2300.0,85.8,2293.0,-86.0401,21.4599,0.168,125,-86.0401,False,-86.0401,False,-86.0401,False,MAZDOCK,False
2026-07-31,2350.0,100.05,2352.9,-100.33,-12.629999999999994,0.064,125,-100.33,False,-100.33,False,-100.33,False,MAZDOCK,False
2026-08-03,2400.0,80.1,2398.9,-80.32414,11.225860000000003,0.656,125,-80.32414,False,-80.32414,False,-80.32414,False,MAZDOCK,False
2026-08-04,2400.0,80.8,2390.6,-81.0261,10.5239,0.448,125,-81.0261,False,-81.0261,False,-81.0261,False,MAZDOCK,False
2026-08-05,2400.0,71.05,2418.0,-71.2488,20.3012,0.24,125,-71.2488,False,-71.2488,False,-71.2488,False,MAZDOCK,False
2026-08-06,2400.0,80.0,2405.6,-80.22386,-11.823859999999994,0.032,125,-80.22386,False,-80.22386,False,-80.22386,False,MAZDOCK,False
2026-08-07,2500.0,86.14999999999999,2516.2,-86.39107999999999,-15.791079999999983,0.304,125,-86.39107999999999,False,-86.39107999999999,False,-86.39107999999999,False,MAZDOCK,False
2026-08-10,2500.0,63.05,2498.5,-63.2264,3.9736000000000056,0.096,125,-63.2264,False,-63.2264,False,-63.2264,False,MAZDOCK,False
2026-08-11,2550.0,80.05,2569.0,-40.1367,4.463300000000011,0.752,125,-40.1367,False,-40.1367,False,-40.1367,False,MAZDOCK,False
2026-08-12,2550.0,61.699999999999996,2546.8,-61.87262,22.977380000000014,0.6578947368421053,114,-61.87262,False,-61.87262,False,-61.87262,False,MAZDOCK,False
2026-08-13,2550.0,61.3,2570.7,-61.4715,-1.7714999999999943,0.5568181818181818,88,-61.4715,False,-61.4715,False,-61.4715,False,MAZDOCK,False
2026-08-14,2550.0,70.0,2568.8,-70.19586,-21.84586,0.41935483870967744,62,-70.19586,False,-70.19586,False,-70.19586,False,MAZDOCK,False
2026-08-17,2600.0,53.3,2584.2,2.8428400000000056,15.542840000000009,0.9166666666666666,36,2.8428400000000056,False,2.8428400000000056,False,2.8428400000000056,False,MAZDOCK,False
2026-06-25,2850.0,65.05,2828.9,-65.232,-21.531999999999993,0.48,125,-65.232,False,-65.232,False,-65.232,False,MCX,False
2026-06-29,2850.0,43.9,2837.9,30.119040000000094,98.71903999999998,0.4,125,21.619039999999995,True,43.56904,True,87.46903999999998,True,MCX,False
2026-06-30,2900.0,19.75,2897.5,212.49257999999998,212.49257999999998,0.12,125,9.167580000000001,True,19.04258,True,38.79258,True,MCX,False
2026-07-01,2900.0,129.05,2924.4,118.5425799999998,185.84257999999997,0.072,125,63.467580000000005,True,127.99258000000002,True,118.5425799999998,False,MCX,False
2026-07-02,2950.0,129.0,2969.2,48.09067999999999,236.09068,0.072,125,63.64068,True,128.14068,True,48.09067999999999,False,MCX,False
2026-07-03,2900.0,110.7,2893.8,10.69843999999991,204.59844,0.048,125,54.69844000000001,True,110.04844,True,10.69843999999991,False,MCX,False
2026-07-06,2800.0,110.05,2775.6,-22.95341999999999,105.34657999999999,0.248,125,54.47157999999999,True,-22.95341999999999,False,-22.95341999999999,False,MCX,False
2026-07-07,2650.0,96.7,2667.0,-96.97062,18.329379999999993,0.064,125,-96.97062,False,-96.97062,False,-96.97062,False,MCX,False
2026-07-08,2650.0,99.39999999999999,2651.3,-99.67818,-99.67818,0.0,125,-99.67818,False,-99.67818,False,-99.67818,False,MCX,False
2026-07-09,2750.0,124.8,2772.0,-125.1493,-30.8493,0.168,125,-125.1493,False,-125.1493,False,-125.1493,False,MCX,False
2026-07-10,2800.0,94.05,2777.9,-24.11031999999999,14.439680000000006,0.312,125,-24.11031999999999,False,-24.11031999999999,False,-24.11031999999999,False,MCX,False
2026-07-13,2800.0,100.05,2805.1,-42.94114000000008,1.708860000000006,0.336,125,-42.94114000000008,False,-42.94114000000008,False,-42.94114000000008,False,MCX,False
2026-07-14,2850.0,98.35,2847.2,-44.12825999999999,19.671740000000007,0.216,125,-44.12825999999999,False,-44.12825999999999,False,-44.12825999999999,False,MCX,False
2026-07-15,2900.0,95.1,2913.6,9.688880000000099,72.78887999999999,0.192,125,46.98887999999998,True,9.688880000000099,False,9.688880000000099,False,MCX,False
2026-07-16,2850.0,79.55,2855.3,-25.774220000000177,38.525780000000005,0.232,125,-25.774220000000177,False,-25.774220000000177,False,-25.774220000000177,False,MCX,False
2026-07-17,2800.0,64.35,2794.3,5.224100000000009,16.0741,0.504,125,5.224100000000009,False,5.224100000000009,False,5.224100000000009,False,MCX,False
2026-07-20,2750.0,58.449999999999996,2742.4,-37.67232,-12.472319999999993,0.376,125,-37.67232,False,-37.67232,False,-37.67232,False,MCX,False
2026-07-21,2850.0,49.199999999999996,2854.0,46.64288000000019,91.24288000000008,0.064,125,24.192880000000002,True,48.79288,True,46.64288000000019,False,MCX,False
2026-07-22,2800.0,52.05,2794.6,2.5008200000000964,42.600820000000006,0.16,125,25.72581999999999,True,2.5008200000000964,False,2.5008200000000964,False,MCX,False
2026-07-23,2800.0,42.5,2795.8,53.959960000000095,53.959960000000095,0.016,125,20.85996,True,42.10996,True,53.959960000000095,False,MCX,False
2026-07-24,2750.0,40.05,2730.0,16.628540000000005,79.42854,0.52,125,19.753539999999997,True,39.77854,True,16.628540000000005,False,MCX,False
2026-07-27,2750.0,20.25,2744.8,65.60221999999982,99.20222,0.384,125,9.82722,True,19.95222,True,40.20222,True,MCX,False
2026-07-28,2750.0,13.0,2753.7,94.5117600000001,106.41176,0.184,125,6.16176,True,12.66176,True,25.66176,True,MCX,False
2026-07-29,2750.0,115.35,2745.1,-45.918699999999994,3.8813000000000057,0.104,125,-45.918699999999994,False,-45.918699999999994,False,-45.918699999999994,False,MCX,False
2026-07-30,2700.0,103.45,2703.1,-2.57358,20.92642,0.384,125,-2.57358,False,-2.57358,False,-2.57358,False,MCX,False
2026-07-31,2700.0,114.05,2693.0,-40.626259999999995,10.373740000000005,0.264,125,-40.626259999999995,False,-40.626259999999995,False,-40.626259999999995,False,MCX,False
2026-08-03,2650.0,105.05,2663.8,-31.45147999999999,14.848520000000008,0.704,125,-31.45147999999999,False,-31.45147999999999,False,-31.45147999999999,False,MCX,False
2026-08-04,2650.0,119.1,2661.7,-119.43334,-19.53333999999999,0.6,125,-119.43334,False,-119.43334,False,-119.43334,False,MCX,False
2026-08-05,2600.0,60.05,2596.9,-60.217999999999996,36.232000000000006,0.2,125,29.856999999999992,True,-60.217999999999996,False,-60.217999999999996,False,MCX,False
2026-08-06,2650.0,84.05,2629.0,-84.2852,4.464800000000003,0.448,125,-84.2852,False,-84.2852,False,-84.2852,False,MCX,False
2026-08-07,2700.0,82.1,2682.7,-82.32974,-5.229739999999985,0.032,125,-82.32974,False,-82.32974,False,-82.32974,False,MCX,False
2026-08-10,2650.0,61.0,2636.0,-61.17066,19.27934,0.048,125,-61.17066,False,-61.17066,False,-61.17066,False,MCX,False
2026-08-11,2750.0,92.39999999999999,2756.9,-92.65857999999999,-28.65857999999999,0.008,125,-92.65857999999999,False,-92.65857999999999,False,-92.65857999999999,False,MCX,False
2026-08-12,2950.0,104.0,2935.8,-104.29106,11.358940000000006,0.8859649122807017,114,-104.29106,False,-104.29106,False,-104.29106,False,MCX,False
2026-08-13,3000.0,70.05,3010.7,-70.246,35.65400000000001,0.8636363636363636,88,34.82899999999999,True,-70.246,False,-70.246,False,MCX,False
2026-08-14,2950.0,61.849999999999994,2959.0,-62.023039999999995,12.926960000000008,0.9032258064516129,62,-62.023039999999995,False,-62.023039999999995,False,-62.023039999999995,False,MCX,False
2026-08-17,2900.0,50.05,2924.1,-50.19,-4.539999999999991,0.027777777777777776,36,-50.19,False,-50.19,False,-50.19,False,MCX,False
2026-06-25,1660.0,16.150000000000002,1650.1,33.61506,75.21505999999991,0.0,125,7.890059999999999,True,15.965060000000003,True,32.11506,True,MFSL,False
2026-06-29,1620.0,16.25,1629.9,7.48786000000009,35.387859999999996,0.24,125,8.01286,True,16.13786,True,32.387859999999996,True,MFSL,False
2026-06-30,1600.0,4.25,1591.2,5.660379999999999,48.66038,0.424,125,2.08538,True,4.21038,True,8.46038,True,MFSL,False
2026-07-01,1580.0,45.05,1576.7,-10.922179999999996,4.077820000000004,0.264,125,-10.922179999999996,False,-10.922179999999996,False,-10.922179999999996,False,MFSL,False
2026-07-03,1620.0,49.4,1625.0,-21.466999999999953,21.432999999999915,0.104,125,-21.466999999999953,False,-21.466999999999953,False,-21.466999999999953,False,MFSL,False
2026-07-06,1580.0,40.05,1588.5,-40.162,5.738000000000008,0.44,125,-40.162,False,-40.162,False,-40.162,False,MFSL,False
2026-07-07,1600.0,48.099999999999994,1591.9,-12.086039999999993,2.7139599999999175,0.264,125,-12.086039999999993,False,-12.086039999999993,False,-12.086039999999993,False,MFSL,False
2026-07-08,1600.0,41.65,1598.0,-41.76648,9.283519999999914,0.32,125,-41.76648,False,-41.76648,False,-41.76648,False,MFSL,False
2026-07-09,1560.0,38.05,1567.7,-38.1564,-38.1564,0.0,125,-38.1564,False,-38.1564,False,-38.1564,False,MFSL,False
2026-07-10,1600.0,41.65,1592.6,-5.019659999999905,-1.5196599999999973,0.36,125,-5.019659999999905,False,-5.019659999999905,False,-5.019659999999905,False,MFSL,False
2026-07-13,1640.0,40.199999999999996,1639.7,54.97003999999992,64.37004,0.096,125,19.72004,True,39.82004,True,54.97003999999992,False,MFSL,False
2026-07-14,1600.0,38.05,1607.5,26.41229999999996,32.612300000000005,0.256,125,18.737299999999998,True,26.41229999999996,False,26.41229999999996,False,MFSL,False
2026-07-15,1620.0,30.05,1625.4,67.54174,67.54174,0.088,125,14.666740000000003,True,29.69174,True,59.74174000000001,True,MFSL,False
2026-07-16,1580.0,23.95,1571.1,34.26942,41.369419999999906,0.192,125,11.744419999999998,True,23.71942,True,34.26942,False,MFSL,False
2026-07-17,1560.0,24.85,1566.6,42.14225999999996,42.14225999999996,0.136,125,12.167260000000004,True,24.592260000000003,True,42.14225999999996,False,MFSL,False
2026-07-20,1560.0,38.15,1554.0,-1.9087399999999959,35.39125999999996,0.008,125,18.866259999999997,True,-1.9087399999999959,False,-1.9087399999999959,False,MFSL,False
2026-07-21,1520.0,25.6,1529.0,-11.062559999999957,8.037439999999956,0.464,125,-11.062559999999957,False,-11.062559999999957,False,-11.062559999999957,False,MFSL,False
2026-07-22,1520.0,19.05,1525.8,-1.8017799999999107,14.598219999999957,0.496,125,9.423220000000002,True,-1.8017799999999107,False,-1.8017799999999107,False,MFSL,False
2026-07-23,1520.0,18.6,1521.5,-7.333719999999912,33.16628,0.424,125,9.216280000000001,True,18.516280000000002,True,-7.333719999999912,False,MFSL,False
2026-07-24,1500.0,15.3,1492.7,-15.3427,35.3573,0.608,125,7.607300000000002,True,15.2573,True,30.557300000000005,True,MFSL,False
2026-07-28,1500.0,7.7,1505.3,-7.72142,42.97858,0.52,125,3.8285800000000005,True,7.67858,True,15.378580000000001,True,MFSL,False
2026-07-29,1500.0,45.55,1502.6,-45.6774,6.4226000000000045,0.44,125,-45.6774,False,-45.6774,False,-45.6774,False,MFSL,False
2026-07-30,1500.0,41.05,1508.6,-41.1648,10.935200000000004,0.368,125,-41.1648,False,-41.1648,False,-41.1648,False,MFSL,False
2026-07-31,1520.0,51.849999999999994,1513.4,-3.281819999999993,10.618180000000006,0.536,125,-3.281819999999993,False,-3.281819999999993,False,-3.281819999999993,False,MFSL,False
2026-08-04,1540.0,55.099999999999994,1536.7,-29.875399999999996,5.9245999999999635,0.168,125,-29.875399999999996,False,-29.875399999999996,False,-29.875399999999996,False,MFSL,False
2026-08-05,1520.0,44.05,1512.2,-19.293059999999997,12.256940000000004,0.432,125,-19.293059999999997,False,-19.293059999999997,False,-19.293059999999997,False,MFSL,False
2026-08-06,1540.0,47.55,1533.9,4.121540000000006,21.521540000000098,0.216,125,4.121540000000006,False,4.121540000000006,False,4.121540000000006,False,MFSL,False
2026-08-07,1520.0,52.849999999999994,1516.7,-11.06557999999999,3.3844200000000058,0.536,125,-11.06557999999999,False,-11.06557999999999,False,-11.06557999999999,False,MFSL,False
2026-08-10,1500.0,43.0,1491.0,-43.12026,4.829740000000003,0.352,125,-43.12026,False,-43.12026,False,-43.12026,False,MFSL,False
2026-08-11,1480.0,50.699999999999996,1484.0,-50.84182,-5.891819999999993,0.104,125,-50.84182,False,-50.84182,False,-50.84182,False,MFSL,False
2026-08-12,1500.0,39.949999999999996,1496.9,-40.061719999999994,-3.611719999999993,0.13008130081300814,123,-40.061719999999994,False,-40.061719999999994,False,-40.061719999999994,False,MFSL,False
2026-08-13,1500.0,37.65,1506.7,-37.75528,-1.3052799999999958,0.14432989690721648,97,-37.75528,False,-37.75528,False,-37.75528,False,MFSL,False
2026-08-14,1520.0,42.699999999999996,1517.4,-42.819419999999994,-13.969419999999998,0.04225352112676056,71,-42.819419999999994,False,-42.819419999999994,False,-42.819419999999994,False,MFSL,False
2026-08-17,1520.0,20.55,1529.1,-20.607400000000002,-20.607400000000002,0.0,45,-20.607400000000002,False,-20.607400000000002,False,-20.607400000000002,False,MFSL,False
2026-06-25,148.0,2.71,148.3,2.128944,2.928944,0.288,125,1.3339439999999996,True,2.688944,True,2.128944,False,MOTHERSON,False
2026-06-29,151.0,1.8900000000000001,151.32,2.3828360000000033,3.862836,0.152,125,0.9278359999999999,True,1.8728360000000002,True,3.7628359999999996,True,MOTHERSON,False
2026-06-30,147.0,1.11,147.05,2.9755520000000057,4.165552,0.32,125,0.5405519999999999,True,1.095552,True,2.205552,True,MOTHERSON,False
2026-07-06,147.5,4.79,147.31,0.5516919999999876,2.631692,0.024,125,2.3666920000000005,True,0.5516919999999876,False,0.5516919999999876,False,MOTHERSON,False
2026-07-07,144.0,4.35,144.04,-2.1681999999999997,0.8718000000000006,0.68,125,-2.1681999999999997,False,-2.1681999999999997,False,-2.1681999999999997,False,MOTHERSON,False
2026-07-08,142.5,4.53,142.56,-4.542544,1.7474559999999997,0.416,125,-4.542544,False,-4.542544,False,-4.542544,False,MOTHERSON,False
2026-07-09,142.5,4.47,142.66,-4.4823759999999995,0.20762400000000064,0.52,125,-4.4823759999999995,False,-4.4823759999999995,False,-4.4823759999999995,False,MOTHERSON,False
2026-07-10,144.0,4.91,143.82,-1.3636039999999998,0.17639600000000016,0.504,125,-1.3636039999999998,False,-1.3636039999999998,False,-1.3636039999999998,False,MOTHERSON,False
2026-07-13,142.5,5.1,142.08,-5.11414,-0.42413999999999924,0.432,125,-5.11414,False,-5.11414,False,-5.11414,False,MOTHERSON,False
2026-07-15,143.0,4.91,143.2,-4.923608,-0.5036080000000002,0.456,125,-4.923608,False,-4.923608,False,-4.923608,False,MOTHERSON,False
2026-07-16,143.0,3.86,143.04,-3.8706679999999998,-0.1406679999999999,0.264,125,-3.8706679999999998,False,-3.8706679999999998,False,-3.8706679999999998,False,MOTHERSON,False
2026-07-17,144.0,3.67,144.49,-1.4065199999999998,-0.026519999999999787,0.344,125,-1.4065199999999998,False,-1.4065199999999998,False,-1.4065199999999998,False,MOTHERSON,False
2026-07-21,145.0,2.75,144.94,-2.75756,0.6624400000000004,0.424,125,-2.75756,False,-2.75756,False,-2.75756,False,MOTHERSON,False
2026-07-22,147.0,2.8699999999999997,146.8,-2.5189040000000027,0.8810960000000028,0.336,125,-2.5189040000000027,False,-2.5189040000000027,False,-2.5189040000000027,False,MOTHERSON,False
2026-07-23,145.0,2.15,144.55,2.8899520000000005,3.869952,0.352,125,1.0549519999999997,True,2.129952,True,2.8899520000000005,False,MOTHERSON,False
2026-07-24,144.0,2.0799999999999996,143.68,-2.0856839999999996,0.48431600000000063,0.056,125,-2.0856839999999996,False,-2.0856839999999996,False,-2.0856839999999996,False,MOTHERSON,False
2026-07-27,147.5,1.87,147.68,-1.875096,5.454904,0.456,125,0.9299040000000001,True,1.8649040000000001,True,3.7349040000000002,True,MOTHERSON,False
2026-07-30,145.0,5.25,145.31,-5.26456,-0.30456000000000005,0.104,125,-5.26456,False,-5.26456,False,-5.26456,False,MOTHERSON,False
2026-07-31,147.5,5.2,148.44,-5.2144200000000005,-0.6544199999999997,0.008,125,-5.2144200000000005,False,-5.2144200000000005,False,-5.2144200000000005,False,MOTHERSON,False
2026-08-03,152.5,5.05,152.9,-5.064,2.0060000000000007,0.408,125,-5.064,False,-5.064,False,-5.064,False,MOTHERSON,False
2026-08-04,155.0,5.85,155.19,-5.8662399999999995,1.4737600000000002,0.48,125,-5.8662399999999995,False,-5.8662399999999995,False,-5.8662399999999995,False,MOTHERSON,False
2026-08-05,152.5,5.83,152.74,-5.846184,-0.7961840000000002,0.072,125,-5.846184,False,-5.846184,False,-5.846184,False,MOTHERSON,False
2026-08-06,155.0,5.2299999999999995,155.0,-5.244503999999999,0.10549600000000099,0.168,125,-5.244503999999999,False,-5.244503999999999,False,-5.244503999999999,False,MOTHERSON,False
2026-08-07,162.5,7.05,161.55,-7.069599999999999,-2.9695999999999994,0.008,125,-7.069599999999999,False,-7.069599999999999,False,-7.069599999999999,False,MOTHERSON,False
2026-08-10,172.5,5.37,171.86,-0.14959600000000012,0.970404,0.56,125,-0.14959600000000012,False,-0.14959600000000012,False,-0.14959600000000012,False,MOTHERSON,False
2026-08-11,170.0,5.17,168.9,-1.7639399999999998,-0.19393999999999995,0.992,125,-1.7639399999999998,False,-1.7639399999999998,False,-1.7639399999999998,False,MOTHERSON,False
2026-08-12,172.5,4.2299999999999995,171.41,-1.0506639999999994,1.0893360000000003,0.37815126050420167,119,-1.0506639999999994,False,-1.0506639999999994,False,-1.0506639999999994,False,MOTHERSON,False
2026-08-13,170.0,3.5599999999999996,171.17,-0.9272479999999993,0.9527520000000006,1.0,93,-0.9272479999999993,False,-0.9272479999999993,False,-0.9272479999999993,False,MOTHERSON,False
2026-08-14,167.5,3.05,167.41,-3.0584,-0.008399999999999555,0.6268656716417911,67,-3.0584,False,-3.0584,False,-3.0584,False,MOTHERSON,False
2026-08-17,167.5,2.52,168.53,-2.526916,-0.11691599999999988,0.4878048780487805,41,-2.526916,False,-2.526916,False,-2.526916,False,MOTHERSON,False
2026-08-10,2488.0,69.7,2494.0,-69.89502,-0.09502000000000571,0.112,125,-69.89502,False,-69.89502,False,-69.89502,False,MPHASIS,True
2026-08-11,2538.0,80.05,2519.5,-14.80781999999999,14.69218000000001,0.736,125,-14.80781999999999,False,-14.80781999999999,False,-14.80781999999999,False,MPHASIS,False
2026-08-12,2500.0,58.9,2516.1,0.7173600000000042,16.067359999999997,0.5564516129032258,124,0.7173600000000042,False,0.7173600000000042,False,0.7173600000000042,False,MPHASIS,False
2026-08-13,2500.0,58.849999999999994,2512.9,0.7675000000000085,0.7675000000000085,0.45918367346938777,98,0.7675000000000085,False,0.7675000000000085,False,0.7675000000000085,False,MPHASIS,False
2026-08-14,2500.0,48.599999999999994,2508.5,11.046200000000008,11.046200000000008,0.4722222222222222,72,11.046200000000008,False,11.046200000000008,False,11.046200000000008,False,MPHASIS,False
2026-08-17,2500.0,54.15,2500.4,5.480660000000004,5.480660000000004,0.5434782608695652,46,5.480660000000004,False,5.480660000000004,False,5.480660000000004,False,MPHASIS,False
2026-08-10,2900.0,70.25,2897.3,10.875099999999998,17.875099999999996,0.896,125,10.875099999999998,False,10.875099999999998,False,10.875099999999998,False,MUTHOOTFIN,False
2026-08-11,2950.0,78.5,2938.3,-4.577839999999991,29.022160000000003,0.648,125,-4.577839999999991,False,-4.577839999999991,False,-4.577839999999991,False,MUTHOOTFIN,False
2026-08-12,2900.0,50.099999999999994,2914.0,-14.241219999999993,40.958780000000004,1.0,117,24.80878,True,-14.241219999999993,False,-14.241219999999993,False,MUTHOOTFIN,False
2026-08-13,2900.0,69.89999999999999,2896.5,-34.09665999999999,21.103340000000006,1.0,91,-34.09665999999999,False,-34.09665999999999,False,-34.09665999999999,False,MUTHOOTFIN,False
2026-08-14,2850.0,49.05,2863.0,-49.1872,11.812800000000003,0.5230769230769231,65,-49.1872,False,-49.1872,False,-49.1872,False,MUTHOOTFIN,False
2026-08-17,2850.0,57.449999999999996,2851.0,-57.61071999999999,-13.96071999999999,0.20512820512820512,39,-57.61071999999999,False,-57.61071999999999,False,-57.61071999999999,False,MUTHOOTFIN,False
2026-06-18,370.0,7.45,368.2,24.688980000000015,24.688980000000015,0.136,125,3.6139800000000006,True,7.33898,True,14.788980000000002,True,NATIONALUM,True
2026-06-19,370.0,8.75,369.5,23.23575999999998,29.285759999999993,0.104,125,4.26076,True,8.63576,True,17.38576,True,NATIONALUM,False
2026-06-22,375.0,7.8,376.55,28.67581999999998,35.22581999999999,0.064,125,3.7758199999999995,True,7.67582,True,15.475819999999999,True,NATIONALUM,False
2026-06-23,365.0,5.45,364.4,19.81389999999998,27.613899999999994,0.024,125,2.6389000000000005,True,5.3639,True,10.813900000000002,True,NATIONALUM,False
2026-06-24,355.0,8.05,352.65,9.777479999999986,15.027479999999986,0.04,125,3.9524800000000004,True,7.977480000000001,True,9.777479999999986,False,NATIONALUM,False
2026-06-25,340.0,4.2,337.7,-4.21162,9.438379999999999,0.376,125,2.0883800000000003,True,4.18838,True,8.388380000000002,True,NATIONALUM,False
2026-06-29,340.0,3.9499999999999997,337.85,-3.9609199999999998,9.689079999999999,0.288,125,1.96408,True,3.9390799999999997,True,7.889080000000001,True,NATIONALUM,False
2026-07-01,340.0,12.450000000000001,339.6,-12.484720000000001,1.1652799999999974,0.192,125,-12.484720000000001,False,-12.484720000000001,False,-12.484720000000001,False,NATIONALUM,False
2026-07-02,335.0,13.850000000000001,337.05,-13.88864,-0.7386400000000028,0.136,125,-13.88864,False,-13.88864,False,-13.88864,False,NATIONALUM,False
2026-07-03,345.0,11.75,347.4,-11.78276,1.1672399999999994,0.32,125,-11.78276,False,-11.78276,False,-11.78276,False,NATIONALUM,False
2026-07-06,350.0,13.4,347.85,-13.437380000000001,0.1626199999999993,0.488,125,-13.437380000000001,False,-13.437380000000001,False,-13.437380000000001,False,NATIONALUM,False
2026-07-07,345.0,10.850000000000001,346.9,-10.88024,2.019759999999997,0.16,125,-10.88024,False,-10.88024,False,-10.88024,False,NATIONALUM,False
2026-07-08,350.0,11.0,347.85,-11.03066,2.5693399999999995,0.336,125,-11.03066,False,-11.03066,False,-11.03066,False,NATIONALUM,False
2026-07-09,345.0,12.3,346.0,-12.3343,0.5656999999999979,0.04,125,-12.3343,False,-12.3343,False,-12.3343,False,NATIONALUM,False
2026-07-10,360.0,9.850000000000001,361.6,3.8340600000000093,3.8340600000000093,0.432,125,3.8340600000000093,False,3.8340600000000093,False,3.8340600000000093,False,NATIONALUM,False
2026-07-13,355.0,12.700000000000001,355.05,-3.9102000000000245,3.789800000000021,0.24,125,-3.9102000000000245,False,-3.9102000000000245,False,-3.9102000000000245,False,NATIONALUM,False
2026-07-14,360.0,11.200000000000001,361.5,5.322299999999975,10.27230000000002,0.336,125,5.5222999999999995,True,5.322299999999975,False,5.322299999999975,False,NATIONALUM,False
2026-07-15,365.0,9.100000000000001,364.4,10.270199999999997,17.370200000000022,0.008,125,4.470200000000001,True,9.0202,True,10.270199999999997,False,NATIONALUM,False
2026-07-16,360.0,10.600000000000001,360.0,0.19007999999997519,10.89008000000002,0.096,125,5.240080000000001,True,10.540080000000001,True,0.19007999999997519,False,NATIONALUM,False
2026-07-17,345.0,6.75,346.2,-0.7357000000000001,2.3642999999999987,0.584,125,-0.7357000000000001,False,-0.7357000000000001,False,-0.7357000000000001,False,NATIONALUM,False
2026-07-20,345.0,6.6499999999999995,346.1,-4.225339999999999,1.3246600000000006,0.648,125,-4.225339999999999,False,-4.225339999999999,False,-4.225339999999999,False,NATIONALUM,False
2026-07-21,345.0,7.95,343.35,1.0525400000000218,1.0525400000000218,0.552,125,1.0525400000000218,False,1.0525400000000218,False,1.0525400000000218,False,NATIONALUM,False
2026-07-22,345.0,5.1499999999999995,345.5,6.652539999999977,6.652539999999977,0.4,125,2.52754,True,5.102539999999999,True,6.652539999999977,False,NATIONALUM,False
2026-07-23,350.0,5.2,349.1,8.94582,11.595819999999977,0.088,125,2.5458200000000004,True,5.1458200000000005,True,10.345820000000002,True,NATIONALUM,False
2026-07-24,345.0,3.9,342.6,-3.91078,7.939219999999977,0.216,125,1.9392199999999997,True,3.88922,True,7.789219999999999,True,NATIONALUM,False
2026-07-27,345.0,2.8499999999999996,345.35,-2.8578399999999995,8.992159999999977,0.096,125,1.4171599999999998,True,2.84216,True,5.692159999999999,True,NATIONALUM,False
2026-07-28,335.0,1.05,335.9,-1.0528,1.4472,0.112,125,0.5222000000000001,True,1.0472000000000001,True,-1.0528,False,NATIONALUM,False
2026-07-29,330.0,15.05,333.1,-15.092,-15.092,0.0,125,-15.092,False,-15.092,False,-15.092,False,NATIONALUM,False
2026-07-30,350.0,15.0,347.25,-15.04186,0.15813999999999928,0.336,125,-15.04186,False,-15.04186,False,-15.04186,False,NATIONALUM,False
2026-07-31,350.0,12.05,353.6,-12.0836,0.7163999999999983,0.2,125,-12.0836,False,-12.0836,False,-12.0836,False,NATIONALUM,False
2026-08-03,360.0,13.05,355.65,-13.086400000000001,0.3135999999999979,0.168,125,-13.086400000000001,False,-13.086400000000001,False,-13.086400000000001,False,NATIONALUM,False
2026-08-04,380.0,12.100000000000001,378.6,-4.106280000000003,3.0937199999999985,0.848,125,-4.106280000000003,False,-4.106280000000003,False,-4.106280000000003,False,NATIONALUM,False
2026-08-05,380.0,10.850000000000001,381.0,-10.88024,3.719759999999998,0.728,125,-10.88024,False,-10.88024,False,-10.88024,False,NATIONALUM,False
2026-08-06,380.0,11.05,379.6,-11.0808,2.719199999999998,0.528,125,-11.0808,False,-11.0808,False,-11.0808,False,NATIONALUM,False
2026-08-07,380.0,10.700000000000001,379.0,-10.729820000000002,1.9701799999999983,0.32,125,-10.729820000000002,False,-10.729820000000002,False,-10.729820000000002,False,NATIONALUM,False
2026-08-10,380.0,9.350000000000001,384.25,1.6928799999999982,1.6928799999999982,0.288,125,1.6928799999999982,False,1.6928799999999982,False,1.6928799999999982,False,NATIONALUM,False
2026-08-11,390.0,11.4,387.7,-2.506840000000001,7.193159999999998,0.568,125,5.643160000000001,True,-2.506840000000001,False,-2.506840000000001,False,NATIONALUM,False
2026-08-12,420.0,13.100000000000001,419.3,18.773860000000013,30.773860000000013,0.336283185840708,113,6.42386,True,12.973860000000002,True,26.073860000000003,True,NATIONALUM,False
2026-08-13,410.0,11.600000000000001,410.25,10.30606000000001,22.306060000000013,0.28735632183908044,87,5.706060000000001,True,11.506060000000002,True,10.30606000000001,False,NATIONALUM,False
2026-08-14,380.0,10.05,379.5,-10.078000000000001,1.771999999999999,0.5081967213114754,61,-10.078000000000001,False,-10.078000000000001,False,-10.078000000000001,False,NATIONALUM,False
2026-08-17,380.0,10.05,378.25,-10.078000000000001,-3.478,0.14285714285714285,35,-10.078000000000001,False,-10.078000000000001,False,-10.078000000000001,False,NATIONALUM,False
2026-06-25,1010.0,13.05,1012.25,-13.086400000000001,26.3636,0.032,125,6.488600000000002,True,13.0136,True,26.063600000000005,True,NAUKRI,False
2026-06-29,990.0,8.100000000000001,988.05,-8.12254,31.677460000000004,0.376,125,4.0274600000000005,True,8.077460000000002,True,16.177460000000004,True,NAUKRI,False
2026-06-30,980.0,5.2,981.2,-5.2144200000000005,28.38558,0.104,125,2.5855800000000007,True,5.18558,True,10.385580000000003,True,NAUKRI,False
2026-07-01,990.0,32.3,989.2,-32.390299999999996,5.5097000000000085,0.168,125,-32.390299999999996,False,-32.390299999999996,False,-32.390299999999996,False,NAUKRI,False
2026-07-02,1030.0,56.4,1027.2,-56.55778,-17.557779999999998,0.24,125,-56.55778,False,-56.55778,False,-56.55778,False,NAUKRI,False
2026-07-03,1050.0,33.05,1045.45,-33.142399999999995,4.057600000000006,0.032,125,-33.142399999999995,False,-33.142399999999995,False,-33.142399999999995,False,NAUKRI,False
2026-07-06,1030.0,35.9,1030.25,-36.00038,2.149620000000007,0.04,125,-36.00038,False,-36.00038,False,-36.00038,False,NAUKRI,False
2026-07-07,1040.0,34.8,1043.45,-34.897299999999994,-34.897299999999994,0.0,125,-34.897299999999994,False,-34.897299999999994,False,-34.897299999999994,False,NAUKRI,False
2026-07-08,1200.0,40.05,1203.75,-6.705939999999993,0.6940600000000057,0.664,125,-6.705939999999993,False,-6.705939999999993,False,-6.705939999999993,False,NAUKRI,False
2026-07-09,1200.0,39.3,1205.75,-9.095019999999998,-1.8450199999999914,0.56,125,-9.095019999999998,False,-9.095019999999998,False,-9.095019999999998,False,NAUKRI,False
2026-07-10,1220.0,38.8,1217.5,-5.053559999999995,4.49643999999996,0.04,125,-5.053559999999995,False,-5.053559999999995,False,-5.053559999999995,False,NAUKRI,False
2026-07-13,1180.0,29.05,1187.6,-7.9407000000000005,3.6093000000000037,0.528,125,-7.9407000000000005,False,-7.9407000000000005,False,-7.9407000000000005,False,NAUKRI,False
2026-07-14,1180.0,37.3,1187.45,-37.4043,-4.604299999999993,0.536,125,-37.4043,False,-37.4043,False,-37.4043,False,NAUKRI,False
2026-07-15,1200.0,30.0,1196.4,-7.2978400000000025,3.6521600000000043,0.536,125,-7.2978400000000025,False,-7.2978400000000025,False,-7.2978400000000025,False,NAUKRI,False
2026-07-16,1200.0,32.099999999999994,1196.4,-7.808199999999995,-0.30819999999999503,0.584,125,-7.808199999999995,False,-7.808199999999995,False,-7.808199999999995,False,NAUKRI,False
2026-07-17,1220.0,32.05,1212.65,20.96129999999996,30.21129999999996,0.112,125,15.786299999999999,True,20.96129999999996,False,20.96129999999996,False,NAUKRI,False
2026-07-20,1180.0,30.150000000000002,1183.35,-22.50598,-2.055980000000003,0.152,125,-22.50598,False,-22.50598,False,-22.50598,False,NAUKRI,False
2026-07-21,1220.0,21.1,1215.95,-14.32812,47.02188,0.112,125,10.47188,True,21.021880000000003,True,42.121880000000004,True,NAUKRI,False
2026-07-22,1200.0,22.05,1199.9,-22.1116,26.088400000000004,0.232,125,10.963400000000002,True,21.988400000000002,True,-22.1116,False,NAUKRI,False
2026-07-23,1180.0,15.65,1175.5,-15.69368,12.506319999999999,0.048,125,7.781320000000001,True,-15.69368,False,-15.69368,False,NAUKRI,False
2026-07-24,1160.0,13.0,1166.7,-13.03626,7.113739999999998,0.192,125,6.46374,True,-13.03626,False,-13.03626,False,NAUKRI,False
2026-07-27,1180.0,11.55,1181.05,-11.5822,-5.8322,0.04,125,-11.5822,False,-11.5822,False,-11.5822,False,NAUKRI,False
2026-07-28,1220.0,5.3,1221.0,-5.3147,37.185300000000005,0.168,125,2.6352999999999995,True,5.285299999999999,True,10.585299999999998,True,NAUKRI,False
2026-07-29,1260.0,39.449999999999996,1260.3,2.272220000000007,10.822220000000005,0.448,125,2.272220000000007,False,2.272220000000007,False,2.272220000000007,False,NAUKRI,False
2026-07-30,1260.0,51.4,1261.25,-22.77455999999991,-2.0245599999999975,0.4,125,-22.77455999999991,False,-22.77455999999991,False,-22.77455999999991,False,NAUKRI,False
2026-07-31,1220.0,40.05,1222.15,-40.162,2.3380000000000027,0.16,125,-40.162,False,-40.162,False,-40.162,False,NAUKRI,False
2026-08-03,1240.0,41.0,1243.0,3.7094800000000028,4.00948,0.52,125,3.7094800000000028,False,3.7094800000000028,False,3.7094800000000028,False,NAUKRI,False
2026-08-04,1280.0,51.599999999999994,1271.9,-40.4261199999999,2.873880000000054,0.104,125,-40.4261199999999,False,-40.4261199999999,False,-40.4261199999999,False,NAUKRI,False
2026-08-05,1260.0,45.05,1268.1,-45.175999999999995,3.4240000000000044,0.152,125,-45.175999999999995,False,-45.175999999999995,False,-45.175999999999995,False,NAUKRI,False
2026-08-06,1240.0,45.3,1242.5,-45.4267,-0.22669999999999432,0.272,125,-45.4267,False,-45.4267,False,-45.4267,False,NAUKRI,False
2026-08-07,1240.0,43.8,1236.1,-43.9225,1.2775000000000056,0.112,125,-43.9225,False,-43.9225,False,-43.9225,False,NAUKRI,False
2026-08-10,1240.0,45.05,1246.8,-45.175999999999995,-11.475999999999994,0.008,125,-45.175999999999995,False,-45.175999999999995,False,-45.175999999999995,False,NAUKRI,False
2026-08-11,1320.0,41.05,1319.8,-41.1648,-41.1648,0.0,125,-41.1648,False,-41.1648,False,-41.1648,False,NAUKRI,True
2026-08-12,1340.0,29.7,1344.2,-29.78302,1.5169800000000013,0.52,125,-29.78302,False,-29.78302,False,-29.78302,False,NAUKRI,False
2026-08-13,1340.0,27.650000000000002,1341.2,-27.72728,-0.027280000000002844,0.41,100,-27.72728,False,-27.72728,False,-27.72728,False,NAUKRI,False
2026-08-14,1340.0,24.400000000000002,1347.6,-24.468180000000004,-0.6181800000000043,0.40540540540540543,74,-24.468180000000004,False,-24.468180000000004,False,-24.468180000000004,False,NAUKRI,False
2026-08-17,1340.0,24.05,1345.9,-24.1172,-5.417200000000001,0.08333333333333333,48,-24.1172,False,-24.1172,False,-24.1172,False,NAUKRI,False
2026-06-25,1390.0,14.4,1385.5,-14.44018,-3.5401800000000017,0.064,125,-14.44018,False,-14.44018,False,-14.44018,False,NESTLEIND,False
2026-06-29,1410.0,13.3,1412.0,-13.337100000000001,11.512900000000089,0.08,125,6.612900000000002,True,-13.337100000000001,False,-13.337100000000001,False,NESTLEIND,False
2026-06-30,1400.0,8.600000000000001,1400.2,-8.623940000000001,-1.4739400000000011,0.08,125,-8.623940000000001,False,-8.623940000000001,False,-8.623940000000001,False,NESTLEIND,False
2026-07-01,1440.0,39.75,1435.4,-39.86116,0.08884000000000283,0.088,125,-39.86116,False,-39.86116,False,-39.86116,False,NESTLEIND,False
2026-07-02,1460.0,36.0,1458.5,-36.10066,5.849340000000002,0.312,125,-36.10066,False,-36.10066,False,-36.10066,False,NESTLEIND,False
2026-07-03,1450.0,34.05,1453.1,-34.145199999999996,4.8048000000000055,0.208,125,-34.145199999999996,False,-34.145199999999996,False,-34.145199999999996,False,NESTLEIND,False
2026-07-06,1460.0,38.0,1456.9,-22.69952,-0.04951999999999859,0.328,125,-22.69952,False,-22.69952,False,-22.69952,False,NESTLEIND,False
2026-07-07,1470.0,30.05,1470.3,-2.2622600000000013,17.037739999999957,0.4,125,14.862740000000002,True,-2.2622600000000013,False,-2.2622600000000013,False,NESTLEIND,False
2026-07-08,1460.0,31.400000000000002,1461.6,-0.4249999999999575,6.375000000000001,0.144,125,-0.4249999999999575,False,-0.4249999999999575,False,-0.4249999999999575,False,NESTLEIND,False
2026-07-09,1470.0,35.9,1468.2,-1.4473999999999505,11.852600000000004,0.192,125,-1.4473999999999505,False,-1.4473999999999505,False,-1.4473999999999505,False,NESTLEIND,False
2026-07-10,1460.0,31.6,1462.9,5.955959999999956,10.155960000000002,0.072,125,5.955959999999956,False,5.955959999999956,False,5.955959999999956,False,NESTLEIND,False
2026-07-13,1440.0,34.449999999999996,1444.5,-23.626979999999996,-2.2269799999999944,0.16,125,-23.626979999999996,False,-23.626979999999996,False,-23.626979999999996,False,NESTLEIND,False
2026-07-14,1440.0,30.2,1442.0,-30.28442,2.065580000000002,0.216,125,-30.28442,False,-30.28442,False,-30.28442,False,NESTLEIND,False
2026-07-15,1430.0,28.05,1428.8,-28.1284,4.171600000000003,0.312,125,-28.1284,False,-28.1284,False,-28.1284,False,NESTLEIND,False
2026-07-16,1440.0,32.8,1435.3,-32.8917,-7.191699999999998,0.112,125,-32.8917,False,-32.8917,False,-32.8917,False,NESTLEIND,False
2026-07-17,1420.0,31.05,1422.7,-31.1368,-3.536800000000003,0.136,125,-31.1368,False,-31.1368,False,-31.1368,False,NESTLEIND,False
2026-07-20,1430.0,31.55,1428.7,-31.6382,-6.238200000000002,0.032,125,-31.6382,False,-31.6382,False,-31.6382,False,NESTLEIND,False
2026-07-21,1450.0,25.45,1451.6,-25.52112,3.7788800000000013,0.312,125,-25.52112,False,-25.52112,False,-25.52112,False,NESTLEIND,False
2026-07-22,1460.0,32.3,1464.5,-32.390299999999996,-3.390299999999997,0.144,125,-32.390299999999996,False,-32.390299999999996,False,-32.390299999999996,False,NESTLEIND,False
2026-07-23,1470.0,10.9,1472.2,-10.93038,23.619619999999912,0.008,125,5.419620000000001,True,10.869620000000001,True,21.769620000000003,True,NESTLEIND,False
2026-07-24,1450.0,8.65,1454.0,-8.67408,6.82592,0.104,125,4.300920000000001,True,-8.67408,False,-8.67408,False,NESTLEIND,False
2026-07-27,1460.0,14.25,1460.2,-14.28976,10.260239999999909,0.008,125,7.08524,True,-14.28976,False,-14.28976,False,NESTLEIND,False
2026-07-28,1460.0,10.05,1463.7,-10.078000000000001,-10.078000000000001,0.0,125,-10.078000000000001,False,-10.078000000000001,False,-10.078000000000001,False,NESTLEIND,False
2026-07-29,1510.0,31.6,1511.8,-31.68834,23.36165999999991,0.336,125,15.711660000000004,True,-31.68834,False,-31.68834,False,NESTLEIND,False
2026-07-30,1520.0,36.5,1520.6,-5.040680000000002,28.35931999999991,0.416,125,18.05932,True,-5.040680000000002,False,-5.040680000000002,False,NESTLEIND,False
2026-07-31,1510.0,34.25,1513.9,-34.34576,20.704239999999913,0.32,125,17.02924,True,-34.34576,False,-34.34576,False,NESTLEIND,False
2026-08-03,1520.0,35.65,1517.2,-35.74968,29.300319999999914,0.352,125,17.725319999999996,True,-35.74968,False,-35.74968,False,NESTLEIND,False
2026-08-04,1520.0,33.9,1522.4,-33.99478,31.055219999999913,0.256,125,16.855219999999996,True,-33.99478,False,-33.99478,False,NESTLEIND,False
2026-08-05,1500.0,30.75,1499.2,-3.761980000000001,-2.16198,0.12,125,-3.761980000000001,False,-3.761980000000001,False,-3.761980000000001,False,NESTLEIND,False
2026-08-06,1520.0,34.849999999999994,1522.6,-13.557499999999996,0.3925000000000114,0.192,125,-13.557499999999996,False,-13.557499999999996,False,-13.557499999999996,False,NESTLEIND,False
2026-08-07,1540.0,33.05,1540.5,6.396580000000051,13.49657999999996,0.176,125,6.396580000000051,False,6.396580000000051,False,6.396580000000051,False,NESTLEIND,False
2026-08-10,1540.0,31.05,1541.3,5.4105800000000475,15.510579999999957,0.032,125,15.335580000000002,True,5.4105800000000475,False,5.4105800000000475,False,NESTLEIND,False
2026-08-11,1530.0,26.45,1525.2,30.266620000000003,30.96662000000005,0.032,125,12.991619999999998,True,26.21662,True,30.266620000000003,False,NESTLEIND,False
2026-08-12,1500.0,28.6,1504.9,9.662400000000002,9.662400000000002,0.3089430894308943,123,9.662400000000002,False,9.662400000000002,False,9.662400000000002,False,NESTLEIND,False
2026-08-13,1510.0,27.05,1510.0,21.188740000000003,21.188740000000003,0.4948453608247423,97,13.313740000000003,True,21.188740000000003,False,21.188740000000003,False,NESTLEIND,False
2026-08-14,1510.0,26.7,1507.0,21.539720000000003,21.539720000000003,0.352112676056338,71,13.139719999999999,True,21.539720000000003,False,21.539720000000003,False,NESTLEIND,False
2026-08-17,1490.0,16.75,1490.7,11.57358,11.57358,0.4,45,8.24858,True,11.57358,False,11.57358,False,NESTLEIND,False
2026-06-25,85.0,1.3,85.16,-1.3035,1.8865000000000003,0.8,125,0.6465000000000002,True,1.2965,True,-1.3035,False,NMDC,False
2026-06-29,85.0,1.1600000000000001,84.8,0.9409840000000002,2.0209840000000003,0.632,125,0.570984,True,1.1509840000000002,True,0.9409840000000002,False,NMDC,False
2026-07-01,85.0,2.76,84.81,-0.4241679999999997,0.4158320000000006,0.632,125,-0.4241679999999997,False,-0.4241679999999997,False,-0.4241679999999997,False,NMDC,False
2026-07-02,86.0,2.75,86.4,-1.1022080000000063,0.27779200000000004,0.688,125,-1.1022080000000063,False,-1.1022080000000063,False,-1.1022080000000063,False,NMDC,False
2026-07-03,86.0,2.9499999999999997,86.48,-0.8141399999999994,0.0758600000000003,0.544,125,-0.8141399999999994,False,-0.8141399999999994,False,-0.8141399999999994,False,NMDC,False
2026-07-06,85.0,2.3,85.3,0.13684000000000035,0.7368400000000005,0.968,125,0.13684000000000035,False,0.13684000000000035,False,0.13684000000000035,False,NMDC,False
2026-07-07,85.0,2.36,84.6,-0.5715079999999998,0.6784920000000004,0.936,125,-0.5715079999999998,False,-0.5715079999999998,False,-0.5715079999999998,False,NMDC,False
2026-07-08,84.0,2.15,84.29,-2.15588,0.49412000000000045,0.432,125,-2.15588,False,-2.15588,False,-2.15588,False,NMDC,False
2026-07-09,84.0,2.3299999999999996,84.29,-0.9602479999999998,-0.13024799999999967,0.352,125,-0.9602479999999998,False,-0.9602479999999998,False,-0.9602479999999998,False,NMDC,False
2026-07-10,86.0,2.13,85.56,0.018127999999994048,0.43812799999999574,0.664,125,0.018127999999994048,False,0.018127999999994048,False,0.018127999999994048,False,NMDC,False
2026-07-13,84.0,2.0599999999999996,83.81,-0.8989039999999997,0.14109600000000036,0.52,125,-0.8989039999999997,False,-0.8989039999999997,False,-0.8989039999999997,False,NMDC,False
2026-07-14,85.0,2.1999999999999997,85.1,-0.5207519999999998,0.08924800000000054,0.864,125,-0.5207519999999998,False,-0.5207519999999998,False,-0.5207519999999998,False,NMDC,False
2026-07-15,85.0,1.55,85.26,-0.17806400000000014,0.7419360000000003,0.808,125,-0.17806400000000014,False,-0.17806400000000014,False,-0.17806400000000014,False,NMDC,False
2026-07-16,84.0,1.69,84.48,-0.727308,0.23269199999999998,0.912,125,-0.727308,False,-0.727308,False,-0.727308,False,NMDC,False
2026-07-17,84.0,1.6500000000000001,83.79,0.16042400000000437,0.2704239999999998,0.952,125,0.16042400000000437,False,0.16042400000000437,False,0.16042400000000437,False,NMDC,False
2026-07-20,84.0,1.2,83.84,-0.8541999999999998,0.915800000000002,0.888,125,0.5957999999999999,True,-0.8541999999999998,False,-0.8541999999999998,False,NMDC,False
2026-07-21,84.0,1.08,83.69,-0.5045080000000001,1.0354920000000019,0.896,125,0.5354920000000001,True,-0.5045080000000001,False,-0.5045080000000001,False,NMDC,False
2026-07-22,84.0,1.06,84.27,-1.062828,1.0571720000000018,0.888,125,0.527172,True,1.057172,True,-1.062828,False,NMDC,False
2026-07-24,82.0,1.34,82.13,-1.343612,-0.4436120000000002,0.064,125,-1.343612,False,-1.343612,False,-1.343612,False,NMDC,False
2026-07-29,85.0,2.51,84.95,-0.13357999999999967,0.47642000000000023,0.792,125,-0.13357999999999967,False,-0.13357999999999967,False,-0.13357999999999967,False,NMDC,False
2026-07-30,86.0,2.4,86.01,-0.0033279999999997686,0.6166720000000003,0.648,125,-0.0033279999999997686,False,-0.0033279999999997686,False,-0.0033279999999997686,False,NMDC,False
2026-07-31,85.0,2.1599999999999997,84.91,-2.1659079999999995,0.8340920000000003,0.784,125,-2.1659079999999995,False,-2.1659079999999995,False,-2.1659079999999995,False,NMDC,False
2026-08-03,85.0,2.05,85.02,0.11829600000000035,0.9382960000000001,0.76,125,0.11829600000000035,False,0.11829600000000035,False,0.11829600000000035,False,NMDC,False
2026-08-04,84.0,2.3,84.34,-2.3063,-0.08629999999999963,0.192,125,-2.3063,False,-2.3063,False,-2.3063,False,NMDC,False
2026-08-05,85.0,2.1999999999999997,84.87,-0.06203999999999938,0.22796000000000066,0.568,125,-0.06203999999999938,False,-0.06203999999999938,False,-0.06203999999999938,False,NMDC,False
2026-08-06,86.0,2.48,86.48,0.006196000000000019,0.4061960000000004,0.872,125,0.006196000000000019,False,0.006196000000000019,False,0.006196000000000019,False,NMDC,False
2026-08-07,85.0,2.27,85.14,-0.09234799999999962,0.047652000000000055,0.744,125,-0.09234799999999962,False,-0.09234799999999962,False,-0.09234799999999962,False,NMDC,False
2026-08-10,85.0,2.3,85.17,-0.15234799999999968,0.6576520000000003,0.72,125,-0.15234799999999968,False,-0.15234799999999968,False,-0.15234799999999968,False,NMDC,False
2026-08-11,86.0,2.3499999999999996,85.75,-0.45178799999999975,2.3382120000000004,0.648,125,1.163212,True,2.3382119999999995,True,-0.45178799999999975,False,NMDC,False
2026-08-12,86.0,2.6599999999999997,85.75,-0.034700000000001785,2.0253000000000005,0.5221238938053098,113,1.3152999999999997,True,-0.034700000000001785,False,-0.034700000000001785,False,NMDC,False
2026-08-13,85.0,2.53,85.49,-0.9015360000000021,1.1584640000000004,0.6781609195402298,87,-0.9015360000000021,False,-0.9015360000000021,False,-0.9015360000000021,False,NMDC,False
2026-08-14,84.0,2.23,84.25,-1.5978960000000022,0.4621040000000002,0.5901639344262295,61,-1.5978960000000022,False,-1.5978960000000022,False,-1.5978960000000022,False,NMDC,False
2026-08-17,82.0,1.61,81.67,-1.614368,0.18563199999999994,0.37142857142857144,35,-1.614368,False,-1.614368,False,-1.614368,False,NMDC,False
2026-08-10,340.0,4.25,342.45,0.07606000000000053,2.42606,0.872,125,2.10106,True,0.07606000000000053,False,0.07606000000000053,False,NTPC,False
2026-08-11,340.0,6.5,338.6,-1.6317799999999996,0.16822000000000017,0.872,125,-1.6317799999999996,False,-1.6317799999999996,False,-1.6317799999999996,False,NTPC,False
2026-08-12,340.0,5.35,339.0,-2.6723999999999997,1.3276000000000006,0.968,125,-2.6723999999999997,False,-2.6723999999999997,False,-2.6723999999999997,False,NTPC,False
2026-08-13,340.0,5.35,340.55,-0.8774399999999997,-0.027439999999999114,0.96,100,-0.8774399999999997,False,-0.8774399999999997,False,-0.8774399999999997,False,NTPC,False
2026-08-14,340.0,3.3,342.0,1.1783000000000001,2.0283000000000007,0.9864864864864865,74,1.6282999999999994,True,1.1783000000000001,False,1.1783000000000001,False,NTPC,False
2026-08-17,340.0,4.7,338.3,-0.22562000000000018,0.6243800000000004,0.9791666666666666,48,-0.22562000000000018,False,-0.22562000000000018,False,-0.22562000000000018,False,NTPC,False
2026-06-25,305.0,2.75,303.8,-2.75756,1.8924399999999888,0.096,125,1.36744,True,-2.75756,False,-2.75756,False,NYKAA,False
2026-06-29,307.5,2.05,306.55,-2.0555999999999996,7.394399999999999,0.16,125,1.0193999999999999,True,2.0444,True,4.094399999999999,True,NYKAA,False
2026-07-01,310.0,10.200000000000001,311.15,-10.228420000000002,0.1715799999999975,0.2,125,-10.228420000000002,False,-10.228420000000002,False,-10.228420000000002,False,NYKAA,False
2026-07-02,307.5,10.05,308.4,-10.078000000000001,-0.7780000000000018,0.008,125,-10.078000000000001,False,-10.078000000000001,False,-10.078000000000001,False,NYKAA,False
2026-07-03,315.0,10.450000000000001,315.75,-10.479120000000002,-0.5291200000000018,0.36,125,-10.479120000000002,False,-10.479120000000002,False,-10.479120000000002,False,NYKAA,False
2026-07-06,315.0,10.05,317.3,-10.078000000000001,-0.7780000000000018,0.256,125,-10.078000000000001,False,-10.078000000000001,False,-10.078000000000001,False,NYKAA,False
2026-07-07,315.0,9.600000000000001,314.0,-9.626740000000002,-0.7267400000000028,0.2,125,-9.626740000000002,False,-9.626740000000002,False,-9.626740000000002,False,NYKAA,False
2026-07-08,315.0,8.100000000000001,317.45,-8.12254,-0.2725400000000009,0.008,125,-8.12254,False,-8.12254,False,-8.12254,False,NYKAA,False
2026-07-09,330.0,9.200000000000001,323.8,-6.932059999999979,3.067939999999998,0.336,125,-6.932059999999979,False,-6.932059999999979,False,-6.932059999999979,False,NYKAA,False
2026-07-10,330.0,10.05,326.95,-3.197320000000012,1.3026799999999978,0.416,125,-3.197320000000012,False,-3.197320000000012,False,-3.197320000000012,False,NYKAA,False
2026-07-14,330.0,9.25,326.05,-2.79396,0.9060399999999993,0.528,125,-2.79396,False,-2.79396,False,-2.79396,False,NYKAA,False
2026-07-15,330.0,9.65,323.8,-4.292,0.05799999999999964,0.512,125,-4.292,False,-4.292,False,-4.292,False,NYKAA,False
2026-07-16,335.0,7.25,327.65,2.352819999999988,7.002820000000022,0.104,125,3.57782,True,2.352819999999988,False,2.352819999999988,False,NYKAA,False
2026-07-17,325.0,8.65,323.25,-0.8959199999999775,-0.8959199999999775,0.24,125,-0.8959199999999775,False,-0.8959199999999775,False,-0.8959199999999775,False,NYKAA,False
2026-07-20,330.0,8.600000000000001,324.5,-4.685000000000001,4.1650000000000205,0.616,125,-4.685000000000001,False,-4.685000000000001,False,-4.685000000000001,False,NYKAA,False
2026-07-22,340.0,10.200000000000001,333.5,1.9872800000000095,12.53728000000002,0.0,125,5.03728,True,10.13728,True,1.9872800000000095,False,NYKAA,False
2026-07-23,330.0,5.45,326.45,4.556739999999999,7.306740000000022,0.6,125,2.6817400000000005,True,5.40674,True,4.556739999999999,False,NYKAA,False
2026-07-24,320.0,4.85,320.0,-4.86344,-0.7134399999999993,0.072,125,-4.86344,False,-4.86344,False,-4.86344,False,NYKAA,False
2026-07-27,330.0,5.95,324.95,-5.96652,6.6834799999999985,0.608,125,2.9584800000000007,True,5.93348,True,-5.96652,False,NYKAA,False
2026-07-28,335.0,5.05,331.9,5.306879999999999,8.00688,0.328,125,2.4818799999999994,True,5.00688,True,5.306879999999999,False,NYKAA,False
2026-07-29,330.0,11.100000000000001,331.9,-11.13094,1.5190599999999972,0.408,125,-11.13094,False,-11.13094,False,-11.13094,False,NYKAA,False
2026-07-30,330.0,11.0,330.9,-11.03066,-0.0806600000000007,0.304,125,-11.03066,False,-11.03066,False,-11.03066,False,NYKAA,False
2026-07-31,335.0,11.450000000000001,337.1,-7.642700000000024,0.507299999999999,0.448,125,-7.642700000000024,False,-7.642700000000024,False,-7.642700000000024,False,NYKAA,False
2026-08-03,340.0,12.4,340.3,-2.512440000000001,0.8875599999999993,0.232,125,-2.512440000000001,False,-2.512440000000001,False,-2.512440000000001,False,NYKAA,False
2026-08-04,340.0,13.25,338.45,2.9175400000000105,2.9175400000000105,0.04,125,2.9175400000000105,False,2.9175400000000105,False,2.9175400000000105,False,NYKAA,False
2026-08-05,335.0,9.600000000000001,335.9,1.791199999999998,4.141200000000021,0.24,125,1.791199999999998,False,1.791199999999998,False,1.791199999999998,False,NYKAA,False
2026-08-06,330.0,9.8,331.6,-6.2872399999999775,-1.0372399999999788,0.424,125,-6.2872399999999775,False,-6.2872399999999775,False,-6.2872399999999775,False,NYKAA,False
2026-08-07,330.0,7.8999999999999995,329.55,-7.92198,1.42802,0.384,125,-7.92198,False,-7.92198,False,-7.92198,False,NYKAA,False
2026-08-10,330.0,7.45,331.0,-1.98612,1.8638799999999995,0.448,125,-1.98612,False,-1.98612,False,-1.98612,False,NYKAA,False
2026-08-11,325.0,7.05,324.25,-7.069599999999999,1.1804000000000001,0.456,125,-7.069599999999999,False,-7.069599999999999,False,-7.069599999999999,False,NYKAA,False
2026-08-12,320.0,5.25,322.15,-5.26456,-5.26456,0.0,123,-5.26456,False,-5.26456,False,-5.26456,False,NYKAA,False
2026-08-13,330.0,6.1,327.8,0.015839999999989196,1.4158400000000002,0.5670103092783505,97,0.015839999999989196,False,0.015839999999989196,False,0.015839999999989196,False,NYKAA,False
2026-08-14,330.0,6.3,329.5,-0.184720000000011,-0.08471999999998825,0.5492957746478874,71,-0.184720000000011,False,-0.184720000000011,False,-0.184720000000011,False,NYKAA,False
2026-08-17,330.0,7.1,328.0,-0.9869600000000108,-0.8869599999999881,0.28888888888888886,45,-0.9869600000000108,False,-0.9869600000000108,False,-0.9869600000000108,False,NYKAA,False
2026-06-25,1780.0,24.35,1770.6,-24.41804,42.331959999999995,0.408,125,12.106960000000004,True,24.28196,True,-24.41804,False,OBEROIRLTY,False
2026-06-30,1760.0,1.7,1762.0,-1.70462,57.24538,0.184,125,0.8453799999999999,True,1.6953799999999999,True,3.3953799999999994,True,OBEROIRLTY,False
2026-07-01,1780.0,60.05,1777.1,-60.217999999999996,6.532000000000003,0.136,125,-60.217999999999996,False,-60.217999999999996,False,-60.217999999999996,False,OBEROIRLTY,False
2026-07-02,1820.0,56.05,1825.7,-56.206799999999994,-0.10679999999999573,0.032,125,-56.206799999999994,False,-56.206799999999994,False,-56.206799999999994,False,OBEROIRLTY,False
2026-07-03,1880.0,67.05,1881.6,-10.447059999999995,-0.04705999999998861,0.112,125,-10.447059999999995,False,-10.447059999999995,False,-10.447059999999995,False,OBEROIRLTY,False
2026-07-06,1960.0,72.05,1967.3,-18.352940000000086,58.74706000000004,0.168,125,35.672059999999995,True,-18.352940000000086,False,-18.352940000000086,False,OBEROIRLTY,False
2026-07-07,1960.0,68.14999999999999,1961.6,11.933920000000008,62.58392000000004,0.056,125,33.65892,True,11.933920000000008,False,11.933920000000008,False,OBEROIRLTY,False
2026-07-08,1900.0,56.099999999999994,1892.6,-56.25693999999999,22.69306000000001,0.6,125,-56.25693999999999,False,-56.25693999999999,False,-56.25693999999999,False,OBEROIRLTY,False
2026-07-10,1880.0,51.9,1877.4,13.869740000000009,14.219740000000003,0.272,125,13.869740000000009,False,13.869740000000009,False,13.869740000000009,False,OBEROIRLTY,False
2026-07-13,1900.0,59.05,1905.9,-16.983779999999904,16.666220000000003,0.768,125,-16.983779999999904,False,-16.983779999999904,False,-16.983779999999904,False,OBEROIRLTY,False
2026-07-14,1940.0,69.25,1937.8,-19.135019999999997,18.364980000000003,0.096,125,-19.135019999999997,False,-19.135019999999997,False,-19.135019999999997,False,OBEROIRLTY,False
2026-07-15,1920.0,63.3,1929.6,0.2938400000000057,15.49384000000001,0.2,125,0.2938400000000057,False,0.2938400000000057,False,0.2938400000000057,False,OBEROIRLTY,False
2026-07-16,1880.0,56.55,1881.9,-4.405059999999994,9.594940000000006,0.904,125,-4.405059999999994,False,-4.405059999999994,False,-4.405059999999994,False,OBEROIRLTY,False
2026-07-17,1860.0,55.15,1860.8,3.380940000000095,3.380940000000095,0.336,125,3.380940000000095,False,3.380940000000095,False,3.380940000000095,False,OBEROIRLTY,False
2026-07-20,1860.0,59.5,1857.6,-29.80032,12.199680000000003,0.328,125,-29.80032,False,-29.80032,False,-29.80032,False,OBEROIRLTY,False
2026-07-21,1880.0,34.25,1889.5,2.4010600000000935,57.50106,0.336,125,16.92606,True,34.05106,True,2.4010600000000935,False,OBEROIRLTY,False
2026-07-22,1860.0,32.15,1856.0,32.52826,39.52826,0.464,125,15.803259999999996,True,31.878259999999997,True,32.52826,False,OBEROIRLTY,False
2026-07-23,1820.0,31.85,1827.5,19.3669,20.8669,0.64,125,15.691900000000004,True,19.3669,False,19.3669,False,OBEROIRLTY,False
2026-07-24,1800.0,18.05,1801.1,-18.1004,26.9996,0.096,125,8.974600000000002,True,17.9996,True,-18.1004,False,OBEROIRLTY,False
2026-07-27,1820.0,10.65,1830.0,29.108600000000006,43.75860000000001,0.712,125,5.183600000000001,True,10.5086,True,21.158600000000003,True,OBEROIRLTY,False
2026-07-28,1840.0,11.350000000000001,1843.1,-11.38164,54.468360000000004,0.96,125,5.64336,True,11.318360000000002,True,22.668360000000003,True,OBEROIRLTY,False
2026-07-29,1840.0,56.05,1831.7,4.771980000000051,9.471980000000011,0.816,125,4.771980000000051,False,4.771980000000051,False,4.771980000000051,False,OBEROIRLTY,False
2026-07-30,1820.0,47.699999999999996,1815.4,-0.8154399999999901,11.884560000000006,0.848,125,-0.8154399999999901,False,-0.8154399999999901,False,-0.8154399999999901,False,OBEROIRLTY,False
2026-07-31,1820.0,52.849999999999994,1827.1,-10.267819999999901,9.382180000000005,0.736,125,-10.267819999999901,False,-10.267819999999901,False,-10.267819999999901,False,OBEROIRLTY,False
2026-08-03,1820.0,46.949999999999996,1828.7,-5.448220000000038,15.301780000000004,0.552,125,-5.448220000000038,False,-5.448220000000038,False,-5.448220000000038,False,OBEROIRLTY,False
2026-08-05,1800.0,41.15,1810.0,-0.2302999999999929,13.569700000000005,0.848,125,-0.2302999999999929,False,-0.2302999999999929,False,-0.2302999999999929,False,OBEROIRLTY,False
2026-08-06,1780.0,40.05,1776.5,-4.861119999999992,1.7888800000000071,0.624,125,-4.861119999999992,False,-4.861119999999992,False,-4.861119999999992,False,OBEROIRLTY,False
2026-08-07,1780.0,38.199999999999996,1790.0,-38.306819999999995,3.2431800000000086,0.536,125,-38.306819999999995,False,-38.306819999999995,False,-38.306819999999995,False,OBEROIRLTY,False
2026-08-10,1780.0,41.25,1771.7,-41.36536,-0.36536,0.328,125,-41.36536,False,-41.36536,False,-41.36536,False,OBEROIRLTY,False
2026-08-11,1800.0,36.699999999999996,1796.1,-36.80262,13.497380000000009,0.344,125,-36.80262,False,-36.80262,False,-36.80262,False,OBEROIRLTY,False
2026-08-12,1780.0,32.05,1779.8,-32.139599999999994,7.060400000000006,0.23076923076923078,117,-32.139599999999994,False,-32.139599999999994,False,-32.139599999999994,False,OBEROIRLTY,False
2026-08-13,1780.0,30.85,1782.9,-30.93624,-3.0862400000000036,0.03296703296703297,91,-30.93624,False,-30.93624,False,-30.93624,False,OBEROIRLTY,False
2026-08-14,1840.0,36.099999999999994,1841.1,-36.200939999999996,-6.050939999999995,0.46153846153846156,65,-36.200939999999996,False,-36.200939999999996,False,-36.200939999999996,False,OBEROIRLTY,False
2026-08-17,1840.0,25.3,1838.2,-25.3707,1.8792999999999993,0.15384615384615385,39,-25.3707,False,-25.3707,False,-25.3707,False,OBEROIRLTY,False
2026-06-25,10500.0,199.75,10512.5,-200.30916,-140.35916,0.0,125,-200.30916,False,-200.30916,False,-200.30916,False,OFSS,False
2026-06-29,11000.0,187.9,11017.0,-188.42598,321.4240199999999,0.192,125,93.42402000000001,True,187.37402,True,-188.42598,False,OFSS,False
2026-06-30,10800.0,43.65,10840.0,-43.772079999999995,412.12792,0.152,125,21.702919999999995,True,43.52792,True,87.17791999999999,True,OFSS,False
2026-07-01,10700.0,452.05,10718.0,-453.3156,54.7344,0.016,125,-453.3156,False,-453.3156,False,-453.3156,False,OFSS,False
2026-07-02,11100.0,430.45,11139.0,-321.01578,17.584220000000023,0.512,125,-321.01578,False,-321.01578,False,-321.01578,False,OFSS,False
2026-07-03,11100.0,449.65000000000003,11064.0,-450.90888,-37.95888000000004,0.496,125,-450.90888,False,-450.90888,False,-450.90888,False,OFSS,False
2026-07-06,11300.0,381.05,11329.0,-382.1168,120.83319999999998,0.008,125,-382.1168,False,-382.1168,False,-382.1168,False,OFSS,False
2026-07-07,11100.0,380.05,11118.0,-381.11400000000003,23.835999999999977,0.312,125,-381.11400000000003,False,-381.11400000000003,False,-381.11400000000003,False,OFSS,False
2026-07-08,11100.0,375.05,11090.0,-376.1,24.499999999999954,0.152,125,-376.1,False,-376.1,False,-376.1,False,OFSS,False
2026-07-09,11000.0,399.8,10989.0,-400.9193,-16.019300000000033,0.008,125,-400.9193,False,-400.9193,False,-400.9193,False,OFSS,False
2026-07-10,11500.0,367.0,11485.0,-368.02746,31.922539999999987,0.056,125,-368.02746,False,-368.02746,False,-368.02746,False,OFSS,True
2026-07-13,11700.0,400.05,11671.0,-61.025080000000045,16.87491999999999,0.544,125,-61.025080000000045,False,-61.025080000000045,False,-61.025080000000045,False,OFSS,True
2026-07-14,11700.0,345.3,11713.0,14.121379999999967,42.12137999999997,0.576,125,14.121379999999967,False,14.121379999999967,False,14.121379999999967,False,OFSS,False
2026-07-15,11800.0,335.05,11776.0,-89.72946000000002,118.27053999999998,0.112,125,-89.72946000000002,False,-89.72946000000002,False,-89.72946000000002,False,OFSS,True
2026-07-16,11800.0,447.45,11769.0,357.98222000000004,571.98222,0.096,125,220.20721999999998,True,443.93222,True,357.98222000000004,False,OFSS,False
2026-07-17,11600.0,376.05,11588.0,388.69694000000004,1196.69694,0.336,125,184.82194000000004,True,372.84694,True,748.8969400000001,True,OFSS,False
2026-07-20,11700.0,374.90000000000003,11707.0,298.10776,1298.1077599999999,0.12,125,184.50776,True,371.95776,True,746.85776,True,OFSS,True
2026-07-21,11700.0,321.3,11679.0,29.762239999999977,1352.76224,0.064,125,158.76224000000002,True,319.41224,True,640.7122400000002,True,OFSS,True
2026-07-22,11600.0,349.90000000000003,11553.0,-350.87958000000003,1225.07042,0.024,125,173.97042,True,348.92042000000004,True,698.8204199999999,True,OFSS,False
2026-07-23,11000.0,359.1,10991.0,-360.10534,615.84466,0.12,125,178.54466000000008,True,358.09466000000003,True,-360.10534,False,OFSS,True
2026-07-24,10800.0,266.05,10832.0,-266.7948,-27.094800000000024,0.008,125,-266.7948,False,-266.7948,False,-266.7948,False,OFSS,False
2026-07-27,11000.0,174.5,11024.0,-174.98846,-62.33846,0.088,125,-174.98846,False,-174.98846,False,-174.98846,False,OFSS,False
2026-07-28,11300.0,90.64999999999999,11347.0,248.14432000000002,364.19432000000006,0.192,125,44.11932,True,89.44431999999999,True,180.09432,True,OFSS,True
2026-07-29,11700.0,441.1,11669.0,-342.6648,200.33520000000001,0.016,125,-342.6648,False,-342.6648,False,-342.6648,False,OFSS,True
2026-07-30,11400.0,475.0,11403.0,-476.32986,-28.37986000000001,0.224,125,-476.32986,False,-476.32986,False,-476.32986,False,OFSS,False
2026-07-31,11100.0,392.35,11057.0,-393.44844,36.50155999999997,0.064,125,-393.44844,False,-393.44844,False,-393.44844,False,OFSS,False
2026-08-03,11300.0,398.25,11295.0,-399.36496,1.6850400000000114,0.04,125,-399.36496,False,-399.36496,False,-399.36496,False,OFSS,False
2026-08-04,11500.0,408.0,11473.0,-409.14226,-6.192260000000012,0.032,125,-409.14226,False,-409.14226,False,-409.14226,False,OFSS,False
2026-08-05,11600.0,403.85,11634.0,-404.98064000000005,-34.030640000000034,0.04,125,-404.98064000000005,False,-404.98064000000005,False,-404.98064000000005,False,OFSS,False
2026-08-06,11800.0,350.05,11752.0,-122.72106000000002,61.77893999999998,0.44,125,-122.72106000000002,False,-122.72106000000002,False,-122.72106000000002,False,OFSS,False
2026-08-07,11700.0,371.2,11710.0,-58.171079999999996,32.52891999999999,0.488,125,-58.171079999999996,False,-58.171079999999996,False,-58.171079999999996,False,OFSS,False
2026-08-10,11800.0,377.05,11845.0,-117.13836000000002,88.11163999999998,0.376,125,-117.13836000000002,False,-117.13836000000002,False,-117.13836000000002,False,OFSS,False
2026-08-11,11900.0,335.05,11877.0,-61.20954,230.19046000000003,0.288,125,165.81546000000003,True,-61.20954,False,-61.20954,False,OFSS,False
2026-08-12,11800.0,297.55,11816.0,-248.57286000000002,168.42713999999998,0.48695652173913045,115,147.80214000000004,True,-248.57286000000002,False,-248.57286000000002,False,OFSS,False
2026-08-13,11600.0,270.05,11576.0,-270.806,111.54399999999995,0.2696629213483146,89,-270.806,False,-270.806,False,-270.806,False,OFSS,False
2026-08-14,11300.0,307.15000000000003,11333.0,-308.00988,-53.05988000000004,0.015873015873015872,63,-308.00988,False,-308.00988,False,-308.00988,False,OFSS,False
2026-08-17,11700.0,237.10000000000002,11746.0,-29.897400000000033,-15.397400000000035,0.05405405405405406,37,-29.897400000000033,False,-29.897400000000033,False,-29.897400000000033,False,OFSS,False
2026-08-10,460.0,11.65,459.45,-11.68248,3.467519999999998,0.176,125,-11.68248,False,-11.68248,False,-11.68248,False,OIL,False
2026-08-11,480.0,12.65,480.95,-2.5637000000000016,2.3862999999999994,0.528,125,-2.5637000000000016,False,-2.5637000000000016,False,-2.5637000000000016,False,OIL,False
2026-08-12,470.0,10.950000000000001,471.5,-10.98052,0.3694799999999986,0.375,120,-10.98052,False,-10.98052,False,-10.98052,False,OIL,False
2026-08-13,470.0,10.350000000000001,471.35,-10.378840000000002,-0.4788400000000028,0.24468085106382978,94,-10.378840000000002,False,-10.378840000000002,False,-10.378840000000002,False,OIL,False
2026-08-14,475.0,8.450000000000001,476.2,-8.47352,2.9764799999999982,0.6764705882352942,68,-8.47352,False,-8.47352,False,-8.47352,False,OIL,False
2026-08-17,470.0,7.55,472.0,-7.571,-7.571,0.0,42,-7.571,False,-7.571,False,-7.571,False,OIL,False
2026-08-10,240.0,5.56,240.16,-1.546739999999996,-0.3367399999999996,0.88,125,-1.546739999999996,False,-1.546739999999996,False,-1.546739999999996,False,ONGC,False
2026-08-11,242.5,3.6199999999999997,243.1,0.5682160000000003,3.4582160000000064,0.496,125,1.788216,True,0.5682160000000003,False,0.5682160000000003,False,ONGC,False
2026-08-12,240.0,3.65,240.33,-1.336604,1.583396,0.8974358974358975,117,-1.336604,False,-1.336604,False,-1.336604,False,ONGC,False
2026-08-13,240.0,4.3999999999999995,239.11,-2.0887039999999994,0.8312960000000005,0.8681318681318682,91,-2.0887039999999994,False,-2.0887039999999994,False,-2.0887039999999994,False,ONGC,False
2026-08-14,237.5,2.59,238.72,-2.5971119999999996,1.4028880000000001,0.6461538461538462,65,1.287888,True,-2.5971119999999996,False,-2.5971119999999996,False,ONGC,False
2026-08-17,237.5,3.1199999999999997,237.38,-3.1285959999999995,-0.4585959999999993,0.41025641025641024,39,-3.1285959999999995,False,-3.1285959999999995,False,-3.1285959999999995,False,ONGC,False
2026-06-25,415.0,5.1499999999999995,414.1,7.00156,7.851559999999999,0.304,125,2.5265600000000004,True,5.101559999999999,True,7.00156,False,PATANJALI,False
2026-06-29,410.0,2.4,410.4,-2.40658,8.993419999999999,0.592,125,1.1934199999999997,True,2.39342,True,4.793419999999999,True,PATANJALI,False
2026-06-30,410.0,2.05,410.8,-2.0555999999999996,9.344399999999998,0.416,125,1.0193999999999999,True,2.0444,True,4.094399999999999,True,PATANJALI,False
2026-07-01,415.0,12.25,414.15,-8.345220000000001,0.7547799999999989,0.728,125,-8.345220000000001,False,-8.345220000000001,False,-8.345220000000001,False,PATANJALI,False
2026-07-02,415.0,13.05,414.9,-9.247180000000023,-0.34718000000000065,0.696,125,-9.247180000000023,False,-9.247180000000023,False,-9.247180000000023,False,PATANJALI,False
2026-07-03,415.0,11.0,413.65,-1.756700000000001,1.6933,0.656,125,-1.756700000000001,False,-1.756700000000001,False,-1.756700000000001,False,PATANJALI,False
2026-07-06,415.0,11.55,415.6,-6.995080000000023,-0.19508000000000206,0.584,125,-6.995080000000023,False,-6.995080000000023,False,-6.995080000000023,False,PATANJALI,False
2026-07-07,415.0,10.200000000000001,414.7,-3.2480199999999897,1.1519799999999976,0.392,125,-3.2480199999999897,False,-3.2480199999999897,False,-3.2480199999999897,False,PATANJALI,False
2026-07-08,410.0,8.75,410.4,5.5354599999999765,5.5354599999999765,0.656,125,4.31046,True,5.5354599999999765,False,5.5354599999999765,False,PATANJALI,False
2026-07-09,415.0,11.15,413.0,54.53439999999999,67.88440000000001,0.176,125,5.359400000000001,True,10.9344,True,22.084400000000006,True,PATANJALI,False
2026-07-10,415.0,10.05,413.35,58.77866000000003,68.97866000000002,0.136,125,4.803660000000001,True,9.828660000000001,True,19.87866,True,PATANJALI,False
2026-07-13,410.0,8.55,411.1,59.98370000000002,66.08369999999998,0.264,125,4.0587,True,8.3337,True,16.8837,True,PATANJALI,False
2026-07-14,410.0,9.8,408.8,61.27306000000003,64.82305999999998,0.064,125,4.67306,True,9.57306,True,19.373060000000002,True,PATANJALI,False
2026-07-15,395.0,7.5,395.6,50.21701999999999,52.16701999999998,0.0,125,3.56702,True,7.31702,True,14.81702,True,PATANJALI,False
2026-07-16,350.0,19.85,349.05,-5.246600000000002,-2.996600000000002,0.048,125,-5.246600000000002,False,-5.246600000000002,False,-5.246600000000002,False,PATANJALI,True
2026-07-17,345.0,14.5,345.9,-5.8149599999999895,-1.6149600000000008,0.16,125,-5.8149599999999895,False,-5.8149599999999895,False,-5.8149599999999895,False,PATANJALI,False
2026-07-20,340.0,9.65,341.2,-9.67688,0.9731199999999982,0.616,125,-9.67688,False,-9.67688,False,-9.67688,False,PATANJALI,False
2026-07-21,340.0,10.200000000000001,338.65,-10.228420000000002,-0.17842000000000213,0.424,125,-10.228420000000002,False,-10.228420000000002,False,-10.228420000000002,False,PATANJALI,False
2026-07-22,335.0,8.8,337.05,-8.8245,-0.7745000000000017,0.296,125,-8.8245,False,-8.8245,False,-8.8245,False,PATANJALI,False
2026-07-23,335.0,9.5,335.25,-9.52646,-2.9264599999999996,0.104,125,-9.52646,False,-9.52646,False,-9.52646,False,PATANJALI,False
2026-07-24,335.0,4.45,336.2,-4.46232,1.73768,0.056,125,-4.46232,False,-4.46232,False,-4.46232,False,PATANJALI,False
2026-07-27,345.0,7.55,345.25,-7.571,7.328999999999999,0.472,125,3.7539999999999996,True,-7.571,False,-7.571,False,PATANJALI,False
2026-07-28,345.0,4.05,346.15,-4.0611999999999995,10.838799999999997,0.272,125,2.0137999999999994,True,4.0388,True,8.088799999999997,True,PATANJALI,False
2026-07-29,345.0,13.25,345.65,-13.28696,1.6130399999999985,0.096,125,-13.28696,False,-13.28696,False,-13.28696,False,PATANJALI,False
2026-07-30,355.0,16.150000000000002,357.25,-2.732880000000002,-0.5328800000000029,0.632,125,-2.732880000000002,False,-2.732880000000002,False,-2.732880000000002,False,PATANJALI,False
2026-07-31,355.0,15.05,354.8,-11.751380000000024,0.5986199999999986,0.656,125,-11.751380000000024,False,-11.751380000000024,False,-11.751380000000024,False,PATANJALI,False
2026-08-03,355.0,14.15,353.2,-1.3256000000000019,0.7743999999999996,0.664,125,-1.3256000000000019,False,-1.3256000000000019,False,-1.3256000000000019,False,PATANJALI,False
2026-08-04,360.0,13.450000000000001,359.2,-8.252219999999989,2.0477799999999977,0.2,125,-8.252219999999989,False,-8.252219999999989,False,-8.252219999999989,False,PATANJALI,False
2026-08-05,360.0,14.15,359.0,-5.663419999999978,0.7365799999999989,0.032,125,-5.663419999999978,False,-5.663419999999978,False,-5.663419999999978,False,PATANJALI,False
2026-08-06,355.0,13.100000000000001,356.25,-4.062020000000024,1.8379799999999986,0.744,125,-4.062020000000024,False,-4.062020000000024,False,-4.062020000000024,False,PATANJALI,False
2026-08-07,350.0,13.05,352.45,-2.266780000000001,-0.016780000000001072,0.256,125,-2.266780000000001,False,-2.266780000000001,False,-2.266780000000001,False,PATANJALI,False
2026-08-10,355.0,12.950000000000001,354.85,-9.24661999999999,2.753379999999999,0.4,125,-9.24661999999999,False,-9.24661999999999,False,-9.24661999999999,False,PATANJALI,False
2026-08-11,355.0,12.4,355.0,-5.20488,3.29512,0.312,125,-5.20488,False,-5.20488,False,-5.20488,False,PATANJALI,False
2026-08-12,350.0,10.05,350.45,-3.9452200000000004,3.004779999999999,0.6097560975609756,123,-3.9452200000000004,False,-3.9452200000000004,False,-3.9452200000000004,False,PATANJALI,False
2026-08-13,350.0,10.55,349.85,-4.44662,2.503379999999999,0.7422680412371134,97,-4.44662,False,-4.44662,False,-4.44662,False,PATANJALI,False
2026-08-14,350.0,10.5,350.45,-4.3964799999999995,2.253519999999999,0.6901408450704225,71,-4.3964799999999995,False,-4.3964799999999995,False,-4.3964799999999995,False,PATANJALI,False
2026-08-17,350.0,13.0,351.6,-6.90348,-4.403480000000002,0.5333333333333333,45,-6.90348,False,-6.90348,False,-6.90348,False,PATANJALI,False
2026-08-10,1480.0,45.099999999999994,1484.0,-45.226139999999994,-45.226139999999994,0.0,125,-45.226139999999994,False,-45.226139999999994,False,-45.226139999999994,False,PAYTM,False
2026-08-11,1600.0,40.05,1596.4,-7.902579999999996,10.197420000000006,0.568,125,-7.902579999999996,False,-7.902579999999996,False,-7.902579999999996,False,PAYTM,True
2026-08-12,1620.0,41.15,1611.7,20.511460000000003,20.71146000000005,0.6949152542372882,118,20.286459999999995,True,20.511460000000003,False,20.511460000000003,False,PAYTM,False
2026-08-13,1600.0,33.05,1608.7,8.690140000000005,8.89014000000005,0.391304347826087,92,8.690140000000005,False,8.690140000000005,False,8.690140000000005,False,PAYTM,False
2026-08-14,1640.0,48.3,1636.2,33.28544000000001,33.485440000000054,0.3333333333333333,66,23.78543999999999,True,33.28544000000001,False,33.28544000000001,False,PAYTM,False
2026-08-17,1600.0,34.849999999999994,1609.8,6.885100000000008,7.085100000000054,0.6,40,6.885100000000008,False,6.885100000000008,False,6.885100000000008,False,PAYTM,False
2026-06-25,287.5,2.8499999999999996,286.35,8.709679999999977,9.909680000000023,0.016,125,1.38468,True,2.8096799999999997,True,5.659679999999999,True,PETRONET,False
2026-06-29,280.0,1.8,281.05,3.480260000000023,5.580260000000001,0.336,125,0.88026,True,1.78026,True,3.5802600000000004,True,PETRONET,False
2026-07-01,280.0,7.0,280.05,-1.3354199999999998,0.36458000000000035,0.168,125,-1.3354199999999998,False,-1.3354199999999998,False,-1.3354199999999998,False,PETRONET,False
2026-07-02,280.0,7.3,279.0,-3.481080000000022,1.818919999999988,0.032,125,-3.481080000000022,False,-3.481080000000022,False,-3.481080000000022,False,PETRONET,False
2026-07-03,275.0,5.5,275.5,-5.51526,3.4347399999999992,0.504,125,2.73474,True,-5.51526,False,-5.51526,False,PETRONET,False
2026-07-06,275.0,5.45,274.25,-0.27968,3.470319999999999,0.456,125,2.6953200000000006,True,-0.27968,False,-0.27968,False,PETRONET,False
2026-07-07,275.0,5.05,275.95,-5.064,3.8859999999999997,0.296,125,2.5109999999999997,True,-5.064,False,-5.064,False,PETRONET,False
2026-07-08,275.0,6.05,273.65,-6.0668,2.8831999999999995,0.304,125,-6.0668,False,-6.0668,False,-6.0668,False,PETRONET,False
2026-07-09,275.0,6.8,274.25,-6.8189,-0.8688999999999997,0.112,125,-6.8189,False,-6.8189,False,-6.8189,False,PETRONET,False
2026-07-10,280.0,6.1,280.4,1.2623399999999891,1.3123400000000005,0.4,125,1.2623399999999891,False,1.2623399999999891,False,1.2623399999999891,False,PETRONET,False
2026-07-13,275.0,5.3999999999999995,276.0,-1.0272999999999992,0.7727000000000007,0.416,125,-1.0272999999999992,False,-1.0272999999999992,False,-1.0272999999999992,False,PETRONET,False
2026-07-14,275.0,5.05,276.25,-1.4740799999999998,1.1259200000000003,0.504,125,-1.4740799999999998,False,-1.4740799999999998,False,-1.4740799999999998,False,PETRONET,False
2026-07-15,280.0,6.1499999999999995,279.15,-2.8763199999999767,1.3736800000000233,0.184,125,-2.8763199999999767,False,-2.8763199999999767,False,-2.8763199999999767,False,PETRONET,False
2026-07-16,277.5,5.1499999999999995,276.85,1.4670999999999894,2.317100000000012,0.376,125,1.4670999999999894,False,1.4670999999999894,False,1.4670999999999894,False,PETRONET,False
2026-07-17,275.0,5.85,273.25,-1.827579999999977,1.2224199999999776,0.432,125,-1.827579999999977,False,-1.827579999999977,False,-1.827579999999977,False,PETRONET,False
2026-07-20,275.0,4.1499999999999995,275.5,-3.2639999999999993,2.935999999999978,0.432,125,2.0610000000000004,True,-3.2639999999999993,False,-3.2639999999999993,False,PETRONET,False
2026-07-21,275.0,3.65,275.95,-0.3194599999999998,3.4305399999999775,0.432,125,1.8055399999999997,True,-0.3194599999999998,False,-0.3194599999999998,False,PETRONET,False
2026-07-22,277.5,4.95,276.85,-3.9665199999999885,4.6334799999999765,0.136,125,2.4584800000000007,True,-3.9665199999999885,False,-3.9665199999999885,False,PETRONET,False
2026-07-23,275.0,2.75,273.7,-2.75756,4.342439999999978,0.688,125,1.36744,True,2.74244,True,-2.75756,False,PETRONET,False
2026-07-24,272.5,4.5,270.45,-4.51246,-0.51246,0.032,125,-4.51246,False,-4.51246,False,-4.51246,False,PETRONET,False
2026-07-27,275.0,1.1500000000000001,274.7,-1.15308,5.34692,0.512,125,0.57192,True,1.1469200000000002,True,2.2969199999999996,True,PETRONET,False
2026-07-28,275.0,2.15,272.05,-2.15588,4.344119999999999,0.312,125,1.0691199999999996,True,2.14412,True,4.294119999999999,True,PETRONET,False
2026-07-29,275.0,7.6,275.9,-7.62114,-1.1211399999999996,0.184,125,-7.62114,False,-7.62114,False,-7.62114,False,PETRONET,False
2026-07-30,280.0,5.75,278.9,0.017799999999999823,1.8178000000000005,0.904,125,0.017799999999999823,False,0.017799999999999823,False,0.017799999999999823,False,PETRONET,False
2026-07-31,275.0,5.3999999999999995,277.45,-5.41498,-5.41498,0.0,125,-5.41498,False,-5.41498,False,-5.41498,False,PETRONET,False
2026-08-03,285.0,7.0,282.75,0.6091199999999888,2.509119999999999,0.08,125,0.6091199999999888,False,0.6091199999999888,False,0.6091199999999888,False,PETRONET,False
2026-08-04,280.0,5.6499999999999995,282.5,-0.23093999999999928,1.919060000000001,0.792,125,-0.23093999999999928,False,-0.23093999999999928,False,-0.23093999999999928,False,PETRONET,False
2026-08-05,280.0,5.8999999999999995,282.2,-0.7309399999999993,1.469060000000001,0.712,125,-0.7309399999999993,False,-0.7309399999999993,False,-0.7309399999999993,False,PETRONET,False
2026-08-06,280.0,5.45,280.65,-1.3765999999999996,1.9234000000000002,0.712,125,-1.3765999999999996,False,-1.3765999999999996,False,-1.3765999999999996,False,PETRONET,False
2026-08-10,275.0,7.3999999999999995,277.3,-7.420579999999999,-1.7205799999999993,0.408,125,-7.420579999999999,False,-7.420579999999999,False,-7.420579999999999,False,PETRONET,False
2026-08-11,275.0,5.2,274.5,-5.2144200000000005,0.33557999999999966,0.256,125,-5.2144200000000005,False,-5.2144200000000005,False,-5.2144200000000005,False,PETRONET,False
2026-08-12,280.0,6.2,280.3,-6.21722,-0.01722,0.5169491525423728,118,-6.21722,False,-6.21722,False,-6.21722,False,PETRONET,False
2026-08-13,280.0,4.95,281.4,-4.96372,1.23628,0.3804347826086957,92,-4.96372,False,-4.96372,False,-4.96372,False,PETRONET,False
2026-08-14,280.0,4.8,279.2,-4.8133,-0.11329999999999965,0.4090909090909091,66,-4.8133,False,-4.8133,False,-4.8133,False,PETRONET,False
2026-08-17,285.0,4.8,283.75,-1.9712799999999997,0.37872000000000033,0.875,40,-1.9712799999999997,False,-1.9712799999999997,False,-1.9712799999999997,False,PETRONET,False
2026-08-10,405.0,7.95,406.3,20.49794000000002,22.69794000000001,0.016,125,3.8729400000000003,True,7.84794,True,15.797940000000002,True,PFC,False
2026-08-11,385.0,7.5,383.2,2.0522599999999764,5.052259999999976,0.224,125,3.70226,True,2.0522599999999764,False,2.0522599999999764,False,PFC,False
2026-08-12,380.0,8.25,379.4,-2.2897599999999887,1.0602399999999996,0.8225806451612904,124,-2.2897599999999887,False,-2.2897599999999887,False,-2.2897599999999887,False,PFC,False
2026-08-13,375.0,5.95,375.2,-1.6286999999999996,0.6713000000000002,0.8775510204081632,98,-1.6286999999999996,False,-1.6286999999999996,False,-1.6286999999999996,False,PFC,False
2026-08-14,380.0,6.55,377.6,-0.5849999999999883,1.7649999999999997,0.6944444444444444,72,-0.5849999999999883,False,-0.5849999999999883,False,-0.5849999999999883,False,PFC,False
2026-08-17,370.0,4.45,372.35,-4.46232,-4.46232,0.0,46,-4.46232,False,-4.46232,False,-4.46232,False,PFC,False
2026-06-25,550.0,6.3,554.65,-6.3175,17.7825,0.384,125,3.1324999999999994,True,6.2825,True,12.582499999999998,True,PGEL,False
2026-06-29,540.0,2.8499999999999996,543.0,-2.8578399999999995,19.44216,0.232,125,1.4171599999999998,True,2.84216,True,5.692159999999999,True,PGEL,False
2026-06-30,530.0,3.05,533.25,-3.0584,-1.2583999999999997,0.152,125,-3.0584,False,-3.0584,False,-3.0584,False,PGEL,False
2026-07-01,540.0,23.150000000000002,540.45,-23.21468,-0.9146800000000014,0.024,125,-23.21468,False,-23.21468,False,-23.21468,False,PGEL,False
2026-07-02,560.0,22.05,562.0,-22.1116,-0.1616000000000014,0.568,125,-22.1116,False,-22.1116,False,-22.1116,False,PGEL,False
2026-07-03,560.0,19.2,561.4,-19.253619999999998,1.8963799999999993,0.368,125,-19.253619999999998,False,-19.253619999999998,False,-19.253619999999998,False,PGEL,False
2026-07-06,560.0,18.85,558.0,-18.90264,2.2473599999999974,0.168,125,-18.90264,False,-18.90264,False,-18.90264,False,PGEL,False
2026-07-07,570.0,19.05,574.5,-19.1032,0.49679999999999713,0.072,125,-19.1032,False,-19.1032,False,-19.1032,False,PGEL,False
2026-07-08,570.0,18.8,571.9,-18.8525,0.7474999999999972,0.056,125,-18.8525,False,-18.8525,False,-18.8525,False,PGEL,True
2026-07-09,580.0,19.5,581.45,-19.55446,1.8955399999999993,0.328,125,-19.55446,False,-19.55446,False,-19.55446,False,PGEL,False
2026-07-10,590.0,24.35,586.55,-24.41804,-2.1680400000000013,0.224,125,-24.41804,False,-24.41804,False,-24.41804,False,PGEL,True
2026-07-13,580.0,20.05,579.7,-20.106,-3.956000000000002,0.008,125,-20.106,False,-20.106,False,-20.106,False,PGEL,False
2026-07-14,590.0,17.650000000000002,591.4,-17.69928,3.300719999999998,0.056,125,-17.69928,False,-17.69928,False,-17.69928,False,PGEL,True
2026-07-15,600.0,15.3,602.95,-3.8250399999999787,4.374959999999999,0.216,125,-3.8250399999999787,False,-3.8250399999999787,False,-3.8250399999999787,False,PGEL,False
2026-07-16,600.0,14.950000000000001,603.0,-0.5821800000000018,13.317819999999976,0.024,125,7.3928199999999995,True,-0.5821800000000018,False,-0.5821800000000018,False,PGEL,False
2026-07-17,620.0,17.2,615.45,35.55372,35.55372,0.128,125,8.403719999999998,True,17.003719999999998,True,34.20371999999999,True,PGEL,False
2026-07-20,610.0,15.05,608.55,16.26994,31.869940000000028,0.328,125,7.394940000000002,True,14.91994,True,29.969940000000005,True,PGEL,False
2026-07-21,620.0,13.05,617.35,26.951180000000047,43.85118000000003,0.0,125,6.376180000000002,True,12.90118,True,25.951180000000004,True,PGEL,False
2026-07-22,590.0,9.5,588.4,19.34248,19.34248,0.04,125,4.64248,True,9.39248,True,18.89248,True,PGEL,False
2026-07-23,590.0,10.25,585.5,-10.27856,18.67144,0.096,125,5.09644,True,10.22144,True,-10.27856,False,PGEL,False
2026-07-24,570.0,6.45,567.0,-6.46792,2.1320799999999993,0.24,125,-6.46792,False,-6.46792,False,-6.46792,False,PGEL,False
2026-07-27,580.0,3.5999999999999996,578.5,-3.6099399999999995,3.740059999999978,0.304,125,1.7900599999999998,True,3.59006,True,-3.6099399999999995,False,PGEL,False
2026-07-28,580.0,2.3499999999999996,579.8,-2.3564399999999996,4.993559999999978,0.104,125,1.1685599999999998,True,2.3435599999999996,True,4.69356,True,PGEL,False
2026-07-29,590.0,29.05,586.55,-29.1312,-0.18120000000000142,0.064,125,-29.1312,False,-29.1312,False,-29.1312,False,PGEL,False
2026-07-30,610.0,32.25,613.7,-1.6263999999999994,-1.3763999999999994,0.36,125,-1.6263999999999994,False,-1.6263999999999994,False,-1.6263999999999994,False,PGEL,True
2026-07-31,620.0,33.15,616.25,-25.06564,-1.5156399999999985,0.552,125,-25.06564,False,-25.06564,False,-25.06564,False,PGEL,False
2026-08-03,620.0,31.1,617.1,-31.18694,0.5630599999999986,0.416,125,-31.18694,False,-31.18694,False,-31.18694,False,PGEL,False
2026-08-04,620.0,30.400000000000002,616.25,-11.338740000000003,1.2112599999999978,0.344,125,-11.338740000000003,False,-11.338740000000003,False,-11.338740000000003,False,PGEL,False
2026-08-05,620.0,31.05,624.2,-13.536220000000002,-0.5362200000000021,0.376,125,-13.536220000000002,False,-13.536220000000002,False,-13.536220000000002,False,PGEL,True
2026-08-06,610.0,27.35,607.05,-13.764800000000003,3.3351999999999995,0.424,125,-13.764800000000003,False,-13.764800000000003,False,-13.764800000000003,False,PGEL,False
2026-08-07,620.0,24.0,620.25,-5.718580000000001,0.2814199999999986,0.736,125,-5.718580000000001,False,-5.718580000000001,False,-5.718580000000001,False,PGEL,False
2026-08-10,620.0,15.3,624.7,5.5985,8.998499999999998,0.912,125,7.548500000000002,True,5.5985,False,5.5985,False,PGEL,False
2026-08-11,620.0,16.45,620.25,3.3982200000000002,8.048219999999978,0.76,125,3.3982200000000002,False,3.3982200000000002,False,3.3982200000000002,False,PGEL,False
2026-08-12,620.0,20.2,619.45,3.3273600000000454,4.677359999999954,0.6666666666666666,114,3.3273600000000454,False,3.3273600000000454,False,3.3273600000000454,False,PGEL,False
2026-08-13,610.0,15.05,609.15,-1.4802199999999561,4.969779999999997,0.8863636363636364,88,-1.4802199999999561,False,-1.4802199999999561,False,-1.4802199999999561,False,PGEL,False
2026-08-14,610.0,12.600000000000001,608.95,0.9766400000000433,7.426639999999996,0.8387096774193549,62,6.226640000000001,True,0.9766400000000433,False,0.9766400000000433,False,PGEL,False
2026-08-17,600.0,12.9,595.35,1.4735599999999989,2.3735599999999994,0.8333333333333334,36,1.4735599999999989,False,1.4735599999999989,False,1.4735599999999989,False,PGEL,False
2026-06-25,1920.0,22.900000000000002,1928.4,-22.963980000000003,1.4860199999999972,0.128,125,-22.963980000000003,False,-22.963980000000003,False,-22.963980000000003,False,PHOENIXLTD,False
2026-06-29,1900.0,8.100000000000001,1908.9,-8.12254,4.427459999999997,0.144,125,4.0274600000000005,True,-8.12254,False,-8.12254,False,PHOENIXLTD,False
2026-07-02,2000.0,58.05,1993.9,-58.212399999999995,7.437600000000009,0.152,125,-58.212399999999995,False,-58.212399999999995,False,-58.212399999999995,False,PHOENIXLTD,False
2026-07-06,2060.0,61.849999999999994,2050.7,-62.023039999999995,-0.07303999999999147,0.248,125,-62.023039999999995,False,-62.023039999999995,False,-62.023039999999995,False,PHOENIXLTD,False
2026-07-07,2120.0,172.60000000000002,2115.4,-173.08314000000001,-69.03314000000012,0.2,125,-173.08314000000001,False,-173.08314000000001,False,-173.08314000000001,False,PHOENIXLTD,False
2026-07-08,2060.0,61.0,2061.4,-61.17066,-2.220659999999997,0.176,125,-61.17066,False,-61.17066,False,-61.17066,False,PHOENIXLTD,False
2026-07-09,2060.0,69.39999999999999,2067.9,-69.59418,-11.794179999999987,0.048,125,-69.59418,False,-69.59418,False,-69.59418,False,PHOENIXLTD,False
2026-07-10,2100.0,51.3,2109.6,-32.74599999999981,4.954000000000005,0.088,125,-32.74599999999981,False,-32.74599999999981,False,-32.74599999999981,False,PHOENIXLTD,False
2026-07-13,2120.0,51.599999999999994,2119.0,-12.90339999999999,6.0966000000000085,0.264,125,-12.90339999999999,False,-12.90339999999999,False,-12.90339999999999,False,PHOENIXLTD,False
2026-07-14,2140.0,54.5,2146.8,15.101680000000004,23.10168,0.288,125,15.101680000000004,False,15.101680000000004,False,15.101680000000004,False,PHOENIXLTD,False
2026-07-15,2140.0,57.55,2137.0,24.009540000000005,24.009540000000005,0.168,125,24.009540000000005,False,24.009540000000005,False,24.009540000000005,False,PHOENIXLTD,False
2026-07-16,2100.0,40.05,2109.1,-0.3238599999999943,30.476139999999962,0.08,125,19.80114,True,-0.3238599999999943,False,-0.3238599999999943,False,PHOENIXLTD,False
2026-07-17,2080.0,41.75,2074.1,48.42969999999991,51.52970000000005,0.344,125,20.5047,True,41.3797,True,48.42969999999991,False,PHOENIXLTD,False
2026-07-20,2060.0,38.9,2069.2,-11.73535999999991,34.56464000000005,0.328,125,19.264639999999996,True,-11.73535999999991,False,-11.73535999999991,False,PHOENIXLTD,False
2026-07-22,2100.0,39.05,2092.7,132.80793999999997,132.80793999999997,0.0,125,18.93294,True,38.45794,True,77.50793999999999,True,PHOENIXLTD,False
2026-07-23,2040.0,22.5,2045.0,121.98127999999998,124.48127999999998,0.368,125,10.78128,True,22.03128,True,44.53128,True,PHOENIXLTD,False
2026-07-24,1980.0,11.850000000000001,1986.3,70.53554000000004,88.13553999999995,0.032,125,5.660540000000001,True,11.585540000000002,True,23.435540000000003,True,PHOENIXLTD,False
2026-07-27,2040.0,11.15,2043.9,118.80394000000007,148.70393999999993,0.24,125,5.178940000000001,True,10.75394,True,21.903940000000006,True,PHOENIXLTD,False
2026-07-28,2040.0,14.05,2038.9,87.57534000000001,145.87533999999994,0.08,125,6.700340000000002,True,13.725340000000001,True,27.775340000000003,True,PHOENIXLTD,False
2026-07-29,1920.0,69.25,1928.5,-69.44376,-6.0437599999999945,0.336,125,-69.44376,False,-69.44376,False,-69.44376,False,PHOENIXLTD,False
2026-07-30,1900.0,56.05,1892.5,-56.206799999999994,3.393200000000004,0.248,125,-56.206799999999994,False,-56.206799999999994,False,-56.206799999999994,False,PHOENIXLTD,False
2026-07-31,1900.0,42.5,1899.0,-4.775119999999998,11.374880000000001,0.224,125,-4.775119999999998,False,-4.775119999999998,False,-4.775119999999998,False,PHOENIXLTD,False
2026-08-03,1880.0,49.4,1885.6,-49.53818,-49.53818,0.0,125,-49.53818,False,-49.53818,False,-49.53818,False,PHOENIXLTD,False
2026-08-04,1920.0,65.14999999999999,1920.2,-29.881819999999987,-20.48181999999999,0.264,125,-29.881819999999987,False,-29.881819999999987,False,-29.881819999999987,False,PHOENIXLTD,False
2026-08-05,1960.0,45.05,1962.0,31.558540000000004,39.35853999999996,0.024,125,22.18353999999999,True,31.558540000000004,False,31.558540000000004,False,PHOENIXLTD,False
2026-08-06,1920.0,42.05,1923.4,-10.00790000000004,9.592100000000004,0.36,125,-10.00790000000004,False,-10.00790000000004,False,-10.00790000000004,False,PHOENIXLTD,False
2026-08-07,1900.0,33.599999999999994,1906.5,-1.1353599999999886,12.064640000000008,0.68,125,-1.1353599999999886,False,-1.1353599999999886,False,-1.1353599999999886,False,PHOENIXLTD,False
2026-08-11,1920.0,32.05,1925.0,-32.139599999999994,19.710400000000003,0.392,125,15.935399999999998,True,-32.139599999999994,False,-32.139599999999994,False,PHOENIXLTD,False
2026-08-12,1900.0,37.8,1892.0,-37.905699999999996,7.944300000000005,0.788135593220339,118,-37.905699999999996,False,-37.905699999999996,False,-37.905699999999996,False,PHOENIXLTD,False
2026-08-13,1900.0,34.4,1891.5,-34.496179999999995,4.053820000000005,0.7282608695652174,92,-34.496179999999995,False,-34.496179999999995,False,-34.496179999999995,False,PHOENIXLTD,False
2026-08-14,1900.0,31.8,1890.9,-31.8889,3.2611000000000048,0.6212121212121212,66,-31.8889,False,-31.8889,False,-31.8889,False,PHOENIXLTD,False
2026-08-17,1880.0,21.6,1877.0,-21.66034,3.1396599999999992,0.275,40,-21.66034,False,-21.66034,False,-21.66034,False,PHOENIXLTD,False
2026-06-25,1600.0,19.55,1600.6,-19.6046,27.3454,0.496,125,9.720400000000001,True,19.4954,True,-19.6046,False,PIDILITIND,False
2026-06-29,1600.0,12.950000000000001,1602.5,-12.986120000000001,33.96388,0.384,125,6.438879999999999,True,12.91388,True,25.863879999999998,True,PIDILITIND,False
2026-06-30,1600.0,9.100000000000001,1596.3,-9.125340000000001,37.82466,0.32,125,4.524660000000001,True,9.074660000000002,True,18.174660000000003,True,PIDILITIND,False
2026-07-02,1600.0,49.55,1585.8,-10.099759999999995,0.15024000000000567,0.128,125,-10.099759999999995,False,-10.099759999999995,False,-10.099759999999995,False,PIDILITIND,False
2026-07-03,1620.0,33.15,1620.4,11.13272,20.682719999999915,0.76,125,16.357719999999997,True,11.13272,False,11.13272,False,PIDILITIND,False
2026-07-06,1610.0,38.65,1609.3,-0.21629999999995042,11.783700000000007,0.648,125,-0.21629999999995042,False,-0.21629999999995042,False,-0.21629999999995042,False,PIDILITIND,False
2026-07-07,1610.0,34.05,1611.0,14.268859999999915,16.36886000000001,0.512,125,14.268859999999915,False,14.268859999999915,False,14.268859999999915,False,PIDILITIND,False
2026-07-09,1580.0,42.05,1577.25,-26.561419999999952,2.138580000000004,0.28,125,-26.561419999999952,False,-26.561419999999952,False,-26.561419999999952,False,PIDILITIND,False
2026-07-10,1600.0,26.05,1596.65,11.421780000000048,24.921780000000048,0.344,125,12.846780000000003,True,11.421780000000048,False,11.421780000000048,False,PIDILITIND,False
2026-07-13,1580.0,26.05,1570.7,9.078360000000004,18.12836,0.648,125,12.853360000000002,True,9.078360000000004,False,9.078360000000004,False,PIDILITIND,False
2026-07-14,1580.0,32.55,1567.9,-5.267859999999998,11.632140000000005,0.776,125,-5.267859999999998,False,-5.267859999999998,False,-5.267859999999998,False,PIDILITIND,False
2026-07-15,1600.0,42.0,1585.6,-4.572879999999994,1.7271200000000029,0.304,125,-4.572879999999994,False,-4.572879999999994,False,-4.572879999999994,False,PIDILITIND,False
2026-07-16,1560.0,24.1,1564.3,-24.167340000000003,3.632659999999999,0.32,125,-24.167340000000003,False,-24.167340000000003,False,-24.167340000000003,False,PIDILITIND,False
2026-07-17,1580.0,41.05,1566.7,-14.689140000000089,-0.08913999999999123,0.624,125,-14.689140000000089,False,-14.689140000000089,False,-14.689140000000089,False,PIDILITIND,False
2026-07-20,1560.0,23.55,1564.3,-23.6158,4.134199999999999,0.256,125,-23.6158,False,-23.6158,False,-23.6158,False,PIDILITIND,False
2026-07-21,1580.0,32.65,1575.05,-32.741279999999996,6.208720000000004,0.304,125,-32.741279999999996,False,-32.741279999999996,False,-32.741279999999996,False,PIDILITIND,False
2026-07-23,1590.0,21.75,1584.0,-21.81076,27.139240000000004,0.2,125,10.81424,True,21.68924,True,-21.81076,False,PIDILITIND,False
2026-07-24,1550.0,10.3,1553.4,-10.328700000000001,10.121299999999998,0.064,125,5.121300000000001,True,-10.328700000000001,False,-10.328700000000001,False,PIDILITIND,False
2026-07-27,1610.0,16.900000000000002,1597.0,-16.947180000000003,3.3528199999999986,0.168,125,-16.947180000000003,False,-16.947180000000003,False,-16.947180000000003,False,PIDILITIND,False
2026-07-29,1620.0,47.05,1617.2,-15.321059999999997,1.3789400000000085,0.64,125,-15.321059999999997,False,-15.321059999999997,False,-15.321059999999997,False,PIDILITIND,False
2026-07-30,1620.0,38.599999999999994,1630.0,-38.707939999999994,6.492060000000008,0.48,125,-38.707939999999994,False,-38.707939999999994,False,-38.707939999999994,False,PIDILITIND,False
2026-07-31,1620.0,34.05,1623.8,-34.145199999999996,11.054800000000006,0.336,125,-34.145199999999996,False,-34.145199999999996,False,-34.145199999999996,False,PIDILITIND,False
2026-08-03,1640.0,35.05,1630.9,-35.147999999999996,21.852000000000004,0.56,125,17.427,True,-35.147999999999996,False,-35.147999999999996,False,PIDILITIND,False
2026-08-04,1640.0,45.099999999999994,1647.8,-45.226139999999994,11.773860000000006,0.352,125,-45.226139999999994,False,-45.226139999999994,False,-45.226139999999994,False,PIDILITIND,False
2026-08-05,1620.0,40.05,1627.6,-40.162,-40.162,0.0,125,-40.162,False,-40.162,False,-40.162,False,PIDILITIND,False
2026-08-06,1660.0,44.05,1655.1,-44.173199999999994,-7.623199999999993,0.336,125,-44.173199999999994,False,-44.173199999999994,False,-44.173199999999994,False,PIDILITIND,False
2026-08-07,1680.0,28.0,1670.9,-28.07826,19.121740000000003,0.728,125,13.92174,True,-28.07826,False,-28.07826,False,PIDILITIND,False
2026-08-10,1660.0,36.699999999999996,1660.9,-36.80262,-9.602619999999996,0.096,125,-36.80262,False,-36.80262,False,-36.80262,False,PIDILITIND,False
2026-08-11,1680.0,31.05,1677.2,-8.550220000000001,3.949780000000005,0.472,125,-8.550220000000001,False,-8.550220000000001,False,-8.550220000000001,False,PIDILITIND,False
2026-08-12,1700.0,33.15,1691.4,-0.8835399999999958,7.916459999999959,0.8064516129032258,124,-0.8835399999999958,False,-0.8835399999999958,False,-0.8835399999999958,False,PIDILITIND,False
2026-08-13,1700.0,27.150000000000002,1690.2,5.133260000000001,13.933259999999954,0.7551020408163265,98,13.408259999999999,True,5.133260000000001,False,5.133260000000001,False,PIDILITIND,False
2026-08-14,1680.0,24.8,1687.3,-12.454160000000002,-1.85416,0.3055555555555556,72,-12.454160000000002,False,-12.454160000000002,False,-12.454160000000002,False,PIDILITIND,False
2026-08-17,1700.0,19.900000000000002,1698.0,12.40356,21.203559999999957,0.4782608695652174,46,9.80356,True,19.753560000000004,True,12.40356,False,PIDILITIND,False
2026-08-10,2750.0,95.05,2760.0,169.39073999999997,182.29074000000006,0.336,125,46.515739999999994,True,94.04074,True,169.39073999999997,False,PIIND,False
2026-08-11,2750.0,95.05,2741.6,171.88374,188.9837399999999,0.192,125,46.50873999999999,True,94.03374,True,171.88374,False,PIIND,False
2026-08-12,2600.0,80.05,2616.3,13.213500000000186,59.5134999999999,0.08130081300813008,123,39.53849999999999,True,13.213500000000186,False,13.213500000000186,False,PIIND,False
2026-08-13,2500.0,74.0,2489.1,-38.257999999999996,2.392000000000003,0.8762886597938144,97,-38.257999999999996,False,-38.257999999999996,False,-38.257999999999996,False,PIIND,False
2026-08-14,2500.0,42.05,2475.2,-6.218539999999993,23.481460000000002,0.8309859154929577,71,20.806459999999998,True,-6.218539999999993,False,-6.218539999999993,False,PIIND,False
2026-08-17,2450.0,32.849999999999994,2464.9,-32.94183999999999,2.7081600000000114,0.2,45,-32.94183999999999,False,-32.94183999999999,False,-32.94183999999999,False,PIIND,False
2026-08-10,114.0,2.44,114.45,-2.446692,-0.026691999999999574,0.312,125,-2.446692,False,-2.446692,False,-2.446692,False,PNB,False
2026-08-11,113.0,2.29,112.95,-2.296272,0.04372800000000027,0.072,125,-2.296272,False,-2.296272,False,-2.296272,False,PNB,False
2026-08-12,117.0,2.3099999999999996,116.79,-0.7507239999999995,0.32927600000000073,0.29508196721311475,122,-0.7507239999999995,False,-0.7507239999999995,False,-0.7507239999999995,False,PNB,False
2026-08-13,118.0,2.65,117.88,-1.8994079999999978,-0.08940799999999963,0.59375,96,-1.8994079999999978,False,-1.8994079999999978,False,-1.8994079999999978,False,PNB,False
2026-08-14,118.0,2.17,118.2,-1.4180639999999978,0.39193600000000034,0.5142857142857142,70,-1.4180639999999978,False,-1.4180639999999978,False,-1.4180639999999978,False,PNB,False
2026-08-17,116.0,1.48,116.14,-1.4840039999999999,0.5859960000000003,0.2727272727272727,44,-1.4840039999999999,False,-1.4840039999999999,False,-1.4840039999999999,False,PNB,False
2026-06-25,1070.0,13.600000000000001,1073.8,-13.637940000000002,30.812060000000002,0.0,125,6.762060000000001,True,13.56206,True,27.162060000000004,True,PNBHOUSING,False
2026-06-29,1040.0,10.05,1043.1,-10.078000000000001,22.122000000000003,0.344,125,4.997000000000001,True,10.022,True,20.072000000000003,True,PNBHOUSING,False
2026-06-30,1030.0,7.45,1033.2,-7.47072,-2.3707199999999995,0.072,125,-7.47072,False,-7.47072,False,-7.47072,False,PNBHOUSING,False
2026-07-01,1040.0,32.05,1044.1,-32.139599999999994,-32.139599999999994,0.0,125,-32.139599999999994,False,-32.139599999999994,False,-32.139599999999994,False,PNBHOUSING,False
2026-07-02,1050.0,34.55,1051.4,-34.6466,0.10340000000000284,0.12,125,-34.6466,False,-34.6466,False,-34.6466,False,PNBHOUSING,False
2026-07-03,1080.0,37.949999999999996,1068.1,-38.05611999999999,9.393880000000006,0.232,125,-38.05611999999999,False,-38.05611999999999,False,-38.05611999999999,False,PNBHOUSING,False
2026-07-06,1080.0,41.099999999999994,1075.0,-41.21493999999999,6.235060000000009,0.136,125,-41.21493999999999,False,-41.21493999999999,False,-41.21493999999999,False,PNBHOUSING,False
2026-07-07,1100.0,45.05,1084.5,-32.3619799999999,9.888020000000004,0.24,125,-32.3619799999999,False,-32.3619799999999,False,-32.3619799999999,False,PNBHOUSING,False
2026-07-08,1100.0,44.3,1084.9,-35.399240000000084,10.650760000000005,0.208,125,-35.399240000000084,False,-35.399240000000084,False,-35.399240000000084,False,PNBHOUSING,False
2026-07-09,1100.0,45.05,1083.5,-40.23985999999999,9.910140000000004,0.168,125,-40.23985999999999,False,-40.23985999999999,False,-40.23985999999999,False,PNBHOUSING,False
2026-07-14,1120.0,45.15,1090.0,1.841419999999959,5.141420000000005,0.568,125,1.841419999999959,False,1.841419999999959,False,1.841419999999959,False,PNBHOUSING,False
2026-07-17,1100.0,36.0,1080.2,6.529639999999958,18.229640000000003,0.392,125,17.77964,True,6.529639999999958,False,6.529639999999958,False,PNBHOUSING,False
2026-07-20,1120.0,41.05,1093.8,2.5624200000000963,33.162420000000004,0.24,125,20.287419999999997,True,2.5624200000000963,False,2.5624200000000963,False,PNBHOUSING,False
2026-07-21,1120.0,41.599999999999994,1087.8,-1.1801599999999461,32.61984000000001,0.184,125,20.569839999999996,True,-1.1801599999999461,False,-1.1801599999999461,False,PNBHOUSING,False
2026-07-22,1100.0,33.65,1078.1,-8.26562000000009,20.634380000000004,0.68,125,16.659379999999995,True,-8.26562000000009,False,-8.26562000000009,False,PNBHOUSING,False
2026-07-23,1100.0,30.400000000000002,1076.6,22.21704000000009,23.81704,0.504,125,14.967039999999999,True,22.21704000000009,False,22.21704000000009,False,PNBHOUSING,False
2026-07-24,1060.0,11.05,1064.9,43.366319999999995,50.81632,0.624,125,5.341320000000002,True,10.86632,True,21.916320000000006,True,PNBHOUSING,False
2026-07-27,1080.0,13.350000000000001,1068.1,6.0082999999999975,48.7083,0.496,125,6.5833,True,13.258300000000002,True,26.608300000000003,True,PNBHOUSING,False
2026-07-28,1100.0,22.5,1077.8,38.366060000000004,50.6160600000001,0.352,125,11.01606,True,22.26606,True,44.76606,True,PNBHOUSING,False
2026-07-29,1080.0,48.05,1074.4,0.17980000000000285,16.179800000000004,0.656,125,0.17980000000000285,False,0.17980000000000285,False,0.17980000000000285,False,PNBHOUSING,False
2026-07-30,1040.0,47.599999999999994,1047.1,-47.73313999999999,3.06686000000001,0.288,125,-47.73313999999999,False,-47.73313999999999,False,-47.73313999999999,False,PNBHOUSING,False
2026-07-31,1040.0,34.05,1037.8,-34.145199999999996,10.754800000000008,0.088,125,-34.145199999999996,False,-34.145199999999996,False,-34.145199999999996,False,PNBHOUSING,False
2026-08-03,1060.0,49.449999999999996,1060.5,-49.588319999999996,4.111680000000007,0.128,125,-49.588319999999996,False,-49.588319999999996,False,-49.588319999999996,False,PNBHOUSING,False
2026-08-04,1080.0,49.65,1074.9,-49.78888,14.711120000000001,0.2,125,-49.78888,False,-49.78888,False,-49.78888,False,PNBHOUSING,False
2026-08-05,1120.0,49.05,1120.1,-49.1872,-13.837199999999996,0.12,125,-49.1872,False,-49.1872,False,-49.1872,False,PNBHOUSING,False
2026-08-06,1140.0,32.3,1147.7,-32.390299999999996,8.75970000000001,0.488,125,-32.390299999999996,False,-32.390299999999996,False,-32.390299999999996,False,PNBHOUSING,False
2026-08-07,1140.0,31.0,1146.0,-31.08666,10.063340000000006,0.456,125,-31.08666,False,-31.08666,False,-31.08666,False,PNBHOUSING,False
2026-08-10,1160.0,27.650000000000002,1152.3,-2.547980000000002,11.552019999999999,0.984,125,-2.547980000000002,False,-2.547980000000002,False,-2.547980000000002,False,PNBHOUSING,False
2026-08-11,1140.0,24.0,1141.5,-7.5634,5.1366,0.4,125,-7.5634,False,-7.5634,False,-7.5634,False,PNBHOUSING,False
2026-08-12,1160.0,23.25,1152.5,-8.406820000000002,9.343180000000002,0.8571428571428571,119,-8.406820000000002,False,-8.406820000000002,False,-8.406820000000002,False,PNBHOUSING,False
2026-08-13,1160.0,26.45,1161.9,-11.615779999999999,6.134220000000004,0.8172043010752689,93,-11.615779999999999,False,-11.615779999999999,False,-11.615779999999999,False,PNBHOUSING,False
2026-08-14,1160.0,22.8,1157.4,-7.955560000000001,9.794440000000002,0.7611940298507462,67,-7.955560000000001,False,-7.955560000000001,False,-7.955560000000001,False,PNBHOUSING,False
2026-08-17,1140.0,20.0,1136.0,-4.050799999999999,0.1492,0.8536585365853658,41,-4.050799999999999,False,-4.050799999999999,False,-4.050799999999999,False,PNBHOUSING,False
2026-08-10,1600.0,42.0,1603.2,-42.11746,5.8325400000000025,0.024,125,-42.11746,False,-42.11746,False,-42.11746,False,POLICYBZR,False
2026-08-11,1640.0,49.65,1648.8,-49.78888,-49.78888,0.0,125,-49.78888,False,-49.78888,False,-49.78888,False,POLICYBZR,False
2026-08-12,1700.0,43.55,1707.5,-43.6718,-0.7217999999999943,0.12389380530973451,113,-43.6718,False,-43.6718,False,-43.6718,False,POLICYBZR,False
2026-08-13,1720.0,47.3,1723.7,-47.4323,-13.232299999999995,0.06896551724137931,87,-47.4323,False,-47.4323,False,-47.4323,False,POLICYBZR,False
2026-08-14,1740.0,38.599999999999994,1734.8,-13.030039999999994,1.6699600000000085,0.8032786885245902,61,-13.030039999999994,False,-13.030039999999994,False,-13.030039999999994,False,POLICYBZR,False
2026-08-17,1740.0,31.55,1747.6,-5.960300000000001,3.639700000000001,0.6571428571428571,35,-5.960300000000001,False,-5.960300000000001,False,-5.960300000000001,False,POLICYBZR,False
2026-08-10,9300.0,162.8,9279.0,-5.698100000000012,107.75189999999998,0.776,125,80.5019,True,-5.698100000000012,False,-5.698100000000012,False,POLYCAB,False
2026-08-11,9200.0,195.05,9211.5,-195.596,1.9039999999999886,0.248,125,-195.596,False,-195.596,False,-195.596,False,POLYCAB,False
2026-08-12,9200.0,169.60000000000002,9152.5,-60.43260000000002,5.867399999999977,0.28688524590163933,122,-60.43260000000002,False,-60.43260000000002,False,-60.43260000000002,False,POLYCAB,False
2026-08-13,9300.0,151.15,9328.5,-77.33154,29.918459999999982,0.7395833333333334,96,-77.33154,False,-77.33154,False,-77.33154,False,POLYCAB,False
2026-08-14,9300.0,158.10000000000002,9297.0,-84.30100000000002,22.948999999999966,0.6571428571428571,70,-84.30100000000002,False,-84.30100000000002,False,-84.30100000000002,False,POLYCAB,False
2026-08-17,9200.0,163.25,9247.5,-54.06482,-46.01482,0.13636363636363635,44,-54.06482,False,-54.06482,False,-54.06482,False,POLYCAB,False
2026-06-25,287.5,2.25,287.7,-2.25616,4.543839999999999,0.848,125,1.11884,True,2.24384,True,4.49384,True,POWERGRID,False
2026-06-29,285.0,3.1999999999999997,285.35,1.5278800000000003,2.27788,0.232,125,1.5778800000000002,True,1.5278800000000003,False,1.5278800000000003,False,POWERGRID,False
2026-06-30,287.5,2.5,287.8,3.67578,4.27578,0.848,125,1.22578,True,2.47578,True,3.67578,False,POWERGRID,False
2026-07-01,285.0,5.25,286.25,-0.029259999999999998,0.22074,0.304,125,-0.029259999999999998,False,-0.029259999999999998,False,-0.029259999999999998,False,POWERGRID,False
2026-07-02,285.0,5.7,285.6,0.21752,0.36752000000000035,0.44,125,0.21752,False,0.21752,False,0.21752,False,POWERGRID,False
2026-07-03,290.0,5.55,289.5,2.0133199999999776,4.913320000000011,0.328,125,2.7383199999999994,True,2.0133199999999776,False,2.0133199999999776,False,POWERGRID,False
2026-07-06,285.0,5.6,286.2,-1.3774399999999996,0.5725600000000005,0.776,125,-1.3774399999999996,False,-1.3774399999999996,False,-1.3774399999999996,False,POWERGRID,False
2026-07-07,285.0,5.95,285.05,-1.9777200000000001,0.22228,0.848,125,-1.9777200000000001,False,-1.9777200000000001,False,-1.9777200000000001,False,POWERGRID,False
2026-07-08,285.0,4.8999999999999995,284.8,-1.0743599999999993,1.2756400000000008,0.92,125,-1.0743599999999993,False,-1.0743599999999993,False,-1.0743599999999993,False,POWERGRID,False
2026-07-09,282.5,5.3999999999999995,282.1,-0.8278599999999989,0.6721400000000011,0.664,125,-0.8278599999999989,False,-0.8278599999999989,False,-0.8278599999999989,False,POWERGRID,False
2026-07-10,282.5,5.1,282.35,-0.4771599999999993,0.9728400000000009,0.664,125,-0.4771599999999993,False,-0.4771599999999993,False,-0.4771599999999993,False,POWERGRID,False
2026-07-13,285.0,5.2,284.75,-1.6743599999999998,1.0756399999999997,0.816,125,-1.6743599999999998,False,-1.6743599999999998,False,-1.6743599999999998,False,POWERGRID,False
2026-07-14,285.0,4.45,284.6,-4.46232,1.8376799999999995,0.632,125,-4.46232,False,-4.46232,False,-4.46232,False,POWERGRID,False
2026-07-15,285.0,4.0,284.55,-1.1191799999999996,2.28082,0.52,125,1.98082,True,-1.1191799999999996,False,-1.1191799999999996,False,POWERGRID,False
2026-07-16,282.5,4.2,281.5,-4.21162,0.7883799999999999,0.368,125,-4.21162,False,-4.21162,False,-4.21162,False,POWERGRID,False
2026-07-17,282.5,4.6,281.7,-4.61274,-0.3627399999999996,0.168,125,-4.61274,False,-4.61274,False,-4.61274,False,POWERGRID,False
2026-07-20,285.0,3.8499999999999996,284.9,-3.8606399999999996,-0.41063999999999945,0.16,125,-3.8606399999999996,False,-3.8606399999999996,False,-3.8606399999999996,False,POWERGRID,False
2026-07-21,290.0,3.8,289.25,0.327879999999989,1.8278800000000006,0.848,125,0.327879999999989,False,0.327879999999989,False,0.327879999999989,False,POWERGRID,False
2026-07-22,285.0,2.9499999999999997,284.85,3.4738200000000004,3.4738200000000004,0.224,125,1.44882,True,2.9238199999999996,True,3.4738200000000004,False,POWERGRID,False
2026-07-23,290.0,2.9499999999999997,289.4,2.376899999999978,5.776900000000011,0.632,125,1.4519000000000002,True,2.9269,True,2.376899999999978,False,POWERGRID,False
2026-07-24,287.5,2.5999999999999996,287.55,-1.186129999999977,5.73887,0.68,125,1.2888699999999997,True,2.5888699999999996,True,5.18887,True,POWERGRID,False
2026-07-27,290.0,1.8,289.0,2.233760000000023,6.933760000000011,0.248,125,0.8837600000000001,True,1.78376,True,3.5837600000000003,True,POWERGRID,False
2026-07-28,285.0,1.55,285.8,-1.5542,6.2458,0.928,125,0.7708000000000002,True,1.5458,True,3.0958000000000006,True,POWERGRID,False
2026-07-29,282.5,6.05,283.75,0.06598000000000054,0.46598,0.32,125,0.06598000000000054,False,0.06598000000000054,False,0.06598000000000054,False,POWERGRID,False
2026-07-30,285.0,6.8,284.6,0.8096800000000005,1.2096799999999992,0.968,125,0.8096800000000005,False,0.8096800000000005,False,0.8096800000000005,False,POWERGRID,False
2026-07-31,285.0,5.8999999999999995,286.025,9.041620000000012,9.041620000000012,0.792,125,2.89162,True,5.84162,True,9.041620000000012,False,POWERGRID,False
2026-08-03,285.0,5.85,285.9,8.294,9.294,0.592,125,2.868999999999999,True,5.794,True,8.294,False,POWERGRID,False
2026-08-04,285.0,5.8999999999999995,285.3,7.9446999999999885,9.9947,0.4,125,2.8947000000000003,True,5.8447,True,7.9446999999999885,False,POWERGRID,False
2026-08-05,285.0,7.3,284.3,10.729019999999975,10.729019999999975,0.2,125,3.5790199999999994,True,7.22902,True,10.729019999999975,False,POWERGRID,False
2026-08-06,272.5,5.55,273.55,0.6671000000000001,1.7171,0.608,125,0.6671000000000001,False,0.6671000000000001,False,0.6671000000000001,False,POWERGRID,False
2026-08-07,270.0,6.1,270.6,-1.5796799999999998,0.1703200000000002,0.912,125,-1.5796799999999998,False,-1.5796799999999998,False,-1.5796799999999998,False,POWERGRID,False
2026-08-10,270.0,4.45,269.7,0.42396000000000017,1.8239599999999996,0.976,125,0.42396000000000017,False,0.42396000000000017,False,0.42396000000000017,False,POWERGRID,False
2026-08-11,270.0,4.2,268.9,0.12620000000000037,2.0761999999999996,0.928,125,0.12620000000000037,False,0.12620000000000037,False,0.12620000000000037,False,POWERGRID,False
2026-08-12,267.5,4.25,267.1,-1.81862,0.43138000000000015,0.9421487603305785,121,-1.81862,False,-1.81862,False,-1.81862,False,POWERGRID,False
2026-08-13,267.5,3.65,267.4,-1.2169399999999997,0.28306000000000026,1.0,95,-1.2169399999999997,False,-1.2169399999999997,False,-1.2169399999999997,False,POWERGRID,False
2026-08-14,267.5,3.5999999999999996,266.65,-1.1667999999999994,0.1832000000000006,1.0,69,-1.1667999999999994,False,-1.1667999999999994,False,-1.1667999999999994,False,POWERGRID,False
2026-08-17,265.0,2.8499999999999996,266.25,-2.8578399999999995,-0.5078399999999995,0.11627906976744186,43,-2.8578399999999995,False,-2.8578399999999995,False,-2.8578399999999995,False,POWERGRID,False
2026-06-25,34500.0,591.9,34395.0,2422.92296,2422.92296,0.696,125,285.8229599999999,True,581.77296,True,1173.6729599999996,True,POWERINDIA,False
2026-06-29,33500.0,225.0,33505.0,1324.96628,2739.9662799999996,0.08,125,107.51628,True,220.01628,True,445.01628,True,POWERINDIA,False
2026-06-30,34500.0,216.60000000000002,34585.0,2415.3518,3745.3518,0.416,125,100.30180000000001,True,208.60180000000003,True,425.20180000000005,True,POWERINDIA,False
2026-07-01,34500.0,1200.1,34700.0,1199.742,2759.7419999999997,0.328,125,589.942,True,1189.992,True,2390.0919999999996,True,POWERINDIA,False
2026-07-02,33500.0,1276.55,33530.0,46.10194000000009,1686.1019399999998,0.024,125,630.9769399999999,True,1269.2519399999999,True,46.10194000000009,False,POWERINDIA,False
2026-07-03,31500.0,1573.8,31475.0,-1578.2065,213.4935000000001,0.2,125,-1578.2065,False,-1578.2065,False,-1578.2065,False,POWERINDIA,False
2026-07-06,32000.0,1379.95,31945.0,-286.94358,77.9564200000001,0.52,125,-286.94358,False,-286.94358,False,-286.94358,False,POWERINDIA,False
2026-07-07,32000.0,1286.8,31860.0,-93.81275999999991,171.08724000000018,0.584,125,-93.81275999999991,False,-93.81275999999991,False,-93.81275999999991,False,POWERINDIA,False
2026-07-08,32000.0,1365.2,32090.0,-1369.02242,95.8275800000001,0.456,125,-1369.02242,False,-1369.02242,False,-1369.02242,False,POWERINDIA,False
2026-07-09,32000.0,1099.5,32170.0,-1102.57846,155.97153999999995,0.296,125,-1102.57846,False,-1102.57846,False,-1102.57846,False,POWERINDIA,False
2026-07-10,32500.0,1225.05,32655.0,-1228.48,214.12000000000018,0.504,125,-1228.48,False,-1228.48,False,-1228.48,False,POWERINDIA,False
2026-07-13,32000.0,1104.6499999999999,31985.0,-1107.7428799999998,150.80712000000008,0.368,125,-1107.7428799999998,False,-1107.7428799999998,False,-1107.7428799999998,False,POWERINDIA,False
2026-07-14,31500.0,950.05,31670.0,-952.7099999999999,42.240000000000094,0.04,125,-952.7099999999999,False,-952.7099999999999,False,-952.7099999999999,False,POWERINDIA,False
2026-07-15,33000.0,1008.0999999999999,32920.0,-109.7030399999999,333.79696000000007,0.432,125,-109.7030399999999,False,-109.7030399999999,False,-109.7030399999999,False,POWERINDIA,False
2026-07-16,33000.0,895.0,33100.0,-84.83771999999996,447.46228,0.464,125,442.71228,True,-84.83771999999996,False,-84.83771999999996,False,POWERINDIA,False
2026-07-17,33000.0,789.05,32965.0,240.7929400000001,553.09294,0.496,125,389.4179399999999,True,240.7929400000001,False,240.7929400000001,False,POWERINDIA,False
2026-07-20,32500.0,836.6999999999999,32350.0,711.5535200000002,711.5535200000002,0.88,125,411.65352,True,711.5535200000002,False,711.5535200000002,False,POWERINDIA,False
2026-07-21,32000.0,810.25,32060.0,354.15558000000004,354.15558000000004,0.72,125,354.15558000000004,False,354.15558000000004,False,354.15558000000004,False,POWERINDIA,False
2026-07-22,32500.0,855.8499999999999,32575.0,797.0559000000002,1072.0559,0.48,125,420.88089999999994,True,848.8059,True,797.0559000000002,False,POWERINDIA,False
2026-07-23,32000.0,587.25,32185.0,1111.28198,1111.28198,0.568,125,287.20698,True,580.83198,True,1111.28198,False,POWERINDIA,False
2026-07-24,32000.0,460.35,31965.0,-461.63884,1333.6111600000002,0.52,125,228.88616000000007,True,459.06116000000003,True,919.4111600000001,True,POWERINDIA,False
2026-07-27,31000.0,520.05,30945.0,-521.506,969.6440000000001,0.432,125,258.56899999999996,True,518.5939999999999,True,-521.506,False,POWERINDIA,False
2026-07-28,31000.0,80.05,30830.0,-80.274,1410.8760000000002,0.392,125,39.800999999999995,True,79.826,True,159.87599999999998,True,POWERINDIA,False
2026-07-29,31000.0,1327.0,30840.0,-1330.71546,160.43454000000008,0.192,125,-1330.71546,False,-1330.71546,False,-1330.71546,False,POWERINDIA,False
2026-07-30,31500.0,1292.25,31300.0,-1295.86816,276.83184000000006,0.192,125,-1295.86816,False,-1295.86816,False,-1295.86816,False,POWERINDIA,False
2026-07-31,32500.0,1200.05,32565.0,351.97270000000003,485.9227000000001,1.0,125,351.97270000000003,False,351.97270000000003,False,351.97270000000003,False,POWERINDIA,False
2026-08-03,32000.0,1230.1,32145.0,-1233.54414,171.40586000000013,0.416,125,-1233.54414,False,-1233.54414,False,-1233.54414,False,POWERINDIA,False
2026-08-04,32500.0,1420.05,32400.0,-1424.026,269.6740000000001,0.824,125,-1424.026,False,-1424.026,False,-1424.026,False,POWERINDIA,False
2026-08-05,32500.0,1490.25,32410.0,-1494.42256,199.27744000000004,0.616,125,-1494.42256,False,-1494.42256,False,-1494.42256,False,POWERINDIA,False
2026-08-06,32000.0,1129.6,31920.0,-1132.76274,272.18726000000015,0.2,125,-1132.76274,False,-1132.76274,False,-1132.76274,False,POWERINDIA,False
2026-08-07,32500.0,1249.3,32410.0,-1252.7979,152.7521,0.2,125,-1252.7979,False,-1252.7979,False,-1252.7979,False,POWERINDIA,False
2026-08-10,35500.0,1540.05,35415.0,-1544.3619999999999,-213.21199999999988,0.72,125,-1544.3619999999999,False,-1544.3619999999999,False,-1544.3619999999999,False,POWERINDIA,False
2026-08-11,35500.0,1064.75,35610.0,-483.17251999999996,261.7774800000001,0.872,125,-483.17251999999996,False,-483.17251999999996,False,-483.17251999999996,False,POWERINDIA,False
2026-08-12,35000.0,921.05,35200.0,-923.6288,-147.22879999999986,0.017699115044247787,113,-923.6288,False,-923.6288,False,-923.6288,False,POWERINDIA,False
2026-08-13,36000.0,784.4,35785.0,-88.60603999999994,443.64396000000005,0.8735632183908046,87,388.0439599999999,True,-88.60603999999994,False,-88.60603999999994,False,POWERINDIA,False
2026-08-14,36000.0,900.0999999999999,35810.0,-204.62999999999985,311.22,0.8360655737704918,61,-204.62999999999985,False,-204.62999999999985,False,-204.62999999999985,False,POWERINDIA,False
2026-08-17,35500.0,683.3,35525.0,81.53398000000014,81.53398000000014,0.9714285714285714,35,81.53398000000014,False,81.53398000000014,False,81.53398000000014,False,POWERINDIA,False
2026-08-10,1040.0,29.95,1043.2,-9.341820000000045,-1.0418199999999984,0.632,125,-9.341820000000045,False,-9.341820000000045,False,-9.341820000000045,False,PREMIERENE,False
2026-08-11,1040.0,22.6,1041.8,-4.364520000000025,6.33548,0.488,125,-4.364520000000025,False,-4.364520000000025,False,-4.364520000000025,False,PREMIERENE,False
2026-08-12,1040.0,21.25,1048.2,0.8783399999999539,7.278339999999999,0.30701754385964913,114,0.8783399999999539,False,0.8783399999999539,False,0.8783399999999539,False,PREMIERENE,False
2026-08-13,1040.0,27.75,1034.1,-5.639860000000046,0.060139999999999416,0.2808988764044944,89,-5.639860000000046,False,-5.639860000000046,False,-5.639860000000046,False,PREMIERENE,False
2026-08-14,1020.0,16.55,1021.8,2.3007399999999985,7.3007399999999985,1.0,63,2.3007399999999985,False,2.3007399999999985,False,2.3007399999999985,False,PREMIERENE,False
2026-08-17,1020.0,20.5,1013.5,-1.6603200000000007,-0.21032000000000142,1.0,37,-1.6603200000000007,False,-1.6603200000000007,False,-1.6603200000000007,False,PREMIERENE,False
2026-06-25,380.0,6.05,378.35,15.971319999999976,18.471319999999977,0.016,125,2.9463199999999996,True,5.9713199999999995,True,12.021319999999998,True,RBLBANK,False
2026-06-29,370.0,3.9499999999999997,367.9,6.45982,12.70982,0.504,125,1.93482,True,3.90982,True,7.85982,True,RBLBANK,False
2026-06-30,365.0,4.05,364.65,-4.0611999999999995,12.038799999999997,0.752,125,2.0137999999999994,True,4.0388,True,8.088799999999997,True,RBLBANK,False
2026-07-01,370.0,13.05,367.8,0.5253799999999978,3.5753799999999987,0.36,125,0.5253799999999978,False,0.5253799999999978,False,0.5253799999999978,False,RBLBANK,False
2026-07-02,360.0,13.55,360.55,-3.316640000000002,0.3833599999999993,0.504,125,-3.316640000000002,False,-3.316640000000002,False,-3.316640000000002,False,RBLBANK,False
2026-07-03,360.0,10.700000000000001,357.85,-10.729820000000002,2.4201799999999976,0.304,125,-10.729820000000002,False,-10.729820000000002,False,-10.729820000000002,False,RBLBANK,False
2026-07-06,360.0,13.450000000000001,359.5,-13.487520000000002,-1.3375200000000025,0.12,125,-13.487520000000002,False,-13.487520000000002,False,-13.487520000000002,False,RBLBANK,False
2026-07-07,370.0,11.350000000000001,373.375,-11.38164,3.8683599999999987,0.496,125,-11.38164,False,-11.38164,False,-11.38164,False,RBLBANK,False
2026-07-08,370.0,9.600000000000001,368.55,-9.626740000000002,5.623259999999998,0.376,125,4.7732600000000005,True,-9.626740000000002,False,-9.626740000000002,False,RBLBANK,False
2026-07-09,360.0,10.55,363.325,-10.579400000000001,-10.579400000000001,0.0,125,-10.579400000000001,False,-10.579400000000001,False,-10.579400000000001,False,RBLBANK,False
2026-07-10,370.0,10.55,368.25,2.882799999999999,4.6328,0.216,125,2.882799999999999,False,2.882799999999999,False,2.882799999999999,False,RBLBANK,False
2026-07-13,375.0,11.200000000000001,375.9,-0.2620200000000011,3.1379799999999975,0.256,125,-0.2620200000000011,False,-0.2620200000000011,False,-0.2620200000000011,False,RBLBANK,False
2026-07-14,375.0,10.65,376.75,-1.4555800000000003,3.6944199999999983,0.352,125,-1.4555800000000003,False,-1.4555800000000003,False,-1.4555800000000003,False,RBLBANK,False
2026-07-15,375.0,11.8,377.2,0.5323799999999872,2.532379999999998,0.264,125,0.5323799999999872,False,0.5323799999999872,False,0.5323799999999872,False,RBLBANK,False
2026-07-16,365.0,11.100000000000001,364.0,-1.5578200000000249,1.4921799999999972,0.72,125,-1.5578200000000249,False,-1.5578200000000249,False,-1.5578200000000249,False,RBLBANK,False
2026-07-17,365.0,9.100000000000001,364.2,5.8326600000000095,5.8326600000000095,0.52,125,4.482660000000001,True,5.8326600000000095,False,5.8326600000000095,False,RBLBANK,False
2026-07-20,370.0,8.65,368.8,2.8934399999999765,12.49344,0.4,125,4.268440000000001,True,8.593440000000001,True,2.8934399999999765,False,RBLBANK,False
2026-07-21,370.0,6.8999999999999995,368.05,-0.9858399999999993,14.26416,0.232,125,3.4141600000000003,True,6.864159999999999,True,13.76416,True,RBLBANK,False
2026-07-22,365.0,5.6,362.55,4.805199999999999,10.5552,0.496,125,2.755199999999999,True,5.555199999999999,True,4.805199999999999,False,RBLBANK,False
2026-07-23,355.0,6.1,355.35,-6.11694,1.6330600000000004,0.392,125,-6.11694,False,-6.11694,False,-6.11694,False,RBLBANK,False
2026-07-24,350.0,3.65,349.95,-3.66008,0.6899200000000006,0.144,125,-3.66008,False,-3.66008,False,-3.66008,False,RBLBANK,False
2026-07-27,360.0,4.45,358.35,-4.46232,-0.8623200000000001,0.216,125,-4.46232,False,-4.46232,False,-4.46232,False,RBLBANK,False
2026-07-29,365.0,10.55,365.5,-10.579400000000001,0.020599999999998935,0.128,125,-10.579400000000001,False,-10.579400000000001,False,-10.579400000000001,False,RBLBANK,False
2026-07-30,370.0,9.450000000000001,369.5,-9.476320000000001,0.4736799999999982,0.048,125,-9.476320000000001,False,-9.476320000000001,False,-9.476320000000001,False,RBLBANK,False
2026-07-31,380.0,11.05,378.7,-11.0808,2.5191999999999988,0.544,125,-11.0808,False,-11.0808,False,-11.0808,False,RBLBANK,False
2026-08-03,375.0,11.05,376.5,-11.0808,-1.5808000000000006,0.04,125,-11.0808,False,-11.0808,False,-11.0808,False,RBLBANK,False
2026-08-04,380.0,11.3,379.0,-11.3315,0.3184999999999979,0.136,125,-11.3315,False,-11.3315,False,-11.3315,False,RBLBANK,False
2026-08-05,380.0,8.950000000000001,380.9,-8.974920000000001,-0.12492000000000142,0.008,125,-8.974920000000001,False,-8.974920000000001,False,-8.974920000000001,False,RBLBANK,False
2026-08-06,390.0,9.0,389.7,0.5979199999999986,3.397919999999999,1.0,125,0.5979199999999986,False,0.5979199999999986,False,0.5979199999999986,False,RBLBANK,False
2026-08-07,390.0,10.55,387.75,-1.7541800000000012,1.8458199999999985,0.992,125,-1.7541800000000012,False,-1.7541800000000012,False,-1.7541800000000012,False,RBLBANK,False
2026-08-10,390.0,10.600000000000001,387.95,-2.1034800000000025,0.8965199999999975,0.984,125,-2.1034800000000025,False,-2.1034800000000025,False,-2.1034800000000025,False,RBLBANK,False
2026-08-11,390.0,9.100000000000001,388.0,0.6472199999999975,2.3972199999999977,0.952,125,0.6472199999999975,False,0.6472199999999975,False,0.6472199999999975,False,RBLBANK,False
2026-08-12,390.0,10.55,389.7,-1.006280000000024,2.4937199999999757,0.811965811965812,117,-1.006280000000024,False,-1.006280000000024,False,-1.006280000000024,False,RBLBANK,False
2026-08-13,385.0,7.35,387.2,-2.783320000000022,0.716679999999977,0.7582417582417582,91,-2.783320000000022,False,-2.783320000000022,False,-2.783320000000022,False,RBLBANK,False
2026-08-14,385.0,6.75,385.4,-2.1816400000000225,1.3183599999999767,0.7846153846153846,65,-2.1816400000000225,False,-2.1816400000000225,False,-2.1816400000000225,False,RBLBANK,False
2026-08-17,380.0,5.3999999999999995,382.05,-0.2295399999999993,1.2704600000000008,0.358974358974359,39,-0.2295399999999993,False,-0.2295399999999993,False,-0.2295399999999993,False,RBLBANK,False
2026-08-10,360.0,7.1,359.5,17.16207999999998,18.112080000000024,0.008,125,3.462079999999999,True,7.01208,True,14.112079999999997,True,RECLTD,False
2026-08-11,340.0,8.05,342.1,-3.535140000000001,0.9648599999999983,0.584,125,-3.535140000000001,False,-3.535140000000001,False,-3.535140000000001,False,RECLTD,False
2026-08-12,340.0,8.3,341.6,-4.035140000000001,0.7148599999999983,0.696,125,-4.035140000000001,False,-4.035140000000001,False,-4.035140000000001,False,RECLTD,False
2026-08-13,345.0,7.1499999999999995,344.35,-2.582760000000022,4.367240000000023,0.41,100,3.54224,True,-2.582760000000022,False,-2.582760000000022,False,RECLTD,False
2026-08-14,345.0,6.2,342.7,-1.6301000000000228,5.319900000000022,0.20270270270270271,74,3.0699000000000005,True,-1.6301000000000228,False,-1.6301000000000228,False,RECLTD,False
2026-08-17,335.0,4.8999999999999995,333.4,-4.91358,-0.01357999999999911,0.2708333333333333,48,-4.91358,False,-4.91358,False,-4.91358,False,RECLTD,False
2026-06-25,1320.0,12.600000000000001,1321.0,22.01756,26.11756,0.448,125,6.167560000000001,True,12.46756,True,25.067560000000004,True,RELIANCE,False
2026-06-29,1310.0,7.3999999999999995,1310.6,24.73912,30.189120000000003,0.888,125,3.5891200000000003,True,7.28912,True,14.68912,True,RELIANCE,False
2026-06-30,1290.0,10.350000000000001,1294.6,-10.378840000000002,-4.928840000000001,0.088,125,-10.378840000000002,False,-10.378840000000002,False,-10.378840000000002,False,RELIANCE,False
2026-07-01,1300.0,31.05,1301.5,-11.24266,0.9073400000000007,0.352,125,-11.24266,False,-11.24266,False,-11.24266,False,RELIANCE,False
2026-07-02,1310.0,32.349999999999994,1309.0,-8.457780000000085,3.9422200000000087,0.528,125,-8.457780000000085,False,-8.457780000000085,False,-8.457780000000085,False,RELIANCE,False
2026-07-03,1310.0,32.3,1306.9,-1.3275199999999985,3.972480000000006,0.336,125,-1.3275199999999985,False,-1.3275199999999985,False,-1.3275199999999985,False,RELIANCE,False
2026-07-06,1300.0,26.1,1301.2,-2.2900000000000023,8.509999999999998,0.504,125,-2.2900000000000023,False,-2.2900000000000023,False,-2.2900000000000023,False,RELIANCE,False
2026-07-07,1320.0,29.05,1316.5,-6.544619999999956,17.255380000000002,0.216,125,14.380380000000002,True,-6.544619999999956,False,-6.544619999999956,False,RELIANCE,False
2026-07-08,1280.0,21.2,1280.0,-21.25922,10.740779999999997,0.096,125,10.540779999999998,True,-21.25922,False,-21.25922,False,RELIANCE,False
2026-07-09,1290.0,28.55,1285.9,-28.6298,3.0701999999999985,0.248,125,-28.6298,False,-28.6298,False,-28.6298,False,RELIANCE,False
2026-07-10,1300.0,25.8,1298.0,-25.8721,4.4279,0.864,125,-25.8721,False,-25.8721,False,-25.8721,False,RELIANCE,False
2026-07-13,1300.0,23.5,1305.0,-23.56566,6.73434,0.696,125,-23.56566,False,-23.56566,False,-23.56566,False,RELIANCE,False
2026-07-14,1300.0,22.85,1297.3,-22.91384,7.386159999999999,0.496,125,-22.91384,False,-22.91384,False,-22.91384,False,RELIANCE,False
2026-07-15,1310.0,28.55,1305.3,-8.237060000000001,3.0629399999999993,0.544,125,-8.237060000000001,False,-8.237060000000001,False,-8.237060000000001,False,RELIANCE,False
2026-07-16,1300.0,24.1,1301.5,-5.669280000000093,1.9307199999999973,0.336,125,-5.669280000000093,False,-5.669280000000093,False,-5.669280000000093,False,RELIANCE,False
2026-07-17,1310.0,25.05,1311.0,19.903580000000048,19.903580000000048,0.16,125,12.328580000000002,True,19.903580000000048,False,19.903580000000048,False,RELIANCE,False
2026-07-20,1340.0,19.35,1341.3,36.8879,55.58790000000005,0.144,125,9.462900000000001,True,19.137900000000002,True,38.4879,True,RELIANCE,False
2026-07-21,1320.0,15.3,1316.6,29.980040000000002,39.68004000000005,0.168,125,7.4800400000000025,True,15.130040000000001,True,30.430040000000005,True,RELIANCE,False
2026-07-22,1300.0,12.65,1299.3,12.394300000000044,22.39430000000005,0.208,125,6.219300000000001,True,12.5443,True,12.394300000000044,False,RELIANCE,False
2026-07-23,1280.0,10.5,1281.4,15.14864,21.04864,0.968,125,5.14864,True,10.39864,True,20.89864,True,RELIANCE,False
2026-07-24,1260.0,12.100000000000001,1264.8,-12.133740000000001,-12.133740000000001,0.0,125,-12.133740000000001,False,-12.133740000000001,False,-12.133740000000001,False,RELIANCE,False
2026-07-27,1280.0,10.55,1283.5,-10.579400000000001,21.0706,0.64,125,5.2456000000000005,True,10.5206,True,-10.579400000000001,False,RELIANCE,False
2026-07-28,1270.0,2.5999999999999996,1274.5,-2.60714,24.042859999999997,0.272,125,1.29286,True,2.5928599999999995,True,5.19286,True,RELIANCE,False
2026-07-29,1270.0,24.55,1274.8,-24.6186,2.031399999999998,0.104,125,-24.6186,False,-24.6186,False,-24.6186,False,RELIANCE,False
2026-07-30,1280.0,26.7,1281.6,-4.786359999999998,-1.0863599999999993,0.112,125,-4.786359999999998,False,-4.786359999999998,False,-4.786359999999998,False,RELIANCE,False
2026-07-31,1300.0,24.45,1297.3,-24.51832,5.0316800000000015,0.528,125,-24.51832,False,-24.51832,False,-24.51832,False,RELIANCE,False
2026-08-03,1310.0,22.8,1313.1,-22.8637,14.586300000000001,0.368,125,11.336300000000001,True,-22.8637,False,-22.8637,False,RELIANCE,False
2026-08-04,1310.0,22.400000000000002,1307.1,-22.462580000000003,14.98742,0.176,125,11.137419999999999,True,-22.462580000000003,False,-22.462580000000003,False,RELIANCE,False
2026-08-05,1300.0,19.0,1295.9,-19.05306,10.49694,0.16,125,9.44694,True,-19.05306,False,-19.05306,False,RELIANCE,False
2026-08-06,1300.0,24.2,1297.9,-24.26762,-2.917620000000001,0.04,125,-24.26762,False,-24.26762,False,-24.26762,False,RELIANCE,False
2026-08-07,1320.0,25.1,1322.2,-5.7247400000000015,-2.074740000000003,0.664,125,-5.7247400000000015,False,-5.7247400000000015,False,-5.7247400000000015,False,RELIANCE,False
2026-08-10,1330.0,18.0,1325.4,2.5419200000000446,9.34192,0.536,125,8.89192,True,2.5419200000000446,False,2.5419200000000446,False,RELIANCE,False
2026-08-11,1320.0,18.85,1319.2,-4.941840000000002,4.708159999999997,0.848,125,-4.941840000000002,False,-4.941840000000002,False,-4.941840000000002,False,RELIANCE,False
2026-08-12,1320.0,17.1,1319.6,-4.583020000000002,6.466979999999997,0.8333333333333334,114,-4.583020000000002,False,-4.583020000000002,False,-4.583020000000002,False,RELIANCE,False
2026-08-13,1310.0,13.950000000000001,1311.3,-13.98892,5.861079999999997,0.6931818181818182,88,-13.98892,False,-13.98892,False,-13.98892,False,RELIANCE,False
2026-08-14,1310.0,15.05,1308.9,-15.092,4.757999999999997,0.6612903225806451,62,-15.092,False,-15.092,False,-15.092,False,RELIANCE,False
2026-08-17,1310.0,15.65,1306.5,-15.69368,2.8063199999999995,0.4166666666666667,36,-15.69368,False,-15.69368,False,-15.69368,False,RELIANCE,False
2026-06-25,245.0,2.0799999999999996,244.75,5.642616000000013,7.242616000000005,0.16,125,1.0126159999999995,True,2.0526159999999996,True,4.132615999999999,True,RVNL,False
2026-06-29,235.0,1.82,237.47,7.239591999999999,7.239591999999999,0.472,125,0.8795919999999999,True,1.789592,True,3.6095919999999997,True,RVNL,False
2026-06-30,240.0,1.44,237.86,5.725976000000009,8.885976,0.352,125,0.6959760000000002,True,1.415976,True,2.8559760000000005,True,RVNL,False
2026-07-01,235.0,8.600000000000001,235.6,-3.2590039999999942,0.4509959999999984,0.608,125,-3.2590039999999942,False,-3.2590039999999942,False,-3.2590039999999942,False,RVNL,False
2026-07-02,240.0,9.55,238.67,2.8584840000000087,6.498483999999995,0.048,125,4.713484,True,2.8584840000000087,False,2.8584840000000087,False,RVNL,False
2026-07-03,235.0,7.56,237.2,-3.4925079999999937,3.5174919999999963,0.448,125,-3.4925079999999937,False,-3.4925079999999937,False,-3.4925079999999937,False,RVNL,False
2026-07-06,235.0,8.9,233.26,-3.888920000000006,2.1710799999999955,0.32,125,-3.888920000000006,False,-3.888920000000006,False,-3.888920000000006,False,RVNL,False
2026-07-07,235.0,8.290000000000001,232.76,-2.9880240000000144,2.781975999999995,0.12,125,-2.9880240000000144,False,-2.9880240000000144,False,-2.9880240000000144,False,RVNL,False
2026-07-08,230.0,7.359999999999999,229.57,-0.5496479999999989,1.090351999999999,0.568,125,-0.5496479999999989,False,-0.5496479999999989,False,-0.5496479999999989,False,RVNL,False
2026-07-09,225.0,6.6499999999999995,227.48,-6.66848,0.08152000000000054,0.344,125,-6.66848,False,-6.66848,False,-6.66848,False,RVNL,False
2026-07-10,230.0,6.38,230.85,-2.4188960000000077,1.9011039999999988,0.664,125,-2.4188960000000077,False,-2.4188960000000077,False,-2.4188960000000077,False,RVNL,False
2026-07-13,230.0,7.1,229.9,-0.9570440000000097,1.172955999999999,0.536,125,-0.9570440000000097,False,-0.9570440000000097,False,-0.9570440000000097,False,RVNL,False
2026-07-14,230.0,6.75,229.61,-4.046403999999999,1.5335959999999986,0.336,125,-4.046403999999999,False,-4.046403999999999,False,-4.046403999999999,False,RVNL,False
2026-07-15,230.0,8.510000000000002,229.53,-1.80258799999999,-1.2525880000000018,0.248,125,-1.80258799999999,False,-1.80258799999999,False,-1.80258799999999,False,RVNL,False
2026-07-16,230.0,7.05,227.71,-0.2188360000000121,0.4011639999999924,0.096,125,-0.2188360000000121,False,-0.2188360000000121,False,-0.2188360000000121,False,RVNL,False
2026-07-17,225.0,5.53,225.96,-3.23184,0.37816000000000033,0.984,125,-3.23184,False,-3.23184,False,-3.23184,False,RVNL,False
2026-07-20,225.0,5.77,223.77,-4.36002,-0.4500199999999997,0.944,125,-4.36002,False,-4.36002,False,-4.36002,False,RVNL,False
2026-07-21,225.0,5.96,227.22,-2.7855079999999997,-0.6455080000000001,0.944,125,-2.7855079999999997,False,-2.7855079999999997,False,-2.7855079999999997,False,RVNL,False
2026-07-22,225.0,3.92,223.2,4.445643999999999,4.445643999999999,0.76,125,1.925644,True,3.885644,True,4.445643999999999,False,RVNL,False
2026-07-23,225.0,4.06,223.08,5.651472,5.651472,0.752,125,1.9914720000000004,True,4.021471999999999,True,5.651472,False,RVNL,False
2026-07-24,225.0,2.03,223.49,6.889396,7.889396,0.664,125,0.9843960000000002,True,1.9993959999999997,True,4.029396,True,RVNL,False
2026-07-27,225.0,1.75,226.86,-1.75476,8.19524,0.696,125,0.87024,True,1.74524,True,3.49524,True,RVNL,False
2026-07-28,225.0,2.3699999999999997,222.6,-2.3764959999999995,7.573504,0.496,125,1.178504,True,2.363504,True,4.733504,True,RVNL,False
2026-07-29,225.0,8.850000000000001,225.09,-8.874640000000001,1.0753599999999979,0.48,125,-8.874640000000001,False,-8.874640000000001,False,-8.874640000000001,False,RVNL,False
2026-07-30,225.0,9.280000000000001,223.07,-9.305844,0.6441559999999982,0.304,125,-9.305844,False,-9.305844,False,-9.305844,False,RVNL,False
2026-07-31,225.0,9.25,223.32,-9.27576,-0.21576000000000128,0.192,125,-9.27576,False,-9.27576,False,-9.27576,False,RVNL,False
2026-08-03,230.0,9.05,227.8,-9.0752,0.03479999999999872,0.576,125,-9.0752,False,-9.0752,False,-9.0752,False,RVNL,False
2026-08-04,230.0,7.4399999999999995,230.7,-0.08141199999999915,1.628588,0.584,125,-0.08141199999999915,False,-0.08141199999999915,False,-0.08141199999999915,False,RVNL,False
2026-08-05,235.0,9.48,233.12,-3.8522800000000013,-0.1422800000000014,0.352,125,-3.8522800000000013,False,-3.8522800000000013,False,-3.8522800000000013,False,RVNL,False
2026-08-06,230.0,9.05,228.77,-4.0493120000000005,-0.44931200000000193,0.672,125,-4.0493120000000005,False,-4.0493120000000005,False,-4.0493120000000005,False,RVNL,False
2026-08-07,235.0,8.3,234.02,0.37248399999999815,1.6624839999999992,0.584,125,0.37248399999999815,False,0.37248399999999815,False,0.37248399999999815,False,RVNL,False
2026-08-10,230.0,6.88,231.76,-1.5641039999999993,1.225895999999999,1.0,125,-1.5641039999999993,False,-1.5641039999999993,False,-1.5641039999999993,False,RVNL,False
2026-08-11,230.0,8.13,230.04,-3.615364000000001,-0.02536400000000199,1.0,125,-3.615364000000001,False,-3.615364000000001,False,-3.615364000000001,False,RVNL,False
2026-08-12,230.0,6.05,230.23,-2.1677479999999916,1.0822520000000002,0.8442622950819673,122,-2.1677479999999916,False,-2.1677479999999916,False,-2.1677479999999916,False,RVNL,False
2026-08-13,230.0,4.79,229.66,-0.9042199999999919,2.34578,0.8020833333333334,96,-0.9042199999999919,False,-0.9042199999999919,False,-0.9042199999999919,False,RVNL,False
2026-08-14,225.0,5.64,226.32,-2.8036599999999994,-1.5636599999999992,0.7428571428571429,70,-2.8036599999999994,False,-2.8036599999999994,False,-2.8036599999999994,False,RVNL,False
2026-08-17,225.0,4.04,224.98,-1.1991799999999997,-0.47917999999999994,0.7272727272727273,44,-1.1991799999999997,False,-1.1991799999999997,False,-1.1991799999999997,False,RVNL,False
2026-03-30,150.0,1.85,150.13,-1.85504,5.0449600000000006,0.048,125,0.9199600000000002,True,1.8449600000000002,True,3.6949600000000005,True,SAIL,False
2026-04-01,155.0,7.25,154.8,-7.27016,0.97984,0.096,125,-7.27016,False,-7.27016,False,-7.27016,False,SAIL,True
2026-04-02,155.0,7.3999999999999995,152.57,-7.420579999999999,0.8294200000000005,0.016,125,-7.420579999999999,False,-7.420579999999999,False,-7.420579999999999,False,SAIL,False
2026-04-07,165.0,9.450000000000001,159.24,-9.476320000000001,0.1736799999999975,0.248,125,-9.476320000000001,False,-9.476320000000001,False,-9.476320000000001,False,SAIL,True
2026-04-09,165.0,5.21,163.22,-5.224448,0.7155520000000004,0.04,125,-5.224448,False,-5.224448,False,-5.224448,False,SAIL,False
2026-04-30,180.0,5.45,181.2,-5.46512,1.9648800000000004,0.008,125,-5.46512,False,-5.46512,False,-5.46512,False,SAIL,True
2026-05-04,187.5,8.07,186.3,-2.587912000000007,-0.1379120000000005,0.864,125,-2.587912000000007,False,-2.587912000000007,False,-2.587912000000007,False,SAIL,False
2026-05-06,187.5,6.05,188.6,2.239875999999995,5.959875999999994,0.504,125,2.9848759999999994,True,2.239875999999995,False,2.239875999999995,False,SAIL,False
2026-05-07,187.5,5.3,187.71,9.064923999999998,11.14492400000001,0.304,125,2.5949239999999993,True,5.244924,True,10.544923999999998,True,SAIL,False
2026-05-08,187.5,5.53,186.59,8.864195999999998,11.924196,0.2,125,2.7091959999999995,True,5.474196,True,11.004195999999999,True,SAIL,False
2026-08-10,177.5,5.26,177.51,2.593319999999998,8.883319999999989,0.136,125,2.59332,True,5.22332,True,2.593319999999998,False,SAIL,False
2026-08-11,172.5,3.6399999999999997,173.16,-2.1741959999999985,5.525803999999989,0.43902439024390244,123,1.8058039999999993,True,3.6258039999999996,True,-2.1741959999999985,False,SAIL,False
2026-08-13,172.5,3.15,172.85,-1.6828239999999988,6.0171759999999885,0.4507042253521127,71,1.5621759999999998,True,3.1371759999999997,True,-1.6828239999999988,False,SAIL,False
2026-08-10,660.0,11.700000000000001,656.55,13.695979999999953,15.445979999999953,0.072,125,5.745979999999999,True,11.59598,True,13.695979999999953,False,SBICARD,False
2026-08-11,650.0,13.350000000000001,651.45,-2.6174799999999796,9.682519999999975,0.568,125,6.607520000000001,True,-2.6174799999999796,False,-2.6174799999999796,False,SBICARD,False
2026-08-12,650.0,15.5,649.75,13.924000000000023,14.223999999999977,0.36885245901639346,122,7.624,True,13.924000000000023,False,13.924000000000023,False,SBICARD,False
2026-08-13,650.0,14.9,653.2,14.52568000000002,14.825679999999975,0.22916666666666666,96,7.325680000000001,True,14.77568,True,14.52568000000002,False,SBICARD,False
2026-08-14,630.0,10.3,632.7,-0.8054399999999787,2.544559999999998,0.44285714285714284,70,-0.8054399999999787,False,-0.8054399999999787,False,-0.8054399999999787,False,SBICARD,False
2026-08-17,630.0,10.950000000000001,626.85,-1.4572599999999791,1.8927399999999974,0.45454545454545453,44,-1.4572599999999791,False,-1.4572599999999791,False,-1.4572599999999791,False,SBICARD,False
2026-08-10,1840.0,27.3,1843.5,21.43664,21.43664,0.536,125,13.436640000000002,True,21.43664,False,21.43664,False,SBILIFE,False
2026-08-11,1840.0,25.45,1839.2,24.887339999999913,30.387339999999913,0.488,125,12.512339999999998,True,25.23734,True,24.887339999999913,False,SBILIFE,False
2026-08-12,1820.0,25.8,1825.0,7.4842400000000024,14.184240000000004,0.680672268907563,119,12.734240000000002,True,7.4842400000000024,False,7.4842400000000024,False,SBILIFE,False
2026-08-13,1820.0,21.900000000000002,1815.3,11.39516,18.095160000000003,0.6344086021505376,93,10.79516,True,11.39516,False,11.39516,False,SBILIFE,False
2026-08-14,1800.0,19.1,1799.0,-5.741000000000002,9.609,0.7611940298507462,67,9.459000000000001,True,-5.741000000000002,False,-5.741000000000002,False,SBILIFE,False
2026-08-17,1780.0,20.0,1787.7,-4.050799999999999,-1.5008000000000021,0.8048780487804879,41,-4.050799999999999,False,-4.050799999999999,False,-4.050799999999999,False,SBILIFE,False
2026-06-25,1050.0,10.8,1049.1,12.255079999999998,12.755079999999998,0.392,125,5.305080000000002,True,10.70508,True,12.255079999999998,False,SBIN,False
2026-06-29,1040.0,4.7,1042.35,14.582799999999999,19.1828,0.544,125,2.2828000000000004,True,4.6328000000000005,True,9.332800000000002,True,SBIN,False
2026-06-30,1030.0,3.15,1034.2,-3.15868,20.591320000000003,0.104,125,1.5663199999999997,True,3.14132,True,6.291319999999999,True,SBIN,False
2026-07-01,1030.0,23.3,1026.9,-1.526420000000002,-0.8264200000000028,0.048,125,-1.526420000000002,False,-1.526420000000002,False,-1.526420000000002,False,SBIN,False
2026-07-02,1050.0,22.2,1051.0,5.509999999999978,14.110000000000003,0.272,125,10.959999999999997,True,5.509999999999978,False,5.509999999999978,False,SBIN,False
2026-07-03,1050.0,19.7,1049.0,0.6377200000000001,16.637720000000005,0.104,125,9.737719999999998,True,0.6377200000000001,False,0.6377200000000001,False,SBIN,False
2026-07-06,1040.0,22.05,1043.6,-10.79337999999991,4.306619999999998,0.472,125,-10.79337999999991,False,-10.79337999999991,False,-10.79337999999991,False,SBIN,False
2026-07-07,1050.0,20.5,1046.3,1.3312799999999994,15.831280000000003,0.0,125,10.13128,True,1.3312799999999994,False,1.3312799999999994,False,SBIN,False
2026-07-08,1030.0,20.05,1025.8,-0.46116000000000146,2.63884,0.352,125,-0.46116000000000146,False,-0.46116000000000146,False,-0.46116000000000146,False,SBIN,False
2026-07-09,1020.0,22.6,1022.1,-22.663140000000002,-1.713140000000002,0.312,125,-22.663140000000002,False,-22.663140000000002,False,-22.663140000000002,False,SBIN,False
2026-07-10,1030.0,20.3,1029.5,-20.3567,0.7932999999999979,0.472,125,-20.3567,False,-20.3567,False,-20.3567,False,SBIN,False
2026-07-13,1030.0,21.0,1028.6,-21.05866,-1.05866,0.384,125,-21.05866,False,-21.05866,False,-21.05866,False,SBIN,False
2026-07-14,1030.0,14.8,1028.0,-14.8413,5.1587,0.352,125,-14.8413,False,-14.8413,False,-14.8413,False,SBIN,False
2026-07-15,1030.0,23.5,1025.9,-11.7987,-3.5987,0.352,125,-11.7987,False,-11.7987,False,-11.7987,False,SBIN,False
2026-07-16,1030.0,17.95,1028.2,-6.58218,-0.6821800000000015,0.264,125,-6.58218,False,-6.58218,False,-6.58218,False,SBIN,False
2026-07-17,1040.0,16.05,1039.4,15.965180000000048,15.965180000000048,0.288,125,7.890180000000002,True,15.915180000000001,True,15.965180000000048,False,SBIN,False
2026-07-20,1060.0,15.4,1056.2,22.60020000000005,43.00020000000003,0.088,125,7.550200000000001,True,15.2502,True,30.650200000000005,True,SBIN,False
2026-07-21,1060.0,15.4,1060.7,29.381160000000005,42.981160000000024,0.032,125,7.531160000000001,True,15.231160000000001,True,30.631160000000005,True,SBIN,False
2026-07-22,1030.0,7.75,1030.4,5.441339999999954,20.741340000000022,0.064,125,3.8163400000000003,True,7.69134,True,15.44134,True,SBIN,False
2026-07-23,1020.0,11.75,1018.5,-4.353619999999999,16.54638,0.456,125,5.82138,True,11.69638,True,-4.353619999999999,False,SBIN,False
2026-07-24,1010.0,4.35,1007.8,-4.3620399999999995,20.537959999999998,0.408,125,2.16296,True,4.33796,True,8.687959999999999,True,SBIN,False
2026-07-27,1020.0,5.75,1021.8,-5.76596,22.584039999999998,0.48,125,2.85904,True,5.73404,True,11.48404,True,SBIN,False
2026-07-28,1010.0,3.9499999999999997,1015.0,-3.9609199999999998,20.93908,0.32,125,1.96408,True,3.9390799999999997,True,7.889080000000001,True,SBIN,False
2026-07-29,1020.0,28.05,1016.7,-28.1284,-0.22840000000000213,0.2,125,-28.1284,False,-28.1284,False,-28.1284,False,SBIN,False
2026-07-30,1010.0,26.55,1012.5,-26.624200000000002,-1.7242000000000022,0.056,125,-26.624200000000002,False,-26.624200000000002,False,-26.624200000000002,False,SBIN,False
2026-07-31,1030.0,27.05,1030.0,-27.125600000000002,0.9743999999999972,0.248,125,-27.125600000000002,False,-27.125600000000002,False,-27.125600000000002,False,SBIN,False
2026-08-03,1030.0,27.2,1034.0,-27.27602,-4.026019999999999,0.08,125,-27.27602,False,-27.27602,False,-27.27602,False,SBIN,False
2026-08-04,1040.0,25.8,1035.1,-25.8721,0.1278999999999993,0.136,125,-25.8721,False,-25.8721,False,-25.8721,False,SBIN,False
2026-08-05,1040.0,23.2,1043.4,-23.26482,-23.26482,0.0,125,-23.26482,False,-23.26482,False,-23.26482,False,SBIN,False
2026-08-06,1060.0,24.5,1062.0,-24.56846,2.68154,0.152,125,-24.56846,False,-24.56846,False,-24.56846,False,SBIN,False
2026-08-07,1080.0,24.85,1085.0,-8.266200000000001,1.4837999999999978,0.52,125,-8.266200000000001,False,-8.266200000000001,False,-8.266200000000001,False,SBIN,False
2026-08-10,1090.0,21.6,1086.0,0.4276400000000432,4.227639999999997,0.456,125,0.4276400000000432,False,0.4276400000000432,False,0.4276400000000432,False,SBIN,False
2026-08-11,1070.0,17.400000000000002,1066.8,-1.9421200000000032,3.6578799999999965,0.496,125,-1.9421200000000032,False,-1.9421200000000032,False,-1.9421200000000032,False,SBIN,False
2026-08-12,1080.0,16.05,1080.9,7.289539999999999,10.489540000000044,0.6583333333333333,120,7.914540000000002,True,7.289539999999999,False,7.289539999999999,False,SBIN,False
2026-08-13,1080.0,16.6,1080.5,6.737999999999998,9.938000000000043,0.5638297872340425,94,8.188,True,6.737999999999998,False,6.737999999999998,False,SBIN,False
2026-08-14,1070.0,16.45,1070.9,-3.08358,4.61642,0.6617647058823529,68,-3.08358,False,-3.08358,False,-3.08358,False,SBIN,False
2026-08-17,1060.0,11.450000000000001,1057.1,2.6284599999999974,4.77846,0.9523809523809523,42,2.6284599999999974,False,2.6284599999999974,False,2.6284599999999974,False,SBIN,False
2026-06-25,1040.0,13.05,1042.35,-13.086400000000001,23.0136,0.472,125,6.488600000000002,True,13.0136,True,-13.086400000000001,False,SHRIRAMFIN,False
2026-06-29,1050.0,15.0,1054.3,-15.04186,27.258140000000004,0.568,125,7.45814,True,14.95814,True,-15.04186,False,SHRIRAMFIN,False
2026-06-30,1030.0,4.5,1034.7,-4.51246,-2.16246,0.008,125,-4.51246,False,-4.51246,False,-4.51246,False,SHRIRAMFIN,False
2026-07-01,1040.0,35.599999999999994,1044.8,-2.941519999999993,-1.8415199999999916,0.016,125,-2.941519999999993,False,-2.941519999999993,False,-2.941519999999993,False,SHRIRAMFIN,False
2026-07-02,1050.0,37.05,1050.6,-12.572619999999953,2.427380000000051,0.168,125,-12.572619999999953,False,-12.572619999999953,False,-12.572619999999953,False,SHRIRAMFIN,False
2026-07-03,1070.0,33.349999999999994,1069.5,-10.956380000000086,26.143620000000055,0.488,125,16.51862,True,-10.956380000000086,False,-10.956380000000086,False,SHRIRAMFIN,False
2026-07-06,1070.0,35.099999999999994,1065.4,4.7397199999999176,24.339720000000053,0.312,125,17.339719999999996,True,4.7397199999999176,False,4.7397199999999176,False,SHRIRAMFIN,False
2026-07-07,1080.0,30.1,1077.5,28.002479999999977,39.302480000000045,0.184,125,14.802480000000005,True,29.85248,True,28.002479999999977,False,SHRIRAMFIN,False
2026-07-08,1040.0,31.400000000000002,1036.4,-2.868140000000003,7.081860000000003,0.528,125,-2.868140000000003,False,-2.868140000000003,False,-2.868140000000003,False,SHRIRAMFIN,False
2026-07-09,1030.0,30.2,1025.3,-3.360019999999999,7.289980000000006,0.328,125,-3.360019999999999,False,-3.360019999999999,False,-3.360019999999999,False,SHRIRAMFIN,False
2026-07-10,1050.0,32.699999999999996,1047.4,-12.199239999999952,7.600760000000007,0.504,125,-12.199239999999952,False,-12.199239999999952,False,-12.199239999999952,False,SHRIRAMFIN,False
2026-07-13,1030.0,27.8,1029.9,3.08536,9.685360000000005,0.608,125,3.08536,False,3.08536,False,3.08536,False,SHRIRAMFIN,False
2026-07-14,1020.0,23.05,1021.6,-23.1144,12.335600000000003,0.296,125,11.460600000000003,True,-23.1144,False,-23.1144,False,SHRIRAMFIN,False
2026-07-15,1040.0,30.2,1043.5,-30.28442,5.115580000000007,0.648,125,-30.28442,False,-30.28442,False,-30.28442,False,SHRIRAMFIN,False
2026-07-16,1030.0,30.650000000000002,1033.0,-30.735680000000002,1.8143200000000022,0.56,125,-30.735680000000002,False,-30.735680000000002,False,-30.735680000000002,False,SHRIRAMFIN,False
2026-07-17,1030.0,29.45,1029.3,-0.16477999999999998,1.4852199999999987,0.44,125,-0.16477999999999998,False,-0.16477999999999998,False,-0.16477999999999998,False,SHRIRAMFIN,False
2026-07-20,1020.0,25.650000000000002,1020.6,-12.608500000000003,2.241499999999998,0.144,125,-12.608500000000003,False,-12.608500000000003,False,-12.608500000000003,False,SHRIRAMFIN,False
2026-07-21,1040.0,25.85,1042.8,-25.922240000000002,18.227760000000046,0.248,125,12.852760000000004,True,-25.922240000000002,False,-25.922240000000002,False,SHRIRAMFIN,False
2026-07-22,1060.0,24.8,1055.3,15.417580000000005,39.16758000000005,0.344,125,12.217580000000002,True,24.61758,True,15.417580000000005,False,SHRIRAMFIN,False
2026-07-23,1070.0,21.400000000000002,1065.4,10.99907999999991,52.59908000000004,0.032,125,10.54908,True,21.249080000000003,True,42.64908,True,SHRIRAMFIN,False
2026-07-24,1000.0,17.25,1000.5,-17.29816,7.851839999999998,0.096,125,-17.29816,False,-17.29816,False,-17.29816,False,SHRIRAMFIN,False
2026-07-27,1010.0,9.8,1014.9,-9.827300000000001,1.1226999999999985,0.048,125,-9.827300000000001,False,-9.827300000000001,False,-9.827300000000001,False,SHRIRAMFIN,False
2026-07-28,1050.0,7.75,1046.6,-7.77156,21.578439999999976,0.192,125,3.85344,True,7.72844,True,15.47844,True,SHRIRAMFIN,False
2026-07-29,1040.0,25.1,1041.8,-25.17014,14.329859999999998,0.576,125,12.479860000000004,True,-25.17014,False,-25.17014,False,SHRIRAMFIN,False
2026-07-30,1040.0,27.8,1037.4,-27.8777,11.6223,0.376,125,-27.8777,False,-27.8777,False,-27.8777,False,SHRIRAMFIN,False
2026-07-31,1060.0,31.400000000000002,1053.1,-31.48778,7.162220000000003,0.192,125,-31.48778,False,-31.48778,False,-31.48778,False,SHRIRAMFIN,False
2026-08-03,1080.0,26.55,1073.0,-26.624200000000002,6.425800000000003,0.376,125,-26.624200000000002,False,-26.624200000000002,False,-26.624200000000002,False,SHRIRAMFIN,False
2026-08-04,1080.0,31.400000000000002,1083.8,-31.48778,-0.2877800000000028,0.2,125,-31.48778,False,-31.48778,False,-31.48778,False,SHRIRAMFIN,False
2026-08-05,1100.0,30.1,1098.3,-30.184140000000003,-0.7341400000000021,0.16,125,-30.184140000000003,False,-30.184140000000003,False,-30.184140000000003,False,SHRIRAMFIN,False
2026-08-06,1120.0,29.1,1124.5,-5.697280000000001,4.0527200000000025,0.656,125,-5.697280000000001,False,-5.697280000000001,False,-5.697280000000001,False,SHRIRAMFIN,False
2026-08-07,1120.0,25.150000000000002,1117.5,-7.968720000000001,8.031280000000002,0.752,125,-7.968720000000001,False,-7.968720000000001,False,-7.968720000000001,False,SHRIRAMFIN,False
2026-08-10,1120.0,28.5,1114.2,-11.12866,0.47133999999999787,0.688,125,-11.12866,False,-11.12866,False,-11.12866,False,SHRIRAMFIN,False
2026-08-11,1120.0,21.85,1124.4,-6.554160000000003,3.7958399999999988,0.768,125,-6.554160000000003,False,-6.554160000000003,False,-6.554160000000003,False,SHRIRAMFIN,False
2026-08-12,1140.0,22.05,1131.2,9.150620000000089,15.950620000000047,0.8956521739130435,115,10.875620000000001,True,9.150620000000089,False,9.150620000000089,False,SHRIRAMFIN,False
2026-08-13,1120.0,20.55,1129.1,-9.289179999999911,2.610819999999999,0.6741573033707865,89,-9.289179999999911,False,-9.289179999999911,False,-9.289179999999911,False,SHRIRAMFIN,False
2026-08-14,1120.0,26.55,1129.1,-15.305979999999911,-3.405980000000001,0.7936507936507936,63,-15.305979999999911,False,-15.305979999999911,False,-15.305979999999911,False,SHRIRAMFIN,False
2026-08-17,1120.0,23.900000000000002,1121.7,-12.648559999999913,-0.7485600000000023,0.7837837837837838,37,-12.648559999999913,False,-12.648559999999913,False,-12.648559999999913,False,SHRIRAMFIN,False
2026-08-10,3950.0,120.05,3943.3,-51.629059999999996,15.370939999999992,0.36,125,-51.629059999999996,False,-51.629059999999996,False,-51.629059999999996,False,SIEMENS,True
2026-08-11,3900.0,156.25,3904.5,-156.68736,-16.73736000000001,0.184,125,-156.68736,False,-156.68736,False,-156.68736,False,SIEMENS,False
2026-08-12,4050.0,90.14999999999999,4059.5,2.8857799999999205,45.385779999999905,0.39166666666666666,120,44.56078,True,2.8857799999999205,False,2.8857799999999205,False,SIEMENS,False
2026-08-13,4000.0,85.0,4001.2,-41.80980000000009,21.1402,0.776595744680851,94,-41.80980000000009,False,-41.80980000000009,False,-41.80980000000009,False,SIEMENS,False
2026-08-14,4000.0,91.05,4017.4,-47.87674000000008,15.073260000000003,0.6911764705882353,68,-47.87674000000008,False,-47.87674000000008,False,-47.87674000000008,False,SIEMENS,False
2026-08-17,3950.0,72.55,3931.6,-17.00951999999999,8.540480000000006,1.0,42,-17.00951999999999,False,-17.00951999999999,False,-17.00951999999999,False,SIEMENS,False
2026-08-10,18500.0,471.05,18626.5,-472.3688,109.63119999999999,0.208,125,-472.3688,False,-472.3688,False,-472.3688,False,SOLARINDS,False
2026-08-11,18500.0,491.0,18632.5,-492.37466,89.62534,0.128,125,-492.37466,False,-492.37466,False,-492.37466,False,SOLARINDS,False
2026-08-13,19000.0,500.35,18877.0,-501.75084000000004,61.29916000000004,0.12222222222222222,90,-501.75084000000004,False,-501.75084000000004,False,-501.75084000000004,False,SOLARINDS,False
2026-08-14,19500.0,384.05,19588.0,-385.1252,39.22479999999995,0.015625,64,-385.1252,False,-385.1252,False,-385.1252,False,SOLARINDS,False
2026-08-17,20250.0,370.05,20144.0,-190.64266000000003,195.35734000000002,0.8157894736842105,38,183.48234000000002,True,-190.64266000000003,False,-190.64266000000003,False,SOLARINDS,False
2026-08-10,830.0,20.05,834.5,11.754539999999999,17.754540000000002,0.128,125,9.879540000000002,True,11.754539999999999,False,11.754539999999999,False,SONACOMS,False
2026-08-11,810.0,22.05,813.7,-7.353040000000002,3.446959999999997,0.824,125,-7.353040000000002,False,-7.353040000000002,False,-7.353040000000002,False,SONACOMS,False
2026-08-12,800.0,17.45,803.65,-17.49872,1.7512800000000006,0.6147540983606558,122,-17.49872,False,-17.49872,False,-17.49872,False,SONACOMS,False
2026-08-13,810.0,16.55,808.5,-16.5962,7.503799999999997,0.625,96,-16.5962,False,-16.5962,False,-16.5962,False,SONACOMS,False
2026-08-14,790.0,17.900000000000002,792.0,-17.949980000000004,-3.8499800000000026,0.2571428571428571,70,-17.949980000000004,False,-17.949980000000004,False,-17.949980000000004,False,SONACOMS,False
2026-08-17,800.0,15.05,803.55,-15.092,-1.992000000000001,0.09090909090909091,44,-15.092,False,-15.092,False,-15.092,False,SONACOMS,False
2026-08-10,2600.0,42.3,2609.7,-6.219939999999993,25.430060000000005,0.8,125,20.930059999999997,True,-6.219939999999993,False,-6.219939999999993,False,SRF,False
2026-08-11,2600.0,47.849999999999994,2585.0,-47.983839999999994,19.96616000000001,0.688,125,-47.983839999999994,False,-47.983839999999994,False,-47.983839999999994,False,SRF,False
2026-08-12,2600.0,57.55,2584.3,-57.711,10.239000000000006,0.7586206896551724,116,-57.711,False,-57.711,False,-57.711,False,SRF,False
2026-08-13,2550.0,32.05,2562.0,-32.139599999999994,4.410400000000007,0.1,90,-32.139599999999994,False,-32.139599999999994,False,-32.139599999999994,False,SRF,False
2026-08-14,2600.0,42.099999999999994,2595.7,-42.21773999999999,-0.2677399999999915,0.5625,64,-42.21773999999999,False,-42.21773999999999,False,-42.21773999999999,False,SRF,False
2026-08-17,2600.0,32.5,2613.0,-32.59086,-7.640860000000001,0.2631578947368421,38,-32.59086,False,-32.59086,False,-32.59086,False,SRF,False
2026-08-10,1960.0,32.599999999999994,1951.6,5.551480000000099,9.151480000000008,0.456,125,5.551480000000099,False,5.551480000000099,False,5.551480000000099,False,SUNPHARMA,False
2026-08-11,1940.0,26.35,1938.9,19.8963,19.8963,0.872,125,12.971300000000005,True,19.8963,False,19.8963,False,SUNPHARMA,False
2026-08-12,1940.0,25.05,1935.3,36.75625999999991,44.65626,0.6942148760330579,121,12.281260000000003,True,24.80626,True,36.75625999999991,False,SUNPHARMA,False
2026-08-13,1940.0,31.650000000000002,1944.6,30.13777999999991,38.03778,0.6105263157894737,95,15.56278,True,31.387780000000003,True,30.13777999999991,False,SUNPHARMA,False
2026-08-14,1940.0,22.35,1930.3,39.46381999999991,47.363820000000004,0.463768115942029,69,10.938820000000005,True,22.11382,True,44.46382000000001,True,SUNPHARMA,False
2026-08-17,1920.0,2.25,1919.0,39.67609999999991,47.576100000000004,0.4883720930232558,43,1.0011000000000003,True,2.1261,True,4.3761,True,SUNPHARMA,False
2026-08-10,48.0,1.5,47.93,-0.29744800000000005,0.272552,0.992,125,-0.29744800000000005,False,-0.29744800000000005,False,-0.29744800000000005,False,SUZLON,False
2026-08-11,48.0,1.57,47.6,-1.574256,0.12574399999999988,0.936,125,-1.574256,False,-1.574256,False,-1.574256,False,SUZLON,False
2026-08-12,47.0,1.1500000000000001,47.25,-1.15308,-0.04308000000000026,0.656,125,-1.15308,False,-1.15308,False,-1.15308,False,SUZLON,False
2026-08-13,47.0,1.05,47.22,-1.0528,-0.18280000000000005,0.56,100,-1.0528,False,-1.0528,False,-1.0528,False,SUZLON,False
2026-06-25,240.0,4.8,241.7,-4.8133,4.5367,0.536,125,2.3866999999999994,True,-4.8133,False,-4.8133,False,SWIGGY,False
2026-06-29,240.0,2.3499999999999996,239.65,-2.3564399999999996,6.99356,0.48,125,1.1685599999999998,True,2.3435599999999996,True,4.69356,True,SWIGGY,False
2026-06-30,240.0,2.75,238.0,-2.75756,6.59244,0.28,125,1.36744,True,2.74244,True,5.49244,True,SWIGGY,True
2026-07-01,245.0,9.25,242.73,-9.27576,2.604239999999999,0.328,125,-9.27576,False,-9.27576,False,-9.27576,False,SWIGGY,True
2026-07-02,250.0,9.450000000000001,252.17,-9.476320000000001,1.903679999999998,0.56,125,-9.476320000000001,False,-9.476320000000001,False,-9.476320000000001,False,SWIGGY,True
2026-07-03,250.0,7.9799999999999995,252.185,-8.002203999999999,3.3777959999999996,0.36,125,-8.002203999999999,False,-8.002203999999999,False,-8.002203999999999,False,SWIGGY,True
2026-07-06,245.0,7.8999999999999995,246.3,-7.92198,0.7180199999999993,0.128,125,-7.92198,False,-7.92198,False,-7.92198,False,SWIGGY,True
2026-07-07,255.0,7.45,254.65,-7.47072,1.8492799999999983,0.08,125,-7.47072,False,-7.47072,False,-7.47072,False,SWIGGY,False
2026-07-08,265.0,8.8,264.18,0.748619999999999,3.958619999999998,0.448,125,0.748619999999999,False,0.748619999999999,False,0.748619999999999,False,SWIGGY,True
2026-07-09,275.0,10.05,275.89,-0.4051600000000014,6.3648399999999805,0.416,125,4.9698400000000005,True,-0.4051600000000014,False,-0.4051600000000014,False,SWIGGY,False
2026-07-10,280.0,10.42,281.35,-1.0554119999999734,10.99458799999998,0.368,125,5.154587999999999,True,10.364588,True,-1.0554119999999734,False,SWIGGY,False
2026-07-13,270.0,8.66,267.88,-8.684108,3.8258919999999996,0.328,125,-8.684108,False,-8.684108,False,-8.684108,False,SWIGGY,True
2026-07-14,260.0,10.040000000000001,262.3,-10.067972000000001,-0.2579720000000022,0.304,125,-10.067972000000001,False,-10.067972000000001,False,-10.067972000000001,False,SWIGGY,False
2026-07-15,265.0,9.350000000000001,263.7,-9.376040000000001,2.2539599999999975,0.144,125,-9.376040000000001,False,-9.376040000000001,False,-9.376040000000001,False,SWIGGY,False
2026-07-16,275.0,7.8,274.04,4.673215999999983,4.673215999999983,0.648,125,3.8432159999999995,True,4.673215999999983,False,4.673215999999983,False,SWIGGY,False
2026-07-17,270.0,7.55,270.53,14.915859999999993,14.915859999999993,0.704,125,3.6908599999999994,True,7.46586,True,14.915859999999993,False,SWIGGY,False
2026-07-20,275.0,8.950000000000001,274.25,8.416248000000007,20.996247999999994,0.448,125,4.401248,True,8.876248,True,17.826248,True,SWIGGY,False
2026-07-21,270.0,7.6499999999999995,271.55,-2.0171559999999995,17.332843999999994,0.616,125,3.787844,True,7.612843999999999,True,15.262844000000001,True,SWIGGY,False
2026-07-22,270.0,5.67,270.69,-5.685736,19.334263999999994,0.584,125,2.819263999999999,True,5.6542639999999995,True,11.324263999999998,True,SWIGGY,False
2026-07-23,260.0,5.859999999999999,262.42,-5.876268,9.143731999999993,0.192,125,2.9137319999999995,True,5.843731999999999,True,-5.876268,False,SWIGGY,False
2026-07-24,245.0,8.05,247.4,-8.0724,-2.402400000000001,0.056,125,-8.0724,False,-8.0724,False,-8.0724,False,SWIGGY,False
2026-07-27,260.0,1.95,257.51,-1.95532,2.44468,0.136,125,0.9696799999999999,True,1.94468,True,-1.95532,False,SWIGGY,True
2026-07-28,265.0,1.45,264.4,-1.4539199999999999,2.3460800000000006,0.072,125,0.7210799999999998,True,1.44608,True,-1.4539199999999999,False,SWIGGY,False
2026-07-29,275.0,13.4,276.45,-13.437380000000001,-13.437380000000001,0.0,125,-13.437380000000001,False,-13.437380000000001,False,-13.437380000000001,False,SWIGGY,False
2026-07-30,290.0,15.950000000000001,287.83,-3.6292400000000025,2.18076,0.912,125,-3.6292400000000025,False,-3.6292400000000025,False,-3.6292400000000025,False,SWIGGY,False
2026-07-31,290.0,13.8,291.01,-0.1768600000000014,2.433139999999998,0.824,125,-0.1768600000000014,False,-0.1768600000000014,False,-0.1768600000000014,False,SWIGGY,True
2026-08-03,280.0,13.15,279.6,-2.765940000000001,0.18405999999999823,0.088,125,-2.765940000000001,False,-2.765940000000001,False,-2.765940000000001,False,SWIGGY,False
2026-08-04,285.0,13.9,287.4,-0.12756000000000073,0.7724399999999997,0.432,125,-0.12756000000000073,False,-0.12756000000000073,False,-0.12756000000000073,False,SWIGGY,False
2026-08-05,290.0,11.9,291.0,0.1827999999999876,4.3827999999999765,0.424,125,0.1827999999999876,False,0.1827999999999876,False,0.1827999999999876,False,SWIGGY,False
2026-08-06,295.0,12.350000000000001,295.1,3.8699200000000205,8.919919999999975,0.152,125,6.094920000000001,True,3.8699200000000205,False,3.8699200000000205,False,SWIGGY,False
2026-08-07,285.0,10.450000000000001,286.6,0.6396599999999976,5.239659999999999,0.776,125,5.16466,True,0.6396599999999976,False,0.6396599999999976,False,SWIGGY,False
2026-08-10,275.0,11.55,275.9,-5.798440000000001,-1.1484400000000015,0.328,125,-5.798440000000001,False,-5.798440000000001,False,-5.798440000000001,False,SWIGGY,False
2026-08-11,275.0,12.350000000000001,275.7,-7.0494200000000005,-1.9494200000000022,0.52,125,-7.0494200000000005,False,-7.0494200000000005,False,-7.0494200000000005,False,SWIGGY,False
2026-08-12,280.0,9.600000000000001,278.45,-3.5936799999999787,1.8563199999999984,0.8956521739130435,115,-3.5936799999999787,False,-3.5936799999999787,False,-3.5936799999999787,False,SWIGGY,False
2026-08-13,280.0,8.5,281.0,-2.490599999999977,2.1593999999999993,0.8651685393258427,89,-2.490599999999977,False,-2.490599999999977,False,-2.490599999999977,False,SWIGGY,False
2026-08-14,280.0,8.05,279.65,-2.039339999999978,2.6106599999999984,0.8095238095238095,63,-2.039339999999978,False,-2.039339999999978,False,-2.039339999999978,False,SWIGGY,False
2026-08-17,275.0,6.05,275.2,0.6144400000000003,1.3144400000000005,0.8918918918918919,37,0.6144400000000003,False,0.6144400000000003,False,0.6144400000000003,False,SWIGGY,False
2026-03-27,430.0,6.95,425.2,33.71644000000002,33.71644000000002,0.0,49,3.3414400000000004,True,6.81644,True,13.766440000000003,True,SYNGENE,False
2026-03-30,400.0,2.6999999999999997,398.35,8.062340000000022,8.062340000000022,0.5416666666666666,24,1.31234,True,2.6623399999999995,True,5.3623400000000006,True,SYNGENE,False
2026-06-25,1100.0,9.950000000000001,1102.5,-9.977720000000001,21.272279999999956,0.136,125,4.947279999999999,True,9.92228,True,19.87228,True,TATACONSUM,False
2026-06-29,1130.0,10.600000000000001,1130.1,-1.2060000000000022,50.59399999999996,0.048,125,5.244000000000001,True,10.544000000000002,True,21.144000000000002,True,TATACONSUM,False
2026-06-30,1080.0,5.05,1082.0,-5.064,22.386,0.192,125,2.5109999999999997,True,5.036,True,10.085999999999999,True,TATACONSUM,False
2026-07-01,1080.0,28.05,1084.0,-28.1284,-0.7784000000000029,0.048,125,-28.1284,False,-28.1284,False,-28.1284,False,TATACONSUM,False
2026-07-02,1090.0,29.6,1089.5,-29.682740000000003,-0.38274000000000075,0.096,125,-29.682740000000003,False,-29.682740000000003,False,-29.682740000000003,False,TATACONSUM,False
2026-07-03,1120.0,30.05,1115.4,-21.508219999999955,3.791780000000002,0.264,125,-21.508219999999955,False,-21.508219999999955,False,-21.508219999999955,False,TATACONSUM,False
2026-07-06,1120.0,30.400000000000002,1120.5,-14.280480000000049,3.419520000000001,0.256,125,-14.280480000000049,False,-14.280480000000049,False,-14.280480000000049,False,TATACONSUM,False
2026-07-07,1110.0,27.35,1114.0,-4.291400000000002,-1.9914000000000014,0.496,125,-4.291400000000002,False,-4.291400000000002,False,-4.291400000000002,False,TATACONSUM,False
2026-07-08,1110.0,25.55,1111.6,-9.616340000000092,-0.16634000000000046,0.424,125,-9.616340000000092,False,-9.616340000000092,False,-9.616340000000092,False,TATACONSUM,False
2026-07-09,1100.0,25.05,1101.7,-16.593940000000092,-0.24394000000000188,0.336,125,-16.593940000000092,False,-16.593940000000092,False,-16.593940000000092,False,TATACONSUM,False
2026-07-10,1110.0,23.3,1111.3,-1.4765600000000014,4.7234400000000445,0.192,125,-1.4765600000000014,False,-1.4765600000000014,False,-1.4765600000000014,False,TATACONSUM,False
2026-07-13,1100.0,21.05,1103.7,-10.688060000000002,3.761939999999998,0.328,125,-10.688060000000002,False,-10.688060000000002,False,-10.688060000000002,False,TATACONSUM,False
2026-07-14,1110.0,19.05,1105.5,-2.6992600000000015,13.400739999999912,0.016,125,9.425740000000003,True,-2.6992600000000015,False,-2.6992600000000015,False,TATACONSUM,False
2026-07-15,1090.0,21.55,1093.9,-11.189460000000002,0.16054000000000002,0.672,125,-11.189460000000002,False,-11.189460000000002,False,-11.189460000000002,False,TATACONSUM,False
2026-07-16,1090.0,22.5,1091.4,-22.56286,-1.7628599999999992,0.568,125,-22.56286,False,-22.56286,False,-22.56286,False,TATACONSUM,False
2026-07-17,1090.0,17.05,1088.0,-17.0976,3.7024,0.4,125,-17.0976,False,-17.0976,False,-17.0976,False,TATACONSUM,False
2026-07-20,1090.0,15.05,1089.5,-15.092,4.857999999999999,0.336,125,-15.092,False,-15.092,False,-15.092,False,TATACONSUM,False
2026-07-21,1090.0,17.150000000000002,1093.5,-17.19788,2.752119999999997,0.136,125,-17.19788,False,-17.19788,False,-17.19788,False,TATACONSUM,False
2026-07-22,1080.0,15.05,1079.5,-15.092,6.458,0.136,125,-15.092,False,-15.092,False,-15.092,False,TATACONSUM,False
2026-07-23,1100.0,18.05,1100.8,3.9875799999999977,7.88758,0.576,125,3.9875799999999977,False,3.9875799999999977,False,3.9875799999999977,False,TATACONSUM,False
2026-07-24,1100.0,14.65,1103.5,-4.768740000000001,11.33126,0.464,125,7.256260000000001,True,-4.768740000000001,False,-4.768740000000001,False,TATACONSUM,False
2026-07-27,1110.0,10.450000000000001,1108.7,10.511939999999907,19.611940000000047,0.152,125,5.13694,True,10.36194,True,10.511939999999907,False,TATACONSUM,False
2026-07-28,1100.0,4.1,1102.5,-4.111339999999999,21.938660000000002,0.36,125,2.0386599999999997,True,4.08866,True,8.188659999999999,True,TATACONSUM,False
2026-07-29,1100.0,24.55,1102.3,-16.69086,1.40914,0.384,125,-16.69086,False,-16.69086,False,-16.69086,False,TATACONSUM,False
2026-07-30,1100.0,26.150000000000002,1102.6,-14.805140000000003,-1.1551400000000043,0.208,125,-14.805140000000003,False,-14.805140000000003,False,-14.805140000000003,False,TATACONSUM,False
2026-07-31,1090.0,22.6,1090.0,-3.566760000000003,2.7332399999999977,0.536,125,-3.566760000000003,False,-3.566760000000003,False,-3.566760000000003,False,TATACONSUM,False
2026-08-03,1090.0,22.05,1088.9,-14.981619999999957,1.0683799999999986,0.512,125,-14.981619999999957,False,-14.981619999999957,False,-14.981619999999957,False,TATACONSUM,False
2026-08-04,1090.0,18.650000000000002,1093.5,-18.702080000000002,4.497919999999997,0.48,125,-18.702080000000002,False,-18.702080000000002,False,-18.702080000000002,False,TATACONSUM,False
2026-08-05,1090.0,23.6,1087.8,-18.430640000000047,-0.730640000000002,0.48,125,-18.430640000000047,False,-18.430640000000047,False,-18.430640000000047,False,TATACONSUM,False
2026-08-06,1090.0,20.1,1092.5,9.211399999999998,13.211400000000001,0.312,125,9.9114,True,9.211399999999998,False,9.211399999999998,False,TATACONSUM,False
2026-08-07,1090.0,20.45,1088.7,-4.003459999999999,12.896540000000003,0.264,125,10.121539999999998,True,-4.003459999999999,False,-4.003459999999999,False,TATACONSUM,False
2026-08-10,1080.0,17.35,1084.5,-17.39844,6.051559999999998,0.232,125,-17.39844,False,-17.39844,False,-17.39844,False,TATACONSUM,False
2026-08-11,1090.0,18.2,1090.7,-3.5421200000000455,15.157880000000004,0.32,125,9.007879999999998,True,-3.5421200000000455,False,-3.5421200000000455,False,TATACONSUM,False
2026-08-12,1070.0,15.950000000000001,1069.5,-1.6348400000000025,4.865159999999998,0.35772357723577236,123,-1.6348400000000025,False,-1.6348400000000025,False,-1.6348400000000025,False,TATACONSUM,False
2026-08-13,1060.0,18.55,1063.7,-18.6018,-2.6518000000000015,0.020618556701030927,97,-18.6018,False,-18.6018,False,-18.6018,False,TATACONSUM,False
2026-08-14,1090.0,17.0,1089.9,7.533520000000045,7.533520000000045,0.2535211267605634,71,7.533520000000045,False,7.533520000000045,False,7.533520000000045,False,TATACONSUM,False
2026-08-17,1080.0,15.450000000000001,1076.9,-0.8841399999999564,1.2658599999999995,0.17777777777777778,45,-0.8841399999999564,False,-0.8841399999999564,False,-0.8841399999999564,False,TATACONSUM,False
2026-08-10,3800.0,105.7,3796.9,-27.615899999999993,14.084099999999994,0.8,125,-27.615899999999993,False,-27.615899999999993,False,-27.615899999999993,False,TATAELXSI,False
2026-08-11,3800.0,85.05,3807.8,0.1221800000000085,34.77218,0.84,125,0.1221800000000085,False,0.1221800000000085,False,0.1221800000000085,False,TATAELXSI,False
2026-08-12,3800.0,91.25,3780.0,48.1524999999999,48.1524999999999,0.6747967479674797,123,44.9775,True,48.1524999999999,False,48.1524999999999,False,TATAELXSI,False
2026-08-13,3750.0,71.05,3752.0,18.549059999999916,20.54906,0.7319587628865979,97,18.549059999999916,False,18.549059999999916,False,18.549059999999916,False,TATAELXSI,False
2026-08-14,3750.0,74.05,3765.5,15.540659999999916,17.54066,0.6901408450704225,71,15.540659999999916,False,15.540659999999916,False,15.540659999999916,False,TATAELXSI,False
2026-08-17,3750.0,58.25,3729.8,31.384899999999913,33.384899999999995,0.5555555555555556,45,28.7099,True,31.384899999999913,False,31.384899999999913,False,TATAELXSI,False
2026-06-25,395.0,4.5,393.5,12.788959999999976,15.638959999999999,0.104,125,2.1889600000000002,True,4.43896,True,8.93896,True,TATAPOWER,False
2026-06-29,385.0,1.6500000000000001,387.45,7.968499999999987,8.5185,0.424,125,0.7935,True,1.6185000000000003,True,3.2685,True,TATAPOWER,False
2026-06-30,385.0,4.3999999999999995,386.25,2.318920000000012,5.76892,0.272,125,2.16892,True,4.368919999999999,True,2.318920000000012,False,TATAPOWER,False
2026-07-01,385.0,8.4,384.9,0.5015599999999989,1.751559999999999,0.072,125,0.5015599999999989,False,0.5015599999999989,False,0.5015599999999989,False,TATAPOWER,False
2026-07-02,375.0,8.65,375.95,-0.29760000000000175,1.7023999999999981,0.736,125,-0.29760000000000175,False,-0.29760000000000175,False,-0.29760000000000175,False,TATAPOWER,False
2026-07-03,380.0,7.25,377.6,1.255899999999999,2.3558999999999988,0.264,125,1.255899999999999,False,1.255899999999999,False,1.255899999999999,False,TATAPOWER,False
2026-07-06,375.0,8.75,375.3,-8.77436,1.6256399999999986,0.552,125,-8.77436,False,-8.77436,False,-8.77436,False,TATAPOWER,False
2026-07-07,380.0,9.8,378.2,-7.184720000000012,-0.5347200000000017,0.384,125,-7.184720000000012,False,-7.184720000000012,False,-7.184720000000012,False,TATAPOWER,False
2026-07-08,375.0,8.3,376.0,-8.3231,2.076899999999998,0.584,125,-8.3231,False,-8.3231,False,-8.3231,False,TATAPOWER,False
2026-07-09,375.0,9.25,373.7,-9.27576,-0.07576000000000072,0.432,125,-9.27576,False,-9.27576,False,-9.27576,False,TATAPOWER,False
2026-07-10,380.0,7.55,378.1,-3.6320599999999996,0.8179399999999988,0.56,125,-3.6320599999999996,False,-3.6320599999999996,False,-3.6320599999999996,False,TATAPOWER,False
2026-07-13,380.0,8.3,379.4,-1.3925600000000005,0.05743999999999787,0.416,125,-1.3925600000000005,False,-1.3925600000000005,False,-1.3925600000000005,False,TATAPOWER,False
2026-07-14,375.0,7.95,377.3,-7.97212,-1.1721200000000003,0.344,125,-7.97212,False,-7.97212,False,-7.97212,False,TATAPOWER,False
2026-07-15,380.0,8.25,379.4,-1.8908799999999997,-0.79088,0.536,125,-1.8908799999999997,False,-1.8908799999999997,False,-1.8908799999999997,False,TATAPOWER,False
2026-07-16,385.0,5.05,382.95,2.514719999999978,3.8647199999999997,0.232,125,2.4897199999999997,True,2.514719999999978,False,2.514719999999978,False,TATAPOWER,False
2026-07-17,375.0,6.0,376.0,-1.08052,-0.08051999999999983,0.272,125,-1.08052,False,-1.08052,False,-1.08052,False,TATAPOWER,False
2026-07-20,380.0,6.85,379.25,-4.276320000000022,1.2736799999999884,0.504,125,-4.276320000000022,False,-4.276320000000022,False,-4.276320000000022,False,TATAPOWER,False
2026-07-21,385.0,8.4,385.5,2.396239999999976,4.696239999999988,0.064,125,4.1462400000000015,True,2.396239999999976,False,2.396239999999976,False,TATAPOWER,False
2026-07-22,380.0,6.2,378.8,1.8600999999999765,5.26010000000001,0.28,125,3.0601000000000007,True,1.8600999999999765,False,1.8600999999999765,False,TATAPOWER,False
2026-07-23,375.0,5.35,377.35,1.2166800000000009,3.56668,0.688,125,2.641679999999999,True,1.2166800000000009,False,1.2166800000000009,False,TATAPOWER,False
2026-07-24,375.0,4.85,374.0,-4.86344,4.0865599999999995,0.76,125,2.4115599999999997,True,-4.86344,False,-4.86344,False,TATAPOWER,False
2026-07-27,375.0,3.05,377.35,-3.0584,5.8915999999999995,0.6,125,1.5165999999999995,True,3.0416,True,-3.0584,False,TATAPOWER,False
2026-07-28,375.0,4.05,374.1,-4.0611999999999995,4.8888,0.408,125,2.0137999999999994,True,4.0388,True,-4.0611999999999995,False,TATAPOWER,False
2026-07-29,370.0,8.0,371.85,-8.02226,-8.02226,0.0,125,-8.02226,False,-8.02226,False,-8.02226,False,TATAPOWER,False
2026-07-30,375.0,7.2,377.0,-7.22002,0.32997999999999966,0.192,125,-7.22002,False,-7.22002,False,-7.22002,False,TATAPOWER,False
2026-07-31,380.0,8.0,379.2,-0.5931199999999999,0.006879999999998936,0.904,125,-0.5931199999999999,False,-0.5931199999999999,False,-0.5931199999999999,False,TATAPOWER,False
2026-08-03,380.0,7.05,381.75,-1.03654,0.9134600000000002,0.904,125,-1.03654,False,-1.03654,False,-1.03654,False,TATAPOWER,False
2026-08-04,380.0,6.2,381.15,-0.3337399999999998,1.7662599999999997,0.896,125,-0.3337399999999998,False,-0.3337399999999998,False,-0.3337399999999998,False,TATAPOWER,False
2026-08-05,380.0,5.45,382.35,0.46821999999999997,2.51822,0.96,125,0.46821999999999997,False,0.46821999999999997,False,0.46821999999999997,False,TATAPOWER,False
2026-08-06,380.0,6.3999999999999995,378.4,0.5127600000000007,2.5127599999999997,0.976,125,0.5127600000000007,False,0.5127600000000007,False,0.5127600000000007,False,TATAPOWER,False
2026-08-07,380.0,7.55,378.1,-2.9340199999999994,1.3659799999999995,0.992,125,-2.9340199999999994,False,-2.9340199999999994,False,-2.9340199999999994,False,TATAPOWER,False
2026-08-10,380.0,6.3,381.6,-6.3175,2.6324999999999994,0.832,125,-6.3175,False,-6.3175,False,-6.3175,False,TATAPOWER,False
2026-08-11,380.0,5.25,379.8,-1.5749199999999999,3.6750799999999995,0.816,125,2.60008,True,-1.5749199999999999,False,-1.5749199999999999,False,TATAPOWER,False
2026-08-12,380.0,6.3,378.15,-2.1791199999999993,2.6208799999999997,0.8067226890756303,119,-2.1791199999999993,False,-2.1791199999999993,False,-2.1791199999999993,False,TATAPOWER,False
2026-08-13,380.0,6.6,379.55,-2.4799599999999993,-0.6299599999999996,0.7526881720430108,93,-2.4799599999999993,False,-2.4799599999999993,False,-2.4799599999999993,False,TATAPOWER,False
2026-08-14,380.0,4.35,380.4,-0.22365999999999928,1.2763400000000007,0.6865671641791045,67,-0.22365999999999928,False,-0.22365999999999928,False,-0.22365999999999928,False,TATAPOWER,False
2026-08-17,380.0,4.45,380.3,-0.32393999999999984,1.17606,1.0,41,-0.32393999999999984,False,-0.32393999999999984,False,-0.32393999999999984,False,TATAPOWER,False
2026-06-25,190.0,1.9100000000000001,190.09,-1.9152080000000002,3.044791999999991,0.328,125,0.9497920000000001,True,1.904792,True,-1.9152080000000002,False,TATASTEEL,False
2026-06-29,190.0,1.7,189.82,2.7129760000000003,3.392976,0.408,125,0.8329759999999998,True,1.682976,True,3.3829759999999993,True,TATASTEEL,False
2026-06-30,187.5,1.84,188.05,-1.845012,3.8249880000000003,0.408,125,0.9149880000000001,True,1.834988,True,3.674988000000001,True,TATASTEEL,False
2026-07-01,187.5,5.05,188.19,-1.0053959999999995,0.5946040000000001,0.272,125,-1.0053959999999995,False,-1.0053959999999995,False,-1.0053959999999995,False,TATASTEEL,False
2026-07-02,187.5,5.05,186.64,-0.7361519999999999,0.23384800000000067,0.216,125,-0.7361519999999999,False,-0.7361519999999999,False,-0.7361519999999999,False,TATASTEEL,False
2026-07-03,192.5,4.6899999999999995,191.8,-2.658732000000005,0.9712679999999905,0.048,125,-2.658732000000005,False,-2.658732000000005,False,-2.658732000000005,False,TATASTEEL,False
2026-07-06,190.0,4.83,190.39,-1.7620360000000135,0.2679640000000001,0.68,125,-1.7620360000000135,False,-1.7620360000000135,False,-1.7620360000000135,False,TATASTEEL,False
2026-07-07,190.0,4.54,189.69,-3.156492000000011,0.5635080000000001,0.488,125,-3.156492000000011,False,-3.156492000000011,False,-3.156492000000011,False,TATASTEEL,False
2026-07-08,187.5,4.25,188.45,-0.6219799999999996,0.8780200000000004,0.56,125,-0.6219799999999996,False,-0.6219799999999996,False,-0.6219799999999996,False,TATASTEEL,False
2026-07-09,187.5,4.85,187.57,-2.6995160000000005,-0.029515999999999782,0.64,125,-2.6995160000000005,False,-2.6995160000000005,False,-2.6995160000000005,False,TATASTEEL,False
2026-07-10,190.0,4.26,190.4,-0.422596000000003,0.6474040000000009,0.24,125,-0.422596000000003,False,-0.422596000000003,False,-0.422596000000003,False,TATASTEEL,False
2026-07-13,187.5,3.9499999999999997,186.86,-0.7499359999999995,0.8700640000000002,0.48,125,-0.7499359999999995,False,-0.7499359999999995,False,-0.7499359999999995,False,TATASTEEL,False
2026-07-14,187.5,4.52,188.55,-1.9697119999999992,-0.09971199999999919,0.464,125,-1.9697119999999992,False,-1.9697119999999992,False,-1.9697119999999992,False,TATASTEEL,False
2026-07-15,187.5,5.6,187.98,-3.1125679999999996,-1.1825679999999992,0.432,125,-3.1125679999999996,False,-3.1125679999999996,False,-3.1125679999999996,False,TATASTEEL,False
2026-07-16,185.0,4.05,185.28,-2.4457359999999997,0.08426400000000053,0.696,125,-2.4457359999999997,False,-2.4457359999999997,False,-2.4457359999999997,False,TATASTEEL,False
2026-07-17,185.0,3.8099999999999996,186.09,-1.5169959999999858,0.32300400000000073,0.696,125,-1.5169959999999858,False,-1.5169959999999858,False,-1.5169959999999858,False,TATASTEEL,False
2026-07-20,187.5,3.5799999999999996,186.85,-0.7179479999999927,2.462052000000014,0.28,125,1.7720519999999995,True,-0.7179479999999927,False,-0.7179479999999927,False,TATASTEEL,False
2026-07-21,187.5,2.77,187.06,0.7524720000000036,3.272472000000014,0.112,125,1.3674720000000002,True,2.752472,True,0.7524720000000036,False,TATASTEEL,False
2026-07-22,187.5,2.71,186.82,0.23426399999999115,3.334264000000014,0.032,125,1.3392639999999996,True,2.694264,True,0.23426399999999115,False,TATASTEEL,False
2026-07-23,185.0,1.49,185.44,-1.494032,3.695968,0.456,125,0.7409679999999998,True,1.485968,True,2.9759679999999995,True,TATASTEEL,False
2026-07-24,182.5,2.05,182.64,-2.0555999999999996,0.36440000000000056,0.336,125,-2.0555999999999996,False,-2.0555999999999996,False,-2.0555999999999996,False,TATASTEEL,False
2026-07-27,185.0,2.3099999999999996,184.57,-2.3163279999999995,2.873672000000001,0.272,125,1.148672,True,2.3036719999999997,True,-2.3163279999999995,False,TATASTEEL,False
2026-07-28,185.0,1.29,183.91,-1.293472,3.8965280000000004,0.08,125,0.641528,True,1.2865280000000001,True,2.576528,True,TATASTEEL,False
2026-07-29,185.0,5.109999999999999,184.49,-5.124167999999999,-0.05416799999999915,0.016,125,-5.124167999999999,False,-5.124167999999999,False,-5.124167999999999,False,TATASTEEL,False
2026-07-30,187.5,5.1499999999999995,188.09,-5.16428,0.355720000000001,0.288,125,-5.16428,False,-5.16428,False,-5.16428,False,TATASTEEL,False
2026-07-31,187.5,3.8,186.92,-3.8104999999999998,0.5195000000000003,0.096,125,-3.8104999999999998,False,-3.8104999999999998,False,-3.8104999999999998,False,TATASTEEL,False
2026-08-03,190.0,4.1499999999999995,190.49,-1.5986759999999947,0.30132400000000026,0.624,125,-1.5986759999999947,False,-1.5986759999999947,False,-1.5986759999999947,False,TATASTEEL,False
2026-08-04,192.5,4.1499999999999995,192.3,-2.406407999999997,1.2835920000000007,0.248,125,-2.406407999999997,False,-2.406407999999997,False,-2.406407999999997,False,TATASTEEL,False
2026-08-05,192.5,4.39,191.56,0.7633439999999903,1.0333440000000005,0.2,125,0.7633439999999903,False,0.7633439999999903,False,0.7633439999999903,False,TATASTEEL,False
2026-08-06,192.5,4.17,192.3,3.397184000000006,4.607184000000013,0.104,125,2.052184,True,4.1371839999999995,True,3.397184000000006,False,TATASTEEL,False
2026-08-07,190.0,4.5,189.45,1.2812720000000137,1.7812720000000137,0.28,125,1.2812720000000137,False,1.2812720000000137,False,1.2812720000000137,False,TATASTEEL,False
2026-08-10,190.0,3.3,189.2,3.1427840000000105,5.972783999999994,0.264,125,1.6227839999999993,True,3.2727839999999997,True,3.1427840000000105,False,TATASTEEL,False
2026-08-11,190.0,3.63,190.07,0.3886640000000037,5.648663999999994,0.104,125,1.7936640000000004,True,3.608664,True,0.3886640000000037,False,TATASTEEL,False
2026-08-12,187.5,2.9699999999999998,188.6,-0.026464000000008644,3.8135359999999947,0.5371900826446281,121,1.4685360000000003,True,2.9535359999999997,True,-0.026464000000008644,False,TATASTEEL,False
2026-08-13,185.0,3.3899999999999997,185.57,-0.6071919999999994,1.9928080000000006,0.9578947368421052,95,1.6778079999999993,True,-0.6071919999999994,False,-0.6071919999999994,False,TATASTEEL,False
2026-08-14,182.5,2.9699999999999998,182.79,-2.978176,1.4218240000000006,0.5217391304347826,69,-2.978176,False,-2.978176,False,-2.978176,False,TATASTEEL,False
2026-08-17,182.5,2.63,182.49,-2.637224,0.052776000000000496,0.23255813953488372,43,-2.637224,False,-2.637224,False,-2.637224,False,TATASTEEL,False
2026-06-25,2120.0,17.35,2118.3,-2.5900199999999116,120.50998,0.104,125,8.58498,True,17.259980000000002,True,34.60998,True,TCS,False
2026-06-29,2080.0,13.600000000000001,2085.1,53.722919999999995,84.12292,0.232,125,6.572920000000001,True,13.37292,True,26.972920000000002,True,TCS,False
2026-06-30,2060.0,16.05,2063.9,-16.0948,61.8552,0.352,125,7.980200000000002,True,16.005200000000002,True,32.055200000000006,True,TCS,False
2026-07-01,2040.0,83.45,2048.9,-83.68352,0.7164800000000029,0.152,125,-83.68352,False,-83.68352,False,-83.68352,False,TCS,False
2026-07-02,2040.0,75.14999999999999,2037.0,-62.44653999999999,-5.446539999999988,0.064,125,-62.44653999999999,False,-62.44653999999999,False,-62.44653999999999,False,TCS,True
2026-07-03,2100.0,80.05,2105.1,-68.15802000000018,-3.2580199999999992,0.344,125,-68.15802000000018,False,-68.15802000000018,False,-68.15802000000018,False,TCS,False
2026-07-06,2080.0,67.35,2080.7,-67.53844,4.511560000000003,0.288,125,-67.53844,False,-67.53844,False,-67.53844,False,TCS,False
2026-07-07,2080.0,67.64999999999999,2073.9,-67.83927999999999,4.210720000000006,0.272,125,-67.83927999999999,False,-67.83927999999999,False,-67.83927999999999,False,TCS,True
2026-07-08,2100.0,68.75,2098.9,-68.94236,8.107639999999996,0.048,125,-68.94236,False,-68.94236,False,-68.94236,False,TCS,True
2026-07-09,2020.0,70.05,2027.0,-70.246,-70.246,0.0,125,-70.246,False,-70.246,False,-70.246,False,TCS,True
2026-07-10,2080.0,60.099999999999994,2087.8,-60.268139999999995,-2.3181399999999917,0.152,125,-60.268139999999995,False,-60.268139999999995,False,-60.268139999999995,False,TCS,False
2026-07-13,2100.0,55.8,2096.7,-55.9561,-55.9561,0.0,125,-55.9561,False,-55.9561,False,-55.9561,False,TCS,False
2026-07-14,2220.0,60.05,2225.0,-60.217999999999996,4.432000000000008,0.176,125,-60.217999999999996,False,-60.217999999999996,False,-60.217999999999996,False,TCS,False
2026-07-15,2180.0,44.9,2180.9,-45.02558,8.724420000000002,0.112,125,-45.02558,False,-45.02558,False,-45.02558,False,TCS,False
2026-07-16,2200.0,48.099999999999994,2203.7,-22.855799999999995,-6.3557999999999915,0.152,125,-22.855799999999995,False,-22.855799999999995,False,-22.855799999999995,False,TCS,False
2026-07-17,2240.0,51.05,2233.2,-31.547959999999996,-3.3479599999999916,0.168,125,-31.547959999999996,False,-31.547959999999996,False,-31.547959999999996,False,TCS,False
2026-07-20,2260.0,40.15,2259.5,-40.26228,24.687720000000006,0.24,125,19.962719999999997,True,-40.26228,False,-40.26228,False,TCS,False
2026-07-21,2260.0,39.449999999999996,2253.6,-39.56032,25.389680000000006,0.056,125,19.61468,True,-39.56032,False,-39.56032,False,TCS,False
2026-07-22,2220.0,31.1,2211.7,-31.18694,0.41305999999999643,0.208,125,-31.18694,False,-31.18694,False,-31.18694,False,TCS,False
2026-07-23,2200.0,22.05,2195.0,-22.1116,-2.3116,0.016,125,-22.1116,False,-22.1116,False,-22.1116,False,TCS,False
2026-07-24,2240.0,39.05,2248.4,-39.1592,-13.959199999999997,0.12,125,-39.1592,False,-39.1592,False,-39.1592,False,TCS,False
2026-07-27,2280.0,12.05,2289.8,-12.0836,-12.0836,0.0,125,-12.0836,False,-12.0836,False,-12.0836,False,TCS,False
2026-07-28,2360.0,20.3,2363.0,-20.3567,42.593300000000006,0.104,125,10.093300000000003,True,20.2433,True,40.54330000000001,True,TCS,False
2026-07-29,2420.0,74.95,2429.4,-75.15972000000001,-5.009720000000182,0.072,125,-75.15972000000001,False,-75.15972000000001,False,-75.15972000000001,False,TCS,False
2026-07-30,2480.0,70.05,2472.2,-4.181499999999813,59.71849999999981,0.056,125,34.64349999999999,True,-4.181499999999813,False,-4.181499999999813,False,TCS,False
2026-07-31,2340.0,45.05,2349.8,-45.175999999999995,-45.175999999999995,0.0,125,-45.175999999999995,False,-45.175999999999995,False,-45.175999999999995,False,TCS,False
2026-08-03,2400.0,63.8,2394.0,-63.9785,-3.0784999999999916,0.16,125,-63.9785,False,-63.9785,False,-63.9785,False,TCS,False
2026-08-04,2440.0,51.849999999999994,2439.4,0.6571200000000099,14.807120000000008,0.392,125,0.6571200000000099,False,0.6571200000000099,False,0.6571200000000099,False,TCS,False
2026-08-05,2440.0,49.199999999999996,2439.6,-3.017679999999993,17.48232000000001,0.496,125,-3.017679999999993,False,-3.017679999999993,False,-3.017679999999993,False,TCS,False
2026-08-06,2400.0,51.099999999999994,2409.9,12.32856000000019,46.628559999999915,0.128,125,25.228559999999998,True,12.32856000000019,False,12.32856000000019,False,TCS,False
2026-08-07,2420.0,66.05,2426.5,-4.458259999999994,51.64173999999991,0.08,125,32.66673999999999,True,-4.458259999999994,False,-4.458259999999994,False,TCS,False
2026-08-10,2460.0,62.5,2458.8,44.97288,95.0728799999999,0.096,125,30.77288,True,62.02288,True,44.97288,False,TCS,False
2026-08-11,2440.0,51.05,2444.9,71.3132200000001,86.5132199999999,0.24,125,25.038219999999992,True,50.563219999999994,True,71.3132200000001,False,TCS,False
2026-08-12,2440.0,45.5,2438.0,107.39307999999998,111.69308000000017,0.03361344537815126,119,22.19308,True,44.94308,True,90.44308,True,TCS,False
2026-08-13,2340.0,48.349999999999994,2348.8,4.815100000000008,9.11510000000019,0.43010752688172044,93,4.815100000000008,False,4.815100000000008,False,4.815100000000008,False,TCS,False
2026-08-14,2360.0,40.3,2363.8,32.83164000000001,37.13164000000019,0.3880597014925373,67,19.83164,True,32.83164000000001,False,32.83164000000001,False,TCS,False
2026-08-17,2320.0,39.699999999999996,2329.4,-6.454679999999993,-2.1546799999998107,0.5853658536585366,41,-6.454679999999993,False,-6.454679999999993,False,-6.454679999999993,False,TCS,False
2026-08-10,1660.0,38.65,1659.0,-5.601180000000041,7.298820000000007,0.376,125,-5.601180000000041,False,-5.601180000000041,False,-5.601180000000041,False,TECHM,False
2026-08-11,1640.0,39.3,1649.8,-7.649079999999907,-0.5490799999999946,0.824,125,-7.649079999999907,False,-7.649079999999907,False,-7.649079999999907,False,TECHM,False
2026-08-12,1660.0,37.5,1653.6,36.83612000000005,37.136120000000005,0.3217391304347826,115,18.43612,True,36.83612000000005,False,36.83612000000005,False,TECHM,False
2026-08-13,1640.0,34.75,1645.2,19.649820000000048,19.949820000000003,0.651685393258427,89,17.12482,True,19.649820000000048,False,19.649820000000048,False,TECHM,False
2026-08-14,1620.0,24.2,1628.4,10.285360000000049,10.585360000000003,0.746031746031746,63,10.285360000000049,False,10.285360000000049,False,10.285360000000049,False,TECHM,False
2026-08-17,1620.0,25.2,1616.9,9.282560000000048,9.582560000000003,0.6756756756756757,37,9.282560000000048,False,9.282560000000048,False,9.282560000000048,False,TECHM,False
2026-06-25,3160.0,35.849999999999994,3162.4,151.1743399999998,169.5743399999999,0.048,125,17.299339999999997,True,35.22434,True,71.07433999999999,True,TIINDIA,False
2026-06-29,3040.0,38.05,3036.6,67.89582000000001,122.19581999999998,0.424,125,18.62082,True,37.64582,True,75.69582,True,TIINDIA,False
2026-07-01,3080.0,110.6,3074.3,64.44808000000009,71.94808000000009,0.192,125,54.49807999999998,True,64.44808000000009,False,64.44808000000009,False,TIINDIA,False
2026-07-02,3080.0,98.35,3089.6,35.049419999999905,84.5494199999999,0.072,125,48.524419999999985,True,35.049419999999905,False,35.049419999999905,False,TIINDIA,False
2026-07-03,3000.0,125.39999999999999,2953.9,-35.155359999999895,-5.305359999999989,0.32,125,-35.155359999999895,False,-35.155359999999895,False,-35.155359999999895,False,TIINDIA,False
2026-07-06,3000.0,113.05,2954.0,-18.183659999999993,5.616340000000003,0.304,125,-18.183659999999993,False,-18.183659999999993,False,-18.183659999999993,False,TIINDIA,False
2026-07-08,3000.0,103.89999999999999,2948.0,101.98032000000018,145.18032000000002,0.232,125,51.08032,True,103.03031999999999,True,101.98032000000018,False,TIINDIA,False
2026-07-10,3000.0,113.55,2949.5,88.1150599999999,135.51505999999998,0.12,125,55.89005999999999,True,112.66506,True,88.1150599999999,False,TIINDIA,False
2026-07-15,3000.0,99.39999999999999,2945.5,107.49012000000018,149.69012,0.088,125,48.84012,True,98.54011999999999,True,107.49012000000018,False,TIINDIA,False
2026-07-16,3020.0,103.45,2964.4,197.86362,199.36362,0.024,125,50.588620000000006,True,102.31362,True,197.86362,False,TIINDIA,False
2026-07-21,2950.0,88.75,2900.0,106.40297999999999,189.80298000000008,0.232,125,43.57798,True,87.95298,True,176.70298,True,TIINDIA,False
2026-07-24,2850.0,55.25,2802.1,40.775380000000006,123.67538000000008,0.464,125,27.20038,True,54.82538,True,110.07538,True,TIINDIA,False
2026-07-28,2850.0,41.099999999999994,2785.5,57.856880000000096,137.85688000000007,0.312,125,20.156879999999997,True,40.70687999999999,True,81.80687999999999,True,TIINDIA,False
2026-07-29,2850.0,114.25,2832.2,-9.215580000000179,64.48442000000009,0.192,125,56.50942,True,-9.215580000000179,False,-9.215580000000179,False,TIINDIA,False
2026-07-30,2800.0,111.05,2776.9,-2.7158599999999944,29.28413999999999,0.824,125,-2.7158599999999944,False,-2.7158599999999944,False,-2.7158599999999944,False,TIINDIA,False
2026-07-31,2700.0,92.1,2722.0,-92.35773999999999,-4.1577399999999916,0.008,125,-92.35773999999999,False,-92.35773999999999,False,-92.35773999999999,False,TIINDIA,False
2026-08-04,2750.0,85.14999999999999,2772.2,-85.38828,17.06172000000001,0.624,125,-85.38828,False,-85.38828,False,-85.38828,False,TIINDIA,False
2026-08-05,2800.0,102.2,2791.9,9.15052,21.000519999999995,1.0,125,9.15052,False,9.15052,False,9.15052,False,TIINDIA,False
2026-08-07,2750.0,89.55,2762.4,-8.578659999999994,8.821340000000012,0.464,125,-8.578659999999994,False,-8.578659999999994,False,-8.578659999999994,False,TIINDIA,False
2026-08-10,2800.0,101.55,2786.0,-22.606659999999994,25.143340000000006,0.928,125,-22.606659999999994,False,-22.606659999999994,False,-22.606659999999994,False,TIINDIA,False
2026-08-11,2800.0,86.05,2785.3,-3.8722199999999916,40.677780000000006,0.824,125,-3.8722199999999916,False,-3.8722199999999916,False,-3.8722199999999916,False,TIINDIA,False
2026-08-12,2750.0,75.05,2757.8,-75.25999999999999,23.59000000000001,0.6134453781512605,119,-75.25999999999999,False,-75.25999999999999,False,-75.25999999999999,False,TIINDIA,True
2026-08-13,2850.0,97.3,2826.9,-97.5723,66.07769999999981,0.0967741935483871,93,48.37769999999999,True,-97.5723,False,-97.5723,False,TIINDIA,False
2026-08-14,2750.0,76.14999999999999,2752.0,-76.36308,20.486920000000016,0.7611940298507462,67,-76.36308,False,-76.36308,False,-76.36308,False,TIINDIA,False
2026-08-17,2700.0,54.199999999999996,2686.3,-54.35162,1.598380000000007,0.2926829268292683,41,-54.35162,False,-54.35162,False,-54.35162,False,TIINDIA,False
2026-08-10,5000.0,122.89999999999999,5008.0,-123.24398,-27.693979999999993,0.128,125,-123.24398,False,-123.24398,False,-123.24398,False,TITAN,False
2026-08-11,5150.0,87.8,5135.0,7.286620000000012,59.63661999999999,0.504,125,43.38661999999999,True,7.286620000000012,False,7.286620000000012,False,TITAN,False
2026-08-12,5100.0,78.25,5086.2,-35.73894000000036,33.76106000000001,0.7333333333333333,120,-35.73894000000036,False,-35.73894000000036,False,-35.73894000000036,False,TITAN,False
2026-08-13,5050.0,72.6,5030.0,-27.77955999999999,14.020440000000008,0.6170212765957447,94,-27.77955999999999,False,-27.77955999999999,False,-27.77955999999999,False,TITAN,False
2026-08-14,5050.0,72.6,5074.6,-27.77955999999999,-9.229559999999992,0.47058823529411764,68,-27.77955999999999,False,-27.77955999999999,False,-27.77955999999999,False,TITAN,False
2026-08-17,5100.0,62.05,5098.9,-19.493580000000357,12.606420000000007,0.5952380952380952,42,-19.493580000000357,False,-19.493580000000357,False,-19.493580000000357,False,TITAN,False
2026-06-25,360.0,4.2,358.4,12.990080000000011,12.990080000000011,0.104,125,2.0400800000000006,True,4.14008,True,8.340080000000002,True,TMPV,False
2026-06-29,355.0,3.15,352.8,9.106880000000022,11.706879999999998,0.392,125,1.5318799999999997,True,3.10688,True,6.256879999999999,True,TMPV,False
2026-06-30,345.0,4.8999999999999995,344.5,4.26066,6.960659999999999,0.656,125,2.41066,True,4.860659999999999,True,4.26066,False,TMPV,False
2026-07-01,350.0,10.450000000000001,350.2,0.19091999999999823,4.240919999999999,0.96,125,0.19091999999999823,False,0.19091999999999823,False,0.19091999999999823,False,TMPV,False
2026-07-02,350.0,11.05,348.4,5.323139999999999,7.523139999999987,0.768,125,5.448140000000002,True,5.323139999999999,False,5.323139999999999,False,TMPV,False
2026-07-03,345.0,8.8,342.7,0.7984799999999872,5.698480000000021,0.72,125,4.34848,True,0.7984799999999872,False,0.7984799999999872,False,TMPV,False
2026-07-06,345.0,11.100000000000001,342.65,-2.654739999999991,3.3952600000000204,0.56,125,-2.654739999999991,False,-2.654739999999991,False,-2.654739999999991,False,TMPV,False
2026-07-07,345.0,9.15,346.9,2.3421799999999986,5.342180000000021,0.504,125,4.517180000000001,True,2.3421799999999986,False,2.3421799999999986,False,TMPV,False
2026-07-08,340.0,8.4,339.25,2.9446999999999983,5.494699999999999,0.776,125,4.144700000000001,True,2.9446999999999983,False,2.9446999999999983,False,TMPV,False
2026-07-09,335.0,10.15,333.5,-3.4471800000000004,1.4028199999999993,0.824,125,-3.4471800000000004,False,-3.4471800000000004,False,-3.4471800000000004,False,TMPV,False
2026-07-10,335.0,9.75,335.3,-0.9519400000000003,-0.001940000000001059,0.824,125,-0.9519400000000003,False,-0.9519400000000003,False,-0.9519400000000003,False,TMPV,False
2026-07-13,335.0,8.100000000000001,336.45,-1.989760000000001,1.6602399999999975,0.864,125,-1.989760000000001,False,-1.989760000000001,False,-1.989760000000001,False,TMPV,False
2026-07-14,340.0,7.8999999999999995,338.9,0.005760000000000709,4.7557599999999995,0.816,125,3.9057600000000003,True,0.005760000000000709,False,0.005760000000000709,False,TMPV,False
2026-07-15,335.0,9.700000000000001,334.2,-2.9959200000000012,0.05407999999999787,1.0,125,-2.9959200000000012,False,-2.9959200000000012,False,-2.9959200000000012,False,TMPV,False
2026-07-16,335.0,8.25,336.9,-0.5945199999999998,1.20548,0.992,125,-0.5945199999999998,False,-0.5945199999999998,False,-0.5945199999999998,False,TMPV,False
2026-07-17,330.0,7.2,332.35,2.901559999999988,2.901559999999988,0.44,125,2.901559999999988,False,2.901559999999988,False,2.901559999999988,False,TMPV,False
2026-07-20,335.0,6.0,335.85,1.4623400000000115,10.162339999999999,0.632,125,2.9623399999999998,True,5.96234,True,1.4623400000000115,False,TMPV,False
2026-07-21,335.0,6.0,336.45,4.653379999999999,10.153379999999999,0.512,125,2.95338,True,5.95338,True,4.653379999999999,False,TMPV,False
2026-07-22,330.0,6.05,332.0,6.09904,6.09904,0.912,125,2.9740399999999996,True,5.99904,True,6.09904,False,TMPV,False
2026-07-23,325.0,3.3499999999999996,327.25,-3.35924,6.790759999999999,0.696,125,1.66576,True,3.3407599999999995,True,6.690759999999999,True,TMPV,False
2026-07-24,320.0,2.05,319.8,-2.0555999999999996,2.044400000000001,0.08,125,1.0193999999999999,True,2.0444,True,-2.0555999999999996,False,TMPV,False
2026-07-27,325.0,1.8,327.45,-1.8049,8.345099999999999,0.336,125,0.8951000000000001,True,1.7951000000000001,True,3.5951000000000004,True,TMPV,False
2026-07-28,325.0,1.05,324.25,-1.0528,9.097199999999997,0.216,125,0.5222000000000001,True,1.0472000000000001,True,2.0972000000000004,True,TMPV,False
2026-07-29,330.0,11.0,327.75,-11.03066,1.6693399999999994,0.312,125,-11.03066,False,-11.03066,False,-11.03066,False,TMPV,False
2026-07-30,330.0,9.950000000000001,329.85,-9.977720000000001,0.522279999999999,0.112,125,-9.977720000000001,False,-9.977720000000001,False,-9.977720000000001,False,TMPV,False
2026-07-31,335.0,10.75,336.75,-10.77996,-0.5799600000000007,0.056,125,-10.77996,False,-10.77996,False,-10.77996,False,TMPV,False
2026-08-03,345.0,11.600000000000001,346.3,-2.507960000000003,-0.7079600000000021,0.624,125,-2.507960000000003,False,-2.507960000000003,False,-2.507960000000003,False,TMPV,False
2026-08-04,345.0,9.8,346.5,-1.3012400000000017,1.0987599999999986,0.592,125,-1.3012400000000017,False,-1.3012400000000017,False,-1.3012400000000017,False,TMPV,False
2026-08-05,350.0,12.05,352.25,-1.3138400000000017,1.5861599999999987,1.0,125,-1.3138400000000017,False,-1.3138400000000017,False,-1.3138400000000017,False,TMPV,False
2026-08-06,345.0,12.15,346.8,-2.062300000000002,0.6876999999999982,0.696,125,-2.062300000000002,False,-2.062300000000002,False,-2.062300000000002,False,TMPV,False
2026-08-07,345.0,10.05,343.75,-10.078000000000001,2.821999999999998,0.552,125,-10.078000000000001,False,-10.078000000000001,False,-10.078000000000001,False,TMPV,False
2026-08-10,350.0,9.700000000000001,350.3,9.02034000000002,10.720340000000009,0.696,125,4.770339999999999,True,9.62034,True,9.02034000000002,False,TMPV,False
2026-08-11,345.0,9.200000000000001,346.35,4.685319999999998,6.585319999999975,0.288,125,4.53532,True,4.685319999999998,False,4.685319999999998,False,TMPV,False
2026-08-12,350.0,10.05,350.25,15.500179999999988,15.500179999999988,0.30701754385964913,114,4.92518,True,9.950180000000001,True,15.500179999999988,False,TMPV,False
2026-08-13,345.0,9.100000000000001,345.1,11.466839999999987,11.466839999999987,0.03409090909090909,88,4.46684,True,9.016840000000002,True,11.466839999999987,False,TMPV,False
2026-08-14,335.0,8.05,332.85,2.547779999999987,2.547779999999987,0.8225806451612904,62,2.547779999999987,False,2.547779999999987,False,2.547779999999987,False,TMPV,False
2026-08-17,330.0,4.5,331.0,1.121719999999989,1.4217200000000003,0.6666666666666666,36,1.121719999999989,False,1.121719999999989,False,1.121719999999989,False,TMPV,False
2026-08-10,4950.0,110.1,4947.5,-14.726799999999992,17.62319999999999,0.192,125,-14.726799999999992,False,-14.726799999999992,False,-14.726799999999992,False,TORNTPHARM,False
2026-08-11,4900.0,89.95,4875.5,-31.41678,25.033220000000004,0.808,125,-31.41678,False,-31.41678,False,-31.41678,False,TORNTPHARM,False
2026-08-12,4850.0,70.55,4844.0,-70.7474,17.40260000000001,0.5,118,-70.7474,False,-70.7474,False,-70.7474,False,TORNTPHARM,False
2026-08-14,4900.0,76.35,4876.5,-76.56363999999999,20.386360000000007,0.7272727272727273,66,-76.56363999999999,False,-76.56363999999999,False,-76.56363999999999,False,TORNTPHARM,False
2026-08-17,4850.0,66.05,4838.0,-66.23479999999999,7.715200000000006,0.4,40,-66.23479999999999,False,-66.23479999999999,False,-66.23479999999999,False,TORNTPHARM,False
2026-06-25,3280.0,45.05,3275.3,-45.175999999999995,85.62399999999998,0.48,125,22.39899999999999,True,44.924,True,-45.175999999999995,False,TRENT,False
2026-06-29,3280.0,23.900000000000002,3288.0,-23.966780000000004,106.83321999999998,0.416,125,11.88322,True,23.83322,True,47.733219999999996,True,TRENT,False
2026-06-30,3260.0,29.05,3251.0,169.76033999999999,169.76033999999999,0.056,125,13.885340000000003,True,28.41034,True,57.46034000000001,True,TRENT,False
2026-07-01,3260.0,120.8,3269.5,226.23652000000007,226.23652000000007,0.016,125,59.08651999999999,True,119.48652,True,226.23652000000007,False,TRENT,False
2026-07-02,3260.0,118.6,3269.9,188.1558,238.45580000000018,0.0,125,58.10579999999998,True,117.4058,True,236.00579999999997,True,TRENT,False
2026-07-03,3340.0,124.75,3341.4,285.7970999999999,311.99710000000016,0.168,125,60.8721,True,123.2471,True,247.9971,True,TRENT,False
2026-07-06,3350.0,126.85,3351.5,326.3713800000001,326.3713800000001,0.048,125,61.796379999999985,True,125.22138,True,252.07137999999995,True,TRENT,False
2026-07-07,3060.0,115.89999999999999,3060.5,62.22456,62.22456,0.0,125,57.12456,True,62.22456,False,62.22456,False,TRENT,False
2026-07-08,2920.0,98.55,2911.6,-70.25602000000018,1.0939800000000033,0.272,125,-70.25602000000018,False,-70.25602000000018,False,-70.25602000000018,False,TRENT,False
2026-07-09,2950.0,91.55,2952.0,-25.542259999999995,0.7577400000001876,0.008,125,-25.542259999999995,False,-25.542259999999995,False,-25.542259999999995,False,TRENT,False
2026-07-10,2933.35,84.0,2927.9,-0.8691399999999065,-0.8691399999999065,0.0,125,-0.8691399999999065,False,-0.8691399999999065,False,-0.8691399999999065,False,TRENT,False
2026-07-13,2900.0,77.8,2895.1,-28.207559999999994,2.292440000000006,0.192,125,-28.207559999999994,False,-28.207559999999994,False,-28.207559999999994,False,TRENT,False
2026-07-14,2880.0,68.64999999999999,2881.0,-68.84208,10.257920000000016,0.28,125,-68.84208,False,-68.84208,False,-68.84208,False,TRENT,False
2026-07-15,2900.0,70.05,2891.3,-44.568099999999816,-12.368099999999995,0.176,125,-44.568099999999816,False,-44.568099999999816,False,-44.568099999999816,False,TRENT,False
2026-07-16,2880.0,68.1,2883.5,-68.29054,-6.190539999999993,0.224,125,-68.29054,False,-68.29054,False,-68.29054,False,TRENT,False
2026-07-17,2860.0,57.4,2849.7,-36.768959999999915,3.6810400000000056,0.144,125,-36.768959999999915,False,-36.768959999999915,False,-36.768959999999915,False,TRENT,False
2026-07-20,2860.0,49.349999999999994,2850.0,-49.48803999999999,-13.788039999999992,0.032,125,-49.48803999999999,False,-49.48803999999999,False,-49.48803999999999,False,TRENT,False
2026-07-21,2933.35,49.05,2928.0,-38.91604,44.98396,0.064,125,24.358959999999993,True,-38.91604,False,-38.91604,False,TRENT,False
2026-07-22,2880.0,46.099999999999994,2874.2,-46.228939999999994,-3.0789399999999887,0.216,125,-46.228939999999994,False,-46.228939999999994,False,-46.228939999999994,False,TRENT,False
2026-07-23,2900.0,34.8,2901.7,-34.897299999999994,52.9027,0.208,125,17.302699999999998,True,34.7027,True,-34.897299999999994,False,TRENT,False
2026-07-24,2850.0,32.9,2839.1,-32.99198,-3.2919799999999992,0.008,125,-32.99198,False,-32.99198,False,-32.99198,False,TRENT,False
2026-07-27,2920.0,17.0,2920.8,-17.04746,-4.597460000000001,0.112,125,-17.04746,False,-17.04746,False,-17.04746,False,TRENT,False
2026-07-28,2933.35,14.75,2930.7,-14.79116,6.108839999999818,0.08,125,-14.79116,False,-14.79116,False,-14.79116,False,TRENT,False
2026-07-29,2900.0,108.0,2919.3,-108.30226,-21.602259999999998,0.008,125,-108.30226,False,-108.30226,False,-108.30226,False,TRENT,False
2026-07-30,3050.0,123.75,3001.9,-124.09636,4.703639999999983,0.544,125,-124.09636,False,-124.09636,False,-124.09636,False,TRENT,False
2026-07-31,3050.0,114.95,3007.4,-115.27172,7.17828,0.344,125,-115.27172,False,-115.27172,False,-115.27172,False,TRENT,False
2026-08-03,3050.0,110.25,3023.7,-8.046400000000002,6.703599999999997,0.264,125,-8.046400000000002,False,-8.046400000000002,False,-8.046400000000002,False,TRENT,False
2026-08-04,3100.0,127.8,3073.0,-18.016959999999994,-3.2669599999999943,0.336,125,-18.016959999999994,False,-18.016959999999994,False,-18.016959999999994,False,TRENT,False
2026-08-05,3150.0,128.05,3115.8,17.232659999999886,28.532660000000067,0.256,125,17.232659999999886,False,17.232659999999886,False,17.232659999999886,False,TRENT,False
2026-08-06,3100.0,134.0,3073.3,-2.694800000000017,11.905199999999978,0.48,125,-2.694800000000017,False,-2.694800000000017,False,-2.694800000000017,False,TRENT,False
2026-08-07,3050.0,95.05,3018.0,-6.216179999999989,17.033820000000013,0.824,125,-6.216179999999989,False,-6.216179999999989,False,-6.216179999999989,False,TRENT,False
2026-08-10,3050.0,105.05,3010.1,-22.426819999999992,6.47318,0.88,125,-22.426819999999992,False,-22.426819999999992,False,-22.426819999999992,False,TRENT,False
2026-08-11,3050.0,86.25,2995.0,19.56086000000001,25.260859999999997,0.976,125,19.56086000000001,False,19.56086000000001,False,19.56086000000001,False,TRENT,False
2026-08-12,3050.0,81.89999999999999,3013.2,-0.10947999999980729,30.590520000000012,0.8434782608695652,115,-0.10947999999980729,False,-0.10947999999980729,False,-0.10947999999980729,False,TRENT,False
2026-08-13,3000.0,101.55,2975.0,-38.561859999999996,-24.01186,0.47191011235955055,89,-38.561859999999996,False,-38.561859999999996,False,-38.561859999999996,False,TRENT,False
2026-08-14,3000.0,107.05,2980.0,-44.077259999999995,-30.72726,0.5079365079365079,63,-44.077259999999995,False,-44.077259999999995,False,-44.077259999999995,False,TRENT,False
2026-08-17,3000.0,58.849999999999994,2970.9,4.257700000000009,17.6077,0.7837837837837838,37,4.257700000000009,False,4.257700000000009,False,4.257700000000009,False,TRENT,False
2026-08-10,4450.0,84.0,4455.4,37.17404000000018,64.77403999999963,0.536,125,41.42404,True,37.17404000000018,False,37.17404000000018,False,TVSMOTOR,False
2026-08-11,4450.0,97.05,4431.0,8.281880000000008,51.73187999999963,0.408,125,47.95687999999999,True,8.281880000000008,False,8.281880000000008,False,TVSMOTOR,False
2026-08-12,4400.0,80.8,4404.9,-55.94652000000018,33.90348,0.7652173913043478,115,-55.94652000000018,False,-55.94652000000018,False,-55.94652000000018,False,TVSMOTOR,False
2026-08-13,4350.0,74.6,4347.0,-31.87927999999999,17.420720000000014,0.7640449438202247,89,-31.87927999999999,False,-31.87927999999999,False,-31.87927999999999,False,TVSMOTOR,False
2026-08-14,4300.0,57.75,4300.6,-57.91156,6.33844,0.20634920634920634,63,-57.91156,False,-57.91156,False,-57.91156,False,TVSMOTOR,False
2026-08-17,4350.0,60.4,4359.0,-17.639519999999994,9.310480000000002,0.43243243243243246,37,-17.639519999999994,False,-17.639519999999994,False,-17.639519999999994,False,TVSMOTOR,False
2026-08-10,12000.0,242.4,12010.0,95.91955999999999,163.91956,0.024,125,119.56956000000002,True,95.91955999999999,False,95.91955999999999,False,ULTRACEMCO,False
2026-08-11,11960.0,176.25,11970.0,92.45078,192.45077999999998,0.056,125,86.87578,True,175.00078,True,92.45078,False,ULTRACEMCO,False
2026-08-12,11700.0,170.0,11729.0,-8.979320000000012,49.17068,0.5887096774193549,124,-8.979320000000012,False,-8.979320000000012,False,-8.979320000000012,False,ULTRACEMCO,False
2026-08-13,11660.0,145.0,11651.0,-23.797319999999996,83.10267999999999,0.6122448979591837,98,71.75268,True,-23.797319999999996,False,-23.797319999999996,False,ULTRACEMCO,False
2026-08-14,11600.0,155.55,11629.0,-94.20886000000002,5.441139999999983,0.4027777777777778,72,-94.20886000000002,False,-94.20886000000002,False,-94.20886000000002,False,ULTRACEMCO,False
2026-08-17,11600.0,176.0,11590.0,-114.71612,-35.21612000000001,0.41304347826086957,46,-114.71612,False,-114.71612,False,-114.71612,False,ULTRACEMCO,False
2026-08-10,182.5,4.87,183.75,-4.883496,0.03650399999999982,0.328,125,-4.883496,False,-4.883496,False,-4.883496,False,UNIONBANK,False
2026-08-11,180.0,3.8299999999999996,180.93,-3.8405839999999998,0.2894160000000003,0.024,125,-3.8405839999999998,False,-3.8405839999999998,False,-3.8405839999999998,False,UNIONBANK,False
2026-08-12,185.0,3.4499999999999997,186.21,-0.9366039999999994,0.7133960000000009,0.23893805309734514,113,-0.9366039999999994,False,-0.9366039999999994,False,-0.9366039999999994,False,UNIONBANK,False
2026-08-13,187.5,4.85,186.6,-3.4174999999999995,0.1025000000000001,0.8620689655172413,87,-3.4174999999999995,False,-3.4174999999999995,False,-3.4174999999999995,False,UNIONBANK,False
2026-08-14,187.5,4.51,186.74,-3.0765479999999994,0.44345199999999996,0.8032786885245902,61,-3.0765479999999994,False,-3.0765479999999994,False,-3.0765479999999994,False,UNIONBANK,False
2026-08-17,185.0,2.8499999999999996,185.04,-0.3349239999999994,0.7250760000000006,0.34285714285714286,35,-0.3349239999999994,False,-0.3349239999999994,False,-0.3349239999999994,False,UNIONBANK,False
2026-08-10,1520.0,28.7,1526.0,-28.78022,-0.8802200000000007,0.76,125,-28.78022,False,-28.78022,False,-28.78022,False,UNITDSPR,False
2026-08-11,1520.0,23.6,1519.2,-23.665940000000003,2.284059999999998,0.592,125,-23.665940000000003,False,-23.665940000000003,False,-23.665940000000003,False,UNITDSPR,False
2026-08-12,1520.0,30.95,1523.8,-31.03652,-5.786519999999999,0.4666666666666667,120,-31.03652,False,-31.03652,False,-31.03652,False,UNITDSPR,False
2026-08-13,1520.0,24.1,1519.5,-24.167340000000003,-1.5673400000000035,0.3404255319148936,94,-24.167340000000003,False,-24.167340000000003,False,-24.167340000000003,False,UNITDSPR,False
2026-08-14,1520.0,22.650000000000002,1514.0,-22.71328,-1.1632800000000014,0.10294117647058823,68,-22.71328,False,-22.71328,False,-22.71328,False,UNITDSPR,False
2026-08-17,1540.0,14.4,1531.5,3.5094199999999995,7.209419999999999,1.0,42,7.109420000000001,True,3.5094199999999995,False,3.5094199999999995,False,UNITDSPR,False
2025-12-29,1260.0,6.05,1264.7,-6.0668,28.383200000000002,0.352,125,3.0081999999999995,True,6.0332,True,12.083199999999998,True,UNOMINDA,False
2025-12-30,1260.0,3.1999999999999997,1258.5,-3.20882,31.241180000000004,0.224,125,1.59118,True,3.1911799999999997,True,6.39118,True,UNOMINDA,False
2026-01-02,1300.0,35.05,1294.6,10.673340000000005,10.673340000000005,0.216,125,10.673340000000005,False,10.673340000000005,False,10.673340000000005,False,UNOMINDA,False
2026-01-05,1320.0,38.05,1326.4,58.82129999999996,58.82129999999996,0.376,125,18.6463,True,37.671299999999995,True,58.82129999999996,False,UNOMINDA,False
2026-01-06,1320.0,25.05,1324.3,98.18378000000006,98.18378000000006,0.344,125,12.108780000000001,True,24.63378,True,49.683780000000006,True,UNOMINDA,False
2026-01-07,1320.0,32.699999999999996,1313.5,84.03056000000005,98.33056,0.152,125,15.930560000000002,True,32.280559999999994,True,64.98056000000001,True,UNOMINDA,False
2026-01-08,1300.0,31.7,1308.2,69.67647999999996,79.37648,0.04,125,15.476479999999999,True,31.32648,True,63.02647999999999,True,UNOMINDA,False
2026-01-09,1260.0,23.400000000000002,1260.7,65.53471999999995,67.03471999999995,0.168,125,11.38472,True,23.08472,True,46.484719999999996,True,UNOMINDA,False
2026-01-12,1220.0,16.25,1228.7,65.0262999999999,65.0262999999999,0.136,125,7.8513,True,15.9763,True,32.2263,True,UNOMINDA,False
2026-01-13,1200.0,27.7,1206.1,47.561039999999906,54.76103999999995,0.512,125,13.561039999999998,True,27.41104,True,47.561039999999906,False,UNOMINDA,False
2026-01-14,1200.0,24.05,1202.8,14.225140000000001,62.125140000000094,0.32,125,11.850140000000001,True,23.875140000000002,True,47.925140000000006,True,UNOMINDA,False
2026-01-19,1160.0,18.150000000000002,1169.2,5.183659999999997,28.08366000000009,0.432,125,8.95866,True,18.03366,True,5.183659999999997,False,UNOMINDA,False
2026-01-20,1140.0,19.35,1145.1,18.78872,22.138720000000003,0.432,125,9.513720000000001,True,19.18872,True,18.78872,False,UNOMINDA,False
2026-01-21,1120.0,21.900000000000002,1128.7,-21.961180000000002,9.938819999999996,0.192,125,-21.961180000000002,False,-21.961180000000002,False,-21.961180000000002,False,UNOMINDA,False
2026-01-22,1140.0,15.0,1144.9,26.19236,34.04236,0.504,125,7.34236,True,14.84236,True,29.84236,True,UNOMINDA,False
2026-01-23,1160.0,18.05,1166.8,-18.1004,33.299600000000005,0.232,125,8.974600000000002,True,17.9996,True,-18.1004,False,UNOMINDA,False
2026-01-27,1140.0,4.1499999999999995,1133.4,-4.161479999999999,45.038520000000005,0.496,125,2.06352,True,4.13852,True,8.28852,True,UNOMINDA,False
2026-01-30,1140.0,42.55,1149.5,-42.669,-0.6689999999999972,0.104,125,-42.669,False,-42.669,False,-42.669,False,UNOMINDA,False
2026-02-01,1180.0,46.5,1181.1,-6.99136,3.358640000000001,0.272,125,-6.99136,False,-6.99136,False,-6.99136,False,UNOMINDA,False
2026-02-02,1140.0,45.05,1146.5,-45.175999999999995,-3.375999999999993,0.056,125,-45.175999999999995,False,-45.175999999999995,False,-45.175999999999995,False,UNOMINDA,False
2026-02-04,1220.0,47.199999999999996,1214.8,-47.33201999999999,19.617980000000006,0.096,125,-47.33201999999999,False,-47.33201999999999,False,-47.33201999999999,False,UNOMINDA,False
2026-02-06,1180.0,36.3,1184.1,-36.4015,6.748500000000009,0.152,125,-36.4015,False,-36.4015,False,-36.4015,False,UNOMINDA,False
2026-02-09,1180.0,37.099999999999994,1178.4,-37.203739999999996,-3.103739999999993,0.016,125,-37.203739999999996,False,-37.203739999999996,False,-37.203739999999996,False,UNOMINDA,False
2026-08-10,1300.0,33.05,1294.8,25.243659999999917,34.74365999999991,0.024,125,16.26866,True,32.793659999999996,True,25.243659999999917,False,UNOMINDA,False
2026-08-11,1280.0,24.0,1285.5,-5.369560000000046,23.930439999999912,0.216,125,11.88044,True,23.88044,True,-5.369560000000046,False,UNOMINDA,False
2026-08-12,1280.0,18.400000000000002,1272.7,-1.1001000000000036,29.54989999999991,0.128,125,9.0999,True,18.2999,True,-1.1001000000000036,False,UNOMINDA,False
2026-08-13,1260.0,20.85,1258.7,-20.908240000000003,7.141759999999907,0.32,100,-20.908240000000003,False,-20.908240000000003,False,-20.908240000000003,False,UNOMINDA,False
2026-08-14,1240.0,19.1,1231.9,-19.15334,4.7966599999999975,0.3918918918918919,74,-19.15334,False,-19.15334,False,-19.15334,False,UNOMINDA,False
2026-08-17,1260.0,28.8,1254.1,-28.8805,-7.5805,0.5625,48,-28.8805,False,-28.8805,False,-28.8805,False,UNOMINDA,False
2026-08-10,570.0,12.5,571.55,0.67804,3.8780399999999995,0.992,125,0.67804,False,0.67804,False,0.67804,False,UPL,False
2026-08-11,570.0,12.25,565.4,-2.511600000000001,4.138399999999999,1.0,125,-2.511600000000001,False,-2.511600000000001,False,-2.511600000000001,False,UPL,False
2026-08-12,570.0,11.05,571.0,-2.1558600000000014,5.344139999999999,0.9426229508196722,122,-2.1558600000000014,False,-2.1558600000000014,False,-2.1558600000000014,False,UPL,False
2026-08-13,570.0,12.5,567.6,-3.6099200000000007,3.8900799999999993,0.9270833333333334,96,-3.6099200000000007,False,-3.6099200000000007,False,-3.6099200000000007,False,UPL,False
2026-08-14,560.0,7.25,564.75,-0.53906,2.96094,0.5,70,-0.53906,False,-0.53906,False,-0.53906,False,UPL,False
2026-08-17,560.0,7.1499999999999995,562.0,-0.43877999999999945,-0.43877999999999945,0.2727272727272727,44,-0.43877999999999945,False,-0.43877999999999945,False,-0.43877999999999945,False,UPL,False
2026-08-10,440.0,8.0,443.4,2.647779999999999,3.7977799999999995,0.824,125,2.647779999999999,False,2.647779999999999,False,2.647779999999999,False,VBL,False
2026-08-11,450.0,10.75,447.15,4.92594,7.075939999999998,0.616,125,5.30094,True,4.92594,False,4.92594,False,VBL,False
2026-08-12,440.0,9.55,436.75,-2.99508,2.254919999999999,1.0,118,-2.99508,False,-2.99508,False,-2.99508,False,VBL,False
2026-08-13,440.0,8.9,437.55,-2.34326,2.906739999999999,1.0,92,-2.34326,False,-2.34326,False,-2.34326,False,VBL,False
2026-08-14,440.0,8.200000000000001,437.5,-1.6413000000000004,3.6086999999999985,1.0,66,-1.6413000000000004,False,-1.6413000000000004,False,-1.6413000000000004,False,VBL,False
2026-08-17,430.0,5.35,433.05,-5.36484,-0.4148399999999995,0.15,40,-5.36484,False,-5.36484,False,-5.36484,False,VBL,False
2026-08-10,280.0,8.600000000000001,280.15,2.7441399999999865,4.294139999999998,0.408,125,4.244140000000001,True,2.7441399999999865,False,2.7441399999999865,False,VEDL,False
2026-08-11,285.0,7.6499999999999995,284.6,7.73546,10.235460000000002,0.04,125,3.76046,True,7.585459999999999,True,7.73546,False,VEDL,False
2026-08-12,280.0,8.200000000000001,279.7,3.8432999999999757,5.693299999999998,0.2982456140350877,114,4.0432999999999995,True,3.8432999999999757,False,3.8432999999999757,False,VEDL,False
2026-08-13,275.0,6.75,274.1,0.3113599999999775,3.6613599999999993,0.8181818181818182,88,3.33636,True,0.3113599999999775,False,0.3113599999999775,False,VEDL,False
2026-08-14,270.0,7.1499999999999995,268.0,-1.6354199999999997,0.5145800000000007,0.8548387096774194,62,-1.6354199999999997,False,-1.6354199999999997,False,-1.6354199999999997,False,VEDL,False
2026-08-17,265.0,6.85,267.2,-6.86904,-2.769039999999999,0.25,36,-6.86904,False,-6.86904,False,-6.86904,False,VEDL,False
2026-06-25,1320.0,20.25,1318.3,-0.51213999999991,26.587860000000003,0.16,125,10.01286,True,20.13786,True,-0.51213999999991,False,VOLTAS,False
2026-06-29,1300.0,11.05,1290.5,6.220620000000089,32.52062000000001,0.24,125,5.445620000000002,True,10.97062,True,22.020620000000005,True,VOLTAS,False
2026-06-30,1280.0,9.100000000000001,1288.7,29.167140000000003,35.81714,0.856,125,4.417140000000001,True,8.96714,True,18.067140000000002,True,VOLTAS,False
2026-07-01,1280.0,45.4,1280.2,-5.3896799999999985,-0.5896799999999943,0.832,125,-5.3896799999999985,False,-5.3896799999999985,False,-5.3896799999999985,False,VOLTAS,False
2026-07-02,1300.0,45.949999999999996,1292.3,-20.001739999999952,5.698260000000098,0.144,125,-20.001739999999952,False,-20.001739999999952,False,-20.001739999999952,False,VOLTAS,False
2026-07-03,1300.0,40.5,1300.1,-25.20652,11.193480000000093,0.112,125,-25.20652,False,-25.20652,False,-25.20652,False,VOLTAS,False
2026-07-06,1280.0,37.099999999999994,1282.6,-37.203739999999996,4.746260000000008,0.696,125,-37.203739999999996,False,-37.203739999999996,False,-37.203739999999996,False,VOLTAS,False
2026-07-07,1280.0,37.25,1276.8,-37.35416,4.595840000000003,0.504,125,-37.35416,False,-37.35416,False,-37.35416,False,VOLTAS,False
2026-07-08,1280.0,34.75,1272.1,-34.84716,5.502840000000002,0.336,125,-34.84716,False,-34.84716,False,-34.84716,False,VOLTAS,False
2026-07-09,1280.0,41.05,1273.8,-41.1648,-3.7647999999999913,0.216,125,-41.1648,False,-41.1648,False,-41.1648,False,VOLTAS,False
2026-07-10,1280.0,34.25,1284.5,-34.34576,1.4542400000000042,0.192,125,-34.34576,False,-34.34576,False,-34.34576,False,VOLTAS,False
2026-07-13,1300.0,30.35,1291.1,-30.43484,-30.43484,0.0,125,-30.43484,False,-30.43484,False,-30.43484,False,VOLTAS,False
2026-07-14,1340.0,28.05,1337.3,-28.1284,6.571600000000002,0.2,125,-28.1284,False,-28.1284,False,-28.1284,False,VOLTAS,False
2026-07-15,1360.0,29.6,1369.3,-2.808200000000002,2.991799999999956,0.496,125,-2.808200000000002,False,-2.808200000000002,False,-2.808200000000002,False,VOLTAS,False
2026-07-16,1380.0,39.199999999999996,1388.7,27.15376000000005,40.45376000000001,0.192,125,19.30376,True,38.90376,True,27.15376000000005,False,VOLTAS,False
2026-07-17,1360.0,25.0,1367.6,40.396320000000046,40.396320000000046,0.416,125,12.24632,True,24.74632,True,40.396320000000046,False,VOLTAS,False
2026-07-20,1320.0,25.95,1327.2,-26.02252,-0.37251999999995455,0.376,125,-26.02252,False,-26.02252,False,-26.02252,False,VOLTAS,False
2026-07-21,1360.0,23.45,1359.1,32.27782,41.977820000000044,0.192,125,11.502819999999998,True,23.227819999999998,True,32.27782,False,VOLTAS,False
2026-07-22,1340.0,24.25,1333.0,7.7422200000000485,21.24222000000005,0.016,125,11.96722,True,7.7422200000000485,False,7.7422200000000485,False,VOLTAS,False
2026-07-23,1320.0,17.0,1313.3,-2.9370799999999555,31.862920000000003,0.536,125,8.41292,True,16.91292,True,-2.9370799999999555,False,VOLTAS,False
2026-07-24,1300.0,13.3,1294.3,-13.337100000000001,31.812900000000006,0.36,125,6.612900000000002,True,13.2629,True,26.562900000000006,True,VOLTAS,False
2026-07-27,1340.0,14.05,1336.1,34.275000000000006,36.875,0.184,125,6.850000000000002,True,13.875,True,27.925000000000004,True,VOLTAS,False
2026-07-28,1300.0,5.5,1304.0,-5.51526,39.63474000000001,0.312,125,2.73474,True,5.48474,True,10.98474,True,VOLTAS,False
2026-07-29,1300.0,41.25,1307.8,-41.36536,3.7846400000000058,0.136,125,-41.36536,False,-41.36536,False,-41.36536,False,VOLTAS,False
2026-07-30,1300.0,42.05,1305.8,-2.0801599999999945,2.9698400000000027,0.088,125,-2.0801599999999945,False,-2.0801599999999945,False,-2.0801599999999945,False,VOLTAS,False
2026-07-31,1340.0,44.099999999999994,1342.0,15.758240000000054,15.758240000000054,0.288,125,15.758240000000054,False,15.758240000000054,False,15.758240000000054,False,VOLTAS,False
2026-08-03,1340.0,42.099999999999994,1331.4,10.9828800000001,22.58288000000001,0.144,125,20.78288,True,10.9828800000001,False,10.9828800000001,False,VOLTAS,False
2026-08-04,1340.0,45.25,1340.9,25.075620000000047,25.87562,0.08,125,22.30062,True,25.075620000000047,False,25.075620000000047,False,VOLTAS,False
2026-08-05,1320.0,43.699999999999996,1316.0,-1.4910799999999929,9.308919999999961,0.128,125,-1.4910799999999929,False,-1.4910799999999929,False,-1.4910799999999929,False,VOLTAS,False
2026-08-06,1300.0,44.699999999999996,1298.3,-0.0008799999999928865,4.4491200000000095,0.328,125,-0.0008799999999928865,False,-0.0008799999999928865,False,-0.0008799999999928865,False,VOLTAS,False
2026-08-07,1300.0,38.099999999999994,1292.7,3.276980000000007,11.076980000000011,0.376,125,3.276980000000007,False,3.276980000000007,False,3.276980000000007,False,VOLTAS,False
2026-08-10,1280.0,38.4,1279.2,-38.50738,4.242620000000001,0.72,125,-38.50738,False,-38.50738,False,-38.50738,False,VOLTAS,False
2026-08-11,1280.0,43.0,1278.9,-13.20426,-0.9042599999999957,0.776,125,-13.20426,False,-13.20426,False,-13.20426,False,VOLTAS,False
2026-08-12,1280.0,36.9,1276.6,-14.51632000000009,5.233680000000006,0.6302521008403361,119,-14.51632000000009,False,-14.51632000000009,False,-14.51632000000009,False,VOLTAS,False
2026-08-13,1280.0,42.4,1280.4,-20.03172000000009,-6.481719999999997,0.5268817204301075,93,-20.03172000000009,False,-20.03172000000009,False,-20.03172000000009,False,VOLTAS,False
2026-08-14,1300.0,40.099999999999994,1303.5,2.2187199999999176,9.918719999999963,0.26865671641791045,67,2.2187199999999176,False,2.2187199999999176,False,2.2187199999999176,False,VOLTAS,False
2026-08-17,1300.0,24.05,1300.9,18.31365999999991,26.013659999999955,0.34146341463414637,41,11.838660000000003,True,23.86366,True,18.31365999999991,False,VOLTAS,False
2026-06-25,3050.0,31.2,3056.8,120.9353599999998,178.0353600000002,0.16,125,15.085359999999998,True,30.68536,True,61.88535999999999,True,WAAREEENER,False
2026-06-29,2850.0,18.05,2872.0,85.55854000000001,103.00854000000001,0.296,125,8.683540000000002,True,17.70854,True,35.75854000000001,True,WAAREEENER,False
2026-06-30,2900.0,10.850000000000001,2895.4,42.9187,118.5687,0.56,125,5.2437000000000005,True,10.668700000000001,True,21.518700000000003,True,WAAREEENER,False
2026-07-01,2950.0,127.2,2929.3,-28.48419999999991,-2.8842000000000003,0.024,125,-28.48419999999991,False,-28.48419999999991,False,-28.48419999999991,False,WAAREEENER,False
2026-07-02,2900.0,124.5,2888.6,-20.14246,0.007540000000005764,0.248,125,-20.14246,False,-20.14246,False,-20.14246,False,WAAREEENER,False
2026-07-03,2900.0,114.05,2897.3,-17.740519999999993,10.509480000000009,0.104,125,-17.740519999999993,False,-17.740519999999993,False,-17.740519999999993,False,WAAREEENER,False
2026-07-06,2850.0,104.05,2869.0,-104.3412,14.408800000000003,0.664,125,-104.3412,False,-104.3412,False,-104.3412,False,WAAREEENER,False
2026-07-07,2850.0,103.05,2858.1,-13.640259999999994,15.159740000000003,0.512,125,-13.640259999999994,False,-13.640259999999994,False,-13.640259999999994,False,WAAREEENER,False
2026-07-08,2850.0,107.1,2861.4,-79.72743999999982,4.522560000000005,0.392,125,-79.72743999999982,False,-79.72743999999982,False,-79.72743999999982,False,WAAREEENER,False
2026-07-09,2850.0,106.8,2861.0,-28.91841999999999,-0.21841999999998862,0.408,125,-28.91841999999999,False,-28.91841999999999,False,-28.91841999999999,False,WAAREEENER,False
2026-07-10,2900.0,103.05,2900.4,-22.216179999999902,0.8338200000000083,0.384,125,-22.216179999999902,False,-22.216179999999902,False,-22.216179999999902,False,WAAREEENER,False
2026-07-13,2900.0,90.6,2894.5,49.00376000000018,49.00376000000018,0.192,125,44.653759999999984,True,49.00376000000018,False,49.00376000000018,False,WAAREEENER,False
2026-07-14,2850.0,89.05,2840.4,-62.424659999999996,17.72534000000001,0.48,125,-62.424659999999996,False,-62.424659999999996,False,-62.424659999999996,False,WAAREEENER,False
2026-07-15,2800.0,73.2,2822.2,14.29892,14.29892,0.472,125,14.29892,False,14.29892,False,14.29892,False,WAAREEENER,False
2026-07-16,2850.0,64.1,2831.9,82.25919999999999,114.25919999999999,0.224,125,31.459199999999996,True,63.50919999999999,True,82.25919999999999,False,WAAREEENER,False
2026-07-17,2800.0,78.05,2818.6,38.35414000000001,50.354139999999994,0.312,125,38.479139999999994,True,38.35414000000001,False,38.35414000000001,False,WAAREEENER,False
2026-07-20,2750.0,64.05,2759.7,-39.349059999999994,14.650940000000006,0.136,125,-39.349059999999994,False,-39.349059999999994,False,-39.349059999999994,False,WAAREEENER,False
2026-07-21,2800.0,49.099999999999994,2823.0,-1.6210399999998102,79.57896,0.08,125,24.278959999999998,True,48.828959999999995,True,-1.6210399999998102,False,WAAREEENER,False
2026-07-22,2700.0,52.75,2712.0,65.12106000000001,65.12106000000001,0.616,125,25.89606,True,52.27106,True,65.12106000000001,False,WAAREEENER,False
2026-07-23,2700.0,41.949999999999996,2703.0,65.48070000000008,95.0807,0.576,125,20.5557,True,41.530699999999996,True,83.4807,True,WAAREEENER,False
2026-07-24,2700.0,35.05,2683.0,83.5188,101.96879999999999,0.416,125,17.093799999999998,True,34.6188,True,69.66879999999999,True,WAAREEENER,False
2026-07-27,2700.0,37.599999999999994,2725.0,54.03726,99.48725999999999,0.352,125,18.43726,True,37.23725999999999,True,74.83725999999999,True,WAAREEENER,False
2026-07-28,2750.0,33.449999999999996,2752.2,40.19942000000001,130.0994200000001,0.192,125,16.42442,True,33.14942,True,66.59942000000001,True,WAAREEENER,False
2026-07-29,2700.0,116.89999999999999,2700.6,-87.36103999999999,20.138959999999997,0.616,125,-87.36103999999999,False,-87.36103999999999,False,-87.36103999999999,False,WAAREEENER,False
2026-07-30,2600.0,95.05,2592.1,-95.316,31.134000000000007,0.136,125,-95.316,False,-95.316,False,-95.316,False,WAAREEENER,False
2026-07-31,2700.0,116.95,2682.9,-89.00669999999991,-6.8067000000000055,0.776,125,-89.00669999999991,False,-89.00669999999991,False,-89.00669999999991,False,WAAREEENER,False
2026-08-03,2700.0,95.05,2705.8,-36.13218,9.467820000000005,0.808,125,-36.13218,False,-36.13218,False,-36.13218,False,WAAREEENER,False
2026-08-04,2700.0,101.64999999999999,2689.7,-47.33777999999999,-10.737779999999983,0.808,125,-47.33777999999999,False,-47.33777999999999,False,-47.33777999999999,False,WAAREEENER,False
2026-08-05,2700.0,78.35,2694.0,-18.53779999999999,9.112200000000014,0.896,125,-18.53779999999999,False,-18.53779999999999,False,-18.53779999999999,False,WAAREEENER,False
2026-08-06,2700.0,80.89999999999999,2679.0,-0.05401999999999424,9.595980000000012,0.896,125,-0.05401999999999424,False,-0.05401999999999424,False,-0.05401999999999424,False,WAAREEENER,False
2026-08-07,2650.0,57.949999999999996,2660.0,-58.11212,2.1878800000000087,0.184,125,-58.11212,False,-58.11212,False,-58.11212,False,WAAREEENER,False
2026-08-10,2700.0,57.3,2706.6,-0.7196199999999915,33.330380000000005,1.0,125,28.33037999999999,True,-0.7196199999999915,False,-0.7196199999999915,False,WAAREEENER,False
2026-08-11,2700.0,63.25,2702.9,-24.735599999999994,27.414400000000004,1.0,125,-24.735599999999994,False,-24.735599999999994,False,-24.735599999999994,False,WAAREEENER,False
2026-08-12,2700.0,57.05,2706.1,-23.952979999999997,33.647020000000005,1.0,124,28.27201999999999,True,-23.952979999999997,False,-23.952979999999997,False,WAAREEENER,False
2026-08-13,2700.0,73.2,2677.4,-40.1482,-3.2982,1.0,98,-40.1482,False,-40.1482,False,-40.1482,False,WAAREEENER,False
2026-08-14,2650.0,62.9,2663.6,-63.07598,-19.925979999999992,0.2777777777777778,72,-63.07598,False,-63.07598,False,-63.07598,False,WAAREEENER,False
2026-08-17,2650.0,31.05,2663.4,-31.1368,4.9632000000000005,0.08695652173913043,46,-31.1368,False,-31.1368,False,-31.1368,False,WAAREEENER,False
2026-06-25,175.0,2.05,173.76,-2.0555999999999996,6.554399999999999,0.528,125,1.0193999999999999,True,2.0444,True,4.094399999999999,True,WIPRO,False
2026-07-01,172.5,6.47,171.51,-6.487976,1.9720239999999993,0.12,125,-6.487976,False,-6.487976,False,-6.487976,False,WIPRO,False
2026-07-02,172.5,9.05,171.78,-2.623316000000001,-1.8533160000000004,0.16,125,-2.623316000000001,False,-2.623316000000001,False,-2.623316000000001,False,WIPRO,False
2026-07-03,177.5,9.790000000000001,177.68,-8.321471999999991,-1.651472000000001,0.088,125,-8.321471999999991,False,-8.321471999999991,False,-8.321471999999991,False,WIPRO,False
2026-07-06,175.0,5.92,175.36,-0.18259199999999948,1.387408,0.696,125,-0.18259199999999948,False,-0.18259199999999948,False,-0.18259199999999948,False,WIPRO,False
2026-07-07,175.0,6.59,175.01,-6.608312,0.14168800000000015,0.552,125,-6.608312,False,-6.608312,False,-6.608312,False,WIPRO,False
2026-07-08,175.0,6.8,175.18,-1.743152,-0.08315199999999982,0.408,125,-1.743152,False,-1.743152,False,-1.743152,False,WIPRO,False
2026-07-09,172.5,6.7,172.45,-6.7186200000000005,-0.6886199999999999,0.184,125,-6.7186200000000005,False,-6.7186200000000005,False,-6.7186200000000005,False,WIPRO,False
2026-07-10,175.0,6.7299999999999995,175.95,-1.4435999999999993,-0.7635999999999995,0.44,125,-1.4435999999999993,False,-1.4435999999999993,False,-1.4435999999999993,False,WIPRO,False
2026-07-13,175.0,5.51,174.79,-2.354192,0.4658080000000002,0.44,125,-2.354192,False,-2.354192,False,-2.354192,False,WIPRO,False
2026-07-14,180.0,6.8,180.05,-4.216208000000003,-0.5562079999999994,0.008,125,-4.216208000000003,False,-4.216208000000003,False,-4.216208000000003,False,WIPRO,False
2026-07-15,175.0,6.26,176.03,-2.5777759999999996,-0.2877759999999998,0.624,125,-2.5777759999999996,False,-2.5777759999999996,False,-2.5777759999999996,False,WIPRO,False
2026-07-16,177.5,7.05,177.02,-3.230379999999994,-0.9903799999999999,0.36,125,-3.230379999999994,False,-3.230379999999994,False,-3.230379999999994,False,WIPRO,False
2026-07-17,175.0,5.56,174.17,-2.7533519999999996,-1.1333519999999995,0.824,125,-2.7533519999999996,False,-2.7533519999999996,False,-2.7533519999999996,False,WIPRO,False
2026-07-20,175.0,4.54,175.99,-4.552572,-0.7925719999999998,0.664,125,-4.552572,False,-4.552572,False,-4.552572,False,WIPRO,False
2026-07-21,177.5,4.359999999999999,177.34,-4.372068,0.007932000000007568,0.28,125,-4.372068,False,-4.372068,False,-4.372068,False,WIPRO,False
2026-07-22,175.0,3.38,174.1,-3.389324,0.37067600000000034,0.464,125,-3.389324,False,-3.389324,False,-3.389324,False,WIPRO,False
2026-07-23,172.5,3.8699999999999997,173.6,-3.8806959999999995,-1.4106959999999995,0.048,125,-3.8806959999999995,False,-3.8806959999999995,False,-3.8806959999999995,False,WIPRO,False
2026-07-24,175.0,3.0999999999999996,174.7,-3.1085399999999996,0.13146000000000058,0.072,125,-3.1085399999999996,False,-3.1085399999999996,False,-3.1085399999999996,False,WIPRO,False
2026-07-27,177.5,2.7199999999999998,176.46,-2.727476,-0.8274759999999999,0.16,125,-2.727476,False,-2.727476,False,-2.727476,False,WIPRO,False
2026-07-28,180.0,1.26,179.98,-1.263388,-0.803388,0.168,125,-1.263388,False,-1.263388,False,-1.263388,False,WIPRO,False
2026-07-29,182.5,5.41,182.6,-5.425008,-0.055008000000000036,0.112,125,-5.425008,False,-5.425008,False,-5.425008,False,WIPRO,False
2026-07-30,187.5,5.6,188.13,-0.9087559999999999,0.021243999999989167,0.64,125,-0.9087559999999999,False,-0.9087559999999999,False,-0.9087559999999999,False,WIPRO,False
2026-07-31,182.5,5.33,181.8,-5.344784,-0.5747839999999996,0.08,125,-5.344784,False,-5.344784,False,-5.344784,False,WIPRO,False
2026-08-03,185.0,5.05,184.43,-5.064,-0.3339999999999994,0.256,125,-5.064,False,-5.064,False,-5.064,False,WIPRO,False
2026-08-04,187.5,4.33,187.66,-2.2977240000000054,0.5722759999999999,0.728,125,-2.2977240000000054,False,-2.2977240000000054,False,-2.2977240000000054,False,WIPRO,False
2026-08-05,187.5,4.1,188.0,-0.6011960000000063,0.7988040000000003,0.528,125,-0.6011960000000063,False,-0.6011960000000063,False,-0.6011960000000063,False,WIPRO,False
2026-08-06,187.5,4.819999999999999,186.36,-0.4556480000000015,0.6143519999999917,0.392,125,-0.4556480000000015,False,-0.4556480000000015,False,-0.4556480000000015,False,WIPRO,False
2026-08-07,187.5,4.95,187.68,-0.5959839999999932,0.6540159999999997,0.352,125,-0.5959839999999932,False,-0.5959839999999932,False,-0.5959839999999932,False,WIPRO,False
2026-08-10,187.5,4.1899999999999995,187.1,0.2758360000000007,1.4158360000000003,0.288,125,0.2758360000000007,False,0.2758360000000007,False,0.2758360000000007,False,WIPRO,False
2026-08-11,187.5,5.0,186.45,0.3809920000000081,0.9709920000000115,0.216,125,0.3809920000000081,False,0.3809920000000081,False,0.3809920000000081,False,WIPRO,False
2026-08-12,185.0,3.75,183.89,1.8139879999999866,2.1139879999999978,0.8879310344827587,116,1.848988,True,1.8139879999999866,False,1.8139879999999866,False,WIPRO,False
2026-08-13,182.5,2.9099999999999997,183.14,0.16333999999998688,0.46333999999999825,0.6111111111111112,90,0.16333999999998688,False,0.16333999999998688,False,0.16333999999998688,False,WIPRO,False
2026-08-14,185.0,3.25,184.46,2.3153879999999867,2.615387999999998,0.796875,64,1.6003880000000001,True,2.3153879999999867,False,2.3153879999999867,False,WIPRO,False
2026-08-17,182.5,2.0999999999999996,181.8,0.9756079999999869,1.2756079999999983,0.6578947368421053,38,1.0356079999999999,True,0.9756079999999869,False,0.9756079999999869,False,WIPRO,False
2026-06-25,1100.0,11.05,1102.9,-11.0808,13.6192,0.304,125,5.494200000000002,True,11.019200000000001,True,-11.0808,False,ZYDUSLIFE,False
2026-06-29,1100.0,9.5,1105.0,-9.52646,15.17354,0.152,125,4.72354,True,9.47354,True,-9.52646,False,ZYDUSLIFE,False
2026-06-30,1120.0,7.3,1124.0,-7.3203,25.279700000000002,0.496,125,3.6296999999999993,True,7.2797,True,14.579699999999997,True,ZYDUSLIFE,False
2026-07-01,1120.0,29.85,1119.7,-29.93344,2.66656,0.312,125,-29.93344,False,-29.93344,False,-29.93344,False,ZYDUSLIFE,False
2026-07-02,1110.0,22.05,1105.9,-22.1116,8.038399999999998,0.224,125,-22.1116,False,-22.1116,False,-22.1116,False,ZYDUSLIFE,False
2026-07-03,1110.0,26.35,1107.0,-26.423640000000002,-2.4736400000000023,0.024,125,-26.423640000000002,False,-26.423640000000002,False,-26.423640000000002,False,ZYDUSLIFE,False
2026-07-06,1150.0,29.1,1147.0,-3.503440000000001,4.696560000000002,0.512,125,-3.503440000000001,False,-3.503440000000001,False,-3.503440000000001,False,ZYDUSLIFE,False
2026-07-07,1150.0,26.25,1150.6,-13.210179999999955,4.63982,0.384,125,-13.210179999999955,False,-13.210179999999955,False,-13.210179999999955,False,ZYDUSLIFE,False
2026-07-08,1180.0,26.75,1178.5,15.406660000000093,23.70666000000005,0.168,125,13.181659999999999,True,15.406660000000093,False,15.406660000000093,False,ZYDUSLIFE,False
2026-07-09,1160.0,25.1,1156.0,-2.1348200000000035,6.86518,0.504,125,-2.1348200000000035,False,-2.1348200000000035,False,-2.1348200000000035,False,ZYDUSLIFE,False
2026-07-10,1150.0,22.7,1147.2,1.0197999999999985,8.1698,0.456,125,1.0197999999999985,False,1.0197999999999985,False,1.0197999999999985,False,ZYDUSLIFE,False
2026-07-13,1140.0,24.0,1143.5,-24.06706,3.132939999999999,0.6,125,-24.06706,False,-24.06706,False,-24.06706,False,ZYDUSLIFE,False
2026-07-14,1140.0,20.95,1136.8,-6.99786,6.15214,0.408,125,-6.99786,False,-6.99786,False,-6.99786,False,ZYDUSLIFE,False
2026-07-15,1140.0,23.85,1137.6,-3.0253000000000023,-0.07530000000000284,0.384,125,-3.0253000000000023,False,-3.0253000000000023,False,-3.0253000000000023,False,ZYDUSLIFE,False
2026-07-16,1160.0,18.5,1160.0,22.183960000000095,27.783960000000004,0.408,125,9.08396,True,18.33396,True,22.183960000000095,False,ZYDUSLIFE,False
2026-07-17,1140.0,19.0,1142.5,7.921199999999908,11.621199999999954,0.408,125,9.3712,True,7.921199999999908,False,7.921199999999908,False,ZYDUSLIFE,False
2026-07-20,1150.0,15.100000000000001,1149.5,14.923440000000044,30.12344000000009,0.256,125,7.42344,True,14.973440000000002,True,30.07344,True,ZYDUSLIFE,False
2026-07-21,1140.0,17.85,1143.4,17.750059999999955,17.750059999999955,0.208,125,8.775060000000002,True,17.70006,True,17.750059999999955,False,ZYDUSLIFE,False
2026-07-22,1120.0,19.35,1119.0,-5.592819999999912,3.8071799999999523,0.808,125,-5.592819999999912,False,-5.592819999999912,False,-5.592819999999912,False,ZYDUSLIFE,False
2026-07-23,1120.0,8.15,1119.1,-8.17268,22.97732,0.728,125,4.052320000000001,True,8.127320000000001,True,16.277320000000003,True,ZYDUSLIFE,False
2026-07-24,1110.0,9.25,1112.9,-9.27576,20.274240000000002,0.616,125,4.59924,True,9.22424,True,18.47424,True,ZYDUSLIFE,False
2026-07-27,1120.0,8.450000000000001,1119.8,20.0464,23.3964,0.704,125,4.1213999999999995,True,8.346400000000001,True,16.7964,True,ZYDUSLIFE,False
2026-07-28,1100.0,3.4499999999999997,1104.2,-3.45952,22.89048,0.128,125,1.7154800000000001,True,3.4404799999999995,True,6.89048,True,ZYDUSLIFE,False
2026-07-29,1110.0,29.0,1106.1,-29.08106,0.4689400000000007,0.152,125,-29.08106,False,-29.08106,False,-29.08106,False,ZYDUSLIFE,False
2026-07-30,1130.0,31.7,1125.9,5.406940000000005,7.106940000000001,0.544,125,5.406940000000005,False,5.406940000000005,False,5.406940000000005,False,ZYDUSLIFE,False
2026-07-31,1120.0,30.7,1121.9,-14.38188,6.768120000000002,0.904,125,-14.38188,False,-14.38188,False,-14.38188,False,ZYDUSLIFE,False
2026-08-03,1120.0,25.3,1124.7,4.694879999999998,12.14488,0.84,125,4.694879999999998,False,4.694879999999998,False,4.694879999999998,False,ZYDUSLIFE,False
2026-08-04,1120.0,29.75,1119.7,-1.2135200000000008,7.686480000000001,0.856,125,-1.2135200000000008,False,-1.2135200000000008,False,-1.2135200000000008,False,ZYDUSLIFE,False
2026-08-05,1100.0,27.650000000000002,1107.2,-27.72728,0.3727199999999957,0.128,125,-27.72728,False,-27.72728,False,-27.72728,False,ZYDUSLIFE,False
2026-08-07,1100.0,27.55,1102.7,-27.627000000000002,0.47299999999999714,0.096,125,-27.627000000000002,False,-27.627000000000002,False,-27.627000000000002,False,ZYDUSLIFE,False
2026-08-10,1120.0,29.75,1116.8,-29.83316,1.2168400000000008,0.224,125,-29.83316,False,-29.83316,False,-29.83316,False,ZYDUSLIFE,False
2026-08-11,1120.0,28.0,1123.2,-28.07826,0.17174,0.016,125,-28.07826,False,-28.07826,False,-28.07826,False,ZYDUSLIFE,False
2026-08-12,1160.0,26.95,1164.3,11.815620000000003,12.115619999999957,0.1721311475409836,122,11.815620000000003,False,11.815620000000003,False,11.815620000000003,False,ZYDUSLIFE,False
2026-08-13,1180.0,20.0,1176.0,38.72908,39.02907999999996,0.28125,96,9.77908,True,19.77908,True,38.72908,False,ZYDUSLIFE,False
2026-08-14,1160.0,20.5,1162.0,18.283680000000004,18.58367999999996,0.2571428571428571,70,10.08368,True,18.283680000000004,False,18.283680000000004,False,ZYDUSLIFE,False
2026-08-17,1130.0,15.4,1130.2,-6.518040000000001,1.481959999999999,0.25,44,-6.518040000000001,False,-6.518040000000001,False,-6.518040000000001,False,ZYDUSLIFE,False
