day,strike,cost,spot,hold,best,target,hit_target,bars,quoted_all,symbol,signal,up_max,dn_max
2026-08-10,1160.0,61.45,1169.0,-48.658180000000094,3.1418199999999947,-48.658180000000094,False,125,False,360ONE,False,0.020119863013698724,-0.023972602739726012
2026-08-11,1160.0,64.85,1168.0,-22.20155999999999,-4.301559999999986,-22.20155999999999,False,125,False,360ONE,False,0.020119863013698724,-0.023972602739726012
2026-08-12,1160.0,59.849999999999994,1152.2,-49.59655999999981,-2.6965599999999865,-49.59655999999981,False,109,False,360ONE,False,,
2026-08-14,1180.0,63.45,1181.0,-22.692320000000006,-11.642320000000009,-22.692320000000006,False,57,False,360ONE,False,,
2026-08-17,1160.0,48.75,1154.3,-38.46547999999982,-3.4154800000000005,-38.46547999999982,False,31,False,360ONE,False,,
2026-06-25,7000.0,200.35,7020.0,-9.049420000000017,245.95057999999997,99.07557999999999,True,125,False,ABB,False,0.045755395683453326,-0.01719424460431651
2026-06-29,6900.0,123.25,6925.0,288.74738,311.54738,60.12238,True,125,False,ABB,False,0.04170847068940797,-0.032248817543356734
2026-06-30,7000.0,105.95,7025.0,-63.9651,341.0349,52.559900000000006,True,125,False,ABB,False,0.007449450159631166,-0.041929762327066356
2026-07-01,7000.0,437.85,7020.0,-278.12762000000004,7.022379999999932,-278.12762000000004,False,125,False,ABB,False,0.01174460815716416,-0.03879279664033031
2026-07-02,6850.0,451.3,6845.5,-44.25982000000002,-6.309820000000034,-44.25982000000002,False,125,False,ABB,False,0.02524523946912871,-0.02986151182919794
2026-07-03,6800.0,423.65,6807.5,-348.89916,-2.8491599999999884,-348.89916,False,125,False,ABB,False,0.03630796150481186,-0.01939340915718868
2026-07-06,6900.0,452.0,6924.5,-310.26684,-28.016840000000023,-310.26684,False,125,False,ABB,False,0.019728818423129457,-0.03508142621421906
2026-07-07,6950.0,404.0,6957.5,-233.71224,25.037759999999977,-233.71224,False,125,False,ABB,False,0.006015995470309399,-0.04940193927383396
2026-07-08,6850.0,410.35,6838.5,-281.46382000000006,5.986179999999943,-281.46382000000006,False,125,False,ABB,False,-0.003873466752743693,-0.03658274155369057
2026-07-09,6850.0,430.1,6851.0,-22.053120000000046,-22.053120000000046,-22.053120000000046,False,125,False,ABB,False,0.0691176470588235,-0.012426470588235317
2026-07-14,6800.0,375.0,6778.0,332.3611600000001,672.36116,184.46116,True,125,False,ABB,False,0.1636563876651982,-0.00969162995594719
2026-07-15,7000.0,389.75,6980.5,168.9870600000001,457.9870600000001,192.21206,True,125,False,ABB,False,0.14515895953757219,0.0009393063583815753
2026-07-16,7300.0,425.1,7260.5,-145.67792000000006,123.32208000000007,-145.67792000000006,False,125,False,ABB,False,0.09605809128630716,-0.0053941908713692754
2026-07-17,7800.0,449.3,7642.0,-112.10808000000003,-51.65808000000005,-112.10808000000003,False,125,False,ABB,False,0.006596133751306077,-0.03128265412748177
2026-07-20,7500.0,350.85,7427.5,-212.82242000000005,-37.47242000000002,-212.82242000000005,False,125,False,ABB,False,0.023508257858284587,-0.023308470964304773
2026-07-21,7600.0,275.40000000000003,7510.5,89.70183999999995,89.70183999999995,89.70183999999995,False,125,False,ABB,False,0.020246946362187934,-0.0407594264471588
2026-07-22,7700.0,303.4,7561.5,244.11104000000012,244.11104000000012,149.31104,True,125,False,ABB,False,0.02309945413393688,-0.042737318599387564
2026-07-23,7800.0,208.5,7581.5,341.7697600000001,491.7697600000001,102.11976,True,125,False,ABB,False,0.020517928286852616,-0.059096945551128766
2026-07-24,7500.0,177.1,7460.5,-95.42631999999999,224.57368,87.82367999999998,True,125,False,ABB,False,0.006771109930961305,-0.059346787041954285
2026-07-27,7400.0,162.7,7360.5,-60.04479999999998,483.00520000000006,80.6052,True,125,False,ABB,False,0.012855209742895779,-0.04127198917456021
2026-07-28,7300.0,76.95,7233.0,222.89229999999998,569.2423,37.41730000000001,True,125,False,ABB,False,0.04453993588431904,-0.03349021212741288
2026-07-29,7100.0,592.6,7150.0,3.961280000000068,167.96128000000007,3.961280000000068,False,125,False,ABB,False,0.09622995209331386,-0.016177185308616227
2026-07-30,7200.0,614.0,7247.5,-100.26623999999991,46.73376000000009,-100.26623999999991,False,125,False,ABB,False,0.07936833470057425,-0.016270166803390773
2026-07-31,7400.0,615.05,7417.5,-283.80678,28.74322000000009,-283.80678,False,125,False,ABB,False,0.08292181069958837,-0.01213991769547329
2026-08-03,7300.0,574.5,7296.5,-274.55504,-13.05503999999991,-274.55504,False,125,False,ABB,False,0.08979845389287688,-0.00013804527885141749
2026-08-04,7700.0,480.40000000000003,7742.0,-97.57354000000004,-2.0235400000000796,-97.57354000000004,False,125,False,ABB,False,0.03196078431372551,-0.015032679738562038
2026-08-05,7800.0,454.20000000000005,7794.0,-277.0724000000001,40.677599999999934,-277.0724000000001,False,125,False,ABB,False,0.009017132551848439,-0.029370088883163725
2026-08-06,7700.0,489.0,7748.5,-144.88898,-35.63898000000001,-144.88898,False,125,False,ABB,False,0.008746922379162969,-0.023584294414928042
2026-08-07,7600.0,453.1,7613.5,-344.27752000000004,-16.227520000000034,-344.27752000000004,False,125,False,ABB,False,0.005953921822417829,-0.024721718871343557
2026-08-10,7600.0,407.85,7591.0,-322.83362000000005,-11.183620000000069,-322.83362000000005,False,125,False,ABB,False,0.030147446024223257,-0.008030542390731976
2026-08-11,7600.0,377.20000000000005,7606.5,-299.57680000000005,-9.826800000000068,-299.57680000000005,False,125,False,ABB,False,0.019942648592283563,-0.014403023983315943
2026-08-12,7600.0,331.1,7641.0,-250.10682000000003,25.643179999999955,-250.10682000000003,False,105,False,ABB,False,,
2026-08-13,7700.0,372.65,7713.5,-106.14438000000003,-20.644380000000023,-106.14438000000003,False,79,False,ABB,False,,
2026-08-14,7700.0,322.45000000000005,7722.0,-55.803820000000094,1.796179999999932,-55.803820000000094,False,53,False,ABB,False,,
2026-08-17,7700.0,312.40000000000003,7660.0,-45.72568000000008,-23.775680000000033,-45.72568000000008,False,27,True,ABB,False,,
2026-08-10,405.0,21.85,405.85,-19.517620000000004,-1.4176200000000014,-19.517620000000004,False,125,False,ABCAPITAL,False,0.011887254901960853,-0.018259803921568563
2026-08-11,405.0,19.800000000000004,405.05,-13.921819999999993,-0.4218200000000086,-13.921819999999993,False,125,False,ABCAPITAL,False,-0.00024390243902439046,-0.03780487804878052
2026-08-12,405.0,17.950000000000003,406.1,-8.352070000000026,0.42292999999999653,-8.352070000000026,False,107,False,ABCAPITAL,False,,
2026-08-13,405.0,18.400000000000002,404.0,-8.803330000000026,-1.4783300000000021,-8.803330000000026,False,81,False,ABCAPITAL,False,,
2026-08-14,405.0,16.2,403.1,-6.597170000000023,-0.32216999999999996,-6.597170000000023,False,55,False,ABCAPITAL,False,,
2026-08-17,395.0,13.600000000000001,396.15,-2.1700000000000013,-0.4200000000000014,-2.1700000000000013,False,29,False,ABCAPITAL,False,,
2026-06-25,3080.0,88.64999999999999,3076.8,-32.55614000000008,125.64386,43.91886,True,125,False,ADANIENT,False,0.05267275097783575,-0.03683181225554111
2026-06-29,2980.0,44.85,2986.7,165.83277999999999,187.13278000000017,21.707780000000003,True,125,False,ADANIENT,False,0.062263592408643875,-0.028056441798506748
2026-06-30,2980.0,29.150000000000002,2977.0,176.09213999999997,221.09213999999997,13.91714,True,125,False,ADANIENT,False,0.09259259259259256,-0.00033670033670030186
2026-07-01,3020.0,221.45,3022.8,-123.84558000000007,-11.395579999999999,-123.84558000000007,False,125,False,ADANIENT,False,0.06743421052631571,-0.008947368421052593
2026-07-02,3160.0,203.85,3162.5,-101.9083399999999,16.341660000000015,-101.9083399999999,False,125,False,ADANIENT,False,0.03245307031498568,-0.03658924594336621
2026-07-03,3140.0,216.65000000000003,3136.6,-183.75042000000022,4.449579999999978,-183.75042000000022,False,125,False,ADANIENT,False,0.025276461295418606,-0.04366508688783566
2026-07-06,3200.0,222.1,3191.5,-170.76748000000018,-6.767479999999971,-170.76748000000018,False,125,False,ADANIENT,False,0.010934920090968525,-0.05704227546029472
2026-07-07,3180.0,186.6,3186.0,-164.3860399999999,23.21396000000001,-164.3860399999999,False,125,False,ADANIENT,False,0.003026048978318485,-0.05574793323974414
2026-07-08,3120.0,196.25,3118.6,-129.2887799999998,12.01122,-129.2887799999998,False,125,False,ADANIENT,False,0.03530660149844045,-0.026721116434612058
2026-07-09,3060.0,202.6,3057.1,-113.51871999999999,3.6812800000000285,-113.51871999999999,False,125,False,ADANIENT,False,0.053566753926701516,-0.009554973821989443
2026-07-10,3100.0,186.85,3106.3,-126.2445399999999,-74.94454000000017,-126.2445399999999,False,125,False,ADANIENT,False,0.04610436025732656,0.007212944310871272
2026-07-13,3150.0,183.7,3147.8,-48.993759999999995,5.056240000000017,-48.993759999999995,False,125,False,ADANIENT,False,0.019602254734308655,-0.013490404712141468
2026-07-14,3160.0,184.14999999999998,3157.1,-151.75774000000007,-7.607739999999971,-151.75774000000007,False,125,False,ADANIENT,False,0.014174567675685923,-0.013135099379468884
2026-07-15,3180.0,175.3,3187.8,-158.43928,-1.0892800000000114,-158.43928,False,125,False,ADANIENT,False,0.01148882593641809,-0.013849543594586122
2026-07-16,3150.0,170.39999999999998,3150.0,-148.34012000000016,-6.5901199999999545,-148.34012000000016,False,125,False,ADANIENT,False,0.01760663732227119,-0.007884986858355258
2026-07-17,3160.0,151.8,3161.4,8.324439999999875,8.324439999999875,8.324439999999875,False,125,False,ADANIENT,False,0.02145581691036247,-0.04599491417673229
2026-07-20,3150.0,137.14999999999998,3151.2,-27.343140000000062,13.15685999999991,-27.343140000000062,False,125,False,ADANIENT,False,0.01886493341788209,-0.051204819277108404
2026-07-21,3200.0,129.4,3193.1,67.58383999999997,70.68383999999988,63.78384000000002,True,125,False,ADANIENT,False,0.010534591194968579,-0.05896226415094341
2026-07-22,3160.0,101.19999999999999,3162.5,30.54619999999999,59.1461999999999,49.9462,True,125,False,ADANIENT,False,0.006886792452830193,-0.05896226415094341
2026-07-23,3120.0,89.14999999999999,3127.3,20.791259999999923,51.891259999999804,44.01626,True,125,False,ADANIENT,False,-0.000285895806861558,-0.0556861499364677
2026-07-24,3000.0,84.75,2998.9,-43.10462000000008,136.99538,42.02038,True,125,False,ADANIENT,False,0.015560716655607099,-0.013702720637027266
2026-07-27,3040.0,54.45,3039.4,-41.78816000000018,6.961839999999821,-41.78816000000018,False,125,False,ADANIENT,False,0.011241511175578589,-0.020010549218698603
2026-07-28,3000.0,10.35,3002.0,57.33118,211.53118000000003,4.956179999999999,True,125,False,ADANIENT,False,0.013838550247116999,-0.02052718286655686
2026-07-29,3100.0,218.7,3027.5,-169.5518,-1.4517999999999887,-169.5518,False,125,False,ADANIENT,False,0.029813457694870094,-0.009760159893404508
2026-07-30,3050.0,204.05,3009.4,-199.73478,-18.33478,-199.73478,False,125,False,ADANIENT,False,0.021983471074380256,-0.01004958677685952
2026-07-31,3100.0,189.70000000000002,3042.1,-19.80940000000001,-0.6594000000000058,-19.80940000000001,False,125,False,ADANIENT,False,0.013606557377049189,-0.01560655737704919
2026-08-04,3150.0,169.95,3077.6,-26.729060000000192,26.07093999999999,-26.729060000000192,False,125,False,ADANIENT,False,0.009634225996081103,-0.030078380143696903
2026-08-05,3150.0,167.14999999999998,3071.1,-11.55594000000009,21.244060000000005,-11.55594000000009,False,125,False,ADANIENT,False,0.020570823825114992,-0.017792770446803496
2026-08-07,3100.0,168.75,3024.4,-29.81365999999993,4.38634,-29.81365999999993,False,125,False,ADANIENT,False,0.01189689358889634,-0.03079973562458682
2026-08-10,3050.0,164.6,3006.6,-151.19951999999998,-4.599519999999995,-151.19951999999998,False,125,False,ADANIENT,False,0.01900229624945915,-0.02399414289993007
2026-08-11,3050.0,142.9,3015.9,-118.96816,17.131839999999993,-118.96816,False,125,False,ADANIENT,False,0.01917188124084679,-0.02383171348688584
2026-08-12,3000.0,157.75,2976.3,-133.21156000000036,-5.361559999999994,-133.21156000000036,False,106,False,ADANIENT,False,,
2026-08-13,3000.0,112.25,2974.0,-87.58416000000035,30.215840000000025,-87.58416000000035,False,80,False,ADANIENT,False,,
2026-08-14,3000.0,137.5,2958.5,-112.90486000000035,-6.254859999999982,-112.90486000000035,False,54,False,ADANIENT,False,,
2026-08-17,3100.0,110.75,3038.0,4.316220000000003,11.86622,4.316220000000003,False,28,False,ADANIENT,False,,
2026-06-25,1530.0,51.45,1533.4,-43.61618000000009,81.43382000000001,25.558820000000008,True,125,False,ADANIGREEN,False,0.028210692444269103,-0.03380022358124557
2026-06-29,1490.0,33.85,1491.2,37.355299999999914,94.7553,16.630300000000005,True,125,False,ADANIGREEN,False,0.026672783275443868,-0.03709286322825878
2026-06-30,1500.0,7.7,1498.7,40.0446,75.5446,3.6946000000000003,True,125,False,ADANIGREEN,False,0.060106737825216694,-0.01107404936624412
2026-07-01,1490.0,131.2,1489.0,-105.73959999999998,-4.339599999999978,-105.73959999999998,False,125,False,ADANIGREEN,False,0.06508042895442356,-0.006434316353887359
2026-07-02,1510.0,133.89999999999998,1512.0,-128.29144000000005,-7.7414399999999794,-128.29144000000005,False,125,False,ADANIGREEN,False,0.03869533956467741,-0.02372704098307088
2026-07-03,1540.0,131.3,1538.1,-94.27236000000009,-2.0723600000000224,-94.27236000000009,False,125,False,ADANIGREEN,False,0.023904639175257758,-0.04561855670103088
2026-07-06,1560.0,128.75,1561.6,-6.654059999999989,-5.404059999999989,-6.654059999999989,False,125,False,ADANIGREEN,False,0.018653846153846132,-0.05051282051282047
2026-07-07,1550.0,122.25,1548.0,-111.52309999999994,4.926899999999997,-111.52309999999994,False,125,False,ADANIGREEN,False,0.0163870967741937,-0.0443870967741935
2026-07-08,1520.0,130.55,1516.0,-52.73478000000001,-5.234780000000006,-52.73478000000001,False,125,False,ADANIGREEN,False,0.07441554165294706,-0.0245637141916365
2026-07-09,1520.0,115.75,1516.1,-89.24914,4.850860000000014,-89.24914,False,125,False,ADANIGREEN,False,0.07974851091992052,-0.01972203838517539
2026-07-10,1500.0,121.85,1502.4,-90.4799399999999,-1.3799399999999888,-90.4799399999999,False,125,False,ADANIGREEN,False,0.09357195522488104,0.002547087606407983
2026-07-13,1560.0,116.19999999999999,1557.7,-66.06675999999993,5.0832400000000115,-66.06675999999993,False,125,False,ADANIGREEN,False,0.0630049517852489,-0.01791764399270268
2026-07-14,1540.0,118.65,1538.8,-110.2065799999999,-5.006580000000006,-110.2065799999999,False,125,False,ADANIGREEN,False,0.055987055016181175,-0.030420711974110004
2026-07-15,1600.0,124.24999999999999,1598.5,-48.610980000000026,-23.81098000000007,-48.610980000000026,False,125,False,ADANIGREEN,True,0.003302180685358147,-0.06666666666666665
2026-07-16,1550.0,114.0,1547.0,10.430800000000051,10.430800000000051,10.430800000000051,False,125,False,ADANIGREEN,False,0.013355485973544523,-0.06402965045689823
2026-07-17,1530.0,119.6,1531.9,41.71152000000003,41.71152000000003,41.71152000000003,False,125,False,ADANIGREEN,False,0.010174983797796466,-0.11082307193778351
2026-07-20,1510.0,108.14999999999999,1509.3,-8.433379999999895,34.66661999999999,-8.433379999999895,False,125,False,ADANIGREEN,False,0.028844884488448796,-0.10759075907590754
2026-07-21,1530.0,93.44999999999999,1531.1,48.98794000000004,69.28793999999999,46.06294,True,125,False,ADANIGREEN,False,0.018758169934640634,-0.11633986928104578
2026-07-22,1520.0,89.25,1523.7,47.515659999999976,63.515659999999976,43.99066,True,125,False,ADANIGREEN,False,0.004607696800571048,-0.12259069375040565
2026-07-23,1430.0,68.55,1424.8,4.552539999999918,4.552539999999918,4.552539999999918,False,125,False,ADANIGREEN,False,-0.0027173913043477826,-0.08152173913043481
2026-07-24,1400.0,63.14999999999999,1367.8,-22.142179999999897,-5.142179999999987,-22.142179999999897,False,125,False,ADANIGREEN,False,0.02619392185238789,-0.02315484804630974
2026-07-27,1430.0,39.150000000000006,1409.6,-26.096300000000053,35.40369999999996,19.428700000000003,True,125,False,ADANIGREEN,False,0.01604814443330005,-0.03281272388594347
2026-07-28,1420.0,35.49999999999999,1386.8,-10.768839999999994,71.68116000000002,17.581159999999993,True,125,False,ADANIGREEN,False,0.02096301066037065,-0.03412749517063751
2026-07-29,1380.0,118.94999999999999,1382.5,-25.24681999999998,-3.7968199999999888,-25.24681999999998,False,125,False,ADANIGREEN,False,0.03631082062454616,-0.019607843137254943
2026-07-30,1360.0,104.94999999999999,1356.4,-85.39929999999998,6.700700000000011,-85.39929999999998,False,125,False,ADANIGREEN,False,0.03932993445010924,-0.016751638747268704
2026-07-31,1360.0,115.19999999999999,1358.6,-102.2595199999999,-9.209519999999994,-102.2595199999999,False,125,False,ADANIGREEN,False,0.05073264118989762,-0.0037552462999778102
2026-08-03,1420.0,97.29999999999998,1416.7,-48.80907999999998,9.640920000000026,-48.80907999999998,False,125,False,ADANIGREEN,False,0.03555878084179964,-0.008925979680696638
2026-08-04,1400.0,98.19999999999999,1403.7,-66.16539999999998,-2.915399999999983,-66.16539999999998,False,125,False,ADANIGREEN,False,0.016779004732539793,-0.027678187293847634
2026-08-05,1400.0,91.1,1398.4,-51.46680000000008,2.283200000000006,-51.46680000000008,False,125,False,ADANIGREEN,False,0.023121387283236983,-0.021676300578034713
2026-08-06,1380.0,92.35,1378.0,-48.23290000000008,-3.6828999999999827,-48.23290000000008,False,125,False,ADANIGREEN,False,0.026086956521739202,-0.047101449275362306
2026-08-07,1380.0,74.15,1371.9,-13.927019999999954,11.172979999999997,-13.927019999999954,False,125,False,ADANIGREEN,False,0.03244622675902287,-0.041924899744804955
2026-08-10,1360.0,72.05,1367.4,-53.005499999999905,9.994500000000015,-53.005499999999905,False,125,False,ADANIGREEN,False,0.03584491587417693,-0.038771031455742455
2026-08-11,1360.0,87.15,1368.6,-56.58026000000001,-5.180259999999994,-56.58026000000001,False,125,False,ADANIGREEN,False,0.034180543382997364,-0.040315512708150814
2026-08-12,1360.0,75.14999999999999,1352.0,-41.50520000000003,-32.955200000000076,-41.50520000000003,False,111,False,ADANIGREEN,False,,
2026-08-13,1340.0,69.14999999999999,1332.5,-55.43240000000004,-5.382399999999992,-55.43240000000004,False,85,False,ADANIGREEN,False,,
2026-08-14,1320.0,63.9,1321.0,-14.218639999999999,-2.2686399999999955,-14.218639999999999,False,59,False,ADANIGREEN,False,,
2026-08-17,1340.0,60.65,1338.0,-46.90860000000004,-4.858599999999998,-46.90860000000004,False,33,False,ADANIGREEN,False,,
2026-08-10,1680.0,72.85,1677.4,-58.89346000000004,-2.2934599999999827,-58.89346000000004,False,125,False,ADANIPORTS,False,0.010500088983804945,-0.026873109094144865
2026-08-11,1680.0,66.39999999999999,1681.9,-55.716159999999995,3.733840000000003,-55.716159999999995,False,125,False,ADANIPORTS,False,0.014950265054499923,-0.02293168145809754
2026-08-12,1660.0,68.95,1663.0,-47.653119999999916,-3.553119999999997,-47.653119999999916,False,106,False,ADANIPORTS,False,,
2026-08-13,1660.0,65.4,1654.2,-44.09317999999992,-3.5431800000000115,-44.09317999999992,False,80,False,ADANIPORTS,False,,
2026-08-14,1660.0,57.150000000000006,1669.4,-35.82007999999992,-17.47008,-35.82007999999992,False,54,False,ADANIPORTS,False,,
2026-08-17,1700.0,54.55,1693.5,-36.50356000000009,-4.903560000000002,-36.50356000000009,False,28,False,ADANIPORTS,False,,
2026-06-25,230.0,7.1899999999999995,230.7,6.312179999999999,15.732179999999998,3.5371800000000007,True,125,False,ADANIPOWER,False,0.014221524233302807,-0.03289272782794572
2026-06-29,225.0,4.52,226.0,-0.49371599999999355,18.186283999999997,2.236284,True,125,False,ADANIPOWER,False,0.003493449781659441,-0.04126637554585144
2026-06-30,225.0,3.53,224.3,0.4591680000000142,19.179167999999997,1.7441680000000002,True,125,False,ADANIPOWER,False,0.013227513227513255,-0.03835978835978848
2026-07-02,230.0,23.68,224.9,-13.016151999999988,-0.7961520000000029,-13.016151999999988,False,125,False,ADANIPOWER,False,0.00990230316962104,-0.05110295742893767
2026-07-07,227.5,20.67,220.89,-11.154476000000015,0.16552400000000003,-11.154476000000015,False,125,False,ADANIPOWER,False,0.015674693321217736,-0.024761472058155376
2026-07-08,227.5,21.720000000000002,219.8,-4.598780000000006,-0.9087800000000007,-4.598780000000006,False,125,False,ADANIPOWER,False,0.048404084810184544,-0.017035307047671422
2026-07-09,227.5,19.84,219.14,-10.022992000000002,0.797007999999999,-10.022992000000002,False,125,False,ADANIPOWER,False,0.05163068442811203,-0.011943040881947642
2026-07-10,225.0,19.88,217.45,-9.734027999999988,-0.40402800000000033,-9.734027999999988,False,125,False,ADANIPOWER,False,0.05755728011825578,-0.006374722838137448
2026-07-13,225.0,19.310000000000002,217.09,-8.793468000000015,-0.1134680000000011,-8.793468000000015,False,125,False,ADANIPOWER,False,0.048404084810184544,-0.023583825617071952
2026-07-14,225.0,17.96,217.8,-13.303224000000007,1.2567760000000003,-13.303224000000007,False,125,False,ADANIPOWER,False,0.06335346028797018,-0.009660938225731552
2026-07-15,227.5,18.310000000000002,223.71,-8.787868000000016,1.2021319999999975,-8.787868000000016,False,125,False,ADANIPOWER,False,0.011962782454585819,-0.055294638901196236
2026-07-16,225.0,18.27,217.5,-7.925065999999985,0.3899340000000024,-7.925065999999985,False,125,False,ADANIPOWER,False,0.012744651797906181,-0.035502958579881616
2026-07-17,220.0,18.59,214.67,-9.268092000000001,-1.328092,-9.268092000000001,False,125,False,ADANIPOWER,False,0.026528258362168433,-0.025282583621683896
2026-07-20,220.0,15.100000000000001,214.3,-8.739976000000002,-0.6799760000000028,-8.739976000000002,False,125,False,ADANIPOWER,False,0.03724768076080376,-0.020558482122045585
2026-07-22,225.0,12.91,217.8,2.640367999999988,3.8003679999999846,2.640367999999988,False,125,False,ADANIPOWER,False,0.006217945808559833,-0.05755003857849594
2026-07-24,210.0,6.219999999999999,210.5,8.760752,10.350752,3.0507519999999992,True,125,False,ADANIPOWER,False,0.01648998822143688,-0.024216725559481733
2026-07-27,220.0,6.62,215.1,-0.8644680000000133,5.305532,3.2755319999999997,True,125,False,ADANIPOWER,False,0.010443986511802228,-0.030020606968902186
2026-07-28,210.0,3.4699999999999998,211.0,0.06062400000000627,13.140624,1.7156240000000003,True,125,False,ADANIPOWER,False,0.006409656592121227,-0.0310189950407036
2026-07-29,210.0,16.6,209.27,-2.874868000000001,-0.054868000000002415,-2.874868000000001,False,125,False,ADANIPOWER,False,0.03185110567467753,-0.006523720439391645
2026-07-30,210.0,16.48,209.34,-14.032864000000005,-0.36286400000000224,-14.032864000000005,False,125,False,ADANIPOWER,False,0.02825047801147229,-0.010516252390057268
2026-07-31,210.0,15.400000000000002,210.82,-2.3695480000000027,0.11045199999999773,-2.3695480000000027,False,125,False,ADANIPOWER,False,0.029234449760765724,-0.01100478468899524
2026-08-03,215.0,14.8,214.11,-10.014712000000003,0.015288000000000287,-10.014712000000003,False,125,False,ADANIPOWER,False,0.020688018979833966,-0.019217081850533835
2026-08-04,215.0,14.41,212.6,-9.204795999999986,-0.6547959999999997,-9.204795999999986,False,125,False,ADANIPOWER,False,0.009701845716989954,-0.021769995267392428
2026-08-05,210.0,14.169999999999998,210.48,-3.4496079999999973,0.11039200000000327,-3.4496079999999973,False,125,False,ADANIPOWER,False,0.01833769945225061,-0.015479876160990669
2026-08-06,205.0,11.719999999999999,207.33,-1.1024399999999992,1.7375600000000007,-1.1024399999999992,False,125,False,ADANIPOWER,False,0.030858244937319146,-0.011475409836065542
2026-08-07,210.0,13.35,208.54,-9.458132000000008,-0.3481319999999989,-9.458132000000008,False,125,False,ADANIPOWER,False,0.02502636877936526,-0.021430626138651876
2026-08-10,210.0,12.219999999999999,208.7,-7.816395999999987,0.09360400000000052,-7.816395999999987,False,125,False,ADANIPOWER,False,0.022966507177033524,-0.02339712918660286
2026-08-11,210.0,12.629999999999999,210.38,-6.921211999999985,-0.6212120000000003,-6.921211999999985,False,125,False,ADANIPOWER,False,0.014905534985284463,-0.0422007025538782
2026-08-12,210.0,11.01,208.17,-8.203514000000006,0.25148600000000093,-8.203514000000006,False,110,False,ADANIPOWER,False,,
2026-08-13,205.0,10.59,205.81,-2.0833399999999993,-0.16333999999999943,-2.0833399999999993,False,84,False,ADANIPOWER,False,,
2026-08-14,205.0,9.940000000000001,205.68,-1.4315200000000008,-0.14152000000000164,-1.4315200000000008,False,58,False,ADANIPOWER,False,,
2026-08-17,205.0,8.6,205.36,-0.08776799999999915,0.9222320000000006,-0.08776799999999915,False,32,False,ADANIPOWER,False,,
2026-06-30,5450.0,51.150000000000006,5473.0,193.91853999999998,193.91853999999998,24.743540000000003,True,125,False,ALKEM,False,0.04088601753576371,-0.0001845869866174965
2026-07-01,5550.0,280.1,5570.0,-128.91072000000005,25.639279999999967,-128.91072000000005,False,125,False,ALKEM,False,0.024290051794963352,-0.020003572066440434
2026-07-02,5550.0,284.25,5546.0,-173.95754,-2.60754,-173.95754,False,125,False,ALKEM,False,0.031011235955056282,-0.013573033707865223
2026-07-03,5500.0,261.05,5516.5,-103.82418000000004,-56.324180000000034,-103.82418000000004,False,125,False,ALKEM,False,0.04291689398072385,-0.0009092562284052086
2026-07-06,5600.0,271.45000000000005,5621.0,-232.42150000000004,-11.971500000000022,-232.42150000000004,False,125,False,ALKEM,False,0.028330643715259063,-0.00815850815850816
2026-07-07,5700.0,287.5,5696.0,-143.31184000000002,-22.161840000000044,-143.31184000000002,False,125,False,ALKEM,False,0.024473026080743088,-0.008842443729903504
2026-07-08,5700.0,231.14999999999998,5702.5,-124.19905999999997,20.05094000000003,-124.19905999999997,False,125,False,ALKEM,False,0.011921582479689219,-0.025874249381843906
2026-07-09,5650.0,252.8,5661.5,-132.94608,-0.3460800000000115,-132.94608,False,125,False,ALKEM,False,0.020217313858211572,-0.017545422158888546
2026-07-13,5650.0,208.39999999999998,5640.0,-179.16695999999996,44.43304000000002,-179.16695999999996,False,125,False,ALKEM,False,0.01048273431994362,-0.028276955602536957
2026-07-14,5550.0,222.1,5554.5,-147.53271999999998,12.067280000000006,-147.53271999999998,False,125,False,ALKEM,False,0.03008261494252884,-0.009428879310344862
2026-07-15,5600.0,236.15000000000003,5592.0,-178.07586000000003,-9.325860000000029,-178.07586000000003,False,125,False,ALKEM,False,0.021460373998219096,-0.013535173642030274
2026-07-17,5650.0,210.95,5626.0,-163.7745,-7.124499999999977,-163.7745,False,125,False,ALKEM,False,0.0008765778401123026,-0.03523842917251052
2026-07-20,5600.0,169.8,5620.0,-88.35518,-23.055179999999993,-88.35518,False,125,False,ALKEM,False,0.025202520252025185,-0.009360936093609329
2026-07-21,5650.0,177.3,5625.5,-130.03028,-13.68028000000001,-130.03028,False,125,False,ALKEM,False,0.008314904909332066,-0.02644847412649265
2026-07-22,5550.0,192.35,5541.0,-54.377220000000015,-42.577220000000004,-54.377220000000015,False,125,False,ALKEM,False,0.001845667076814994,-0.032694673932149754
2026-07-23,5550.0,101.0,5560.5,65.64875999999998,65.64875999999998,49.74876,True,125,False,ALKEM,False,0.02476002511886599,-0.01112406925630216
2026-07-24,5600.0,86.8,5602.0,114.79051999999999,181.29051999999996,42.59051999999999,True,125,False,ALKEM,False,0.04503464203233265,-0.011991472730502717
2026-07-29,5700.0,349.6,5689.0,-258.93592000000007,-6.435920000000046,-258.93592000000007,False,125,False,ALKEM,False,0.0397702165267344,-0.0006186478126380957
2026-07-30,5700.0,330.1,5717.5,-289.73992000000004,6.510079999999954,-289.73992000000004,False,125,False,ALKEM,False,0.03565140845070425,-0.02183098591549293
2026-07-31,5800.0,351.15,5802.5,-156.78146,3.21854,-156.78146,False,125,False,ALKEM,False,0.0030091995529188953,-0.04462213051328345
2026-08-03,5700.0,322.45000000000005,5694.0,-218.74630000000005,14.003699999999931,-218.74630000000005,False,125,False,ALKEM,False,0.004260869565217318,-0.0424347826086956
2026-08-04,5700.0,329.40000000000003,5692.0,-207.76616000000004,-4.666160000000034,-207.76616000000004,False,125,False,ALKEM,False,0.005812929364100716,-0.030121543068522105
2026-08-05,5600.0,305.3,5591.0,-211.02168,15.828319999999989,-211.02168,False,125,False,ALKEM,False,0.0061782877316858276,-0.033539276257722905
2026-08-07,5600.0,316.6,5592.0,-129.61372000000006,4.236279999999978,-129.61372000000006,False,125,False,ALKEM,False,0.01812985621148533,-0.03438421005626502
2026-08-10,5650.0,301.15,5654.5,-88.69186,105.30814,-88.69186,False,125,False,ALKEM,False,0.01180438448566612,-0.08138812461169787
2026-08-14,5400.0,280.75,5404.0,-188.89594,7.604059999999977,-188.89594,False,56,False,ALKEM,False,,
2026-08-17,5400.0,153.39999999999998,5400.5,-61.18935999999997,22.510640000000045,-61.18935999999997,False,30,False,ALKEM,False,,
2026-06-25,7800.0,269.25,7844.5,102.35085999999998,126.85085999999998,102.35085999999998,False,125,False,AMBER,False,0.013216702847656858,-0.05759162303664922
2026-06-29,7600.0,141.64999999999998,7615.5,-70.34765999999998,474.20234000000005,70.22733999999998,True,125,False,AMBER,False,0.006080020920502083,-0.03504184100418406
2026-06-30,7400.0,81.25,7424.0,92.43445999999997,547.2344599999999,39.90946,True,125,False,AMBER,False,0.028454190770886623,-0.007130364590340332
2026-07-01,7600.0,666.6,7559.0,-154.26002000000005,-51.76002000000005,-154.26002000000005,False,125,False,AMBER,False,0.023804787480936174,-0.021285060672369238
2026-07-02,7400.0,620.6,7446.5,-431.47332000000006,-11.873320000000023,-431.47332000000006,False,125,False,AMBER,False,0.03672866447324252,-0.00893036997247032
2026-07-03,7400.0,605.8,7415.0,-316.41328,-17.61327999999991,-316.41328,False,125,False,AMBER,False,0.042398055630569864,-0.0035106670267350815
2026-07-06,7500.0,550.5,7484.0,-245.50184000000002,27.998159999999977,-245.50184000000002,False,125,False,AMBER,False,0.04762541806020071,-0.012709030100334417
2026-07-07,7600.0,556.6,7575.5,-481.97212,-5.822120000000068,-481.97212,False,125,False,AMBER,False,0.04458305975049237,-0.030860144451740013
2026-07-08,7600.0,492.3,7594.5,-238.49468000000005,29.10531999999999,-238.49468000000005,False,125,False,AMBER,False,0.048714568226763344,-0.027027027027026973
2026-07-09,7600.0,463.95000000000005,7591.5,-181.64510000000007,50.20489999999995,-181.64510000000007,False,125,False,AMBER,False,0.07131313131313122,0.010101010101010166
2026-07-10,7700.0,486.65000000000003,7692.0,-211.88766000000007,2.1123399999999433,-211.88766000000007,False,125,False,AMBER,False,0.06373193166885671,0.0005913272010511506
2026-07-13,7800.0,485.20000000000005,7807.5,-408.3778000000001,-11.327800000000114,-408.3778000000001,False,125,False,AMBER,False,0.043170103092783574,-0.017332474226804173
2026-07-14,7700.0,439.20000000000005,7676.5,-350.78120000000007,31.518799999999942,-350.78120000000007,False,125,False,AMBER,False,0.04062218794189487,-0.01973261344645838
2026-07-15,7900.0,490.15000000000003,7856.0,-191.46466000000007,-32.66466000000005,-191.46466000000007,False,125,False,AMBER,False,0.04182754182754178,-0.023037323037323088
2026-07-16,7900.0,425.6,7884.5,-0.5881200000000453,24.81187999999993,-0.5881200000000453,False,125,False,AMBER,False,0.027088752141089856,-0.05608069529911819
2026-07-17,8000.0,419.75,7977.0,283.4970600000001,283.4970600000001,206.72206,True,125,False,AMBER,False,0.006054931335830238,-0.08114856429463169
2026-07-20,7700.0,386.80000000000007,7721.5,24.85831999999991,85.8583199999999,24.85831999999991,False,125,False,AMBER,False,0.013179889417513246,-0.07232866143757233
2026-07-21,7800.0,304.45000000000005,7790.0,235.57910000000004,268.07910000000004,149.85410000000002,True,125,False,AMBER,False,0.0024191494779730593,-0.08142347848230203
2026-07-22,7600.0,314.3,7599.0,-6.147480000000034,81.85251999999997,-6.147480000000034,False,125,False,AMBER,False,0.005242463958060384,-0.057011795543905674
2026-07-23,7500.0,276.65000000000003,7472.5,-207.22146000000004,20.278539999999943,-207.22146000000004,False,125,False,AMBER,False,0.002673796791443861,-0.03810160427807485
2026-07-24,7300.0,190.85,7293.5,-52.374420000000015,395.5755799999999,94.50057999999999,True,125,False,AMBER,False,0.01359079593621737,-0.031823992464509177
2026-07-27,7300.0,76.3,7286.0,75.45991999999998,510.4099199999999,37.509919999999994,True,125,False,AMBER,False,0.03852515506547216,-0.008270158511371473
2026-07-28,7300.0,40.95,7257.5,58.5559,546.0058999999999,20.0809,True,125,False,AMBER,False,0.039423076923077005,-0.011675824175824134
2026-07-29,7300.0,631.1500000000001,7290.0,-538.2826600000001,-48.632660000000136,-538.2826600000001,False,125,False,AMBER,False,0.04806094182825493,0.0020775623268698418
2026-07-30,7400.0,607.5,7429.5,-486.64484000000004,-11.29484,-486.64484000000004,False,125,False,AMBER,False,0.019948780159050994,-0.018735678662892608
2026-07-31,7400.0,525.6,7439.5,12.114640000000023,50.064639999999955,12.114640000000023,False,125,False,AMBER,False,0.02575572726040387,-0.013148976548732594
2026-08-03,7500.0,548.2,7452.5,-473.5486000000001,19.951399999999932,-473.5486000000001,False,125,False,AMBER,False,0.019055955827890436,-0.0195946400915763
2026-08-04,7400.0,588.05,7445.0,-206.37257999999997,-31.622579999999978,-206.37257999999997,False,125,False,AMBER,False,0.018189167340339596,-0.05672325518728105
2026-08-05,7400.0,566.1500000000001,7423.5,-267.1788600000001,-19.978860000000182,-267.1788600000001,False,125,False,AMBER,False,0.021975792818986983,-0.053215227533978005
2026-08-06,7500.0,553.65,7507.5,-73.15346,-2.4034599999999995,-73.15346,False,125,False,AMBER,False,0.004519473614249536,-0.07603349727502329
2026-08-07,7400.0,547.85,7387.0,-252.31782000000004,-8.267819999999977,-252.31782000000004,False,125,False,AMBER,False,0.016340528545491173,-0.06516037926165019
2026-08-10,7300.0,488.3,7316.0,-432.92627999999996,-149.92628000000005,-432.92627999999996,False,125,False,AMBER,False,-0.0010759195750117412,-0.06516037926165019
2026-08-11,7200.0,489.90000000000003,7155.0,-403.61756,-2.617560000000057,-403.61756,False,125,False,AMBER,False,0.04353962317408788,-0.018982428904099957
2026-08-12,7000.0,514.9000000000001,7030.0,-184.1242600000001,-36.37426000000011,-184.1242600000001,False,105,False,AMBER,False,,
2026-08-13,7000.0,462.0,7020.5,-131.07614,10.173859999999976,-131.07614,False,79,False,AMBER,False,,
2026-08-14,7100.0,459.55,7109.0,-228.33928000000003,-129.93928000000005,-228.33928000000003,False,53,False,AMBER,False,,
2026-08-17,7300.0,261.5,7271.5,-2.0624400000000227,19.187559999999976,-2.0624400000000227,False,27,False,AMBER,False,,
2026-08-10,430.0,20.4,432.45,-8.191280000000022,-0.7412799999999985,-8.191280000000022,False,125,False,AMBUJACEM,False,0.0023041474654377225,-0.04147465437788023
2026-08-11,430.0,18.450000000000003,430.2,-4.341139999999993,1.658860000000007,-4.341139999999993,False,125,False,AMBUJACEM,False,0.006839786691398064,-0.0505448643635521
2026-08-12,425.0,16.4,424.15,-5.800530000000022,-0.5755299999999999,-5.800530000000022,False,106,False,AMBUJACEM,False,,
2026-08-13,420.0,13.8,421.0,-8.179250000000023,1.295749999999998,-8.179250000000023,False,80,False,AMBUJACEM,False,,
2026-08-14,415.0,14.5,417.0,-5.715099999999999,-0.4151000000000014,-5.715099999999999,False,54,False,AMBUJACEM,False,,
2026-08-17,415.0,11.95,414.35,-3.157959999999998,-0.7579599999999993,-3.157959999999998,False,28,False,AMBUJACEM,False,,
2026-08-10,290.0,19.8,289.25,-17.461879999999997,-2.1118800000000006,-17.461879999999997,False,125,False,ANGELONE,False,0.01852487135505987,-0.021440823327615766
2026-08-11,295.0,17.5,295.7,-5.93134,0.06865999999999858,-5.93134,False,125,False,ANGELONE,False,0.011584327086882285,-0.03867120954003411
2026-08-12,290.0,15.950000000000001,290.2,-10.6095,-0.7095000000000021,-10.6095,False,104,False,ANGELONE,False,,
2026-08-13,290.0,14.85,291.2,-9.506419999999999,-0.606419999999999,-9.506419999999999,False,78,False,ANGELONE,False,,
2026-08-14,290.0,15.2,292.05,-9.857399999999998,-1.5574,-9.857399999999998,False,52,False,ANGELONE,False,,
2026-08-17,285.0,11.85,283.6,-0.7641199999999992,0.18588000000000177,-0.7641199999999992,False,26,False,ANGELONE,False,,
2026-06-25,1800.0,52.14999999999999,1802.3,-38.5343799999999,57.06562000000002,25.890620000000002,True,125,False,APLAPOLLO,False,0.005747126436781658,-0.04209085933223866
2026-06-29,1800.0,22.35,1806.3,79.10266000000001,86.70266000000001,10.827660000000003,True,125,False,APLAPOLLO,False,0.010445024723595653,-0.02766820378909951
2026-07-02,1780.0,106.0,1779.9,-76.48024,2.7197600000000084,-76.48024,False,125,False,APLAPOLLO,False,0.030026329057195822,-0.007394543723040603
2026-07-03,1800.0,104.55,1798.9,-88.98698,0.7630200000000085,-88.98698,False,125,False,APLAPOLLO,False,0.03048814661211674,-0.006949504007173646
2026-07-06,1820.0,95.1,1815.7,-8.809039999999984,13.390960000000005,-8.809039999999984,False,125,False,APLAPOLLO,False,0.026183844011142154,-0.006685236768802283
2026-07-07,1820.0,97.69999999999999,1828.0,-53.198999999999984,1.551000000000017,-53.198999999999984,False,125,False,APLAPOLLO,False,0.01886166270258305,-0.013772885668455137
2026-07-08,1800.0,98.94999999999999,1808.4,-55.44970000000003,1.1503000000000116,-55.44970000000003,False,125,False,APLAPOLLO,False,0.012310397889646163,-0.020114310837546667
2026-07-09,1800.0,93.94999999999999,1810.0,-83.64245999999994,1.7575400000000112,-83.64245999999994,False,125,False,APLAPOLLO,False,0.01242167747609102,-0.02000659558096085
2026-07-10,1820.0,94.69999999999999,1816.0,-70.03488000000007,-3.234879999999977,-70.03488000000007,False,125,False,APLAPOLLO,False,0.03135498320268759,0.002239641657334923
2026-07-13,1820.0,91.25,1817.7,-74.2536599999999,-3.0536600000000003,-74.2536599999999,False,125,False,APLAPOLLO,False,-0.0022282608695651795,-0.027608695652173942
2026-07-17,1800.0,72.64999999999999,1794.9,-59.989259999999994,0.16074000000001992,-59.989259999999994,False,125,False,APLAPOLLO,False,0.029477320851443167,-0.0030090270812436204
2026-07-20,1800.0,67.5,1802.6,-33.684200000000175,-4.5841999999999965,-33.684200000000175,False,125,False,APLAPOLLO,False,0.03189231456657726,-0.0006143878462914198
2026-07-23,1840.0,41.2,1839.0,-3.7206400000000426,0.9293599999999987,-3.7206400000000426,False,125,False,APLAPOLLO,False,0.028171334431631,-0.010159253157605685
2026-07-24,1820.0,17.700000000000003,1813.0,41.384680000000095,56.984680000000004,8.634680000000001,True,125,False,APLAPOLLO,False,0.03725382932166288,-0.013949671772428895
2026-07-28,1840.0,13.75,1841.4,87.32786,99.12786,6.55286,True,125,False,APLAPOLLO,False,0.05700712589073631,-0.025588425825955552
2026-07-31,1880.0,110.1,1879.4,-34.8202399999999,2.9797599999999997,-34.8202399999999,False,125,False,APLAPOLLO,False,0.05441098784997367,-0.04648705758055993
2026-08-03,1840.0,103.1,1847.9,21.66048000000001,48.160479999999986,21.66048000000001,False,125,False,APLAPOLLO,False,0.0967032967032968,0.00016483516483511984
2026-08-04,1960.0,103.94999999999999,1967.1,-54.67994000000003,-6.379939999999989,-54.67994000000003,False,125,False,APLAPOLLO,False,0.03405238828967638,-0.02126348228043151
2026-08-05,1940.0,100.85,1932.7,-31.228379999999945,-3.3783799999999773,-31.228379999999945,False,125,False,APLAPOLLO,False,0.053041716452802756,-0.010026494882851122
2026-08-07,1960.0,89.85,1963.1,0.5441800000000113,18.54418000000001,0.5441800000000113,False,125,False,APLAPOLLO,False,0.059815950920245387,-0.006901840490797562
2026-08-10,1960.0,79.35,1959.1,53.95317999999998,53.95317999999998,39.078179999999996,True,125,False,APLAPOLLO,False,0.06710726995424499,-0.007778342653787518
2026-08-11,2000.0,75.5,2004.3,19.920360000000006,28.920360000000006,19.920360000000006,False,125,False,APLAPOLLO,False,0.05019900497512442,-0.01024875621890542
2026-08-12,2020.0,64.55,2017.1,5.721720000000008,19.97172000000001,5.721720000000008,False,106,False,APLAPOLLO,False,,
2026-08-13,2000.0,75.8,1996.0,14.384220000000008,28.63422000000001,14.384220000000008,False,80,False,APLAPOLLO,False,,
2026-08-14,2040.0,73.1,2040.1,-22.796219999999987,-7.446219999999994,-22.796219999999987,False,54,False,APLAPOLLO,False,,
2026-08-17,2100.0,71.94999999999999,2105.0,-18.003219999999992,-11.95321999999998,-18.003219999999992,False,28,False,APLAPOLLO,False,,
2026-06-25,8550.0,103.89999999999999,8557.0,115.09363999999998,115.09363999999998,51.04364,True,125,False,APOLLOHOSP,False,0.02280016327482648,-0.004548370167356652
2026-06-29,8650.0,105.1,8660.0,162.25447999999997,259.75447999999994,51.50447999999998,True,125,False,APOLLOHOSP,False,0.039079790331974396,0.002329644729178737
2026-06-30,8700.0,75.85,8689.5,144.21937999999997,298.56937999999997,37.094379999999994,True,125,False,APOLLOHOSP,False,0.03006520860984474,-0.006116913843845606
2026-07-01,8700.0,376.95000000000005,8684.5,-201.60050000000007,-10.45050000000009,-201.60050000000007,False,125,False,APOLLOHOSP,False,0.032473899751975566,-0.006575532098979098
2026-07-02,8650.0,338.1,8642.5,-139.20752000000005,-1.7075200000000454,-139.20752000000005,False,125,False,APOLLOHOSP,False,0.03828306264501169,-0.0009860788863108594
2026-07-03,8750.0,310.35,8770.0,-218.57882,-0.9288200000000681,-218.57882,False,125,False,APOLLOHOSP,False,0.025846753395610156,-0.002808183850077417
2026-07-06,8900.0,344.35,8918.5,-271.12222,-10.972220000000068,-271.12222,False,125,False,APOLLOHOSP,False,0.010842557036367717,-0.017393268579173227
2026-07-07,8900.0,297.6,8921.0,-220.25252,30.547479999999965,-220.25252,False,125,False,APOLLOHOSP,False,0.008791704238052311,-0.01938683498647431
2026-07-08,8900.0,293.45000000000005,8877.0,-228.05730000000003,13.14269999999992,-228.05730000000003,False,125,False,APOLLOHOSP,False,0.01155152887882216,-0.014722536806342057
2026-07-09,8850.0,290.0,8850.5,-237.56124,21.138759999999966,-237.56124,False,125,False,APOLLOHOSP,False,0.026491198085797363,-0.004272773884806069
2026-07-10,8850.0,302.75,8843.0,-71.79828,-1.0482800000000112,-71.79828,False,125,False,APOLLOHOSP,False,0.02027180067950174,-0.010305775764439362
2026-07-13,8850.0,288.15000000000003,8825.5,-71.81624000000004,3.9337599999999657,-71.81624000000004,False,125,False,APOLLOHOSP,False,0.017966101694915304,-0.012542372881355957
2026-07-14,8800.0,279.65000000000003,8821.5,-160.86846000000003,5.7815399999999775,-160.86846000000003,False,125,False,APOLLOHOSP,False,0.025264595425059655,-0.005462615227039946
2026-07-15,9000.0,265.25,8966.5,-156.40014,9.949860000000001,-156.40014,False,125,False,APOLLOHOSP,False,0.011111111111111072,-0.015544332210998824
2026-07-16,8900.0,264.55,8903.5,-120.19786,-10.64786,-120.19786,False,125,False,APOLLOHOSP,False,0.009534492428491248,-0.01609646662927655
2026-07-17,8850.0,243.95,8871.5,-104.47631999999997,-7.726319999999977,-104.47631999999997,False,125,False,APOLLOHOSP,False,0.012373453318335281,-0.013329583802024758
2026-07-20,8850.0,196.75,8842.0,-166.48713999999998,16.912860000000013,-166.48713999999998,False,125,False,APOLLOHOSP,False,0.020408163265306145,-0.005498866213151876
2026-07-21,8900.0,216.6,8920.0,-156.47672,-22.826719999999984,-156.47672,False,125,False,APOLLOHOSP,False,0.002296918767507039,-0.020280112044817944
2026-07-22,8900.0,183.35,8890.0,228.47910000000002,228.47910000000002,90.00409999999998,True,125,False,APOLLOHOSP,False,0.002296918767507039,-0.020280112044817944
2026-07-23,8900.0,155.45,8908.5,247.58213999999998,256.48214,76.15714,True,125,False,APOLLOHOSP,False,0.0034679494350597917,-0.021814520639892643
2026-07-24,8850.0,129.05,8854.0,2.6182199999999662,17.118219999999965,2.6182199999999662,False,125,False,APOLLOHOSP,False,0.017851090272285708,-0.012089029488193459
2026-07-27,8800.0,125.35,8819.0,30.26137999999998,70.76137999999999,61.88637999999998,True,125,False,APOLLOHOSP,False,0.027517198248905528,-0.005742225254420363
2026-07-28,8850.0,88.5,8839.0,-58.93124,58.068759999999976,43.91876,True,125,False,APOLLOHOSP,False,0.02399004186941278,-0.005431707593074542
2026-07-29,8900.0,439.65000000000003,8930.0,-291.40046000000007,-21.400460000000056,-291.40046000000007,False,125,False,APOLLOHOSP,False,0.012758813654168977,-0.019585898153329562
2026-07-30,8900.0,402.30000000000007,8929.5,-0.40778000000009085,15.342219999999909,-0.40778000000009085,False,125,False,APOLLOHOSP,False,0.016341888021564444,-0.016117257258381534
2026-07-31,9000.0,421.70000000000005,8982.5,-323.26020000000005,3.889799999999909,-323.26020000000005,False,125,False,APOLLOHOSP,False,0.010045764036164861,-0.022212300479964253
2026-08-03,9000.0,400.15000000000003,8956.5,-351.50986,25.64013999999992,-351.50986,False,125,False,APOLLOHOSP,False,0.0120791857734035,-0.020243820601722362
2026-08-04,8800.0,423.40000000000003,8840.5,-348.39916,-3.5991600000000457,-348.39916,False,125,False,APOLLOHOSP,False,0.022108843537415046,-0.006802721088435382
2026-08-05,8800.0,420.85,8850.0,-24.294880000000056,-2.094880000000068,-24.294880000000056,False,125,False,APOLLOHOSP,False,0.014802724151516955,-0.023751899589125935
2026-08-06,9000.0,431.45000000000005,8967.5,47.39429999999993,47.89429999999993,47.39429999999993,False,125,False,APOLLOHOSP,False,0.012864445817650783,-0.044154822762766166
2026-08-07,9000.0,408.8,8966.0,-0.6934800000000338,70.80651999999996,-0.6934800000000338,False,125,False,APOLLOHOSP,False,0.0057551544951668365,-0.04928200257026316
2026-08-10,8900.0,353.0,8935.0,-106.58280000000003,59.21719999999998,-106.58280000000003,False,125,False,APOLLOHOSP,False,0.006718924972004547,-0.047312430011198225
2026-08-11,8900.0,389.35,8880.0,-184.16908,22.880919999999954,-184.16908,False,125,False,APOLLOHOSP,False,0.011248593925759387,-0.04302587176602923
2026-08-12,8600.0,416.1,8607.0,-115.96082000000004,11.939179999999933,-115.96082000000004,False,108,False,APOLLOHOSP,False,,
2026-08-13,8700.0,320.55000000000007,8726.5,-119.86328000000009,-18.613280000000092,-119.86328000000009,False,82,False,APOLLOHOSP,False,,
2026-08-14,8700.0,274.70000000000005,8700.0,-73.88490000000007,-2.6349000000000684,-73.88490000000007,False,56,False,APOLLOHOSP,False,,
2026-08-17,9000.0,264.5,8973.5,-167.86374,-91.11374000000002,-167.86374,False,30,False,APOLLOHOSP,False,,
2026-08-10,177.5,10.45,177.02,-6.091299999999999,0.028700000000000288,-6.091299999999999,False,125,False,ASHOKLEY,False,0.032145076549347396,-0.04101463194169819
2026-08-11,172.5,11.04,172.31,-7.211468,-0.671467999999999,-7.211468,False,125,False,ASHOKLEY,False,0.050000000000000044,-0.02442528735632188
2026-08-12,177.5,10.45,176.96,-4.356171999999999,-0.306171999999998,-4.356171999999999,False,103,False,ASHOKLEY,False,,
2026-08-13,180.0,9.98,180.69,-7.215503999999995,0.4944960000000011,-7.215503999999995,False,77,False,ASHOKLEY,False,,
2026-08-14,177.5,9.94,177.9,-3.844743999999999,-0.054743999999999786,-3.844743999999999,False,51,False,ASHOKLEY,False,,
2026-08-17,175.0,6.289999999999999,174.75,-4.312932000000004,0.4670680000000011,-4.312932000000004,False,25,False,ASHOKLEY,False,,
2026-08-10,2720.0,111.3,2729.0,-95.35699999999991,-8.206999999999995,-95.35699999999991,False,125,False,ASIANPAINT,False,0.014884233737596508,-0.011282616685042157
2026-08-11,2740.0,95.85,2736.5,-60.11918000000017,0.7808200000000062,-60.11918000000017,False,125,False,ASIANPAINT,False,0.0009095870474804535,-0.021175186465344664
2026-08-12,2740.0,89.69999999999999,2738.6,-37.69759999999998,4.302400000000017,-37.69759999999998,False,103,False,ASIANPAINT,False,,
2026-08-13,2740.0,101.0,2735.3,-49.029239999999994,-11.17924,-49.029239999999994,False,77,False,ASIANPAINT,False,,
2026-08-14,2740.0,84.5,2732.0,-32.483039999999995,-2.783040000000006,-32.483039999999995,False,51,False,ASIANPAINT,False,,
2026-08-17,2700.0,79.29999999999998,2703.9,-67.15647999999997,-6.656479999999977,-67.15647999999997,False,25,False,ASIANPAINT,False,,
2026-08-10,1440.0,87.35,1442.2,32.96718000000001,68.46717999999998,43.092179999999985,True,125,False,ASTRAL,False,0.10887795412017454,-0.016771779056067637
2026-08-11,1420.0,90.39999999999999,1424.4,26.917040000000014,85.41703999999999,44.61704,True,125,False,ASTRAL,False,0.11583792454146025,-0.010600460283143875
2026-08-12,1440.0,87.39999999999999,1434.3,-3.331179999999895,68.51881999999999,43.21882,True,110,False,ASTRAL,False,,
2026-08-13,1560.0,71.44999999999999,1563.0,-36.49848000000007,4.551520000000023,-36.49848000000007,False,84,False,ASTRAL,False,,
2026-08-14,1580.0,68.0,1575.0,-13.094820000000086,-8.994820000000006,-13.094820000000086,False,58,False,ASTRAL,False,,
2026-08-17,1540.0,42.1,1542.4,-27.010300000000093,5.8396999999999935,-27.010300000000093,False,32,False,ASTRAL,False,,
2026-08-10,1060.0,47.05,1062.7,-23.84698,-3.19698,-23.84698,False,125,False,AUBANK,False,0.030510060832943386,-0.01890500701918585
2026-08-11,1060.0,41.95,1053.9,-26.51085999999996,-0.010860000000001535,-26.51085999999996,False,125,False,AUBANK,False,0.031958762886597825,-0.017525773195876337
2026-08-12,1080.0,40.85,1074.5,-10.350060000000006,0.14993999999999436,-10.350060000000006,False,110,False,AUBANK,False,,
2026-08-13,1080.0,39.0,1086.1,-8.494880000000004,1.255120000000003,-8.494880000000004,False,84,False,AUBANK,False,,
2026-08-14,1080.0,39.7,1085.5,-9.196840000000007,-2.2968400000000084,-9.196840000000007,False,58,False,AUBANK,False,,
2026-08-17,1080.0,33.6,1088.0,-3.0797600000000056,-0.12976000000000282,-3.0797600000000056,False,32,False,AUBANK,False,,
2026-08-10,1660.0,79.1,1659.3,-48.40800000000009,-2.9579999999999913,-48.40800000000009,False,125,False,AUROPHARMA,False,0.01471652593486139,-0.02177322074788901
2026-08-11,1640.0,68.05,1641.5,-58.26826000000009,2.78174,-58.26826000000009,False,125,False,AUROPHARMA,False,0.020873786407767048,-0.018264563106796028
2026-08-12,1660.0,65.8,1656.0,-47.336319999999816,2.863680000000008,-47.336319999999816,False,108,False,AUROPHARMA,False,,
2026-08-13,1680.0,65.1,1676.3,-26.690359999999806,1.859640000000005,-26.690359999999806,False,82,False,AUROPHARMA,False,,
2026-08-14,1660.0,63.05,1664.9,-44.578619999999816,-0.7286200000000005,-44.578619999999816,False,56,False,AUROPHARMA,False,,
2026-08-17,1640.0,55.05,1649.7,-7.0391,0.16090000000000282,-7.0391,False,30,False,AUROPHARMA,False,,
2026-08-10,1240.0,42.05,1243.7,-19.531020000000044,-2.031020000000001,-19.531020000000044,False,125,False,AXISBANK,False,0.005631536604987941,-0.027674979887369333
2026-08-11,1240.0,40.55,1232.2,-13.4397,-1.8897000000000028,-13.4397,False,125,False,AXISBANK,False,-0.003207698476343279,-0.03079390537289506
2026-08-12,1240.0,38.65,1233.0,-14.077239999999998,-3.5772399999999984,-14.077239999999998,False,104,False,AXISBANK,False,,
2026-08-13,1220.0,35.7,1222.6,-23.38454000000005,-1.0845400000000027,-23.38454000000005,False,78,False,AXISBANK,False,,
2026-08-14,1220.0,34.35,1210.3,-22.030760000000047,-1.7807599999999986,-22.030760000000047,False,52,False,AXISBANK,False,,
2026-08-17,1220.0,27.45,1217.6,-15.111440000000046,1.7385599999999979,-15.111440000000046,False,26,False,AXISBANK,False,,
2026-08-10,11700.0,500.05000000000007,11720.0,-174.96658000000008,-69.66658000000008,-174.96658000000008,False,125,False,BAJAJ-AUTO,False,0.019158075601374502,-0.0028350515463917425
2026-08-11,11800.0,406.75,11800.0,-327.21514,23.034859999999977,-327.21514,False,125,False,BAJAJ-AUTO,False,0.015928748822471528,-0.005994690417059134
2026-08-12,11800.0,391.20000000000005,11796.0,-307.1342000000001,4.365799999999932,-307.1342000000001,False,107,False,BAJAJ-AUTO,False,,
2026-08-13,11700.0,393.35,11675.0,-101.62332000000005,-13.123320000000046,-101.62332000000005,False,81,False,BAJAJ-AUTO,False,,
2026-08-14,11700.0,374.95000000000005,11671.0,-83.17180000000006,-31.121800000000057,-83.17180000000006,False,55,False,BAJAJ-AUTO,False,,
2026-08-17,11700.0,327.45000000000005,11711.0,-35.538800000000066,-20.33880000000008,-35.538800000000066,False,29,False,BAJAJ-AUTO,False,,
2026-08-10,2000.0,79.35,1997.0,-61.821739999999906,-4.52174,-61.821739999999906,False,125,False,BAJAJFINSV,False,0.019910179640718617,-0.005688622754491113
2026-08-11,2020.0,77.55,2026.7,-26.3612,-6.811199999999989,-26.3612,False,125,False,BAJAJFINSV,False,0.011331024245423205,-0.011776348342404708
2026-08-12,2020.0,63.7,2013.6,-37.45228,5.047719999999997,-37.45228,False,111,False,BAJAJFINSV,False,,
2026-08-13,2020.0,75.89999999999999,2018.0,-49.68643999999999,-11.186439999999992,-49.68643999999999,False,85,False,BAJAJFINSV,False,,
2026-08-14,2020.0,62.05,2020.2,-35.79766,-0.4976599999999929,-35.79766,False,59,False,BAJAJFINSV,False,,
2026-08-17,2020.0,53.45,2010.6,-27.17358,-0.4735800000000071,-27.17358,False,33,False,BAJAJFINSV,False,,
2026-08-10,1080.0,54.9,1080.2,-47.07584000000009,-7.775840000000001,-47.07584000000009,False,125,False,BAJFINANCE,False,0.02302996670366242,-0.009618941916389234
2026-08-11,1090.0,41.1,1088.8,-10.301600000000004,3.2483999999999957,-10.301600000000004,False,125,False,BAJFINANCE,False,-0.0031674208144796268,-0.023710407239819098
2026-08-12,1090.0,43.8,1091.8,-26.022619999999996,-2.822619999999999,-26.022619999999996,False,108,False,BAJFINANCE,False,,
2026-08-13,1090.0,38.3,1090.1,-20.507219999999997,0.14277999999999713,-20.507219999999997,False,82,False,BAJFINANCE,False,,
2026-08-14,1090.0,38.400000000000006,1094.8,-20.607500000000005,-1.8575000000000028,-20.607500000000005,False,56,False,BAJFINANCE,False,,
2026-08-17,1080.0,36.3,1081.8,-21.64279999999991,-4.842799999999996,-21.64279999999991,False,30,False,BAJFINANCE,False,,
2026-06-29,202.5,6.18,201.99,-4.511756000000007,10.598243999999998,3.068244,True,125,False,BANDHANBNK,False,0.025819854577830537,-0.021912252065093618
2026-06-30,200.0,2.7600000000000002,200.81,8.102032,8.102032,1.3420320000000003,True,125,False,BANDHANBNK,False,0.03345872104533765,-0.018214215006929213
2026-07-01,205.0,17.59,204.23,-15.415215999999987,0.8947839999999992,-15.415215999999987,False,125,False,BANDHANBNK,False,0.038235294117647145,-0.027647058823529358
2026-07-02,205.0,17.950000000000003,205.41,-12.016780000000008,-0.7567800000000048,-12.016780000000008,False,125,False,BANDHANBNK,False,0.03615283009637493,-0.046915512939680104
2026-07-03,202.5,16.880000000000003,202.18,-13.975272,-0.1352720000000054,-13.975272,False,125,False,BANDHANBNK,False,0.032918800292611516,-0.049890270665691405
2026-07-06,205.0,15.040000000000001,204.29,-10.983339999999993,0.8266599999999972,-10.983339999999993,False,125,False,BANDHANBNK,False,0.06186704101072893,-0.023262809585882005
2026-07-07,210.0,14.809999999999999,211.0,0.07689600000000192,0.3268960000000019,0.07689600000000192,False,125,False,BANDHANBNK,False,0.026107784431137704,-0.06673053892215575
2026-07-09,202.5,14.790000000000001,198.9,-2.3063000000000056,2.2536999999999967,-2.3063000000000056,False,125,False,BANDHANBNK,False,0.12060913705583753,0.0
2026-07-10,205.0,14.379999999999999,205.56,-5.794204000000001,0.17579599999999845,-5.794204000000001,False,125,False,BANDHANBNK,False,0.10379999999999989,0.0045999999999999375
2026-07-13,210.0,12.77,209.21,0.10826399999999972,2.128264000000001,0.10826399999999972,False,125,False,BANDHANBNK,False,0.05374701670644377,-0.01479713603818611
2026-07-14,210.0,13.670000000000002,208.91,-10.48703999999999,1.1329599999999997,-10.48703999999999,False,125,False,BANDHANBNK,False,0.038723944854843984,-0.028842986872441467
2026-07-15,212.5,14.1,213.1,10.242340000000011,10.242340000000011,6.942339999999999,True,125,False,BANDHANBNK,False,0.06185666185666183,-0.006253006253006288
2026-07-16,215.0,15.28,215.16,26.599783999999993,26.659783999999995,7.479783999999999,True,125,False,BANDHANBNK,False,0.0068353962682430325,-0.2168852761869573
2026-07-17,212.5,15.040000000000001,213.75,32.454692000000016,32.454692000000016,7.344692000000001,True,125,False,BANDHANBNK,False,0.007412587412587435,-0.23146853146853152
2026-07-20,210.0,13.649999999999999,210.75,25.801179999999995,33.75118000000001,6.67618,True,125,False,BANDHANBNK,False,0.01370892018779335,-0.23967136150234747
2026-07-21,212.5,13.719999999999999,213.33,31.115864000000002,36.16586400000001,6.695863999999999,True,125,False,BANDHANBNK,False,0.018538610311807036,-0.23604887022972787
2026-07-22,187.5,10.11,187.95,8.150619999999996,14.860620000000004,4.97562,True,125,False,BANDHANBNK,False,-0.07363855421686749,-0.21951807228915665
2026-07-23,175.0,11.73,172.86,1.3605879999999997,2.230588000000001,1.3605879999999997,False,125,False,BANDHANBNK,True,0.010332950631458226,-0.07032146957520091
2026-07-24,165.0,6.59,164.73,2.855256000000002,2.855256000000002,2.855256000000002,False,125,False,BANDHANBNK,False,0.048883270122207945,-0.025043645776894996
2026-07-27,170.0,5.39,170.3,-0.3390359999999925,8.420964,2.6659639999999993,True,125,False,BANDHANBNK,False,0.0579010856453559,0.004885404101326873
2026-07-28,165.0,3.25,167.4,5.267240000000005,7.507239999999985,1.5922399999999999,True,125,False,BANDHANBNK,False,0.04043683589138136,-0.016469893742620978
2026-07-29,170.0,14.21,169.06,-10.759308000000006,-0.4793079999999997,-10.759308000000006,False,125,False,BANDHANBNK,False,0.044011373060063974,-0.004561070963155944
2026-07-30,175.0,13.3,173.2,-2.1583479999999997,0.13165199999999927,-2.1583479999999997,False,125,False,BANDHANBNK,False,0.016435986159169413,-0.011303344867358733
2026-07-31,175.0,12.459999999999999,174.59,-1.615155999999999,0.27484400000000164,-1.615155999999999,False,125,False,BANDHANBNK,False,0.022852183974544582,-0.0015041943881978215
2026-08-03,175.0,12.52,175.18,-3.031515999999999,-0.2415159999999997,-3.031515999999999,False,125,False,BANDHANBNK,False,0.0189764232317422,-0.007533064979873494
2026-08-04,175.0,12.23,173.78,-4.256447999999999,-0.38644800000000007,-4.256447999999999,False,125,False,BANDHANBNK,False,0.021620063418852586,-0.006630152781781362
2026-08-05,175.0,11.98,175.75,-6.069952000000001,-0.4299520000000008,-6.069952000000001,False,125,False,BANDHANBNK,False,0.017163193846506886,-0.018426037540899
2026-08-06,175.0,12.04,176.4,-5.531799999999999,-0.511799999999999,-5.531799999999999,False,125,False,BANDHANBNK,False,0.010262257696693089,-0.02508551881413912
2026-08-07,175.0,10.75,173.66,-7.927827999999989,-0.3878279999999997,-7.927827999999989,False,125,False,BANDHANBNK,False,0.009916790151601296,-0.025418898894334907
2026-07-01,140.35,9.93,140.87,-8.381947999999992,-0.06194799999999938,-8.381947999999992,False,125,False,BANKINDIA,False,0.04518650088809961,-0.009591474245115417
2026-07-02,142.5,9.85,141.29,-4.143400000000005,-0.6234000000000001,-4.143400000000005,False,125,False,BANKINDIA,False,0.04185552407932036,-0.05092067988668558
2026-07-07,142.5,9.53,141.04,-8.080547999999986,-0.4805479999999993,-8.080547999999986,False,125,False,BANKINDIA,False,0.0474153297682709,-0.044491978609625726
2026-07-13,145.0,8.97,144.43,-2.044352,-0.2843520000000002,-2.044352,False,125,False,BANKINDIA,False,0.018437953180028943,-0.023893377529176196
2026-07-14,145.0,9.01,144.9,-5.893768,-0.7537679999999989,-5.893768,False,125,False,BANKINDIA,False,0.015670103092783494,-0.02852233676975946
2026-07-15,142.85,8.629999999999999,143.7,-7.207943999999987,-0.5179439999999985,-7.207943999999987,False,125,False,BANKINDIA,False,0.05176785462741251,-0.0014790815607830243
2026-07-16,145.0,8.17,144.61,-6.686823999999986,0.023176000000000672,-6.686823999999986,False,125,False,BANKINDIA,False,0.030572808833678522,-0.021601104209799882
2026-07-20,145.0,7.47,144.83,-3.980491999999995,-0.4204919999999997,-3.980491999999995,False,125,False,BANKINDIA,False,0.04550864664286225,-0.021074004060771645
2026-07-21,150.0,6.9799999999999995,148.25,6.62248799999999,6.62248799999999,3.4324879999999993,True,125,False,BANKINDIA,False,0.018622100954979626,-0.06855388813096852
2026-07-22,145.0,7.199999999999999,144.4,0.30898000000000675,1.4889800000000117,0.30898000000000675,False,125,False,BANKINDIA,False,0.0005442176870749105,-0.07741496598639452
2026-07-23,142.85,7.469999999999999,143.39,-1.5772399999999973,-0.4872399999999993,-1.5772399999999973,False,125,False,BANKINDIA,False,0.009652777777777732,-0.05819444444444444
2026-07-24,142.5,7.35,140.88,-2.7732079999999915,-0.6132079999999992,-2.7732079999999915,False,125,False,BANKINDIA,False,0.018493870402801926,-0.049947460595446525
2026-07-27,142.85,4.43,141.85,-1.3009439999999994,2.1290560000000074,-1.3009439999999994,False,125,False,BANKINDIA,False,0.019565217391304346,-0.048948106591865326
2026-07-30,137.5,8.61,137.4,-5.442787999999988,0.15721200000000124,-5.442787999999988,False,125,False,BANKINDIA,False,0.037187681580476584,-0.011839047065659414
2026-07-31,137.5,8.41,137.79,-3.2478279999999886,0.35217200000000054,-3.2478279999999886,False,125,False,BANKINDIA,False,0.04199417758369717,-0.0038573508005822488
2026-08-03,140.0,8.71,139.6,-4.555840000000009,0.024159999999998745,-4.555840000000009,False,125,False,BANKINDIA,False,0.05387743247168153,0.008713331397037338
2026-08-05,142.5,9.95,142.1,-3.425975999999999,-1.3359759999999992,-3.425975999999999,False,125,False,BANKINDIA,False,0.04149050519527053,-0.0012898602651379987
2026-08-06,142.5,8.32,141.41,-6.029512000000012,0.3104879999999999,-6.029512000000012,False,125,False,BANKINDIA,False,0.03778409090909096,-0.010156250000000089
2026-08-07,142.5,8.809999999999999,142.5,-6.710352000000008,-0.19035199999999833,-6.710352000000008,False,125,False,BANKINDIA,False,0.02516472732370678,-0.023061825318940077
2026-08-10,142.5,7.6899999999999995,143.22,-6.125704000000002,-0.155703999999999,-6.125704000000002,False,125,False,BANKINDIA,False,0.01344328182385146,-0.03423186196382788
2026-08-11,140.0,7.079999999999999,140.13,-4.068056000000013,-0.2580559999999995,-4.068056000000013,False,125,False,BANKINDIA,False,0.03642548366522558,-0.012330805754376062
2026-08-12,145.0,7.31,144.44,-5.0116979999999876,-0.13669799999999857,-5.0116979999999876,False,106,False,BANKINDIA,False,,
2026-08-13,145.0,6.949999999999999,144.66,-4.650689999999988,-0.6056899999999983,-4.650689999999988,False,80,False,BANKINDIA,False,,
2026-08-14,145.0,6.01,144.13,-3.7080579999999883,-0.06305799999999918,-3.7080579999999883,False,54,False,BANKINDIA,False,,
2026-08-10,400.0,17.200000000000003,399.75,-6.178960000000016,-0.6789600000000049,-6.178960000000016,False,125,False,BEL,False,0.026119402985074647,-0.006840796019900508
2026-08-11,405.0,15.55,402.95,-9.111459999999978,0.3385399999999985,-9.111459999999978,False,125,False,BEL,False,0.026279905789016844,-0.01004090740052066
2026-08-12,405.0,15.85,403.5,-8.56468000000001,-0.21468000000000032,-8.56468000000001,False,103,False,BEL,False,,
2026-08-13,405.0,15.5,403.8,-8.213700000000012,0.1362999999999993,-8.213700000000012,False,77,False,BEL,False,,
2026-08-14,410.0,13.7,409.8,-0.9739199999999986,-0.12391999999999893,-0.9739199999999986,False,51,False,BEL,False,,
2026-08-17,410.0,13.55,411.7,-0.8235,-0.8235,-0.8235,False,25,False,BEL,False,,
2026-08-10,2280.0,144.95,2276.8,71.73486000000017,98.43485999999999,71.45985999999999,True,125,False,BHARATFORG,False,0.012038629448339888,-0.10570181240904875
2026-08-11,2080.0,118.1,2074.0,-48.02808,-19.728079999999988,-48.02808,False,125,False,BHARATFORG,False,0.01510059171597633,-0.040000000000000036
2026-08-12,2060.0,91.94999999999999,2059.1,-67.0777399999998,-4.027739999999989,-67.0777399999998,False,112,False,BHARATFORG,False,,
2026-08-13,2080.0,88.35,2087.9,-25.82335999999999,-2.523359999999994,-25.82335999999999,False,86,False,BHARATFORG,False,,
2026-08-14,2080.0,84.3,2071.9,-21.762019999999993,-4.512019999999994,-21.762019999999993,False,60,False,BHARATFORG,False,,
2026-08-17,2080.0,67.75,2073.6,-5.165679999999997,3.684320000000011,-5.165679999999997,False,34,False,BHARATFORG,False,,
2026-06-25,1880.0,21.2,1872.6,-3.4092000000000007,50.79079999999999,10.490799999999998,True,125,False,BHARTIARTL,False,0.007574141241732502,-0.022242372519735487
2026-06-29,1840.0,16.650000000000002,1841.0,64.77489999999996,64.77489999999996,8.0499,True,125,False,BHARTIARTL,False,0.034109951889291334,-0.009081571976863767
2026-06-30,1840.0,4.2,1850.0,75.56451999999992,86.66452000000005,1.8645200000000008,True,125,False,BHARTIARTL,False,0.04668291362036281,-0.001787164906580041
2026-07-01,1860.0,75.85,1856.2,-19.32141999999999,18.17858000000001,-19.32141999999999,False,125,False,BHARTIARTL,False,0.05471698113207557,-0.005067385444743944
2026-07-02,1860.0,72.8,1861.3,-8.484720000000037,21.215280000000007,-8.484720000000037,False,125,False,BHARTIARTL,False,0.046256684491978506,-0.010588235294117676
2026-07-03,1900.0,67.05,1898.0,-4.613299999999993,-1.3633,-4.613299999999993,False,125,False,BHARTIARTL,False,0.049709007421645524,0.0011746489401462945
2026-07-06,1920.0,64.1,1921.8,-50.31840000000009,1.431600000000006,-50.31840000000009,False,125,False,BHARTIARTL,False,0.029858564693556744,-0.017757988475641695
2026-07-07,1920.0,62.95,1920.1,-51.658180000000094,2.5918199999999976,-51.658180000000094,False,125,False,BHARTIARTL,False,0.020238713025428234,-0.026933056564608204
2026-07-08,1920.0,63.6,1917.0,-40.84220000000009,1.9077999999999988,-40.84220000000009,False,125,False,BHARTIARTL,False,0.02252041400114413,-0.024756852343059355
2026-07-09,1920.0,60.099999999999994,1924.8,-10.80688,5.343120000000006,-10.80688,False,125,False,BHARTIARTL,False,0.04269424555820733,-0.00026518164942990197
2026-07-10,1900.0,62.55,1908.0,-46.071620000000046,1.0283800000000072,-46.071620000000046,False,125,False,BHARTIARTL,False,0.00961190636142839,-0.025890134876750515
2026-07-13,1900.0,65.75,1905.9,-31.231259999999903,-4.5312600000000005,-31.231259999999903,False,125,False,BHARTIARTL,False,0.01808233454924446,-0.017717561229807166
2026-07-14,1940.0,58.9,1931.6,-19.62538,2.0746200000000012,-19.62538,False,125,False,BHARTIARTL,False,0.026318554318134124,-0.009770960285774288
2026-07-15,1940.0,50.25,1943.1,-14.092340000000002,6.307660000000004,-14.092340000000002,False,125,False,BHARTIARTL,False,0.01018614270941054,-0.01695966907962765
2026-07-16,1920.0,54.349999999999994,1926.0,-28.973579999999952,-0.5235799999999902,-28.973579999999952,False,125,False,BHARTIARTL,False,0.02007822685788785,-0.008500651890482325
2026-07-17,1920.0,50.15,1916.8,-28.152300000000047,3.697700000000006,-28.152300000000047,False,125,False,BHARTIARTL,False,0.018219677251431587,-0.010307131702238403
2026-07-20,1940.0,52.65,1934.9,-13.108579999999902,7.591419999999916,-13.108579999999902,False,125,False,BHARTIARTL,False,0.02515723270440251,-0.01572327044025157
2026-07-21,1940.0,41.45,1947.8,2.311019999999912,18.811019999999914,2.311019999999912,False,125,False,BHARTIARTL,False,0.008299396876127574,-0.03190886128150938
2026-07-22,1940.0,37.1,1944.0,43.61946000000001,43.61946000000001,18.219460000000005,True,125,False,BHARTIARTL,False,0.0035915854284247484,-0.0364289379168804
2026-07-23,1940.0,33.55,1945.7,-17.090139999999952,49.75986,16.63486,True,125,False,BHARTIARTL,False,0.00462012320328542,-0.035934291581108835
2026-07-24,1900.0,27.55,1897.7,30.809060000000052,30.809060000000052,13.534060000000002,True,125,False,BHARTIARTL,False,0.015623383341955455,-0.02845318158303156
2026-07-27,1900.0,23.65,1900.1,45.090859999999914,48.890860000000096,11.565859999999995,True,125,False,BHARTIARTL,False,0.039663335086796536,-0.005786428195686533
2026-07-28,1900.0,13.15,1895.9,57.01634000000001,59.4163400000001,6.341340000000001,True,125,False,BHARTIARTL,False,0.04380252100840343,-0.006092436974789894
2026-07-29,1940.0,79.35,1933.0,-49.65590000000009,4.794100000000009,-49.65590000000009,False,125,False,BHARTIARTL,False,0.04341891111461127,0.004410143329658167
2026-07-30,1960.0,82.0,1956.7,-10.331199999999992,1.7688000000000028,-10.331199999999992,False,125,False,BHARTIARTL,False,0.0436793422404933,-0.005138746145940343
2026-07-31,1960.0,79.19999999999999,1958.7,-67.55479999999999,4.745200000000014,-67.55479999999999,False,125,False,BHARTIARTL,False,0.04335764923456287,-0.005445391965478219
2026-08-03,1960.0,81.85,1969.1,-17.011599999999994,1.9384000000000086,-17.011599999999994,False,125,False,BHARTIARTL,False,0.03201219512195119,-0.016260162601625994
2026-08-04,1960.0,83.1,1959.5,-64.58503999999989,-1.0850399999999834,-64.58503999999989,False,125,False,BHARTIARTL,False,0.04047131147540983,-0.00870901639344257
2026-08-05,1980.0,64.35,1973.7,-4.299019999999989,11.050980000000006,-4.299019999999989,False,125,False,BHARTIARTL,False,0.03882154365505608,-0.020817349496189408
2026-08-06,1960.0,75.75,1965.2,-22.910780000000038,-6.760779999999992,-22.910780000000038,False,125,False,BHARTIARTL,False,0.003054989816700715,-0.031924643584521406
2026-08-07,1960.0,68.19999999999999,1951.0,-55.22764000000004,-1.877639999999977,-55.22764000000004,False,125,False,BHARTIARTL,False,0.011916991986850256,-0.023371686870762298
2026-08-10,1940.0,68.3,1945.7,-10.553639999999946,-3.553639999999946,-10.553639999999946,False,125,False,BHARTIARTL,False,0.025460122699386467,-0.0279652351738241
2026-08-11,1920.0,61.599999999999994,1922.8,-0.3446799999999433,23.155320000000057,-0.3446799999999433,False,125,False,BHARTIARTL,False,0.03509134069563413,-0.018835793167509496
2026-08-12,1900.0,61.099999999999994,1904.0,-12.956460000000034,43.693540000000056,30.243539999999996,True,112,False,BHARTIARTL,False,,
2026-08-13,1940.0,53.85,1940.6,-15.957320000000003,10.99268000000005,-15.957320000000003,False,86,False,BHARTIARTL,False,,
2026-08-14,1940.0,55.0,1940.7,-17.11054,9.83946000000005,-17.11054,False,60,False,BHARTIARTL,False,,
2026-08-17,2000.0,45.95,1991.3,5.127840000000048,13.777839999999912,5.127840000000048,False,34,False,BHARTIARTL,False,,
2026-06-25,405.0,14.65,404.75,-4.569160000000002,16.630840000000003,7.255840000000001,True,125,False,BHEL,False,0.05126928820308607,-0.019785963165754095
2026-06-29,397.5,8.55,398.65,-1.5932599999999777,23.65674,4.23174,True,125,False,BHEL,False,0.05074626865671639,-0.04726368159203975
2026-06-30,412.5,3.3499999999999996,413.75,27.55410000000002,30.0041,1.5790999999999997,True,125,False,BHEL,False,0.020536361439961404,-0.07465571394056525
2026-07-01,412.5,32.7,412.6,1.16337999999998,7.063380000000015,1.16337999999998,False,125,False,BHEL,False,0.010526315789473717,-0.10287081339712922
2026-07-02,407.5,34.1,406.65,-8.76659999999998,0.6834000000000156,-8.76659999999998,False,125,False,BHEL,False,0.001810282404055119,-0.10258266956311846
2026-07-06,395.0,29.5,390.4,-19.11171999999998,0.18827999999999712,-19.11171999999998,False,125,False,BHEL,False,0.03261153143751638,-0.03000260892251505
2026-07-07,390.0,29.0,381.4,-14.92067999999999,-0.020680000000002155,-14.92067999999999,False,125,False,BHEL,False,0.06446195581966152,-0.03940059423847053
2026-07-08,380.0,27.450000000000003,372.45,-0.30302000000002693,2.4469799999999733,-0.30302000000002693,False,125,False,BHEL,False,0.09749600426212046,-0.009589770911028195
2026-07-09,392.5,28.200000000000003,384.1,-3.8971399999999927,2.8528600000000073,-3.8971399999999927,False,125,False,BHEL,False,0.12169312169312163,0.003439153439153575
2026-07-10,395.0,27.450000000000003,391.8,20.538460000000015,20.538460000000015,13.513460000000002,True,125,False,BHEL,False,0.15399712154913003,0.00902786863796945
2026-07-13,400.0,28.6,400.7,-8.935240000000025,16.014760000000027,14.164760000000005,True,125,False,BHEL,False,0.12895069532237668,-0.014917825537294482
2026-07-14,405.0,27.1,404.5,-18.150940000000027,12.549060000000027,-18.150940000000027,False,125,False,BHEL,False,0.09222113502935425,-0.019080234833659504
2026-07-15,407.5,29.650000000000002,407.4,-18.364660000000004,7.4853400000000265,-18.364660000000004,False,125,False,BHEL,False,0.10959244532803192,0.0002485089463222234
2026-07-16,417.5,35.150000000000006,417.05,-31.658220000000018,-2.2582200000000054,-31.658220000000018,False,125,False,BHEL,False,0.0535630014157622,-0.039523360075507274
2026-07-17,445.0,29.8,443.3,9.556099999999983,9.556099999999983,9.556099999999983,False,125,False,BHEL,False,0.014772727272727382,-0.07806818181818187
2026-07-20,420.0,20.400000000000002,419.9,-14.42378,-0.7237800000000021,-14.42378,False,125,False,BHEL,False,0.01412295276525044,-0.045454545454545525
2026-07-21,415.0,17.75,414.15,-10.071119999999977,-1.5211199999999994,-10.071119999999977,False,125,False,BHEL,False,0.011857707509881354,-0.03665109593963356
2026-07-22,420.0,14.7,419.0,0.566139999999988,2.216140000000022,0.566139999999988,False,125,False,BHEL,False,0.017831325301204792,-0.03096385542168678
2026-07-23,415.0,12.2,413.8,0.7795799999999766,6.279579999999976,6.0295799999999975,True,125,False,BHEL,False,0.013435700575815668,-0.051103646833013494
2026-07-24,405.0,9.0,405.35,-4.736960000000022,20.66304,4.46304,True,125,False,BHEL,False,0.0352941176470587,-0.030637254901960786
2026-07-27,420.0,6.3999999999999995,419.25,3.6540799999999876,17.10407999999998,3.15408,True,125,False,BHEL,False,0.013071111644082034,-0.05144501738817597
2026-07-28,407.5,4.25,407.15,-0.7215600000000223,6.778439999999976,2.10344,True,125,False,BHEL,False,0.0022891566265059726,-0.04698795180722892
2026-07-29,405.0,30.85,404.55,-24.105280000000015,-1.2552800000000022,-24.105280000000015,False,125,False,BHEL,False,0.021572978303747492,-0.02490138067061154
2026-07-30,400.0,28.200000000000003,401.85,-18.007520000000028,0.2924799999999951,-18.007520000000028,False,125,False,BHEL,False,0.026732673267326756,-0.010519801980197974
2026-07-31,410.0,25.75,409.4,-0.39322,2.1567799999999973,-0.39322,False,125,False,BHEL,False,0.026097711811997604,0.0017316017316018062
2026-08-03,410.0,27.700000000000003,409.8,-23.688760000000016,0.2112399999999972,-23.688760000000016,False,125,False,BHEL,False,0.030139008488129004,-0.01045639069996307
2026-08-04,410.0,26.700000000000003,409.1,-2.991260000000005,0.8087399999999958,-2.991260000000005,False,125,False,BHEL,False,0.022466422466422387,-0.02271062271062274
2026-08-05,410.0,27.65,412.0,-21.245339999999977,-0.39534000000000075,-21.245339999999977,False,125,False,BHEL,False,0.02836792336976557,-0.01706987596708831
2026-08-06,410.0,28.05,407.55,-20.649259999999977,-1.8992600000000008,-20.649259999999977,False,125,False,BHEL,False,0.023879142300194944,-0.024853801169590573
2026-08-07,410.0,24.650000000000002,410.9,-21.67728000000002,1.5227199999999979,-21.67728000000002,False,125,False,BHEL,False,0.03025848340071069,-0.019478133039323775
2026-08-10,400.0,25.75,402.45,-2.1881799999999902,0.3118200000000099,-2.1881799999999902,False,125,False,BHEL,False,0.06607164993182102,-0.007809594644849427
2026-08-11,405.0,24.0,406.75,3.80482000000001,5.154819999999976,3.80482000000001,False,125,False,BHEL,False,0.06617647058823528,-0.015563725490196134
2026-08-12,410.0,22.700000000000003,409.45,-2.5949100000000156,3.0300899999999844,-2.5949100000000156,False,105,False,BHEL,False,,
2026-08-13,415.0,22.150000000000002,417.3,-7.029370000000015,-1.1043700000000036,-7.029370000000015,False,79,False,BHEL,False,,
2026-08-14,425.0,21.450000000000003,425.7,-16.299410000000016,-0.37441000000000424,-16.299410000000016,False,53,False,BHEL,False,,
2026-08-17,425.0,19.15,422.75,-13.99297000000001,-0.56797,-13.99297000000001,False,27,False,BHEL,False,,
2026-06-25,425.0,11.25,422.95,-6.345079999999989,15.404919999999995,5.5799199999999995,True,125,False,BIOCON,False,0.019408284023668676,-0.026745562130177536
2026-06-29,415.0,6.8,416.9,5.795819999999999,17.945819999999998,3.3458199999999994,True,125,False,BIOCON,False,0.0353365384615385,-0.011538461538461608
2026-06-30,415.0,7.6,412.85,0.7056199999999876,17.155619999999995,3.755619999999999,True,125,False,BIOCON,False,0.04086306653809069,-0.008678881388621051
2026-07-01,425.0,24.400000000000002,425.05,-8.313399999999993,1.0865999999999958,-8.313399999999993,False,125,False,BIOCON,False,0.03376032563150977,-0.029809649227822366
2026-07-02,415.0,26.3,415.75,-16.65065999999998,-1.6006600000000035,-16.65065999999998,False,125,False,BIOCON,False,0.03388409961685812,-0.05352011494252884
2026-07-03,420.0,23.85,419.95,-13.794920000000003,0.15507999999999644,-13.794920000000003,False,125,False,BIOCON,False,0.03092168099331416,-0.05718720152817569
2026-07-06,430.0,23.0,427.75,-6.311160000000024,10.038840000000006,-6.311160000000024,False,125,False,BIOCON,False,0.007937434341076077,-0.07820707365472157
2026-07-07,425.0,23.5,423.45,-13.14477999999999,4.5552199999999985,-13.14477999999999,False,125,False,BIOCON,False,0.006606890042472946,-0.0683105238319962
2026-07-08,410.0,23.1,408.7,-1.1761400000000255,10.423860000000005,-1.1761400000000255,False,125,False,BIOCON,False,0.09482758620689657,-0.027463054187192082
2026-07-09,405.0,23.450000000000003,403.9,5.752439999999984,15.052440000000002,11.577440000000001,True,125,False,BIOCON,False,0.11809835240850197,-0.006791598541064037
2026-07-10,405.0,21.75,405.45,9.900339999999975,17.100340000000028,10.72534,True,125,False,BIOCON,False,0.1001353179972937,-0.009226227088202754
2026-07-13,415.0,22.150000000000002,414.05,-1.3203999999999922,6.729600000000019,-1.3203999999999922,False,125,False,BIOCON,False,0.06909742976688582,-0.037178720860729264
2026-07-14,430.0,26.450000000000003,431.8,-20.191560000000017,-5.391560000000005,-20.191560000000017,False,125,False,BIOCON,False,0.08059449009183162,0.020299661672305458
2026-07-15,430.0,23.25,431.9,-17.481200000000012,-2.6312000000000006,-17.481200000000012,False,125,False,BIOCON,False,0.02322654462242557,-0.01350114416475967
2026-07-16,435.0,19.85,434.45,-8.387640000000001,-0.7876400000000028,-8.387640000000001,False,125,False,BIOCON,False,0.031131096506399114,-0.01683385218494171
2026-07-17,435.0,18.15,436.9,-13.064959999999997,-0.6149599999999972,-13.064959999999997,False,125,False,BIOCON,False,0.005542986425339347,-0.03540723981900451
2026-07-20,435.0,16.0,436.05,-10.80922,-0.5092200000000011,-10.80922,False,125,False,BIOCON,False,0.010963910461397885,-0.02615349474645956
2026-07-21,435.0,14.450000000000001,436.45,-10.401660000000001,-1.8016600000000018,-10.401660000000001,False,125,False,BIOCON,False,0.012379642365887289,-0.022581384685923855
2026-07-22,435.0,11.75,435.95,-8.741160000000022,0.9088399999999993,-8.741160000000022,False,125,False,BIOCON,False,0.0011337868480725266,-0.03321995464852601
2026-07-23,435.0,13.149999999999999,433.95,-2.3669200000000115,-2.3169199999999983,-2.3669200000000115,False,125,False,BIOCON,False,0.0026207839562442103,-0.027575205104831357
2026-07-24,430.0,7.1,429.75,-2.3330400000000218,21.36696,3.516959999999999,True,125,False,BIOCON,False,0.007903780068728494,-0.034707903780068716
2026-07-27,435.0,5.4,436.5,4.357719999999976,6.357719999999976,2.657720000000001,True,125,False,BIOCON,False,0.013242745278673418,-0.029594656840165712
2026-07-28,435.0,4.15,435.45,3.71654,7.616539999999976,2.0415400000000004,True,125,False,BIOCON,False,0.007211538461538325,-0.035370879120879106
2026-07-29,430.0,24.15,431.85,-16.33946,4.2605400000000015,-16.33946,False,125,False,BIOCON,False,0.004266113224951074,-0.028363887928052445
2026-07-30,425.0,29.0,424.05,-5.0982600000000025,-0.3482600000000028,-5.0982600000000025,False,125,False,BIOCON,False,0.003595036530209983,-0.0227299083845528
2026-07-31,425.0,26.900000000000002,425.1,-14.958780000000026,-0.1087800000000035,-14.958780000000026,False,125,False,BIOCON,False,0.03873239436619724,-0.011150234741784004
2026-08-03,425.0,25.65,425.1,-4.231880000000001,0.4181200000000007,-4.231880000000001,False,125,False,BIOCON,False,0.03873239436619724,-0.011150234741784004
2026-08-04,425.0,26.450000000000003,424.7,-7.626840000000003,-0.8268400000000028,-7.626840000000003,False,125,False,BIOCON,False,0.03569338794616739,-0.014043300175541229
2026-08-05,425.0,25.5,426.0,-7.073060000000003,0.02693999999999859,-7.073060000000003,False,125,False,BIOCON,False,0.040442040912297195,-0.01175640724194682
2026-08-06,425.0,23.5,425.25,-19.62657999999999,-1.276580000000003,-19.62657999999999,False,125,False,BIOCON,False,0.04068673565381009,-0.011523988711194644
2026-08-07,430.0,24.1,432.3,-12.49995999999999,-1.8999600000000043,-12.49995999999999,False,125,False,BIOCON,False,-0.0008017409231474426,-0.04661550796014202
2026-08-10,430.0,21.700000000000003,427.8,-7.251220000000027,-1.5512200000000027,-7.251220000000027,False,125,False,BIOCON,False,0.00914205344585084,-0.03152836380684487
2026-08-11,425.0,19.5,423.3,-8.285960000000024,-0.8359599999999999,-8.285960000000024,False,125,False,BIOCON,False,0.010326214503637576,-0.04095282797465394
2026-08-12,425.0,18.55,424.85,-9.028540000000014,-0.3285400000000035,-9.028540000000014,False,105,False,BIOCON,False,,
2026-08-13,425.0,17.4,422.8,-7.875320000000011,-1.4753199999999773,-7.875320000000011,False,79,False,BIOCON,False,,
2026-08-14,420.0,15.900000000000002,417.85,-11.357120000000013,-4.957119999999981,-11.357120000000013,False,53,False,BIOCON,False,,
2026-08-17,415.0,14.6,414.2,-2.0260199999999995,-0.9760200000000003,-2.0260199999999995,False,27,False,BIOCON,False,,
2026-06-25,1660.0,34.150000000000006,1662.1,20.50094,31.50094,16.825940000000003,True,125,False,BLUESTARCO,False,0.011735527191337525,-0.03696086141189281
2026-06-29,1640.0,31.150000000000002,1639.5,17.82529999999996,34.42529999999999,15.350299999999999,True,125,False,BLUESTARCO,False,0.011189238764903742,-0.03576887801895445
2026-06-30,1640.0,16.35,1642.1,34.66113999999996,49.26114,7.986140000000001,True,125,False,BLUESTARCO,False,0.007504575960951776,-0.03782794386821231
2026-07-07,1600.0,104.6,1591.3,16.66608000000001,16.66608000000001,16.66608000000001,False,125,False,BLUESTARCO,False,0.07981191222570527,-0.020689655172413834
2026-07-08,1600.0,93.19999999999999,1590.4,64.89468000000008,64.89468000000008,45.894679999999994,True,125,False,BLUESTARCO,False,0.0906716417910447,-0.028606965174129306
2026-07-09,1600.0,94.4,1608.7,60.998880000000014,63.69888000000006,46.498880000000014,True,125,False,BLUESTARCO,False,0.1129907839919202,-0.000126246686024567
2026-07-14,1720.0,87.15,1722.0,-31.849700000000002,1.4502999999999944,-31.849700000000002,False,125,False,BLUESTARCO,False,0.02978623992524243,-0.030487092629365775
2026-07-15,1760.0,85.1,1758.9,-0.775439999999898,-0.775439999999898,-0.775439999999898,False,125,False,BLUESTARCO,False,0.010429799426934228,-0.04871060171919772
2026-07-16,1760.0,81.14999999999999,1756.2,25.223740000000014,26.823739999999923,25.223740000000014,False,125,False,BLUESTARCO,False,0.006971428571428628,-0.056571428571428606
2026-07-17,1720.0,69.8,1721.0,24.938279999999963,39.43827999999996,34.43827999999999,True,125,False,BLUESTARCO,False,-0.003546910755148791,-0.07213958810068644
2026-07-20,1680.0,61.6,1688.6,-39.33520000000009,7.864799999999959,-39.33520000000009,False,125,False,BLUESTARCO,False,0.029999403590385887,-0.04496928490487273
2026-07-21,1720.0,62.05,1712.6,26.8265000000001,47.226499999999966,30.60149999999999,True,125,False,BLUESTARCO,False,0.0050046554934821685,-0.06814478584729988
2026-07-23,1660.0,38.25,1658.8,27.109359999999906,87.75936,18.83436,True,125,False,BLUESTARCO,False,0.015714371726172516,-0.035884159190800236
2026-07-27,1660.0,21.5,1655.6,13.242360000000005,104.64236,10.59236,True,125,False,BLUESTARCO,False,0.051374465485644505,-0.01514966401954787
2026-07-28,1640.0,15.05,1632.4,60.59562000000001,104.54562000000001,7.270620000000002,True,125,False,BLUESTARCO,False,0.055972654580968006,-0.01593114814136598
2026-07-31,1700.0,121.6,1699.0,-18.829719999999988,8.020280000000005,-18.829719999999988,False,125,False,BLUESTARCO,False,0.019718309859154903,-0.0907276995305164
2026-08-03,1680.0,112.35,1689.2,58.156060000000075,63.95606000000003,55.381059999999984,True,125,False,BLUESTARCO,False,0.03551847437425493,-0.10786650774731821
2026-08-05,1700.0,130.05,1694.2,72.21717999999991,80.41717999999996,64.09218,True,125,False,BLUESTARCO,False,0.0179934891979876,-0.12157443030482395
2026-08-06,1660.0,118.8,1654.7,50.49136000000003,63.691360000000074,58.591359999999995,True,125,False,BLUESTARCO,True,0.013705275924802862,-0.10776228016979994
2026-08-07,1560.0,109.94999999999999,1565.0,-61.693940000000026,-27.093939999999893,-61.693940000000026,False,125,False,BLUESTARCO,False,0.014437448324111202,-0.06423710487820389
2026-08-10,1500.0,85.35,1503.0,-26.055859999999992,-1.7558599999999942,-26.055859999999992,False,125,False,BLUESTARCO,False,0.017965653896961697,-0.028203434610303835
2026-08-11,1520.0,77.05,1513.1,-27.00658,2.643420000000014,-27.00658,False,125,False,BLUESTARCO,False,0.01931216931216939,-0.026917989417989396
2026-08-12,1480.0,74.9,1488.0,-52.82201999999996,-2.1220199999999942,-52.82201999999996,False,105,False,BLUESTARCO,False,,
2026-08-13,1500.0,70.25,1494.0,-16.946640000000002,-1.6466399999999972,-16.946640000000002,False,79,False,BLUESTARCO,False,,
2026-08-14,1500.0,60.05,1502.5,-6.718079999999999,2.6319200000000027,-6.718079999999999,False,53,False,BLUESTARCO,False,,
2026-08-17,1480.0,58.2,1484.7,-36.07525999999996,-23.925260000000087,-36.07525999999996,False,27,False,BLUESTARCO,False,,
2026-08-10,43000.0,2238.8,43125.0,1958.0299199999995,1993.0299199999995,1101.3299200000001,True,125,False,BOSCHLTD,False,0.11539368222536539,0.0047147571900048035
2026-08-11,45000.0,1899.8,44920.0,19.377120000000133,719.3771199999996,19.377120000000133,False,125,False,BOSCHLTD,False,0.10781014274109313,0.021237089474295034
2026-08-12,46500.0,2144.75,46405.0,-1290.76974,-85.66974,-1290.76974,False,107,False,BOSCHLTD,False,,
2026-08-13,47000.0,1901.6499999999999,47110.0,-1545.58906,-77.08905999999978,-1545.58906,False,81,False,BOSCHLTD,False,,
2026-08-14,46500.0,1735.1999999999998,46605.0,-880.0729999999998,-65.07299999999972,-880.0729999999998,False,55,False,BOSCHLTD,False,,
2026-08-17,47500.0,1464.75,47630.0,-122.73073999999991,-68.88074,-122.73073999999991,False,29,False,BOSCHLTD,False,,
2026-08-10,320.0,15.15,317.55,-4.82126,-1.121259999999999,-4.82126,False,125,False,BPCL,False,0.006270575325286076,-0.026022887599937317
2026-08-11,315.0,14.850000000000001,317.15,-5.46776,-1.1177600000000008,-5.46776,False,125,False,BPCL,False,0.0023510971786833146,-0.02617554858934179
2026-08-12,320.0,12.35,318.15,-8.545080000000011,-1.345079999999999,-8.545080000000011,False,112,False,BPCL,False,,
2026-08-13,315.0,12.35,313.05,-3.7585199999999994,-0.55852,-3.7585199999999994,False,86,False,BPCL,False,,
2026-08-14,315.0,11.6,316.2,-3.0064199999999994,-0.40641999999999967,-3.0064199999999994,False,60,False,BPCL,False,,
2026-08-17,315.0,9.6,315.65,-1.0008199999999994,0.5491799999999997,-1.0008199999999994,False,34,False,BPCL,False,,
2026-08-10,5550.0,212.35,5565.5,-187.61542,3.8345800000000283,-187.61542,False,125,False,BRITANNIA,False,0.032952069716775556,0.0008169934640522847
2026-08-11,5600.0,202.0,5621.0,-139.84144,-10.091439999999995,-139.84144,False,125,False,BRITANNIA,False,0.01003017930055039,-0.02440972838629507
2026-08-12,5600.0,176.05,5611.0,-85.89718,8.50282,-85.89718,False,108,False,BRITANNIA,False,,
2026-08-13,5650.0,158.95,5642.0,-18.889300000000013,7.760700000000023,-18.889300000000013,False,82,False,BRITANNIA,False,,
2026-08-14,5600.0,172.8,5607.0,-82.63808,-19.53808000000001,-82.63808,False,56,False,BRITANNIA,False,,
2026-08-17,5550.0,187.64999999999998,5533.0,-147.38965999999996,-47.53965999999998,-147.38965999999996,False,30,False,BRITANNIA,False,,
2026-06-25,3900.0,132.35,3890.9,-81.5639399999999,189.03606,65.66105999999998,True,125,False,BSE,False,0.0232390374607101,-0.015819034369042084
2026-06-29,3950.0,64.25,3953.2,128.02997999999988,251.57997999999995,31.404980000000002,True,125,False,BSE,False,0.02492903225806442,-0.02580645161290318
2026-06-30,3900.0,56.25,3911.2,142.93305999999998,264.93305999999995,27.40806,True,125,False,BSE,False,0.02536157024793373,-0.038403925619834633
2026-07-01,3900.0,320.75,3904.0,-85.11197999999985,-0.4119800000000231,-85.11197999999985,False,125,False,BSE,False,0.02586496472959343,-0.06188470582155503
2026-07-02,3950.0,322.30000000000007,3939.2,-156.6697600000002,-9.86976,-156.6697600000002,False,125,False,BSE,False,0.006387832699619622,-0.07969581749049437
2026-07-03,3850.0,301.0,3848.6,-53.340280000000014,4.509719999999955,-53.340280000000014,False,125,False,BSE,False,0.008854166666666607,-0.05453125000000003
2026-07-06,3800.0,300.90000000000003,3756.9,-289.67612000000025,-10.776120000000034,-289.67612000000025,False,125,False,BSE,False,0.009566242956362103,-0.04846022801729788
2026-07-07,3750.0,274.65000000000003,3700.0,-192.75086000000002,-1.6008600000000797,-192.75086000000002,False,125,False,BSE,False,0.012352168199737168,-0.04583442838370566
2026-07-08,3700.0,269.45,3662.7,-204.6881399999998,-2.238140000000012,-204.6881399999998,False,125,False,BSE,False,0.05132247804931089,-0.011090874493706937
2026-07-09,3850.0,266.15000000000003,3782.9,-150.6214200000002,-2.871420000000068,-150.6214200000002,False,125,False,BSE,False,0.02941176470588225,-0.005243545381953596
2026-07-10,3850.0,244.85,3821.5,-50.18382000000002,14.266180000000029,-50.18382000000002,False,125,False,BSE,False,0.014612519019885584,-0.03457684033789821
2026-07-13,3850.0,224.25,3812.2,72.18825999999997,72.18825999999997,72.18825999999997,False,125,False,BSE,False,0.014559286463798449,-0.06309024134312702
2026-07-14,3850.0,225.2,3833.0,-56.40600000000001,71.594,-56.40600000000001,False,125,False,BSE,False,0.01722777485533933,-0.06628090478695425
2026-07-15,3800.0,223.6,3765.8,-60.784720000000014,23.215279999999982,-60.784720000000014,False,125,False,BSE,False,0.008822987173747077,-0.0650267323342727
2026-07-16,3800.0,225.25,3733.3,-68.7217000000002,21.578299999999977,-68.7217000000002,False,125,False,BSE,False,0.005594033031433243,-0.05434203516249336
2026-07-17,3700.0,219.3,3654.0,-63.15391999999985,-15.503919999999988,-63.15391999999985,False,125,False,BSE,False,0.00534512698068168,-0.03679183850662038
2026-07-20,3600.0,185.29999999999998,3552.0,-116.01455999999999,-11.16455999999996,-116.01455999999999,False,125,False,BSE,False,0.03511565538048944,-0.014973740082690812
2026-07-21,3750.0,165.5,3680.0,59.703240000000065,82.30323999999997,81.65324,True,125,False,BSE,False,0.014872637633525088,-0.043604491920021915
2026-07-22,3700.0,141.14999999999998,3636.0,71.95557999999981,102.05558000000018,69.58057999999998,True,125,False,BSE,False,0.0052128820960697375,-0.05810589519650655
2026-07-23,3700.0,63.5,3642.3,114.9209999999998,180.02100000000016,31.071,True,125,False,BSE,False,0.005512679162072764,-0.04875964718853365
2026-07-24,3500.0,103.75,3542.7,-28.352739999999994,196.59726000000003,51.37226,True,125,False,BSE,False,0.0022635182338968107,-0.035601509012155974
2026-07-27,3600.0,61.5,3560.8,-5.130679999999813,231.06931999999998,30.41932,True,125,False,BSE,False,0.028583497606308184,-0.02813292030413972
2026-07-28,3500.0,49.449999999999996,3523.6,25.10210000000001,251.05210000000002,24.377100000000002,True,125,False,BSE,False,0.03624047417442844,-0.025938470222974908
2026-07-29,3500.0,300.5,3485.8,-183.77124,-0.8212399999999771,-183.77124,False,125,False,BSE,False,0.06030150753768848,0.0015306417143188256
2026-07-30,3500.0,312.0,3520.8,-68.06072,-19.86072000000001,-68.06072,False,125,False,BSE,False,0.03770491803278686,-0.013566986998304165
2026-07-31,3600.0,300.0,3576.0,-165.51967999999985,1.680319999999977,-165.51967999999985,False,125,False,BSE,False,0.03923233695652173,-0.028532608695652217
2026-08-03,3700.0,296.35,3656.8,-44.98762000000004,-2.5876200000000114,-44.98762000000004,False,125,False,BSE,False,0.006745640013162246,-0.06342546890424483
2026-08-04,3600.0,294.70000000000005,3566.8,-73.59802000000003,0.5519799999999428,-73.59802000000003,False,125,False,BSE,False,0.023577394753750314,-0.04586976562281753
2026-08-05,3600.0,282.6,3586.1,-76.02326000000004,-19.823260000000044,-76.02326000000004,False,125,False,BSE,False,0.01862611548191606,-0.050485113007700644
2026-08-06,3500.0,240.2,3499.9,-39.13871999999998,12.611279999999994,-39.13871999999998,False,125,False,BSE,False,0.03247104356982278,-0.028003073508067966
2026-08-07,3500.0,257.55,3494.4,-69.20173999999999,-4.751740000000028,-69.20173999999999,False,125,False,BSE,False,0.05618631732168855,-0.005676855895196509
2026-08-10,3400.0,238.7,3441.3,-68.54771999999998,-19.64771999999983,-68.54771999999998,False,125,False,BSE,False,0.04958629867499864,-0.00838974715037899
2026-08-11,3500.0,219.45,3543.8,-60.71161999999992,-13.56162,-60.71161999999992,False,125,False,BSE,False,0.008674377224199281,-0.08727201957295372
2026-08-12,3600.0,209.89999999999998,3581.4,122.87652000000008,136.77652000000018,103.42651999999998,True,105,False,BSE,False,,
2026-08-13,3500.0,201.45,3526.2,31.63018000000008,45.53018000000017,31.63018000000008,False,79,False,BSE,False,,
2026-08-14,3500.0,191.1,3485.6,42.00916000000007,55.90916000000016,42.00916000000007,False,53,False,BSE,False,,
2026-08-17,3300.0,204.10000000000002,3323.5,-61.174120000000016,-49.97412,-61.174120000000016,False,27,False,BSE,False,,
2026-06-25,800.0,15.649999999999999,798.15,31.523879999999995,35.023880000000005,7.648879999999999,True,125,False,CAMS,False,0.016139121731515216,-0.02164393844614032
2026-06-29,790.0,9.1,786.15,36.895579999999995,42.69557999999999,4.395579999999999,True,125,False,CAMS,False,0.013732833957553092,-0.02372034956304614
2026-06-30,790.0,7.449999999999999,794.8,1.1551999999999993,44.4552,3.6801999999999997,True,125,False,CAMS,False,0.026548672566371723,-0.011125158027812887
2026-07-01,790.0,51.9,794.85,-31.801880000000022,-0.15188000000000274,-31.801880000000022,False,125,False,CAMS,False,0.01799034664326471,-0.03309722309283514
2026-07-02,790.0,47.3,787.75,-11.632679999999992,0.51732,-11.632679999999992,False,125,False,CAMS,False,0.02415337075108792,-0.0616131676861954
2026-07-03,800.0,45.800000000000004,804.7,-28.327380000000005,7.522620000000024,-28.327380000000005,False,125,False,CAMS,False,0.012628157039259902,-0.06976744186046502
2026-07-06,790.0,45.5,786.45,-36.75204,0.39795999999999715,-36.75204,False,125,False,CAMS,False,0.0021348737912847415,-0.06567876428481723
2026-07-07,780.0,44.25,781.25,-6.4301600000000025,-0.28015999999999713,-6.4301600000000025,False,125,False,CAMS,False,0.008750792644261152,-0.056436271401395066
2026-07-08,770.0,41.900000000000006,769.6,-4.3228800000000085,-0.37288000000000565,-4.3228800000000085,False,125,False,CAMS,False,0.023219913809738202,-0.04290216762076282
2026-07-09,750.0,43.45,754.0,-34.895740000000046,-1.3957400000000426,-34.895740000000046,False,125,False,CAMS,False,0.0570802046647616,-0.007243006179812661
2026-07-10,780.0,40.150000000000006,782.25,-5.858739999999977,1.0412599999999927,-5.858739999999977,False,125,False,CAMS,False,0.022365038560411277,-0.03637532133676091
2026-07-13,780.0,36.45,781.0,-2.9959999999999973,4.753999999999996,-2.9959999999999973,False,125,False,CAMS,False,-0.0029029408052504424,-0.06727249779124067
2026-07-14,780.0,38.150000000000006,776.4,-21.777810000000052,0.49718999999999164,-21.777810000000052,False,125,False,CAMS,False,-0.005668789808917274,-0.05859872611464967
2026-07-15,770.0,40.75,768.05,-35.42908000000005,-3.12908,-35.42908000000005,False,125,False,CAMS,False,0.02332247557003253,-0.03713355048859934
2026-07-16,760.0,36.65,758.8,-29.024039999999978,-0.5740399999999958,-29.024039999999978,False,125,False,CAMS,False,0.02720376667538571,-0.03348155898509031
2026-07-17,750.0,37.75,745.4,-21.70078,-4.550780000000006,-21.70078,False,125,False,CAMS,False,0.044762221483205744,-0.016960425673428703
2026-07-20,750.0,32.2,746.25,-10.899940000000049,-1.9999399999999588,-10.899940000000049,False,125,False,CAMS,False,0.04580559254327565,-0.011984021304926817
2026-07-22,760.0,22.900000000000002,764.45,9.594740000000003,18.694740000000028,11.29474,True,125,False,CAMS,False,0.04524475069882339,-0.028342976012481258
2026-07-23,770.0,20.450000000000003,767.85,-2.8565400000000496,11.193460000000018,10.11846,True,125,False,CAMS,False,0.043458549222797904,-0.03193005181347153
2026-07-24,750.0,18.25,751.6,28.093910000000005,33.31891000000003,8.94391,True,125,False,CAMS,False,0.061470549479509806,-0.015219396494926762
2026-07-27,770.0,19.25,771.55,14.80061999999996,15.625620000000005,9.47562,True,125,False,CAMS,False,0.06424194504842862,0.004151017987744643
2026-07-29,790.0,61.3,792.75,-42.22540000000002,-0.2753999999999971,-42.22540000000002,False,125,False,CAMS,False,0.037282208205832834,-0.021107849871979
2026-07-30,790.0,56.3,787.8,-34.76825999999998,1.7817399999999999,-34.76825999999998,False,125,False,CAMS,False,0.04748691429652507,-0.011477580879106997
2026-08-03,800.0,57.14999999999999,804.3,-41.00551999999995,-1.6055199999999916,-41.00551999999995,False,125,False,CAMS,False,0.04452270154697513,-0.02144384354169293
2026-08-04,800.0,48.85,798.05,-39.51309999999998,-5.9131,-39.51309999999998,False,125,False,CAMS,False,0.04255586241526488,-0.023286467486819062
2026-08-05,820.0,47.55,815.6,-12.980300000000014,-3.1803000000000026,-12.980300000000014,False,125,False,CAMS,False,0.01544353842352364,-0.03873239436619724
2026-08-06,810.0,42.25,808.0,-7.216719999999972,0.28327999999999987,-7.216719999999972,False,125,False,CAMS,False,0.00332573751308729,-0.05031717681837777
2026-08-10,790.0,37.1,786.25,-10.77779999999998,1.072199999999993,-10.77779999999998,False,125,False,CAMS,False,0.017070063694267557,-0.030191082802547786
2026-08-11,790.0,37.2,788.45,-20.301620000000028,-1.9516200000000041,-20.301620000000028,False,125,False,CAMS,False,0.008802482426698788,-0.04306250395795075
2026-08-12,780.0,34.95,784.8,-18.917870000000025,-2.64287,-18.917870000000025,False,104,False,CAMS,False,,
2026-08-13,780.0,30.0,778.6,-13.954010000000023,0.8209899999999993,-13.954010000000023,False,78,False,CAMS,False,,
2026-08-14,770.0,31.35,766.85,-25.279790000000027,-3.154790000000004,-25.279790000000027,False,52,False,CAMS,False,,
2026-08-17,760.0,24.700000000000003,755.65,-0.33748000000000283,-0.33748000000000283,-0.33748000000000283,False,26,False,CAMS,False,,
2026-08-10,132.5,6.609999999999999,131.18,-1.781835999999999,-0.43183599999999855,-1.781835999999999,False,125,False,CANBK,False,0.011474164133738807,-0.029103343465045617
2026-08-11,127.5,7.529999999999999,128.61,-4.17029599999999,-1.6002959999999986,-4.17029599999999,False,125,False,CANBK,False,0.031061192873741428,-0.01030209140201388
2026-08-12,132.5,6.0,132.06,-3.423800000000011,-0.0737999999999998,-3.423800000000011,False,105,False,CANBK,False,,
2026-08-13,132.5,5.779999999999999,131.23,-3.2031840000000105,-0.16318399999999877,-3.2031840000000105,False,79,False,CANBK,False,,
2026-08-17,130.0,5.109999999999999,129.5,-0.9956199999999988,-0.48561999999999905,-0.9956199999999988,False,27,False,CANBK,False,,
2026-08-10,1320.0,65.4,1324.5,-40.05451999999996,-1.8045199999999972,-40.05451999999996,False,125,False,CDSL,False,0.021278195488721785,-0.008872180451127809
2026-08-11,1320.0,67.6,1327.8,-38.571039999999904,-6.971039999999989,-38.571039999999904,False,125,False,CDSL,False,0.0204878048780488,-0.00690431519699819
2026-08-12,1340.0,53.45,1344.7,-10.221180000000002,5.6788199999999955,-10.221180000000002,False,110,False,CDSL,False,,
2026-08-13,1340.0,58.2,1343.4,-14.984480000000003,-1.8844800000000084,-14.984480000000003,False,84,False,CDSL,False,,
2026-08-14,1340.0,53.650000000000006,1343.8,-10.421740000000005,-2.6717400000000056,-10.421740000000005,False,58,False,CDSL,False,,
2026-08-17,1320.0,47.650000000000006,1324.0,-26.393200000000054,-4.293200000000009,-26.393200000000054,False,32,False,CDSL,False,,
2026-06-25,930.0,22.6,926.9,2.2171399999999517,23.667140000000003,11.167140000000005,True,125,False,CGPOWER,False,0.06968375136314076,0.0026717557251909607
2026-06-29,940.0,13.75,939.75,20.016860000000005,36.916859999999986,6.74186,True,125,False,CGPOWER,False,0.04140566939165513,-0.05818027391442826
2026-07-01,960.0,75.14999999999999,962.6,-20.264839999999964,0.6351600000000142,-20.264839999999964,False,125,False,CGPOWER,False,0.031657551535549056,-0.0669962137147665
2026-07-02,960.0,74.89999999999999,959.3,-32.37941999999994,-0.7294199999999916,-32.37941999999994,False,125,False,CGPOWER,False,0.005020491803278571,-0.09108606557377041
2026-07-03,900.0,65.85,904.95,-50.22847999999995,6.821520000000011,-50.22847999999995,False,125,False,CGPOWER,False,-0.03193487789605509,-0.07420162805259867
2026-07-06,910.0,67.95,906.0,-62.60552000000003,0.09447999999999723,-62.60552000000003,False,125,False,CGPOWER,False,0.0371198568872988,0.0011180679785331993
2026-07-07,910.0,64.8,908.95,-52.71560000000002,0.7344000000000029,-52.71560000000002,False,125,False,CGPOWER,False,0.003896103896103842,-0.030735930735930728
2026-07-08,900.0,61.25,904.65,-42.32484,4.9751600000000025,-42.32484,False,125,False,CGPOWER,False,0.014882750288318869,-0.018397495743862957
2026-07-09,920.0,62.55,917.05,-5.784740000000003,0.8652600000000029,-5.784740000000003,False,125,False,CGPOWER,False,0.03168142566415488,-0.016885759859193605
2026-07-10,920.0,60.150000000000006,915.95,-5.920880000000008,1.0791199999999985,-5.920880000000008,False,125,False,CGPOWER,False,0.04778625116585289,-0.01936687331980025
2026-07-13,900.0,63.8,904.35,-14.666819999999994,-5.416819999999994,-14.666819999999994,False,125,False,CGPOWER,False,0.042467248908296895,-0.024344978165938835
2026-07-14,900.0,53.35,897.6,-40.83466000000005,3.065339999999993,-40.83466000000005,False,125,False,CGPOWER,False,0.0516519823788546,-0.015748898678414003
2026-07-15,920.0,58.5,919.25,-11.894840000000002,0.1051600000000057,-11.894840000000002,False,125,False,CGPOWER,False,0.044805514524864476,-0.020679468242245314
2026-07-16,920.0,61.349999999999994,923.95,-52.64642,-4.746419999999997,-52.64642,False,125,False,CGPOWER,False,0.02660861151427185,-0.037735849056603765
2026-07-17,920.0,53.8,916.05,-18.848920000000035,0.9010800000000058,-18.848920000000035,False,125,False,CGPOWER,False,0.010092240911557138,-0.043950081389039664
2026-07-20,900.0,50.95,903.85,-23.07105999999996,-3.5710600000000086,-23.07105999999996,False,125,False,CGPOWER,False,0.028508287292817736,-0.0731491712707183
2026-07-21,910.0,44.4,912.8,14.460340000000008,14.460340000000008,14.460340000000008,False,125,False,CGPOWER,False,0.020614035087719307,-0.08026315789473693
2026-07-22,920.0,47.1,923.9,41.668780000000005,41.668780000000005,23.168780000000005,True,125,False,CGPOWER,False,0.016268151544928555,-0.09362375805218914
2026-07-23,910.0,44.300000000000004,911.0,41.98362,41.98362,21.78362,True,125,False,CGPOWER,False,0.003452054794520487,-0.09534246575342464
2026-07-24,880.0,41.95,884.7,18.412999999999997,20.96299999999996,20.688000000000002,True,125,False,CGPOWER,False,0.011884550084889645,-0.07770232031692126
2026-07-27,870.0,22.1,871.8,-11.19239999999998,31.007599999999957,10.957600000000005,True,125,False,CGPOWER,False,0.004141374028479028,-0.07545243092982357
2026-07-28,850.0,9.8,850.75,13.906199999999975,23.306199999999958,4.8062000000000005,True,125,False,CGPOWER,False,0.001595623432869786,-0.07129017551857753
2026-07-29,840.0,62.45,830.75,-22.78644000000004,-4.736440000000003,-22.78644000000004,False,125,False,CGPOWER,False,0.04597156398104252,-0.03453791469194312
2026-07-30,820.0,56.400000000000006,823.25,5.2687600000000225,7.7687600000000225,5.2687600000000225,False,125,False,CGPOWER,False,0.07463855421686749,-0.01825301204819274
2026-07-31,880.0,50.55,872.4,3.1076800000000055,9.857680000000006,3.1076800000000055,False,125,False,CGPOWER,False,0.07076830732292927,0.016146458583433443
2026-08-03,860.0,56.15,858.9,-38.70636,1.5436400000000072,-38.70636,False,125,False,CGPOWER,False,0.034864833507367576,-0.017925513400626425
2026-08-04,860.0,57.1,863.65,-37.864060000000045,0.5859400000000043,-37.864060000000045,False,125,False,CGPOWER,False,0.04688967136150235,-0.006514084507042162
2026-08-05,880.0,58.55,883.8,-13.0419,-1.8418999999999972,-13.0419,False,125,False,CGPOWER,False,0.012027004027911792,-0.017529925682192138
2026-08-06,880.0,56.1,880.8,-12.828740000000003,-0.32874000000000425,-12.828740000000003,False,125,False,CGPOWER,False,0.006688584060764002,-0.018365264709216733
2026-08-07,880.0,50.8,875.8,-9.408579999999999,3.691420000000003,-9.408579999999999,False,125,False,CGPOWER,False,0.021118721461187207,-0.01152968036529678
2026-08-10,880.0,53.150000000000006,876.65,-14.706900000000003,-1.9569000000000027,-14.706900000000003,False,125,False,CGPOWER,False,0.01647727272727262,-0.016022727272727244
2026-08-11,880.0,45.550000000000004,871.75,-29.472759999999983,1.5772399999999929,-29.472759999999983,False,125,False,CGPOWER,False,0.023266397405995676,-0.014847260936344586
2026-08-12,880.0,47.3,874.45,-33.920099999999906,-2.5700999999999987,-33.920099999999906,False,108,False,CGPOWER,False,,
2026-08-13,880.0,35.6,885.4,-22.187339999999914,7.512659999999999,-22.187339999999914,False,82,False,CGPOWER,False,,
2026-08-14,880.0,47.05,882.0,-33.66939999999991,-6.6694,-33.66939999999991,False,56,False,CGPOWER,False,,
2026-08-17,900.0,37.45,890.8,-1.8548200000000057,-0.30482000000000853,-1.8548200000000057,False,30,False,CGPOWER,False,,
2026-06-25,1800.0,46.85,1797.4,-30.826260000000048,66.57374,23.248740000000005,True,125,False,CHOLAFIN,False,0.014969393433500233,-0.017918753478018967
2026-06-29,1800.0,28.500000000000004,1809.4,-14.618720000000096,84.98128000000001,14.131280000000004,True,125,False,CHOLAFIN,False,0.013277777777777722,-0.019555555555555548
2026-06-30,1780.0,14.15,1773.5,78.35082000000008,100.10082,6.77582,True,125,False,CHOLAFIN,False,0.039154267815191934,-0.009956370958720151
2026-07-01,1780.0,123.0,1778.6,-87.24548000000004,-8.895479999999989,-87.24548000000004,False,125,False,CHOLAFIN,False,0.043289561540173604,-0.011462274649454818
2026-07-02,1800.0,110.04999999999998,1802.5,-85.12869999999988,-1.7786999999999775,-85.12869999999988,False,125,False,CHOLAFIN,False,0.04172454025223615,-0.020334463025723726
2026-07-03,1820.0,106.8,1816.3,-6.531139999999988,-1.7811399999999886,-6.531139999999988,False,125,False,CHOLAFIN,False,0.047778709136630404,-0.019111483654652206
2026-07-06,1820.0,100.69999999999999,1814.1,-72.96035999999994,2.7896400000000057,-72.96035999999994,False,125,False,CHOLAFIN,False,0.04340567612687818,-0.023205342237061832
2026-07-07,1880.0,104.9,1872.9,8.28792000000009,12.487919999999908,8.28792000000009,False,125,False,CHOLAFIN,False,0.010781671159029615,-0.05374663072776287
2026-07-08,1820.0,104.19999999999999,1816.3,-9.65775999999998,-2.9077599999999943,-9.65775999999998,False,125,False,CHOLAFIN,False,0.0005945303210463937,-0.05810182682953191
2026-07-09,1780.0,98.25,1774.6,-76.48669999999994,2.1633,-76.48669999999994,False,125,False,CHOLAFIN,False,0.0345783814374645,-0.013752122241086573
2026-07-10,1820.0,113.64999999999999,1817.8,-99.20937999999991,-12.159379999999997,-99.20937999999991,False,125,False,CHOLAFIN,False,0.013921242373821308,-0.03344425956738761
2026-07-13,1800.0,106.89999999999999,1791.8,-80.57380000000005,-7.023799999999992,-80.57380000000005,False,125,False,CHOLAFIN,False,0.00983262442689048,-0.03734187703695513
2026-07-14,1760.0,88.1,1766.1,-17.84435999999999,10.355640000000012,-17.84435999999999,False,125,False,CHOLAFIN,False,0.011061335103146996,-0.0361705657872905
2026-07-15,1820.0,105.3,1812.3,-36.4885999999999,-8.08859999999998,-36.4885999999999,False,125,False,CHOLAFIN,False,0.029973519634908907,-0.012057017296749128
2026-07-16,1800.0,94.64999999999999,1802.2,-16.335379999999894,-2.5853799999999802,-16.335379999999894,False,125,False,CHOLAFIN,False,0.0054899351189485746,-0.04336494205068486
2026-07-17,1800.0,77.19999999999999,1805.1,44.04308000000011,48.6930800000002,38.043079999999996,True,125,False,CHOLAFIN,False,0.01059676519799213,-0.051812604573340804
2026-07-20,1780.0,83.55,1773.2,-53.02004,22.57996000000019,-53.02004,False,125,False,CHOLAFIN,False,-0.0051136679450835,-0.0770941026068589
2026-07-21,1760.0,73.0,1768.3,-46.97775999999991,13.172240000000187,-46.97775999999991,False,125,False,CHOLAFIN,False,0.01376404494382033,-0.06719101123595506
2026-07-22,1760.0,69.89999999999999,1750.6,-33.59791999999994,16.252080000000195,-33.59791999999994,False,125,False,CHOLAFIN,False,0.03235160336593146,-0.05594723675233104
2026-07-23,1720.0,56.05,1723.5,12.8993000000001,30.799299999999963,27.67429999999999,True,125,False,CHOLAFIN,False,0.06402915148360222,-0.03962056799120828
2026-07-27,1760.0,32.55,1764.9,112.95033999999988,112.95033999999988,15.775339999999998,True,125,False,CHOLAFIN,False,0.08225384838803373,-0.014696485623003186
2026-07-28,1780.0,28.400000000000002,1788.7,79.31808000000005,97.21807999999992,13.818079999999998,True,125,False,CHOLAFIN,False,0.07261003644519204,-0.04894869638351551
2026-07-29,1800.0,130.0,1800.0,-55.67343999999999,-12.57344,-55.67343999999999,False,125,False,CHOLAFIN,False,0.08391410278202716,-0.0039095699473058465
2026-07-30,1780.0,109.75,1789.4,-10.436739999999995,15.663259999999914,-10.436739999999995,False,125,False,CHOLAFIN,False,0.06390078416105904,-0.022301318057949993
2026-07-31,1820.0,113.4,1820.8,9.33724,13.73724000000009,9.33724,False,125,False,CHOLAFIN,False,0.09969022810475914,0.0021965643480710284
2026-08-03,1900.0,109.39999999999999,1906.1,-83.57940000000005,8.52060000000002,-83.57940000000005,False,125,False,CHOLAFIN,False,0.057119653492149425,0.006713589604764536
2026-08-04,1880.0,111.0,1870.7,-76.30879999999995,0.5911999999999998,-76.30879999999995,False,125,False,CHOLAFIN,False,0.04406181487620997,-0.005721619164750447
2026-08-05,1900.0,104.35,1897.2,-15.143199999999995,3.6068000000000056,-15.143199999999995,False,125,False,CHOLAFIN,False,0.04523554603854385,-0.0032119914346895317
2026-08-07,1920.0,110.25,1911.1,-35.26982,-4.319819999999997,-35.26982,False,125,False,CHOLAFIN,False,-0.007216494845360799,-0.04020618556701028
2026-08-10,1880.0,110.04999999999998,1872.6,-95.59929999999989,-15.69929999999998,-95.59929999999989,False,125,False,CHOLAFIN,False,0.02939604489577774,-0.0048102618920363716
2026-08-11,1900.0,99.1,1899.7,-87.01191999999999,-9.661919999999995,-87.01191999999999,False,125,False,CHOLAFIN,False,0.0033862985152384173,-0.02573586871581146
2026-08-12,1900.0,87.1,1902.8,-61.565980000000174,-3.165979999999994,-61.565980000000174,False,109,False,CHOLAFIN,False,,
2026-08-13,1900.0,72.85,1905.0,-47.27608000000018,6.223920000000001,-47.27608000000018,False,83,False,CHOLAFIN,False,,
2026-08-14,1900.0,73.85,1901.1,-48.27888000000018,0.571120000000009,-48.27888000000018,False,57,False,CHOLAFIN,False,,
2026-08-17,1880.0,70.89999999999999,1874.0,-12.961479999999995,-5.561479999999989,-12.961479999999995,False,31,False,CHOLAFIN,False,,
2026-08-10,415.0,13.25,413.4,-4.86047999999999,-0.31048000000000003,-4.86047999999999,False,125,False,COALINDIA,False,0.0036262540795357623,-0.01946089689350894
2026-08-11,410.0,12.55,409.65,-10.141719999999989,-0.1917200000000004,-10.141719999999989,False,125,False,COALINDIA,False,0.006569343065693456,-0.013868613138686148
2026-08-12,415.0,14.35,413.15,-7.957959999999988,-2.8079599999999982,-7.957959999999988,False,103,False,COALINDIA,False,,
2026-08-13,410.0,11.7,409.35,-3.2064199999999987,-0.6564199999999979,-3.2064199999999987,False,77,False,COALINDIA,False,,
2026-08-14,410.0,11.7,409.25,-3.2064199999999987,-1.4064199999999978,-3.2064199999999987,False,51,False,COALINDIA,False,,
2026-08-17,405.0,10.049999999999999,406.2,-6.73724000000001,-0.9372399999999985,-6.73724000000001,False,25,False,COALINDIA,False,,
2026-06-25,1480.0,46.1,1487.9,-2.052839999999905,7.047160000000004,-2.052839999999905,False,125,False,COCHINSHIP,False,0.027553763440860246,-0.04475806451612896
2026-06-29,1460.0,34.1,1462.5,40.19592000000005,51.495920000000005,16.745920000000005,True,125,False,COCHINSHIP,False,0.06546678573881981,-0.023562547228137665
2026-07-01,1500.0,135.14999999999998,1501.0,-54.854659999999974,2.3953400000000284,-54.854659999999974,False,125,False,COCHINSHIP,False,0.02443857331571997,-0.055085865257595845
2026-07-02,1500.0,118.6,1502.9,-32.67400000000008,8.226000000000012,-32.67400000000008,False,125,False,COCHINSHIP,False,0.031936127744510934,-0.07012641383898877
2026-07-03,1520.0,121.25,1524.4,-20.074259999999903,1.0257400000000054,-20.074259999999903,False,125,False,COCHINSHIP,False,0.02106649111257397,-0.07992100065832786
2026-07-06,1540.0,122.0,1534.7,4.701960000000006,17.20195999999998,4.701960000000006,False,125,False,COCHINSHIP,False,0.013674314640720553,-0.08119124317927817
2026-07-07,1440.0,121.3,1442.4,-95.2135600000001,-18.213559999999998,-95.2135600000001,False,125,False,COCHINSHIP,False,-0.02691415313225054,-0.07351673848193574
2026-07-08,1420.0,99.64999999999999,1419.0,-78.58866,-8.588659999999987,-78.58866,False,125,False,COCHINSHIP,False,0.009364735481165676,-0.03375497938360483
2026-07-09,1420.0,89.29999999999998,1413.4,-24.681899999999985,-2.5818999999999774,-24.681899999999985,False,125,False,COCHINSHIP,False,0.031642857142857084,-0.012428571428571455
2026-07-10,1420.0,83.0,1418.1,-67.87523999999999,1.3747600000000055,-67.87523999999999,False,125,False,COCHINSHIP,False,0.02432624113475179,-0.01943262411347524
2026-07-13,1420.0,72.85,1412.5,-47.22622,7.823780000000008,-47.22622,False,125,False,COCHINSHIP,False,0.003668171557562161,-0.024689616252821622
2026-07-14,1420.0,80.65,1413.4,-66.51586,-12.51586,-66.51586,False,125,False,COCHINSHIP,False,0.007862860381100845,-0.02061344478288596
2026-07-15,1400.0,70.89999999999999,1398.5,-35.049459999999996,0.45054000000001426,-35.049459999999996,False,125,False,COCHINSHIP,False,0.02286125089863411,-0.0007189072609633529
2026-07-16,1420.0,68.94999999999999,1417.6,-23.07214000000003,-1.8221399999999714,-23.07214000000003,False,125,False,COCHINSHIP,False,0.008362863217576066,-0.03401842664776755
2026-07-17,1400.0,64.14999999999999,1404.5,-41.393739999999994,-2.793739999999997,-41.393739999999994,False,125,False,COCHINSHIP,False,0.0032017075773747017,-0.034791889007470767
2026-07-20,1400.0,51.400000000000006,1394.0,-39.178360000000005,-2.878360000000003,-39.178360000000005,False,125,False,COCHINSHIP,False,0.006136720422434738,-0.03196803196803211
2026-07-21,1400.0,47.900000000000006,1405.5,-35.71842,-2.468420000000011,-35.71842,False,125,False,COCHINSHIP,False,0.0025602730957969833,-0.03520375506720719
2026-07-22,1400.0,46.55,1391.6,39.92676000000001,39.92676000000001,22.901759999999992,True,125,False,COCHINSHIP,False,0.003345195729537398,-0.034448398576512496
2026-07-23,1380.0,33.1,1373.7,-22.52236000000005,56.02764,16.427640000000004,True,125,False,COCHINSHIP,False,0.028563079845131067,-0.008985316677624477
2026-07-24,1400.0,44.4,1390.7,-28.66856,48.83144000000001,22.031439999999996,True,125,False,COCHINSHIP,False,0.009536100953610127,-0.013909801390980192
2026-07-27,1400.0,15.450000000000001,1400.0,13.126659999999951,77.82666,7.60166,True,125,False,COCHINSHIP,False,0.026398852223816327,-0.01176470588235301
2026-07-28,1400.0,10.0,1396.0,31.655240000000095,83.25524,4.855239999999999,True,125,False,COCHINSHIP,False,0.03397573162027112,-0.016702355460385454
2026-07-29,1400.0,88.9,1394.1,-59.33236000000001,4.16764,-59.33236000000001,False,125,False,COCHINSHIP,False,0.04907754396079578,-0.0015134044393195767
2026-07-30,1400.0,99.1,1390.8,-79.53291999999999,-8.932919999999994,-79.53291999999999,False,125,False,COCHINSHIP,False,0.03978571428571431,-0.010285714285714342
2026-07-31,1420.0,87.1,1416.0,-21.428679999999943,3.4713200000000057,-21.428679999999943,False,125,False,COCHINSHIP,False,0.06830484330484343,-0.002777777777777879
2026-08-03,1420.0,88.05,1428.8,11.324020000000008,11.324020000000008,11.324020000000008,False,125,False,COCHINSHIP,False,0.06622377622377629,-0.010069930069930177
2026-08-04,1440.0,81.85,1440.9,-14.369019999999988,9.030980000000017,-14.369019999999988,False,125,False,COCHINSHIP,False,0.058590767094758744,-0.01728566469975712
2026-08-05,1440.0,93.0,1443.5,-39.41132000000008,-2.1113199999999885,-39.41132000000008,False,125,False,COCHINSHIP,False,0.06442831215970979,-0.011866536367443836
2026-08-07,1480.0,95.64999999999999,1487.4,-64.70517999999991,-5.505179999999991,-64.70517999999991,False,125,False,COCHINSHIP,False,0.03009383378016084,-0.006300268096514849
2026-08-10,1520.0,99.05,1515.3,-83.27213999999996,-4.222139999999992,-83.27213999999996,False,125,False,COCHINSHIP,False,0.010320799368919387,-0.0237970023665528
2026-08-11,1500.0,81.35,1497.9,-38.69790000000008,9.702100000000012,-38.69790000000008,False,125,False,COCHINSHIP,False,0.022418839808408864,-0.0453698775944652
2026-08-12,1500.0,89.1,1500.0,-31.06285999999999,1.8871400000000114,-31.06285999999999,False,112,False,COCHINSHIP,False,,
2026-08-13,1520.0,88.25,1515.8,-65.21219999999995,2.3378000000000054,-65.21219999999995,False,86,False,COCHINSHIP,False,,
2026-08-14,1500.0,78.14999999999999,1505.4,-20.08219999999999,10.367800000000015,-20.08219999999999,False,60,False,COCHINSHIP,False,,
2026-08-17,1460.0,80.2,1463.0,-44.076340000000044,-20.57634,-44.076340000000044,False,34,False,COCHINSHIP,False,,
2026-08-10,1800.0,97.1,1809.0,-27.418019999999988,2.8819800000000084,-27.418019999999988,False,125,False,COFORGE,False,0.03168539325842712,0.00022471910112353832
2026-08-11,1820.0,91.1,1826.6,-74.50211999999999,2.7478800000000114,-74.50211999999999,False,125,False,COFORGE,False,0.014585635359116056,-0.01635359116022095
2026-08-12,1800.0,79.1,1806.0,-19.78835999999999,10.461640000000008,-19.78835999999999,False,103,False,COFORGE,False,,
2026-08-13,1820.0,91.6,1812.7,-77.99511999999999,-7.345119999999983,-77.99511999999999,False,77,False,COFORGE,False,,
2026-08-14,1820.0,79.19999999999999,1816.2,-65.56039999999999,-3.310399999999983,-65.56039999999999,False,51,False,COFORGE,False,,
2026-08-17,1800.0,68.69999999999999,1802.0,-9.359239999999986,-3.8092399999999884,-9.359239999999986,False,25,False,COFORGE,False,,
2026-08-10,2020.0,81.39999999999999,2022.4,-40.74244000000007,-3.44243999999998,-40.74244000000007,False,125,False,COLPAL,False,0.00217090980856538,-0.027383066903493236
2026-08-11,2000.0,82.89999999999999,2003.8,-54.01360000000004,-5.863599999999997,-54.01360000000004,False,125,False,COLPAL,False,0.004427640415899825,-0.023929157753345587
2026-08-12,2000.0,77.19999999999999,1997.1,5.202140000000062,5.202140000000062,5.202140000000062,False,104,False,COLPAL,False,,
2026-08-13,2000.0,69.35,1992.8,13.074120000000057,13.074120000000057,13.074120000000057,False,78,False,COLPAL,False,,
2026-08-14,1980.0,67.15,1976.0,-4.663719999999954,-4.663719999999954,-4.663719999999954,False,52,False,COLPAL,False,,
2026-08-17,1960.0,61.64999999999999,1962.6,-19.09231999999994,-6.942319999999992,-19.09231999999994,False,26,False,COLPAL,False,,
2026-08-11,500.0,21.85,499.95,0.42637999999999715,19.37638000000005,10.801380000000004,True,125,False,CONCOR,False,0.08328352261406669,-0.006276150627614996
2026-08-12,515.0,19.1,515.0,-15.289049999999978,7.185950000000043,-15.289049999999978,False,109,False,CONCOR,False,,
2026-08-13,520.0,21.6,521.95,-7.200800000000001,-0.35079999999995737,-7.200800000000001,False,83,False,CONCOR,False,,
2026-08-14,540.0,24.5,541.45,-3.7019100000000242,-0.12690999999999994,-3.7019100000000242,False,57,False,CONCOR,False,,
2026-08-17,525.0,19.6,523.85,-13.746190000000023,-1.221190000000002,-13.746190000000023,False,31,False,CONCOR,False,,
2026-08-10,250.0,15.5,249.5,-12.800820000000005,-1.6508199999999997,-12.800820000000005,False,125,False,CROMPTON,False,0.012851405622489986,-0.029919678714859343
2026-08-11,245.0,11.95,247.45,-3.4072599999999995,0.8427400000000004,-3.4072599999999995,False,125,False,CROMPTON,False,0.0117647058823529,-0.020081135902636826
2026-08-12,245.0,12.75,245.0,-4.408939999999999,-1.1589399999999996,-4.408939999999999,False,107,False,CROMPTON,False,,
2026-08-14,245.0,11.399999999999999,245.4,-3.055159999999998,-1.405159999999998,-3.055159999999998,False,55,False,CROMPTON,False,,
2026-08-17,245.0,10.1,245.9,-1.7515199999999993,-1.101519999999999,-1.7515199999999993,False,29,True,CROMPTON,False,,
2026-06-29,5650.0,77.69999999999999,5634.0,41.64700000000002,261.04699999999997,38.297,True,125,False,CUMMINSIND,False,0.015929203539823078,-0.03460176991150443
2026-06-30,5600.0,41.800000000000004,5587.0,59.69792,303.19791999999995,20.497919999999997,True,125,False,CUMMINSIND,False,0.03423423423423433,-0.017207207207207253
2026-07-01,5700.0,320.1,5694.5,-111.68372000000005,9.366279999999966,-111.68372000000005,False,125,False,CUMMINSIND,False,0.008255752678728356,-0.04725101001229581
2026-07-02,5650.0,308.1,5578.0,-198.87152,30.02847999999993,-198.87152,False,125,False,CUMMINSIND,False,0.006189213085764811,-0.048452696728558786
2026-07-03,5600.0,319.25,5551.5,-242.46174,25.038259999999976,-242.46174,False,125,False,CUMMINSIND,False,0.021360617483396238,-0.03410518757853165
2026-07-06,5600.0,328.35,5530.0,-312.91502,-8.01502000000001,-312.91502,False,125,False,CUMMINSIND,False,0.04184520010939918,-0.018871364755219222
2026-07-07,5550.0,305.15,5498.0,-42.44417999999997,24.50582000000002,-42.44417999999997,False,125,False,CUMMINSIND,False,0.02364743819419557,-0.03600859906843423
2026-07-08,5550.0,300.85,5490.0,-294.31282000000004,10.537179999999978,-294.31282000000004,False,125,False,CUMMINSIND,False,0.04556267154620319,-0.015370539798719163
2026-07-10,5700.0,264.1,5678.0,-35.582920000000044,20.417079999999956,-35.582920000000044,False,125,False,CUMMINSIND,False,0.0331796401771991,-0.010306482234879288
2026-07-14,5550.0,293.3,5490.0,-115.77174,-15.07174,-115.77174,False,125,False,CUMMINSIND,False,0.02040999820176226,-0.030749865132170484
2026-07-15,5600.0,238.5,5542.5,-230.29244,20.857559999999953,-230.29244,False,125,False,CUMMINSIND,False,0.03079019073569489,-0.020890099909173454
2026-07-16,5550.0,242.89999999999998,5493.0,-176.36855999999997,13.331440000000045,-176.36855999999997,False,125,False,CUMMINSIND,False,0.02050175343943894,-0.030662710187932762
2026-07-17,5550.0,257.95,5470.0,-236.33469999999997,-1.6346999999999658,-236.33469999999997,False,125,False,CUMMINSIND,False,0.010357142857142954,-0.03749999999999998
2026-07-21,5550.0,183.95,5518.5,-172.09949999999998,-4.099499999999983,-172.09949999999998,False,125,False,CUMMINSIND,False,0.024072398190045252,-0.003529411764705892
2026-07-22,5650.0,179.25,5591.0,12.608259999999976,51.60825999999998,12.608259999999976,False,125,False,CUMMINSIND,False,0.012889366272824887,-0.03186537773003939
2026-07-24,5600.0,127.05,5572.5,-56.20537999999999,153.29461999999995,62.96961999999999,True,125,False,CUMMINSIND,False,0.007575757575757569,-0.05258467023172908
2026-07-28,5600.0,71.15,5537.5,-21.58866,209.41133999999997,35.236340000000006,True,125,False,CUMMINSIND,False,-0.001776198934280604,-0.055950266429840134
2026-07-29,5500.0,384.0,5457.0,10.913199999999966,23.663200000000025,10.913199999999966,False,125,False,CUMMINSIND,False,0.026134800550206227,-0.025217790004585017
2026-07-30,5300.0,351.45000000000005,5340.0,-243.83870000000005,33.66129999999993,-243.83870000000005,False,125,False,CUMMINSIND,False,0.039962825278810454,-0.012081784386617112
2026-07-31,5500.0,369.05,5528.5,-244.53558,40.01441999999998,-244.53558,False,125,False,CUMMINSIND,False,0.03524840410768815,-0.042464612822647796
2026-08-03,5500.0,376.05,5502.0,-318.36758,33.18241999999998,-318.36758,False,125,False,CUMMINSIND,False,0.015150140615077579,-0.06105415948471382
2026-08-04,5500.0,380.95000000000005,5532.0,-136.25644000000005,27.743559999999942,-136.25644000000005,False,125,False,CUMMINSIND,False,0.01727272727272733,-0.05909090909090908
2026-08-05,5500.0,405.5,5547.0,-276.10164000000003,3.4483599999999885,-276.10164000000003,False,125,False,CUMMINSIND,False,0.017184942716857554,-0.05891980360065463
2026-08-06,5400.0,347.75,5362.0,-289.98834000000005,-11.288339999999977,-289.98834000000005,False,125,False,CUMMINSIND,False,0.014235533370308806,-0.043261231281197965
2026-08-07,5400.0,308.90000000000003,5378.0,-250.03236000000004,-2.4823600000000456,-250.03236000000004,False,125,False,CUMMINSIND,False,0.0152678819283798,-0.013602294808920168
2026-08-10,5400.0,263.1,5425.0,-72.87260000000002,-7.472600000000045,-72.87260000000002,False,125,False,CUMMINSIND,False,0.011057869517139718,-0.017692591227423504
2026-08-11,5400.0,245.90000000000003,5410.0,-189.84756000000002,-15.797560000000045,-189.84756000000002,False,125,False,CUMMINSIND,False,0.005509641873278293,-0.02112029384756653
2026-08-12,5400.0,215.25,5381.5,-48.82142,0.7285800000000116,-48.82142,False,111,False,CUMMINSIND,False,,
2026-08-13,5400.0,201.1,5374.5,-34.63179999999999,11.068199999999994,-34.63179999999999,False,85,False,CUMMINSIND,False,,
2026-08-14,5400.0,187.64999999999998,5389.0,-21.14413999999998,13.105860000000023,-21.14413999999998,False,59,False,CUMMINSIND,False,,
2026-08-17,5300.0,193.1,5344.0,-62.85762000000002,-24.60762000000002,-62.85762000000002,False,33,False,CUMMINSIND,False,,
2026-08-10,410.0,16.6,410.7,-5.97616,-0.9261600000000014,-5.97616,False,125,False,DABUR,False,0.004854368932038833,-0.016868932038834883
2026-08-11,410.0,16.1,411.5,-13.751520000000001,-1.4015200000000014,-13.751520000000001,False,125,False,DABUR,False,0.0002416042522348505,-0.02766368688088905
2026-08-12,410.0,14.650000000000002,408.65,-8.682610000000002,-0.6576100000000015,-8.682610000000002,False,111,False,DABUR,False,,
2026-08-13,410.0,14.35,407.85,-8.38177,-1.0067699999999993,-8.38177,False,85,False,DABUR,False,,
2026-08-14,410.0,11.7,408.5,-5.7243499999999985,-0.34934999999999894,-5.7243499999999985,False,59,False,DABUR,False,,
2026-08-17,405.0,10.0,403.55,-0.9033399999999996,0.19666,-0.9033399999999996,False,33,False,DABUR,False,,
2026-06-25,1760.0,38.150000000000006,1755.0,16.689179999999904,30.48918,18.814180000000004,True,125,False,DALBHARAT,False,0.020876705991209832,-0.02550312283136713
2026-06-29,1720.0,24.6,1717.7,5.297260000000088,88.14726000000002,12.147260000000005,True,125,False,DALBHARAT,False,0.0504862283817622,-0.018750363943399573
2026-06-30,1700.0,7.1,1700.1,71.36003999999997,105.86004000000003,3.310039999999999,True,125,False,DALBHARAT,False,0.060490271001117035,-0.009405678678502172
2026-07-01,1700.0,112.25,1702.4,-35.380739999999996,-0.18073999999999146,-35.380739999999996,False,125,False,DALBHARAT,False,0.06111405211458165,-0.008823010411152299
2026-07-08,1780.0,95.1,1777.5,-6.814639999999983,3.6353600000000057,-6.814639999999983,False,125,False,DALBHARAT,False,0.0017857142857142794,-0.04419642857142858
2026-07-09,1740.0,100.35,1732.5,-18.96001999999999,-0.36001999999999434,-18.96001999999999,False,125,False,DALBHARAT,False,0.05825635103926108,-0.005946882217090055
2026-07-14,1760.0,92.8,1753.4,10.250360000000054,10.250360000000054,10.250360000000054,False,125,False,DALBHARAT,False,0.06130136986301382,-0.01152968036529678
2026-07-16,1820.0,93.94999999999999,1822.0,-33.18414000000003,-5.3341399999999775,-33.18414000000003,False,125,False,DALBHARAT,False,0.025054704595185884,-0.016083150984682715
2026-07-17,1820.0,74.1,1814.8,-13.178839999999997,8.771160000000005,-13.178839999999997,False,125,False,DALBHARAT,False,0.031530054644808736,-0.017158469945355193
2026-07-20,1820.0,72.85,1829.4,-53.209419999999994,6.590580000000008,-53.209419999999994,False,125,False,DALBHARAT,False,0.034696338522253845,-0.023898267923700978
2026-07-22,1840.0,68.0,1837.6,-52.83324,2.26676,-52.83324,False,125,False,DALBHARAT,False,0.011087305838243244,-0.09855382967327264
2026-07-24,1820.0,54.55,1829.1,-38.44809999999991,61.901900000000005,27.07689999999999,True,125,False,DALBHARAT,False,0.007046799354491595,-0.09467455621301779
2026-07-27,1800.0,58.0,1800.0,-27.54807999999982,47.10192000000001,28.75192,True,125,False,DALBHARAT,False,0.01955678670360106,-0.067590027700831
2026-07-31,1800.0,93.69999999999999,1791.0,-62.15139999999999,6.948600000000011,-62.15139999999999,False,125,False,DALBHARAT,False,0.028921023359288034,-0.005506117908787633
2026-08-03,1800.0,96.35,1807.5,-74.18250000000008,-5.6324999999999825,-74.18250000000008,False,125,False,DALBHARAT,False,0.02777777777777768,-0.0033333333333332993
2026-08-05,1820.0,91.6,1828.3,-17.61465999999999,1.1853400000000058,-17.61465999999999,False,125,False,DALBHARAT,False,0.022992299229922963,-0.01320132013201325
2026-08-06,1820.0,90.14999999999999,1825.1,-70.25870000000005,-0.20869999999999134,-70.25870000000005,False,125,False,DALBHARAT,False,0.019068493150684818,-0.01698630136986301
2026-08-11,1820.0,104.14999999999999,1824.6,-74.62506,-28.375059999999987,-74.62506,False,125,False,DALBHARAT,False,0.012322791712104708,-0.01199563794983638
2026-08-14,1820.0,53.9,1826.7,-29.71896,11.881040000000002,-29.71896,False,59,False,DALBHARAT,False,,
2026-08-10,470.0,30.75,471.95,-23.306960000000025,-5.956960000000001,-23.306960000000025,False,125,False,DELHIVERY,False,0.03037679932260806,-0.042125317527519024
2026-08-11,480.0,26.75,478.85,-3.340560000000024,-1.2905600000000128,-3.340560000000024,False,125,False,DELHIVERY,False,0.017560363750391828,-0.052576565276471254
2026-08-12,475.0,25.5,473.45,-3.533000000000013,-3.533000000000013,-3.533000000000013,False,111,False,DELHIVERY,False,,
2026-08-13,470.0,21.4,470.15,-4.407520000000011,0.09247999999999934,-4.407520000000011,False,85,False,DELHIVERY,False,,
2026-08-14,470.0,19.700000000000003,468.65,-2.7027600000000156,-1.3027600000000028,-2.7027600000000156,False,59,False,DELHIVERY,False,,
2026-08-17,455.0,17.950000000000003,454.3,-9.822940000000013,-0.922940000000005,-9.822940000000013,False,33,False,DELHIVERY,False,,
2026-06-25,6750.0,136.14999999999998,6734.0,186.7613,186.7613,66.78629999999998,True,125,False,DIVISLAB,False,0.0011104530648504696,-0.03309150133254368
2026-06-29,6650.0,94.79999999999998,6629.0,70.37031999999999,225.72032000000002,46.670320000000004,True,125,False,DIVISLAB,False,0.015521229758973298,-0.025371240952167695
2026-06-30,6550.0,13.55,6565.5,329.34941999999995,329.34941999999995,5.774420000000003,True,125,False,DIVISLAB,False,0.05239040782037585,-0.0025202382770734832
2026-07-01,6600.0,326.70000000000005,6599.0,-121.29380000000006,6.7061999999999315,-121.29380000000006,False,125,False,DIVISLAB,False,0.054553720260645644,-0.010380360660706134
2026-07-02,6600.0,319.95000000000005,6563.0,-45.71810000000007,7.281899999999932,-45.71810000000007,False,125,False,DIVISLAB,False,0.06366068016813142,0.0003821169277800074
2026-07-03,6750.0,328.05,6766.0,-287.18557999999996,-9.285580000000056,-287.18557999999996,False,125,False,DIVISLAB,False,0.03464168896818309,-0.006021409455842952
2026-07-06,6800.0,305.20000000000005,6816.0,-279.22960000000006,-1.2796000000000227,-279.22960000000006,False,125,False,DIVISLAB,False,0.029742527374962968,-0.009618230245634796
2026-07-07,6900.0,306.85,6894.0,-251.96542000000002,-20.965420000000044,-251.96542000000002,False,125,False,DIVISLAB,False,0.014801312431644176,-0.023988333940940576
2026-07-08,6800.0,275.9,6807.0,235.29024000000013,241.79024000000013,135.74024,True,125,False,DIVISLAB,False,0.06634615384615383,-0.009911242603550252
2026-07-09,6900.0,279.70000000000005,6876.0,109.82119999999993,138.32119999999992,137.9712,True,125,False,DIVISLAB,False,0.08753709198813064,7.418397626102191e-05
2026-07-10,6800.0,253.4,6792.0,186.55343999999997,328.05344000000014,124.75344000000001,True,125,False,DIVISLAB,False,0.08349827725240089,-0.006671065171175106
2026-07-13,6850.0,258.65,6827.0,218.68374,272.6837400000001,127.25873999999999,True,125,False,DIVISLAB,False,0.08191201229778211,-0.006441695337090936
2026-07-14,6950.0,272.15,6956.0,66.53514,189.03514,134.36014,True,125,False,DIVISLAB,False,0.0714440043212099,-0.0048253510983075065
2026-07-15,7500.0,634.0999999999999,7320.0,-363.24071999999995,-287.14071999999993,-363.24071999999995,False,125,False,DIVISLAB,False,0.033842946490618475,0.0006949270326614965
2026-07-16,7500.0,362.5,7290.5,-152.90608,-41.90607999999995,-152.90608,False,125,False,DIVISLAB,False,0.01897260273972612,-0.013698630136986356
2026-07-17,7500.0,245.10000000000002,7275.5,-3.5661200000000455,75.73388000000003,-3.5661200000000455,False,125,False,DIVISLAB,False,0.015217688003275498,-0.01733315135799096
2026-07-20,7500.0,277.55,7280.0,-125.55582000000003,9.644179999999967,-125.55582000000003,False,125,False,DIVISLAB,False,0.025151598676957043,-0.010887541345093732
2026-07-21,7500.0,281.1,7285.0,-179.77352000000002,6.226479999999954,-179.77352000000002,False,125,False,DIVISLAB,False,0.019685577580314417,-0.018865345181134696
2026-07-22,7400.0,230.05,7249.0,10.030219999999966,10.030219999999966,10.030219999999966,False,125,False,DIVISLAB,False,0.020327421555252467,-0.02087312414733966
2026-07-23,7500.0,245.05,7315.5,119.63821999999996,227.88821999999996,120.81322000000003,True,125,False,DIVISLAB,False,0.05834179357021996,-0.028494077834179343
2026-07-24,7400.0,177.45000000000002,7261.5,410.30170000000004,448.30170000000004,86.57669999999999,True,125,False,DIVISLAB,False,0.08739726027397254,-0.016849315068493187
2026-07-27,7500.0,135.1,7323.5,656.6976800000001,656.6976800000001,64.94767999999998,True,125,False,DIVISLAB,False,0.12049861495844882,6.925207756225404e-05
2026-07-29,7500.0,435.80000000000007,7526.0,438.42192,645.42192,214.22191999999998,True,125,False,DIVISLAB,False,0.14462698626447623,0.0003366549959602505
2026-07-30,7800.0,476.05000000000007,7798.0,108.87122000000002,305.87122,235.04621999999998,True,125,False,DIVISLAB,False,0.08772154328491899,-0.002495361187536016
2026-07-31,8000.0,511.20000000000005,8028.0,-190.63520000000005,71.36480000000005,-190.63520000000005,False,125,False,DIVISLAB,False,0.08695652173913038,0.006457800511509015
2026-08-03,8300.0,519.45,8294.5,-164.55476000000007,-97.45476000000005,-164.55476000000007,False,125,False,DIVISLAB,False,0.05132962275819408,0.0024737167594310883
2026-08-04,8400.0,399.1,8390.5,-275.66692000000006,-7.966920000000057,-275.66692000000006,False,125,False,DIVISLAB,False,0.015666266506602744,-0.01158463385354147
2026-08-05,8400.0,392.8,8378.0,-299.26527999999996,-14.115280000000057,-299.26527999999996,False,125,False,DIVISLAB,False,0.02419065822482369,-0.016425755584756896
2026-08-06,8400.0,378.8,8407.0,-282.73308,-2.383080000000011,-282.73308,False,125,False,DIVISLAB,False,0.03409632808774443,-0.018419170243204608
2026-08-07,8300.0,375.20000000000005,8314.5,-228.76440000000008,-7.36440000000009,-228.76440000000008,False,125,False,DIVISLAB,False,0.04726833685481435,-0.0059160881376395524
2026-08-10,8300.0,363.1,8320.5,-165.27472000000006,-23.924720000000022,-165.27472000000006,False,125,False,DIVISLAB,False,0.051139117789626765,0.0007876878332524484
2026-08-11,8300.0,319.55,8291.5,-144.03978000000004,-0.9397800000000112,-144.03978000000004,False,103,False,DIVISLAB,False,0.04543811016029897,-0.0013860431481258484
2026-08-12,8600.0,372.65,8614.0,-251.13725999999997,-31.487260000000024,-251.13725999999997,False,77,False,DIVISLAB,False,,
2026-08-13,8500.0,280.15000000000003,8470.5,-30.58708000000002,34.36291999999997,-30.58708000000002,False,51,False,DIVISLAB,False,,
2026-08-14,8500.0,282.20000000000005,8521.5,-32.642820000000036,-1.492820000000057,-32.642820000000036,False,25,False,DIVISLAB,False,,
2026-08-10,14250.0,858.8,14168.0,-276.4961399999999,-35.096139999999956,-276.4961399999999,False,125,False,DIXON,False,0.007838983050847403,-0.036370056497175174
2026-08-11,14000.0,786.7,14070.0,-659.3662,-16.3162,-659.3662,False,103,False,DIXON,False,0.008256880733944927,-0.03705010585744528
2026-08-12,14000.0,722.45,13930.0,-594.9363000000001,8.3637,-594.9363000000001,False,77,False,DIXON,False,,
2026-08-13,13750.0,672.9000000000001,13688.0,-295.9475600000001,-0.8475600000000902,-295.9475600000001,False,51,False,DIXON,False,,
2026-08-14,14000.0,613.95,14068.0,-486.13250000000005,24.967499999999955,-486.13250000000005,False,25,False,DIXON,False,,
2026-08-10,3900.0,165.25,3901.9,-4.166020000000113,15.433979999999796,-4.166020000000113,False,125,False,DMART,False,0.050999999999999934,-0.0007692307692307443
2026-08-11,4050.0,170.45,4036.1,-137.6205,-5.270499999999989,-137.6205,False,125,False,DMART,False,0.015811256226611503,-0.008698669177963358
2026-08-12,4050.0,151.2,4041.6,-111.38606000000017,-2.486059999999988,-111.38606000000017,False,113,False,DMART,False,,
2026-08-13,4000.0,124.1,4019.1,-16.250999999999994,18.749000000000006,-16.250999999999994,False,87,False,DMART,False,,
2026-08-14,4050.0,128.14999999999998,4051.9,-88.27152000000015,5.878480000000023,-88.27152000000015,False,61,False,DMART,False,,
2026-08-17,4050.0,116.6,4033.5,-76.68918000000016,-2.9391799999999852,-76.68918000000016,False,35,False,DMART,False,,
2026-08-10,1170.0,42.7,1172.9,-15.496000000000004,-0.9960000000000042,-15.496000000000004,False,125,False,DRREDDY,False,0.033801129556734644,-0.011552284785213085
2026-08-11,1160.0,40.0,1158.7,-9.39795999999991,6.7020400000000055,-9.39795999999991,False,125,False,DRREDDY,False,0.041465517241379146,-0.0042241379310345994
2026-08-12,1190.0,43.6,1191.7,-16.248940000000005,-4.098940000000006,-16.248940000000005,False,107,False,DRREDDY,False,,
2026-08-13,1190.0,40.1,1187.0,-12.739140000000004,-2.139140000000003,-12.739140000000004,False,81,False,DRREDDY,False,,
2026-08-14,1200.0,36.400000000000006,1199.9,-22.241679999999917,-0.9916800000000088,-22.241679999999917,False,55,False,DRREDDY,False,,
2026-08-17,1180.0,32.900000000000006,1179.4,-27.5072400000001,-5.9572400000000085,-27.5072400000001,False,29,False,DRREDDY,False,,
2026-08-10,8000.0,317.75,7990.0,-196.08354,-21.933540000000047,-196.08354,False,125,False,EICHERMOT,False,0.017875000000000085,-0.007750000000000035
2026-08-11,8100.0,266.35,8059.0,-65.06278,30.787219999999966,-65.06278,False,125,False,EICHERMOT,False,0.024466750313676178,-0.0037641154328732496
2026-08-12,8000.0,274.15,7994.5,-215.68365999999997,-0.9336600000000002,-215.68365999999997,False,106,False,EICHERMOT,False,,
2026-08-13,8000.0,276.15,8038.5,-217.68925999999996,-16.089259999999978,-217.68925999999996,False,80,False,EICHERMOT,False,,
2026-08-14,8100.0,250.10000000000002,8051.0,-61.63116000000004,-13.081160000000022,-61.63116000000004,False,54,False,EICHERMOT,False,,
2026-08-17,8100.0,211.3,8137.0,-22.722520000000024,-4.2225200000000225,-22.722520000000024,False,28,False,EICHERMOT,False,,
2026-08-10,310.0,16.8,311.45,-6.9744800000000025,-0.9744800000000021,-6.9744800000000025,False,125,False,ETERNAL,False,0.031746031746031855,-0.027936507936507926
2026-08-11,310.0,15.850000000000001,307.9,-5.67279999999998,-0.7728000000000012,-5.67279999999998,False,125,False,ETERNAL,False,0.04669887278582929,-0.013848631239935627
2026-08-12,315.0,15.2,317.25,-11.752079999999976,0.19791999999999993,-11.752079999999976,False,107,False,ETERNAL,False,,
2026-08-13,315.0,15.2,316.7,-11.752079999999976,-1.1020800000000008,-11.752079999999976,False,81,False,ETERNAL,False,,
2026-08-14,320.0,13.149999999999999,320.4,-2.3170599999999983,-0.11705999999999717,-2.3170599999999983,False,55,False,ETERNAL,False,,
2026-08-17,320.0,12.85,321.65,-2.0162199999999992,-1.0162199999999992,-2.0162199999999992,False,29,False,ETERNAL,False,,
2026-06-25,325.0,6.75,323.8,0.6106600000000003,0.6106600000000003,0.6106600000000003,False,125,False,FEDERALBNK,False,0.021201413427561988,-0.010139806421877395
2026-06-29,325.0,4.8,324.45,-2.768900000000022,3.6811000000000216,2.3810999999999996,True,125,False,FEDERALBNK,False,0.03370439084724808,-0.0038651824366110477
2026-06-30,325.0,4.05,324.05,1.4235400000000231,12.773539999999997,1.9985399999999993,True,125,False,FEDERALBNK,False,0.03020030816640995,-0.0024653312788905923
2026-07-01,327.5,19.25,327.55,-17.05991999999998,-0.3599200000000008,-17.05991999999998,False,125,False,FEDERALBNK,False,0.01595502203312571,-0.01078863394620877
2026-07-02,330.0,18.6,330.6,-16.507820000000002,-0.4078200000000014,-16.507820000000002,False,125,False,FEDERALBNK,False,0.010427686262656666,-0.023726764394740862
2026-07-03,332.5,18.950000000000003,332.5,-17.856000000000005,-1.156000000000005,-17.856000000000005,False,125,False,FEDERALBNK,False,0.008446455505279005,-0.02564102564102566
2026-07-06,327.5,17.65,327.15,-16.452639999999978,-0.4026399999999979,-16.452639999999978,False,125,False,FEDERALBNK,False,0.018167938931297645,-0.013740458015267132
2026-07-07,330.0,17.25,330.6,-1.1433800000000007,-0.19338000000000138,-1.1433800000000007,False,125,False,FEDERALBNK,False,0.01969696969696977,-0.021212121212121238
2026-07-08,330.0,16.1,329.85,-0.3890400000000025,0.9609599999999971,-0.3890400000000025,False,125,False,FEDERALBNK,False,0.016002415458937325,-0.024758454106280192
2026-07-09,327.5,16.6,327.75,-15.25012,0.6498799999999993,-15.25012,False,125,False,FEDERALBNK,False,0.027480916030534264,-0.005801526717557182
2026-07-10,330.0,16.55,331.25,-15.100259999999977,0.5497399999999978,-15.100259999999977,False,125,False,FEDERALBNK,False,0.02591463414634143,-0.012195121951219523
2026-07-13,330.0,15.850000000000001,328.85,-0.9859599999999915,4.06404000000002,-0.9859599999999915,False,125,False,FEDERALBNK,False,0.06363636363636371,-0.020000000000000018
2026-07-14,330.0,15.399999999999999,331.05,6.944300000000012,6.944300000000012,6.944300000000012,False,125,False,FEDERALBNK,False,0.05765765765765751,-0.028828828828828867
2026-07-15,330.0,15.3,330.0,9.28828000000001,11.138279999999975,7.538280000000002,True,125,False,FEDERALBNK,False,0.08599695585996958,-0.015525114155251263
2026-07-16,325.0,16.0,326.0,13.721899999999987,15.521899999999999,7.8719,True,125,False,FEDERALBNK,False,0.09150626336694168,-0.01191567369385893
2026-07-17,332.5,15.450000000000001,331.6,3.95242000000002,8.602419999999997,7.62742,True,125,False,FEDERALBNK,False,0.08586626139817621,-0.017021276595744705
2026-07-20,350.0,13.200000000000001,345.05,-6.306139999999989,-2.4561400000000004,-6.306139999999989,False,125,False,FEDERALBNK,False,0.027466206499856316,-0.017831463905665812
2026-07-21,355.0,10.65,352.55,-9.981499999999988,-1.1314999999999997,-9.981499999999988,False,125,False,FEDERALBNK,False,0.017638691322901856,-0.004551920341394067
2026-07-22,360.0,9.549999999999999,354.8,6.478460000000003,6.478460000000003,4.703460000000001,True,125,False,FEDERALBNK,False,0.005747932146362045,-0.01892611804289923
2026-07-23,360.0,6.5,354.95,-3.675900000000011,9.824100000000001,3.2241,True,125,False,FEDERALBNK,False,0.019980161541731434,-0.0083604931273914
2026-07-24,355.0,5.75,352.1,9.24204,9.792039999999998,2.81704,True,125,False,FEDERALBNK,False,0.016666666666666607,-0.011581920903954823
2026-07-29,360.0,16.85,357.8,-3.08568,-0.58568,-3.08568,False,125,False,FEDERALBNK,False,0.019720279720279787,-0.013006993006992928
2026-07-30,355.0,16.1,357.05,-2.6327400000000005,0.41725999999998575,-2.6327400000000005,False,125,False,FEDERALBNK,False,0.014047287899860983,-0.018497913769123686
2026-07-31,355.0,15.55,356.7,-13.100259999999977,0.9997399999999864,-13.100259999999977,False,125,False,FEDERALBNK,False,0.02965682813161985,-0.0069199265640446095
2026-08-03,360.0,14.75,358.6,-1.57812,-0.27812000000000103,-1.57812,False,125,False,FEDERALBNK,False,0.016450578558483198,-0.021748222501045467
2026-08-04,360.0,13.649999999999999,360.6,-8.502499999999987,0.5475000000000014,-8.502499999999987,False,125,False,FEDERALBNK,False,0.00871610403984513,-0.029192030990591977
2026-08-05,360.0,13.75,359.5,-9.051519999999977,-0.10152000000000078,-9.051519999999977,False,125,False,FEDERALBNK,False,0.008779264214046734,-0.022157190635451518
2026-08-06,355.0,14.1,354.75,-3.4691600000000005,-0.46916000000000035,-3.4691600000000005,False,125,False,FEDERALBNK,False,0.010674157303370846,-0.014466292134831416
2026-08-07,350.0,13.600000000000001,351.5,-10.995220000000002,-0.54522,-10.995220000000002,False,125,False,FEDERALBNK,False,0.022013918477489014,-0.003408606731998276
2026-08-10,355.0,12.5,357.0,-3.5100599999999993,-0.2600599999999993,-3.5100599999999993,False,125,False,FEDERALBNK,False,0.001116694584031297,-0.019960915689558822
2026-08-11,355.0,11.649999999999999,354.55,-2.7573999999999974,-0.5073999999999975,-2.7573999999999974,False,125,False,FEDERALBNK,False,0.008032694475760938,-0.01451521984216475
2026-08-12,355.0,10.5,356.95,-2.55152,0.19848,-2.55152,False,106,False,FEDERALBNK,False,,
2026-08-13,355.0,10.149999999999999,356.05,-2.2005399999999984,0.14946000000000284,-2.2005399999999984,False,80,False,FEDERALBNK,False,,
2026-08-14,350.0,10.1,351.5,-7.36077,-0.08576999999999893,-7.36077,False,54,False,FEDERALBNK,False,,
2026-08-17,350.0,9.5,350.6,-6.75909,-0.5840900000000007,-6.75909,False,28,False,FEDERALBNK,False,,
2026-08-10,18500.0,1093.9499999999998,18417.0,-218.57929999999985,-9.129299999999681,-218.57929999999985,False,125,False,FORCEMOT,True,0.05124324324324325,-0.015675675675675627
2026-08-11,18500.0,1109.85,18345.0,-322.82587999999976,-47.82587999999977,-322.82587999999976,False,125,False,FORCEMOT,False,0.06593587284187441,-0.0012606193477665562
2026-08-12,18500.0,990.6500000000001,18670.0,-716.8002600000001,35.04973999999991,-716.8002600000001,False,111,False,FORCEMOT,False,,
2026-08-13,19000.0,1094.8,19239.0,-322.64187999999984,-73.89187999999986,-322.64187999999984,False,85,False,FORCEMOT,False,,
2026-08-14,18500.0,925.9000000000001,18342.0,-651.8689600000001,5.781039999999978,-651.8689600000001,False,59,False,FORCEMOT,False,,
2026-08-17,18500.0,876.8,18404.0,-602.63148,-43.131479999999975,-602.63148,False,33,False,FORCEMOT,False,,
2026-08-10,960.0,39.9,958.55,-1.6192399999999703,38.78076000000001,19.730759999999997,True,125,False,FORTIS,False,0.019479166666666714,-0.0842708333333333
2026-08-11,940.0,43.45,942.0,-22.77975999999996,15.270240000000003,-22.77975999999996,False,125,False,FORTIS,False,-5.270925574540897e-05,-0.07326586548597935
2026-08-12,910.0,41.05,911.4,-26.879769999999976,-0.8547700000000029,-26.879769999999976,False,105,False,FORTIS,False,,
2026-08-13,900.0,37.6,896.85,-22.87164999999998,-1.5466499999999987,-22.87164999999998,False,79,False,FORTIS,False,,
2026-08-14,900.0,34.15,904.7,-19.411989999999978,-1.186989999999997,-19.411989999999978,False,53,False,FORTIS,False,,
2026-08-17,920.0,30.200000000000003,924.9,-13.506390000000025,-0.1313900000000035,-13.506390000000025,False,27,False,FORTIS,False,,
2026-08-10,172.5,8.03,172.64,-6.68604,-0.5960399999999985,-6.68604,False,125,False,GAIL,False,0.0246425665465535,-0.011856329187492687
2026-08-11,172.5,7.18,172.39,-2.4232359999999997,-0.17323599999999878,-2.4232359999999997,False,125,False,GAIL,False,0.031718164794007686,0.0013459737827716811
2026-08-12,175.0,7.25,174.5,-4.577579999999989,-0.21757999999999955,-4.577579999999989,False,112,False,GAIL,False,,
2026-08-13,175.0,6.72,175.54,-4.046095999999988,-0.03609599999999893,-4.046095999999988,False,86,False,GAIL,False,,
2026-08-14,172.5,6.7299999999999995,173.73,-2.320995999999999,-0.8409959999999996,-2.320995999999999,False,60,False,GAIL,False,,
2026-08-17,172.5,5.209999999999999,172.87,-0.7967399999999987,-0.21673999999999863,-0.7967399999999987,False,34,True,GAIL,False,,
2026-08-10,2280.0,110.1,2290.0,-78.99620000000007,-0.7461999999999941,-78.99620000000007,False,125,False,GLENMARK,False,0.024770240700218826,-0.017505470459518557
2026-08-11,2240.0,99.75,2246.6,-20.352739999999994,-3.7527400000000855,-20.352739999999994,False,125,False,GLENMARK,False,0.037529354424210126,-0.005272719216624644
2026-08-12,2300.0,92.94999999999999,2302.1,-62.39649999999999,4.603500000000017,-62.39649999999999,False,104,False,GLENMARK,False,,
2026-08-13,2300.0,93.69999999999999,2300.1,-63.14859999999999,-5.648599999999983,-63.14859999999999,False,78,False,GLENMARK,False,,
2026-08-14,2320.0,84.25,2325.8,-73.61614,-0.4661399999999887,-73.61614,False,52,False,GLENMARK,False,,
2026-08-17,2320.0,74.64999999999999,2315.6,-63.989259999999994,0.3107400000000114,-63.989259999999994,False,26,False,GLENMARK,False,,
2026-08-11,105.0,5.569999999999999,105.34,-2.5937160000000046,0.5662840000000008,-2.5937160000000046,False,125,False,GMRAIRPORT,False,0.010396975425330801,-0.04688090737240069
2026-08-12,104.0,5.72,104.07,-3.551867999999993,0.21813200000000108,-3.551867999999993,False,107,False,GMRAIRPORT,False,,
2026-08-13,104.0,5.39,103.75,-3.220943999999993,-0.6009439999999993,-3.220943999999993,False,81,False,GMRAIRPORT,False,,
2026-08-14,102.0,3.9299999999999997,102.28,-2.3551759999999935,-0.05517600000000005,-2.3551759999999935,False,55,False,GMRAIRPORT,False,,
2026-08-17,101.0,3.67,101.31,-3.071704000000006,-0.6117039999999996,-3.071704000000006,False,29,False,GMRAIRPORT,False,,
2026-06-25,2280.0,47.650000000000006,2278.0,106.63327999999979,111.68327999999997,23.258280000000003,True,125,False,GODFRYPHLP,False,0.02596881959910924,-0.04231625835189312
2026-07-14,2100.0,117.14999999999999,2090.2,-83.7723799999999,-0.2723799999999803,-83.7723799999999,False,125,False,GODFRYPHLP,False,0.026217765042980012,-0.014995224450811917
2026-07-15,2100.0,146.1,2086.3,-58.60561999999999,-33.405619999999985,-58.60561999999999,False,125,False,GODFRYPHLP,False,0.049275362318840665,-0.00019323671497584183
2026-07-16,2100.0,111.05,2095.2,-52.32641999999981,1.5735800000000109,-52.32641999999981,False,125,False,GODFRYPHLP,False,0.0372492836676217,-0.012559694364852048
2026-07-17,2100.0,76.69999999999999,2121.0,2.662080000000108,20.462080000000018,2.662080000000108,False,125,False,GODFRYPHLP,False,0.021636876763875934,-0.04186265286923796
2026-07-20,2100.0,76.95,2114.9,-33.23852000000001,64.21147999999988,38.136480000000006,True,125,False,GODFRYPHLP,False,0.02938388625592414,-0.03914691943127957
2026-07-21,2150.0,81.1,2160.0,4.332680000000011,54.33267999999998,40.082679999999996,True,125,False,GODFRYPHLP,False,0.05351452671040291,-0.04995313964386128
2026-07-22,2100.0,84.64999999999999,2089.0,-52.078859999999985,74.07114000000001,41.996140000000004,True,125,False,GODFRYPHLP,False,0.05772759350740997,-0.05048223947306518
2026-07-23,2100.0,100.89999999999999,2076.4,-32.973759999999984,57.67624000000002,49.976240000000004,True,125,False,GODFRYPHLP,False,0.08608695652173903,-0.02753623188405796
2026-07-24,2050.0,70.64999999999999,2043.9,39.34305999999992,120.3430599999999,34.81806,True,125,False,GODFRYPHLP,False,0.09668292682926816,-0.018048780487804894
2026-07-27,2200.0,70.25,2175.5,68.46354000000001,115.06353999999997,34.53854,True,125,False,GODFRYPHLP,False,0.05499765368371645,-0.05537306428906619
2026-07-28,2100.0,56.199999999999996,2076.7,90.13159999999999,108.33159999999981,27.5316,True,125,False,GODFRYPHLP,False,0.024785553047404152,-0.09119638826185106
2026-07-29,2000.0,166.89999999999998,2014.0,168.4899200000001,209.4899200000001,82.03992,True,125,False,GODFRYPHLP,True,0.18253189401373904,-0.012266928361138407
2026-08-03,2200.0,168.8,2190.5,-82.41624000000019,8.283760000000058,-82.41624000000019,False,125,False,GODFRYPHLP,False,0.13251879699248126,0.002913533834586479
2026-08-04,2400.0,145.2,2377.9,-38.905880000000074,-19.605879999999893,-38.905880000000074,False,125,False,GODFRYPHLP,False,0.07297092738524569,0.001780864609768118
2026-08-05,2300.0,177.25,2322.8,-99.56554,-6.21554,-99.56554,False,125,False,GODFRYPHLP,False,0.0082058295580818,-0.054620052995982604
2026-08-06,2300.0,170.14999999999998,2311.4,-62.33022000000015,-8.480219999999989,-62.33022000000015,False,125,False,GODFRYPHLP,False,0.003993130098755016,-0.07685702018033491
2026-08-07,2300.0,156.45,2282.7,-24.35990000000001,0.8901000000000171,-24.35990000000001,False,125,False,GODFRYPHLP,False,0.005003698385763311,-0.06452595396597494
2026-08-10,2300.0,148.14999999999998,2276.8,1.5140599999999094,4.91406,1.5140599999999094,False,125,False,GODFRYPHLP,False,0.010411198600175142,-0.06325459317585302
2026-08-11,2250.0,139.0,2248.1,-16.334439999999994,-6.434439999999989,-16.334439999999994,False,125,False,GODFRYPHLP,False,-0.006599650349650266,-0.07294580419580421
2026-08-13,2200.0,112.1,2189.5,-27.950759999999807,-0.2507599999999891,-27.950759999999807,False,79,False,GODFRYPHLP,False,,
2026-08-17,2150.0,86.19999999999999,2128.7,-51.8382399999998,-2.9382399999999804,-51.8382399999998,False,27,False,GODFRYPHLP,False,,
2026-08-11,2100.0,107.0,2094.3,-43.977120000000085,20.322880000000097,-43.977120000000085,False,125,False,GODREJPROP,False,-0.0009478672985782088,-0.06592417061611366
2026-08-12,2020.0,102.64999999999999,2024.3,-85.58586,-3.18585999999998,-85.58586,False,104,False,GODREJPROP,False,,
2026-08-13,2000.0,104.25,1998.0,-27.30847999999998,-12.158479999999992,-27.30847999999998,False,78,False,GODREJPROP,False,,
2026-08-14,2000.0,83.25,2002.6,-6.249679999999983,1.6003200000000113,-6.249679999999983,False,52,False,GODREJPROP,False,,
2026-08-17,1980.0,73.05,1979.5,-50.916979999999995,0.9330200000000028,-50.916979999999995,False,26,False,GODREJPROP,False,,
2026-06-29,3120.0,33.900000000000006,3126.2,32.02000000000018,111.82,16.67,True,125,False,GRASIM,False,0.02856321288220065,-0.018403143870411198
2026-06-30,3100.0,33.1,3096.8,73.40828,110.95827999999999,16.158280000000005,True,125,False,GRASIM,False,0.03514469453376212,-0.009485530546623822
2026-07-01,3100.0,138.8,3093.0,-76.56419999999991,2.885799999999988,-76.56419999999991,False,125,False,GRASIM,False,0.03801546391752586,-0.006604381443299001
2026-07-02,3140.0,133.45,3143.9,-104.40598000000007,-1.0059799999999828,-104.40598000000007,False,125,False,GRASIM,False,0.026441541892322507,-0.005606881172347866
2026-07-03,3200.0,124.69999999999999,3202.4,-106.10208000000007,10.547920000000017,-106.10208000000007,False,125,False,GRASIM,False,0.018653177363262774,-0.013152070818842843
2026-07-06,3180.0,135.0,3186.3,-121.91552000000009,-6.515519999999994,-121.91552000000009,False,125,False,GRASIM,False,0.01659880989664897,-0.022424052615095502
2026-07-07,3200.0,127.05,3207.0,-39.3526999999999,-4.702699999999995,-39.3526999999999,False,125,False,GRASIM,False,0.009014609884985925,-0.029717127758781436
2026-07-08,3160.0,112.8,3162.9,-82.50151999999983,11.198480000000009,-82.50151999999983,False,125,False,GRASIM,False,0.02303886034857694,-0.02515049323962315
2026-07-09,3160.0,119.05,3169.6,-31.529740000000174,4.770260000000009,-31.529740000000174,False,125,False,GRASIM,False,0.030639784092713063,-0.02206699476107321
2026-07-10,3220.0,115.3,3219.1,2.24648000000019,43.54647999999989,2.24648000000019,False,125,False,GRASIM,False,0.015644555694618312,-0.04255319148936165
2026-07-13,3200.0,103.25,3193.6,-25.856939999999994,35.743059999999886,-25.856939999999994,False,125,False,GRASIM,False,9.328358208970933e-05,-0.04850746268656714
2026-07-14,3120.0,118.5,3111.6,-84.72727999999981,5.3227199999999995,-84.72727999999981,False,125,False,GRASIM,False,0.009564939219449897,-0.021113243761996192
2026-07-15,3120.0,117.39999999999999,3129.2,-85.21972000000017,-3.2697199999999795,-85.21972000000017,False,125,False,GRASIM,False,0.02802445302445289,-0.015444015444015413
2026-07-16,3080.0,113.35,3071.8,-19.03281999999999,-3.182819999999994,-19.03281999999999,False,125,False,GRASIM,False,0.03636068764190714,-0.007460265974699953
2026-07-17,3100.0,109.75,3101.7,-97.2928599999999,-12.792859999999989,-97.2928599999999,False,125,False,GRASIM,False,0.04146158610124173,-0.0008148896639394998
2026-07-20,3120.0,75.79999999999998,3122.0,-61.15367999999999,16.99632000000003,-61.15367999999999,False,125,False,GRASIM,False,0.026868070062670668,-0.014494616744335498
2026-07-21,3160.0,83.85,3154.3,-41.80321999999999,5.846780000000102,-41.80321999999999,False,125,False,GRASIM,False,0.018683245655986003,-0.022349752909293752
2026-07-22,3160.0,66.25,3152.7,-41.70465999999991,23.545340000000095,-41.70465999999991,False,125,False,GRASIM,False,0.003154574132492094,-0.03268138801261822
2026-07-23,3180.0,56.650000000000006,3175.0,14.790620000000091,53.04062000000009,27.96562,True,125,False,GRASIM,False,0.002838221381267658,-0.032986439608956086
2026-07-24,3080.0,60.3,3087.1,-14.996240000000173,102.55376000000001,29.85375999999999,True,125,False,GRASIM,False,0.015478877781360811,-0.011157691067397613
2026-07-27,3100.0,32.05,3105.0,114.54866000000003,122.59866000000001,15.523659999999998,True,125,False,GRASIM,False,0.01807248391581262,-0.002457081891953039
2026-07-30,3100.0,161.2,3108.1,-46.7736399999998,-2.0736400000000117,-46.7736399999998,False,125,False,GRASIM,False,0.03749999999999987,-0.008515424164524443
2026-08-03,3100.0,140.64999999999998,3109.0,67.8698599999999,67.8698599999999,67.8698599999999,False,125,False,GRASIM,False,0.08310159736144351,0.0033952014486193782
2026-08-04,3160.0,152.64999999999998,3159.2,70.89397999999981,93.49398000000018,75.26897999999998,True,125,False,GRASIM,False,0.07537831021437569,-0.017969735182849944
2026-08-05,3160.0,174.3,3154.4,-16.232960000000126,71.96704000000015,-16.232960000000126,False,125,False,GRASIM,False,0.0926008968609866,0.0044202434336964025
2026-08-06,3220.0,174.14999999999998,3218.0,-110.91625999999997,14.933740000000023,-110.91625999999997,False,125,False,GRASIM,False,0.06089633937735184,-0.01004571890647843
2026-08-10,3340.0,220.64999999999998,3342.8,-127.53074000000007,-27.88073999999997,-127.53074000000007,False,125,False,GRASIM,False,0.025894736842105193,-0.03729323308270671
2026-08-11,3340.0,192.1,3345.0,-106.37980000000007,-4.4298000000000055,-106.37980000000007,False,125,False,GRASIM,False,0.004071997639421676,-0.055473591029802316
2026-08-12,3380.0,179.95,3376.1,-51.415900000000015,-4.665899999999983,-51.415900000000015,False,103,False,GRASIM,False,,
2026-08-13,3220.0,161.0,3227.9,-131.13564,-51.03564,-131.13564,False,77,False,GRASIM,False,,
2026-08-14,3220.0,119.75,3229.6,-89.77014,-9.67014,-89.77014,False,51,False,GRASIM,False,,
2026-08-17,3240.0,100.64999999999999,3239.7,-90.56066,-7.960659999999992,-90.56066,False,25,False,GRASIM,False,,
2026-06-25,5100.0,235.64999999999998,5091.0,345.15777999999995,345.15777999999995,115.53277999999999,True,125,False,GVT&D,True,0.0367063492063493,-0.06666666666666665
2026-06-29,4800.0,242.15000000000003,4784.0,66.20453999999994,326.35453999999993,119.52953999999998,True,125,False,GVT&D,False,0.005742574257425748,-0.14455445544554457
2026-06-30,4900.0,110.69999999999999,4928.5,343.71352000000036,452.6135200000001,53.76351999999999,True,125,False,GVT&D,False,0.03015228426395944,-0.12284263959390862
2026-07-01,5000.0,583.1500000000001,4979.9,-48.986980000000365,78.61302,-48.986980000000365,False,125,False,GVT&D,True,0.014076010456465005,-0.1313090689724512
2026-07-02,4800.0,555.1,4758.7,-293.8917999999997,12.658199999999932,-293.8917999999997,False,125,False,GVT&D,True,-0.0040408163265306385,-0.11836734693877549
2026-07-03,4500.0,505.5,4516.8,-377.47856000000036,36.87143999999998,-377.47856000000036,False,125,False,GVT&D,False,-0.03163495579801667,-0.1056085795325149
2026-07-06,4500.0,508.05000000000007,4490.0,-435.87890000000044,-11.128900000000113,-435.87890000000044,False,125,False,GVT&D,False,0.0660967379077615,-0.023622047244094446
2026-07-07,4400.0,475.55,4443.9,-122.97498000000003,-27.674980000000023,-122.97498000000003,False,125,False,GVT&D,False,0.03868662735900741,-0.04872542358021181
2026-07-08,4500.0,437.70000000000005,4462.6,-358.45123999999987,3.798759999999886,-358.45123999999987,False,125,False,GVT&D,False,0.06561727006970997,-0.02406116483022258
2026-07-09,4500.0,465.3,4536.4,-403.28035999999963,-43.18036000000005,-403.28035999999963,False,125,False,GVT&D,False,0.05776785714285726,-0.01986607142857144
2026-07-10,4600.0,430.25,4629.9,-144.36054000000001,-26.26054,-144.36054000000001,False,125,False,GVT&D,False,0.01571107062479915,-0.05883613760583006
2026-07-13,4600.0,419.0,4573.9,-264.41027999999983,-14.61028,-264.41027999999983,False,125,False,GVT&D,False,0.013086594272740948,-0.0700164921073485
2026-07-14,4400.0,347.90000000000003,4431.0,-275.18076,19.019239999999932,-275.18076,False,125,False,GVT&D,False,0.04415011037527594,-0.041501103752759394
2026-07-15,4600.0,302.35,4580.8,-212.3513800000002,45.99861999999991,-212.3513800000002,False,125,False,GVT&D,False,0.046691745961495945,-0.03916795751272406
2026-07-16,4600.0,319.45000000000005,4563.6,-175.84990000000008,-2.5999000000000683,-175.84990000000008,False,125,False,GVT&D,False,0.006382978723404209,-0.07617021276595748
2026-07-17,4600.0,255.10000000000002,4552.7,48.83060000000032,48.83060000000032,48.83060000000032,False,125,False,GVT&D,False,0.004999999999999893,-0.059650655021833976
2026-07-20,4400.0,252.95,4443.7,-25.997220000000375,23.10277999999999,-25.997220000000375,False,125,False,GVT&D,False,0.04897447584320869,-0.06207839562443018
2026-07-21,4500.0,209.3,4474.0,186.50124000000034,186.50124000000034,102.95124000000003,True,125,False,GVT&D,False,0.03035390504331459,-0.07872764309538194
2026-07-22,4500.0,202.55,4508.8,214.61021999999997,263.91022000000015,99.53522000000004,True,125,False,GVT&D,False,0.023708382447790388,-0.11878655783644343
2026-07-23,4500.0,167.45,4455.0,277.63038000000006,299.03038000000015,82.00537999999999,True,125,False,GVT&D,False,0.01172922252010733,-0.11478999106344956
2026-07-24,4300.0,110.89999999999999,4294.4,-58.15919999999981,368.1908,54.9908,True,125,False,GVT&D,False,-0.003811710677382396,-0.090195177956372
2026-07-27,4200.0,72.5,4171.6,56.334959999999974,399.93496,35.68496,True,125,False,GVT&D,False,0.050000000000000044,-0.05661904761904768
2026-07-28,4100.0,33.45,4102.4,256.7415399999998,439.04154,15.816540000000002,True,125,False,GVT&D,False,0.046710338934776496,-0.05957467008449635
2026-07-29,4100.0,445.55,4068.0,-214.3499400000002,25.950059999999965,-214.3499400000002,False,125,False,GVT&D,False,0.07516419362685478,-0.026392605205546094
2026-07-30,4100.0,476.55,4051.6,-199.76498000000004,-5.264980000000033,-199.76498000000004,False,125,False,GVT&D,False,0.07621134648161676,-0.02544436328220112
2026-07-31,4300.0,434.15000000000003,4340.0,-366.8576999999998,49.092299999999945,-366.8576999999998,False,125,False,GVT&D,False,0.056227758007117545,-0.03890865954922895
2026-08-03,4300.0,470.90000000000003,4287.8,-150.17250000000004,-4.222500000000057,-150.17250000000004,False,125,False,GVT&D,False,0.033666124912932416,-0.05943812398421178
2026-08-06,4300.0,374.35,4276.9,-277.47285999999986,-27.522860000000044,-277.47285999999986,False,125,False,GVT&D,False,0.038821648778259776,-0.07490294587805435
2026-08-07,4400.0,350.15000000000003,4355.1,-253.00566000000003,-49.60566000000008,-253.00566000000003,False,125,False,GVT&D,True,0.036667350333857485,-0.057906611061735225
2026-08-10,4200.0,284.75,4178.5,-133.07514000000003,31.824859999999614,-133.07514000000003,False,125,False,GVT&D,False,0.06161026837806305,-0.03523920653442236
2026-08-11,4300.0,275.15,4315.2,-72.7905,4.559500000000034,-72.7905,False,125,False,GVT&D,False,0.04931721719874527,-0.014578335486251981
2026-08-12,4500.0,318.95000000000005,4517.9,-79.86660000000006,-37.61660000000007,-79.86660000000006,False,106,False,GVT&D,False,,
2026-08-13,4400.0,261.25,4352.7,-121.72504000000002,-41.37504,-121.72504000000002,False,80,False,GVT&D,False,,
2026-08-14,4300.0,229.0,4312.8,-49.596459999999986,-0.04646000000003414,-49.596459999999986,False,54,False,GVT&D,False,,
2026-08-17,4300.0,211.0,4318.0,-31.54605999999999,-3.2460600000000057,-31.54605999999999,False,28,True,GVT&D,False,,
2026-08-10,4900.0,272.95,4910.2,-132.41073999999983,-10.16074,-132.41073999999983,False,125,False,HAL,False,0.02997208582081967,-0.021292202367611424
2026-08-11,4900.0,266.25,4922.5,-106.44601999999966,-9.69602,-106.44601999999966,False,125,False,HAL,False,0.04483759053744252,-0.025462070644565737
2026-08-12,4900.0,251.65000000000003,4900.2,-93.89926000000006,-1.549260000000034,-93.89926000000006,False,103,False,HAL,False,,
2026-08-13,4950.0,199.2,4955.0,-91.16239999999998,1.4876000000000227,-91.16239999999998,False,77,False,HAL,False,,
2026-08-14,4950.0,194.25,4945.0,-86.19854,-6.648540000000011,-86.19854,False,51,False,HAL,False,,
2026-08-17,5100.0,189.6,5120.0,-149.34511999999998,5.354880000000028,-149.34511999999998,False,25,False,HAL,False,,
2026-06-25,1190.0,29.55,1192.3,37.13008000000001,47.930080000000004,14.505080000000001,True,125,False,HAVELLS,False,0.010943682128125243,-0.04007071302298182
2026-06-29,1180.0,17.15,1182.2,47.96928,57.46928,8.34428,True,125,False,HAVELLS,False,0.018747879199185746,-0.03266033254156775
2026-06-30,1150.0,11.95,1146.7,20.924419999999916,35.52442000000005,5.8494199999999985,True,125,False,HAVELLS,False,0.04199566160520618,-0.010585683297180126
2026-07-01,1190.0,73.55,1189.7,-49.02509999999991,0.12490000000000545,-49.02509999999991,False,125,False,HAVELLS,False,0.06214347450302515,0.013310285220397677
2026-07-02,1200.0,76.1,1196.3,-58.96151999999999,-2.6115199999999943,-58.96151999999999,False,125,False,HAVELLS,False,0.038283550694152346,-0.010517458981909922
2026-07-03,1190.0,69.75,1188.7,-63.562940000000005,1.0870600000000112,-63.562940000000005,False,125,False,HAVELLS,False,0.03985843094295105,-0.009016600657284934
2026-07-06,1180.0,68.85,1180.1,-62.361260000000044,2.28874,-62.361260000000044,False,125,False,HAVELLS,False,0.045762711864406835,-0.003389830508474523
2026-07-08,1210.0,72.55,1214.9,-53.706339999999955,-0.20633999999998875,-53.706339999999955,False,125,False,HAVELLS,False,0.006607390488620579,-0.05245126029855629
2026-07-09,1220.0,69.89999999999999,1217.5,-34.79455999999998,0.1054400000000199,-34.79455999999998,False,125,False,HAVELLS,False,0.006667215408675542,-0.043871923615112496
2026-07-10,1200.0,76.1,1196.5,-42.1088399999999,-3.9088399999999948,-42.1088399999999,False,125,False,HAVELLS,False,0.014399330263708654,-0.02754290498116374
2026-07-13,1170.0,73.44999999999999,1173.2,-60.3926199999999,-4.392619999999992,-60.3926199999999,False,125,False,HAVELLS,False,0.00979729729729728,-0.03614864864864864
2026-07-14,1170.0,70.55,1173.4,-38.5376999999999,-2.1376999999999944,-38.5376999999999,False,125,False,HAVELLS,False,0.025169491525423693,-0.032881355932203316
2026-07-15,1190.0,64.15,1190.8,-47.8755400000001,2.5744600000000117,-47.8755400000001,False,125,False,HAVELLS,False,0.029268292682926855,-0.04020185029436496
2026-07-16,1180.0,69.94999999999999,1184.5,-47.70858000000008,-0.5085799999999856,-47.70858000000008,False,125,False,HAVELLS,False,0.03932059447983005,-0.03082802547770702
2026-07-17,1170.0,64.85,1165.6,-31.924260000000032,3.5757400000000086,-31.924260000000032,False,125,False,HAVELLS,False,0.048492117888965014,-0.022275531185743658
2026-07-20,1180.0,44.25,1183.4,20.54410000000005,20.54410000000005,20.54410000000005,False,125,False,HAVELLS,False,0.04089687604971459,-0.021162243869667474
2026-07-21,1200.0,38.55,1202.4,-1.661539999999946,6.338460000000054,-1.661539999999946,False,125,False,HAVELLS,False,0.03675064438347064,-0.009229234222998373
2026-07-22,1210.0,37.35,1206.6,-18.008900000000093,-2.40889999999995,-18.008900000000093,False,125,False,HAVELLS,False,0.021212121212121238,-0.024078624078624156
2026-07-23,1200.0,33.5,1202.6,8.388600000000052,11.388600000000052,8.388600000000052,False,125,False,HAVELLS,False,0.03134822167080231,-0.010918114143920632
2026-07-24,1200.0,25.8,1203.3,33.86032000000001,35.86032000000001,12.660320000000002,True,125,False,HAVELLS,False,0.049207534644428064,-0.0077172018919591245
2026-07-27,1250.0,15.3,1245.2,1.011519999999998,9.411520000000088,7.5615200000000025,True,125,False,HAVELLS,False,0.035691056910569285,-0.004878048780487809
2026-07-28,1240.0,11.75,1237.2,32.99166,56.79166,5.71666,True,125,False,HAVELLS,False,0.039150791088149894,-0.011947045527930245
2026-07-29,1220.0,58.75,1229.6,15.776060000000006,19.776060000000005,15.776060000000006,False,125,False,HAVELLS,False,0.05968083374043309,-0.0002442598925256334
2026-07-30,1240.0,63.150000000000006,1242.2,-15.56066,4.239339999999997,-15.56066,False,125,False,HAVELLS,False,0.05044390637610974,-0.008958837772397032
2026-07-31,1260.0,69.14999999999999,1260.0,-44.21390000000004,-3.563899999999997,-44.21390000000004,False,125,False,HAVELLS,False,0.031299524564183834,-0.004041204437400858
2026-08-03,1260.0,61.14999999999999,1266.5,-35.79261999999995,2.0573800000000113,-35.79261999999995,False,125,False,HAVELLS,False,0.032608695652173836,-0.00103141859727085
2026-08-04,1280.0,61.05,1290.0,-12.407719999999994,0.24228000000001138,-12.407719999999994,False,125,False,HAVELLS,False,0.012840466926069993,-0.008793774319066139
2026-08-05,1280.0,62.14999999999999,1287.0,-17.649179999999994,-2.399179999999994,-17.649179999999994,False,125,False,HAVELLS,False,0.008475894245723259,-0.012363919129082523
2026-08-06,1280.0,59.25,1281.5,-42.26378000000005,-3.1137800000000055,-42.26378000000005,False,125,False,HAVELLS,False,0.004347826086956497,-0.023524844720496874
2026-08-07,1280.0,54.3,1286.7,-43.881439999999955,0.7685600000000028,-43.881439999999955,False,125,False,HAVELLS,False,0.005597014925373012,-0.02495335820895528
2026-08-10,1280.0,53.300000000000004,1278.9,-35.59908000000001,-2.199080000000007,-35.59908000000001,False,125,False,HAVELLS,False,0.013766819631329197,-0.024422493583262095
2026-08-11,1280.0,46.6,1280.4,-19.506639999999912,0.4433599999999983,-19.506639999999912,False,125,False,HAVELLS,False,0.022789142101578896,-0.024422493583262095
2026-08-12,1280.0,40.7,1275.0,-21.368280000000095,2.531719999999996,-21.368280000000095,False,105,False,HAVELLS,False,,
2026-08-13,1260.0,43.45,1266.2,-4.181980000000088,9.418020000000048,-4.181980000000088,False,79,False,HAVELLS,False,,
2026-08-14,1260.0,30.450000000000003,1267.8,8.854419999999912,22.45442000000005,15.029420000000002,True,53,False,HAVELLS,False,,
2026-08-17,1280.0,40.45,1282.3,-21.117580000000096,-7.517579999999952,-21.117580000000096,False,27,False,HAVELLS,False,,
2026-08-10,1360.0,65.39999999999999,1358.0,-19.113319999999998,-3.1633199999999873,-19.113319999999998,False,125,False,HCLTECH,False,0.02010941889693929,-0.009019665828774115
2026-08-11,1370.0,59.05,1371.4,-20.32426000000008,2.525739999999997,-20.32426000000008,False,125,False,HCLTECH,False,0.01920520017727867,-0.020904121731422642
2026-08-12,1370.0,59.800000000000004,1365.6,-4.522839999999953,-1.8728400000000045,-4.522839999999953,False,104,False,HCLTECH,False,,
2026-08-13,1360.0,59.85,1360.7,-14.544979999999951,-6.144980000000001,-14.544979999999951,False,78,False,HCLTECH,False,,
2026-08-14,1360.0,50.2,1360.7,-4.867959999999952,-1.217960000000003,-4.867959999999952,False,52,False,HCLTECH,False,,
2026-08-17,1340.0,46.2,1343.1,-20.800759999999958,-2.350760000000006,-20.800759999999958,False,26,False,HCLTECH,False,,
2026-06-29,2646.0,41.550000000000004,2653.0,135.73581999999996,136.03582000000014,20.160819999999998,True,125,False,HDFCAMC,False,0.058537504711647204,-0.022088202035431603
2026-07-07,2786.0,155.1,2771.3,-72.76640000000008,1.6836000000000229,-72.76640000000008,False,125,False,HDFCAMC,False,0.012484664790358702,-0.04532005484592616
2026-07-08,2760.0,167.3,2767.2,-106.83924000000019,-7.6892400000000105,-106.83924000000019,False,125,False,HDFCAMC,False,0.002083333333333437,-0.051005747126436796
2026-07-09,2700.0,160.25,2696.9,-99.86922000000008,2.330779999999989,-99.86922000000008,False,125,False,HDFCAMC,False,0.04820589892917537,-0.007326695472477884
2026-07-10,2760.0,135.1,2762.4,-33.86331999999999,24.486680000000007,-33.86331999999999,False,125,False,HDFCAMC,False,0.019030573108814064,-0.05482704459948129
2026-07-14,2700.0,172.89999999999998,2702.9,-16.82344000000009,-14.523439999999965,-16.82344000000009,False,125,False,HDFCAMC,False,0.00959503830718722,-0.055964976286027035
2026-07-15,2700.0,155.0,2698.8,67.34075999999997,67.34075999999997,67.34075999999997,False,125,False,HDFCAMC,False,0.039556724267468146,-0.03144252441773099
2026-07-16,2650.0,139.14999999999998,2638.9,-32.73922000000015,41.36078000000018,-32.73922000000015,False,125,False,HDFCAMC,False,0.0018355359765052093,-0.06839207048458151
2026-07-22,2600.0,83.05,2564.9,-25.145499999999902,47.754500000000164,41.12949999999999,True,125,False,HDFCAMC,False,0.003171288239161685,-0.045326217271918545
2026-07-23,2560.0,67.19999999999999,2542.5,-54.6237199999999,23.7762800000002,-54.6237199999999,False,125,False,HDFCAMC,False,0.005570812083169896,-0.031581012161632005
2026-07-24,2506.0,64.0,2493.2,46.211120000000186,51.811120000000095,31.51112,True,125,False,HDFCAMC,False,0.014513442778967267,-0.021135696724561837
2026-07-30,2550.0,155.05,2542.6,-22.35766000000001,-3.55766,-22.35766000000001,False,125,False,HDFCAMC,False,0.04003145890680315,-0.005426661423515555
2026-07-31,2550.0,146.64999999999998,2570.8,-22.460199999999976,0.2898000000000398,-22.460199999999976,False,125,False,HDFCAMC,False,0.037379878407530986,-0.0064718572269072405
2026-08-03,2600.0,114.05,2612.3,-61.517460000000085,29.782540000000015,-61.517460000000085,False,125,False,HDFCAMC,False,0.011782708492731553,-0.03550114766641166
2026-08-04,2550.0,168.75,2572.7,-54.84337999999998,-30.193379999999976,-54.84337999999998,False,125,False,HDFCAMC,False,0.0050075695819262744,-0.021311284499825334
2026-08-05,2550.0,130.5,2574.6,-91.07683999999999,2.573160000000011,-91.07683999999999,False,125,False,HDFCAMC,False,0.01834319526627226,-0.012149901380670736
2026-08-06,2550.0,127.15,2553.2,-63.585220000000184,0.2647800000000118,-63.585220000000184,False,125,False,HDFCAMC,False,0.007709768315591781,-0.028530056355666744
2026-08-10,2550.0,122.39999999999999,2536.1,-50.445440000000076,-4.245439999999988,-50.445440000000076,False,125,False,HDFCAMC,False,0.009368874950999695,-0.03167385339082718
2026-08-11,2500.0,122.1,2520.6,-85.54520000000008,-6.995199999999983,-85.54520000000008,False,125,False,HDFCAMC,False,0.00043086564825700613,-0.032432432432432545
2026-08-12,2500.0,106.2,2518.6,-33.40232,-1.3023199999999973,-33.40232,False,110,False,HDFCAMC,False,,
2026-08-13,2500.0,102.19999999999999,2487.9,-29.39111999999999,-4.691119999999988,-29.39111999999999,False,84,False,HDFCAMC,False,,
2026-08-14,2500.0,97.9,2491.1,-25.07908000000001,-6.72908,-25.07908000000001,False,58,False,HDFCAMC,False,,
2026-08-17,2500.0,86.35,2479.1,-13.496739999999997,-3.69674,-13.496739999999997,False,32,False,HDFCAMC,False,,
2026-06-25,800.0,15.350000000000001,798.7,-12.650399999999978,29.399599999999996,7.624600000000001,True,125,False,HDFCBANK,False,0.016775983854692367,-6.306760847618609e-05
2026-06-29,795.0,9.6,795.65,10.516839999999954,33.866839999999996,4.7168399999999995,True,125,False,HDFCBANK,False,0.013819095477386911,-0.00408291457286436
2026-06-30,795.0,6.1,796.95,33.97063999999996,37.32064,2.9206399999999992,True,125,False,HDFCBANK,False,0.042829372295729584,-0.005769110177462844
2026-07-01,800.0,44.1,799.0,-15.902720000000002,-0.0027200000000042746,-15.902720000000002,False,125,False,HDFCBANK,False,0.053157598850646526,-0.00868261602848408
2026-07-02,800.0,44.55,801.4,-29.31758,-3.217579999999997,-29.31758,False,125,False,HDFCBANK,False,0.05904522613065333,-0.002512562814070307
2026-07-03,805.0,40.85,802.85,-22.36632,-0.9163200000000071,-22.36632,False,125,False,HDFCBANK,False,0.060377358490566024,0.004465408805031323
2026-07-06,815.0,37.0,815.3,-34.46074,-3.0607400000000027,-34.46074,False,125,False,HDFCBANK,False,0.05236876599463214,0.004931028025716211
2026-07-07,835.0,35.05,835.3,-15.503020000000044,-1.203019999999997,-15.503020000000044,False,125,False,HDFCBANK,False,0.01817742617307805,-0.02536385047406242
2026-07-08,830.0,29.5,828.5,-15.172780000000047,2.777219999999999,-15.172780000000047,False,125,False,HDFCBANK,False,0.00827794561933537,-0.024833836858005998
2026-07-09,815.0,34.05,815.5,-5.525419999999998,-1.67542,-5.525419999999998,False,125,False,HDFCBANK,False,0.02254617332756803,-0.00302674655630375
2026-07-10,825.0,30.950000000000003,823.75,-19.61844000000005,0.48155999999999444,-19.61844000000005,False,125,False,HDFCBANK,False,0.013096695226438193,-0.012851897184822492
2026-07-13,810.0,29.650000000000002,812.25,1.2801800000000418,1.2801800000000418,1.2801800000000418,False,125,False,HDFCBANK,False,-0.0009702850212249814,-0.021831412977562192
2026-07-14,815.0,32.85,815.2,10.835380000000004,10.835380000000004,10.835380000000004,False,125,False,HDFCBANK,False,0.007584097859327343,-0.05253822629969429
2026-07-15,815.0,31.25,815.45,28.59450000000005,28.59450000000005,15.3695,True,125,False,HDFCBANK,False,0.01817058096415325,-0.06044499381953028
2026-07-16,815.0,30.05,813.9,37.875179999999965,37.875179999999965,14.750180000000002,True,125,False,HDFCBANK,False,0.010674846625766898,-0.07932515337423307
2026-07-17,815.0,29.25,813.45,43.91271999999996,43.91271999999996,14.337720000000001,True,125,False,HDFCBANK,False,0.01911537271883712,-0.08042066192390973
2026-07-20,780.0,25.400000000000002,778.8,9.630599999999959,15.78060000000005,12.5306,True,125,False,HDFCBANK,False,-0.03752436647173485,-0.10179093567251452
2026-07-21,770.0,22.450000000000003,771.0,10.245440000000048,10.245440000000048,10.245440000000048,False,125,False,HDFCBANK,False,-0.007005591618998719,-0.05231698695288911
2026-07-22,755.0,22.6,754.8,-14.236660000000048,-1.18665999999998,-14.236660000000048,False,125,False,HDFCBANK,False,-6.566850538480828e-05,-0.0386130811662726
2026-07-23,745.0,17.9,746.7,-13.711739999999976,-2.6617399999999978,-13.711739999999976,False,125,False,HDFCBANK,False,-0.00305221949439316,-0.0285979696105102
2026-07-24,740.0,13.6,741.45,-1.3722400000000237,0.42776000000000186,-1.3722400000000237,False,125,False,HDFCBANK,False,0.016087947446038253,-0.018635205791661003
2026-07-27,745.0,11.2,744.7,-4.599699999999999,0.3003000000000014,-4.599699999999999,False,125,False,HDFCBANK,False,0.019367854741089374,-0.015467383994619999
2026-07-28,735.0,10.05,737.05,7.772019999999998,10.422019999999975,4.94702,True,125,False,HDFCBANK,False,0.023843296183721607,-0.011144883485309065
2026-07-29,750.0,38.550000000000004,746.45,-30.779780000000006,-1.3797800000000071,-30.779780000000006,False,125,False,HDFCBANK,False,0.028707159823549322,0.0016966406515099841
2026-07-30,750.0,36.55,749.35,-21.943359999999977,-0.64336,-21.943359999999977,False,125,False,HDFCBANK,False,0.01282907924629173,-0.020980890017372578
2026-07-31,750.0,34.5,752.4,-18.441680000000048,-0.24168000000000128,-18.441680000000048,False,125,False,HDFCBANK,False,0.0055083620918503495,-0.027608176267586826
2026-08-03,750.0,35.150000000000006,751.75,-15.952319999999961,-3.152320000000007,-15.952319999999961,False,125,False,HDFCBANK,False,0.011831550802139157,-0.026470588235294024
2026-08-04,750.0,32.35,748.85,-13.942240000000025,-1.1422400000000035,-13.942240000000025,False,125,False,HDFCBANK,False,0.0029294274300932788,-0.030359520639147708
2026-08-05,740.0,33.45,737.7,-22.424600000000005,-0.8246000000000029,-22.424600000000005,False,125,False,HDFCBANK,False,0.0039918809201624494,-0.01684709066305823
2026-08-06,740.0,31.0,736.75,-17.724040000000002,0.9759599999999943,-17.724040000000002,False,125,False,HDFCBANK,False,0.007277426375569718,-0.017887505951166394
2026-08-07,730.0,30.950000000000003,734.55,-6.255960000000002,1.2940399999999956,-6.255960000000002,False,125,False,HDFCBANK,False,0.004836512261580328,-0.016348773841961872
2026-08-10,730.0,32.1,730.0,-9.802460000000002,-2.0524600000000057,-9.802460000000002,False,125,False,HDFCBANK,False,0.007581967213114771,-0.013661202185792365
2026-08-11,730.0,30.200000000000003,727.75,-10.489860000000006,-2.289860000000006,-10.489860000000006,False,125,False,HDFCBANK,False,0.00027326137450467414,-0.013526438037983257
2026-08-12,730.0,26.5,727.4,-14.308359999999999,-0.15836000000000072,-14.308359999999999,False,109,False,HDFCBANK,False,,
2026-08-13,730.0,27.650000000000002,726.1,-15.461580000000001,-2.311580000000003,-15.461580000000001,False,83,False,HDFCBANK,False,,
2026-08-14,730.0,25.75,726.2,-13.55626,-1.7062600000000014,-13.55626,False,57,False,HDFCBANK,False,,
2026-08-17,730.0,21.0,725.6,-8.792959999999999,-0.7929600000000029,-8.792959999999999,False,31,False,HDFCBANK,False,,
2026-08-10,5900.0,259.40000000000003,5912.5,-160.00716000000003,10.39283999999992,-160.00716000000003,False,125,False,HEROMOTOCO,False,0.03567378979502833,0.004186655037069276
2026-08-11,5900.0,272.0,5882.0,-131.75724000000002,-16.307240000000036,-131.75724000000002,False,125,False,HEROMOTOCO,False,0.017480719794344513,-0.016281062553556103
2026-08-12,5900.0,232.20000000000002,5890.0,-78.38360000000004,6.866399999999989,-78.38360000000004,False,103,False,HEROMOTOCO,False,,
2026-08-13,5900.0,239.7,5913.0,-85.90460000000002,-7.454599999999994,-85.90460000000002,False,77,False,HEROMOTOCO,False,,
2026-08-14,5800.0,231.5,5808.0,-177.40164,-21.601639999999982,-177.40164,False,51,False,HEROMOTOCO,False,,
2026-08-17,5800.0,185.2,5796.5,-130.97199999999998,1.3780000000000112,-130.97199999999998,False,25,False,HEROMOTOCO,False,,
2026-06-25,960.0,21.5,962.1,-4.208640000000002,38.39136,10.64136,True,125,False,HINDALCO,False,-0.0025614754098360892,-0.03944672131147542
2026-06-29,960.0,18.650000000000002,959.4,37.98887999999999,41.13887999999999,9.11388,True,125,False,HINDALCO,False,0.028148303749606196,-0.015334523684486956
2026-06-30,960.0,7.5,959.0,9.730839999999976,52.43084,3.68084,True,125,False,HINDALCO,False,0.019314641744548222,-0.026479750778816147
2026-07-01,950.0,62.05,945.75,-42.57862000000004,-1.6286199999999984,-42.57862000000004,False,125,False,HINDALCO,False,0.023566214807090757,-0.022419186652763323
2026-07-02,950.0,61.05,953.8,-48.556220000000046,-1.9062200000000027,-48.556220000000046,False,125,False,HINDALCO,False,0.04492229082393018,0.0028209495422610864
2026-07-03,980.0,57.14999999999999,977.5,-7.050859999999993,-3.1508599999999944,-7.050859999999993,False,125,False,HINDALCO,False,0.0327196212519727,0.0005786428195686533
2026-07-06,960.0,57.75,964.5,-8.849179999999997,-6.599180000000004,-8.849179999999997,False,125,False,HINDALCO,False,0.03366544310435238,0.000524383848977461
2026-07-07,980.0,55.8,977.4,-9.935179999999999,-3.3851799999999943,-9.935179999999999,False,125,False,HINDALCO,False,0.006741573033707926,-0.02487231869254347
2026-07-08,970.0,49.1,969.8,-44.35092,4.249079999999998,-44.35092,False,125,False,HINDALCO,False,0.03184449958643509,-0.012975599669148075
2026-07-09,960.0,53.7,962.8,-11.51894,-2.8689400000000016,-11.51894,False,125,False,HINDALCO,False,0.025114272507832158,-0.021108314929895733
2026-07-10,980.0,50.900000000000006,977.35,-20.428200000000054,0.22179999999998878,-20.428200000000054,False,125,False,HINDALCO,False,0.038285476487723624,-0.008531002913025443
2026-07-13,960.0,45.2,963.85,-32.4624,3.4375999999999944,-32.4624,False,125,False,HINDALCO,False,0.030512674892869907,-0.02989312819453771
2026-07-14,980.0,43.7,980.95,-13.20804000000005,2.841959999999997,-13.20804000000005,False,125,False,HINDALCO,False,0.03419689119170988,-0.02642487046632125
2026-07-15,960.0,44.35,965.0,-38.98929999999998,-0.8393000000000029,-38.98929999999998,False,125,False,HINDALCO,False,0.004115226337448652,-0.03343621399176955
2026-07-16,960.0,44.7,962.35,-22.537460000000003,-2.4374599999999997,-22.537460000000003,False,125,False,HINDALCO,False,0.01982170949134754,-0.014682747771368687
2026-07-17,950.0,39.2,949.2,-18.966600000000003,0.28339999999999577,-18.966600000000003,False,125,False,HINDALCO,False,0.004166666666666652,-0.021354166666666674
2026-07-20,950.0,35.7,947.0,-26.376140000000003,-1.876140000000007,-26.376140000000003,False,125,False,HINDALCO,False,0.020051849108512876,-0.0056610761335378346
2026-07-21,950.0,31.450000000000003,949.2,-20.76802000000003,-2.5180200000000057,-20.76802000000003,False,125,False,HINDALCO,False,0.015806111696522684,-0.009799789251843993
2026-07-22,950.0,23.35,954.4,-16.68399999999998,1.2659999999999942,-16.68399999999998,False,125,False,HINDALCO,False,0.009424083769633551,-0.02083769633507848
2026-07-23,960.0,23.25,960.05,-11.747299999999957,41.4527,11.5277,True,125,False,HINDALCO,False,0.01611374407582944,-0.01516587677725112
2026-07-24,950.0,28.0,945.35,-0.7548400000000014,-0.7548400000000014,-0.7548400000000014,False,125,False,HINDALCO,False,0.017834728033472746,-0.021861924686192413
2026-07-27,950.0,14.9,948.35,20.359440000000006,20.40943999999996,7.309440000000001,True,125,False,HINDALCO,False,0.04688741721854295,-0.009165562913907244
2026-07-28,940.0,10.899999999999999,939.1,43.71631999999998,49.41632,5.2663199999999994,True,125,False,HINDALCO,False,0.0513756613756613,-0.010476190476190417
2026-07-29,940.0,62.14999999999999,943.15,17.352540000000015,17.352540000000015,17.352540000000015,False,125,False,HINDALCO,False,0.08299638220898053,-0.0017556927005745182
2026-07-30,980.0,62.5,971.7,-7.37998000000004,1.4700199999999972,-7.37998000000004,False,125,False,HINDALCO,False,0.07780082987551862,-0.003526970954356834
2026-07-31,980.0,62.9,977.5,-18.80015999999999,1.0998399999999986,-18.80015999999999,False,125,False,HINDALCO,False,0.07684373388344512,0.0015987622485817976
2026-08-03,980.0,62.150000000000006,985.5,-8.47494000000009,0.4250599999999931,-8.47494000000009,False,125,False,HINDALCO,False,0.08311954848640335,0.007029245767059988
2026-08-04,1000.0,65.05,1005.15,-11.881660000000082,0.018340000000008738,-11.881660000000082,False,125,False,HINDALCO,False,0.07914141414141396,0.003131313131313096
2026-08-05,1020.0,65.0,1022.2,-26.93909999999995,0.010899999999997023,-26.93909999999995,False,125,False,HINDALCO,False,0.050058950677932756,-0.00638632344271961
2026-08-06,1020.0,68.85,1026.5,-9.559519999999988,-5.209520000000079,-9.559519999999988,False,125,False,HINDALCO,False,0.05060112983438758,-0.01887885664622657
2026-08-07,1040.0,61.8,1030.3,-22.832659999999997,-0.9326599999999915,-22.832659999999997,False,125,False,HINDALCO,False,0.06100058513750728,-0.008191925102399189
2026-08-10,1060.0,53.150000000000006,1057.75,-29.01671999999996,-7.566720000000009,-29.01671999999996,False,125,False,HINDALCO,False,0.03417300380228139,-0.02913498098859313
2026-08-11,1060.0,48.400000000000006,1055.0,-16.525120000000012,-4.9751200000000075,-16.525120000000012,False,125,False,HINDALCO,False,0.03515699333967648,-0.028211227402473837
2026-08-12,1080.0,41.900000000000006,1084.1,-6.018119999999954,14.131880000000022,-6.018119999999954,False,105,False,HINDALCO,False,,
2026-08-13,1060.0,44.900000000000006,1056.4,-28.97051999999996,-2.570520000000006,-28.97051999999996,False,79,False,HINDALCO,False,,
2026-08-14,1020.0,41.0,1029.0,-17.480880000000045,-2.1808799999999997,-17.480880000000045,False,53,False,HINDALCO,False,,
2026-08-17,1040.0,34.95,1035.8,-5.6800400000000035,-2.4800400000000042,-5.6800400000000035,False,27,False,HINDALCO,False,,
2026-08-10,390.0,19.8,392.55,-1.9055599999999795,-1.6555600000000008,-1.9055599999999795,False,125,False,HINDPETRO,False,0.007625826131164137,-0.05693950177935936
2026-08-11,390.0,19.3,387.75,-0.6064000000000248,0.9435999999999866,-0.6064000000000248,False,125,False,HINDPETRO,False,0.005609382967873611,-0.06425293217746042
2026-08-12,390.0,17.45,392.15,0.8498999999999993,2.799899999999988,0.8498999999999993,False,111,False,HINDPETRO,False,,
2026-08-13,390.0,16.650000000000002,391.6,1.6521399999999964,3.6021399999999852,1.6521399999999964,False,85,False,HINDPETRO,False,,
2026-08-14,370.75,16.6,373.9,-5.976160000000002,-2.3761600000000023,-5.976160000000002,False,59,False,HINDPETRO,False,,
2026-08-17,370.0,14.2,370.35,-12.843399999999999,-2.143399999999998,-12.843399999999999,False,33,False,HINDPETRO,False,,
2026-06-18,570.0,26.75,573.3,14.559180000000028,14.559180000000028,13.18418,True,125,False,HINDZINC,False,0.00725524475524475,-0.06416083916083926
2026-06-19,560.0,22.700000000000003,560.55,15.778500000000003,18.828499999999956,11.178500000000001,True,125,False,HINDZINC,False,0.00725524475524475,-0.09641608391608392
2026-06-22,560.0,23.35,564.25,15.375980000000004,18.17597999999996,11.500980000000004,True,125,False,HINDZINC,False,0.022448979591836782,-0.0827861579414374
2026-06-23,560.0,24.9,556.4,5.245719999999977,16.64571999999996,12.295719999999996,True,125,False,HINDZINC,False,-0.015361787553460848,-0.09775682988565937
2026-06-24,540.0,24.25,541.2,-16.340019999999978,-2.640020000000047,-16.340019999999978,False,125,False,HINDZINC,False,0.00146520146520146,-0.05338827838827831
2026-06-25,530.0,15.55,528.4,-2.1310599999999793,22.56894,7.693940000000002,True,125,False,HINDZINC,False,-0.011821204285186515,-0.04534540081270766
2026-06-29,520.0,13.85,521.25,5.2078799999999985,23.357879999999994,6.8328799999999985,True,125,False,HINDZINC,False,0.05072324011571827,-0.002217936354869776
2026-06-30,520.0,6.949999999999999,521.0,5.745120000000022,30.295119999999997,3.4201199999999994,True,125,False,HINDZINC,False,0.037897543325080996,-0.01475909350599891
2026-07-01,530.0,39.0,529.6,-8.345300000000002,-1.3953000000000029,-8.345300000000002,False,125,False,HINDZINC,False,0.020790410189174047,-0.024817381532122096
2026-07-02,530.0,36.1,531.9,-4.739140000000001,-0.039140000000001424,-4.739140000000001,False,125,False,HINDZINC,False,0.038293008192036515,-0.0055248618784530246
2026-07-03,540.0,33.650000000000006,543.6,-3.3293400000000055,1.5706599999999928,-3.3293400000000055,False,125,False,HINDZINC,False,0.030245746691871522,-0.013232514177693777
2026-07-06,540.0,34.85,539.25,-24.825720000000004,-1.6757200000000043,-24.825720000000004,False,125,False,HINDZINC,False,0.017740429505135324,-0.025210084033613467
2026-07-07,530.0,33.05,532.85,-3.3758399999999957,-0.17584,-3.3758399999999957,False,125,False,HINDZINC,False,0.008151167098925605,-0.032975175991107775
2026-07-08,530.0,29.750000000000004,528.85,-1.263240000000005,3.1367599999999936,-1.263240000000005,False,125,False,HINDZINC,False,0.02679245283018883,-0.015094339622641506
2026-07-09,530.0,32.0,526.0,-4.516740000000001,-0.21674000000000426,-4.516740000000001,False,125,False,HINDZINC,False,0.021492257156264793,-0.018113561708118175
2026-07-10,540.0,32.25,539.5,-9.005540000000002,0.8944599999999971,-9.005540000000002,False,125,False,HINDZINC,False,0.03019403691433986,-0.01353525792711785
2026-07-13,530.0,31.05,529.75,-24.106400000000022,-0.30639999999999923,-24.106400000000022,False,125,False,HINDZINC,False,0.000932835820895539,-0.03927238805970146
2026-07-14,530.0,30.6,534.9,-9.445040000000004,-1.1450400000000036,-9.445040000000004,False,125,False,HINDZINC,False,0.0065666041275798115,-0.03386491557223259
2026-07-15,530.0,28.75,534.85,-20.20444,-0.8044400000000028,-20.20444,False,125,False,HINDZINC,False,0.016002272512072757,-0.024808256793864003
2026-07-16,530.0,29.25,525.15,-19.95794,-1.5579400000000028,-19.95794,False,125,False,HINDZINC,False,0.025009473285335426,-0.024346343311860363
2026-07-17,520.0,24.25,516.5,-17.83581999999998,0.41417999999999994,-17.83581999999998,False,125,False,HINDZINC,False,0.0369731800766282,-0.013505747126436707
2026-07-20,520.0,23.5,522.85,-5.665780000000047,-1.2157800000000012,-5.665780000000047,False,125,False,HINDZINC,False,0.0444766039556197,0.00019295706705269033
2026-07-21,530.0,22.200000000000003,527.9,-15.929660000000004,-1.0796600000000036,-15.929660000000004,False,125,False,HINDZINC,False,0.03635667814772292,-0.00028702640642930266
2026-07-22,540.0,18.900000000000002,538.75,-8.731339999999982,1.4186599999999965,-8.731339999999982,False,125,False,HINDZINC,False,0.012336448598130989,-0.023457943925233593
2026-07-23,540.0,19.9,539.5,12.154399999999997,13.504399999999999,9.8044,True,125,False,HINDZINC,False,0.010636312744915166,-0.025097966038439834
2026-07-24,530.0,17.950000000000003,526.6,-10.620700000000003,15.079299999999991,8.904300000000001,True,125,False,HINDZINC,False,0.019851350079969743,-0.01693480101608802
2026-07-27,540.0,13.95,538.05,14.730579999999998,19.480579999999996,6.855579999999998,True,125,False,HINDZINC,False,0.019207345638527107,-0.018083013210905996
2026-07-28,530.0,7.199999999999999,526.6,9.6328,25.832799999999995,3.5327999999999995,True,125,False,HINDZINC,False,0.040548204158790346,-0.009451795841209809
2026-07-29,530.0,32.3,529.65,0.31799999999998585,0.6179999999999972,0.31799999999998585,False,125,False,HINDZINC,False,0.06848536516055703,-0.0010419626787914193
2026-07-30,540.0,32.85,539.5,23.25052000000005,23.25052000000005,16.175520000000006,True,125,False,HINDZINC,False,0.10874397925157475,-0.015746572804742454
2026-07-31,540.0,30.3,537.5,21.120820000000005,27.42081999999996,14.920820000000003,True,125,False,HINDZINC,False,0.1290743155149936,-0.0028869435649095943
2026-08-03,540.0,29.450000000000003,542.65,33.98945999999996,33.98945999999996,14.46446,True,125,False,HINDZINC,False,0.12415391747797866,0.0040797403801577925
2026-08-04,560.0,29.85,558.05,8.109880000000004,16.209880000000027,14.734880000000004,True,125,False,HINDZINC,False,0.11306256860592745,-9.147457006963844e-05
2026-08-05,570.0,27.75,570.75,-6.337760000000024,8.662239999999983,-6.337760000000024,False,125,False,HINDZINC,False,0.08063943161634102,0.008880994671403242
2026-08-06,590.0,34.1,594.55,-27.862979999999958,-0.36298000000000724,-27.862979999999958,False,125,False,HINDZINC,False,0.020035208315868802,-0.03344790007544651
2026-08-07,590.0,32.1,592.5,-18.577820000000003,0.2721799999999986,-18.577820000000003,False,125,False,HINDZINC,False,0.031186440677966054,-0.027118644067796627
2026-08-10,600.0,30.15,602.05,6.014080000000052,10.814080000000008,6.014080000000052,False,125,False,HINDZINC,False,0.008453505718547971,-0.0754185314105752
2026-08-11,600.0,27.300000000000004,602.3,10.517440000000024,13.667440000000001,13.467439999999998,True,103,False,HINDZINC,False,0.0187127632793489,-0.06385835361248648
2026-08-12,590.0,27.050000000000004,594.95,0.796140000000017,3.9461399999999944,0.796140000000017,False,77,False,HINDZINC,False,,
2026-08-13,590.0,27.700000000000003,586.75,0.1443200000000184,3.2943199999999955,0.1443200000000184,False,51,False,HINDZINC,False,,
2026-08-14,560.0,23.150000000000002,561.75,-2.024040000000002,0.9759599999999978,-2.024040000000002,False,25,True,HINDZINC,False,,
2026-06-30,1900.0,14.899999999999999,1892.0,82.0861200000001,118.43612,7.136119999999999,True,125,False,HYUNDAI,False,0.0599684376643872,-0.009836927932666995
2026-07-02,1920.0,131.1,1916.9,-77.91715999999981,3.6828400000000165,-77.91715999999981,False,125,False,HYUNDAI,False,0.050135501355013545,-0.007661038148843002
2026-07-06,1980.0,124.2,1983.8,-97.6230800000001,-7.223079999999997,-97.6230800000001,False,125,False,HYUNDAI,False,0.011546184738955745,-0.04849397590361437
2026-07-07,2000.0,120.1,1997.4,-107.1732399999999,-11.723239999999995,-107.1732399999999,False,125,False,HYUNDAI,False,-0.0008969056754198901,-0.05555832378294878
2026-07-08,1960.0,113.1,1953.0,-43.113800000000076,-8.913799999999991,-43.113800000000076,False,125,False,HYUNDAI,False,0.012811423941665012,-0.04020660320032399
2026-07-13,1960.0,95.89999999999999,1952.9,-67.14971999999996,4.350279999999832,-67.14971999999996,False,125,False,HYUNDAI,False,0.03967774420946646,-0.02139979859013097
2026-07-15,2040.0,89.1,2030.6,7.578639999999966,25.52864000000001,7.578639999999966,False,125,False,HYUNDAI,False,0.05406095257542498,-0.010465056919699789
2026-07-16,2020.0,107.85,2023.0,-40.24237999999994,-11.842379999999995,-40.24237999999994,False,125,False,HYUNDAI,False,0.03172937590566138,-0.031429570778993554
2026-07-17,2020.0,85.19999999999999,2021.7,-14.188340000000029,-5.838339999999892,-14.188340000000029,False,125,False,HYUNDAI,False,0.008657577868444566,-0.03552592297741064
2026-07-20,1980.0,73.75,1989.2,-59.995420000000095,0.35457999999999457,-59.995420000000095,False,125,False,HYUNDAI,False,0.004458917835671317,-0.03431863727454909
2026-07-21,1960.0,69.1,1957.3,-38.67916000000004,-2.77916,-38.67916000000004,False,125,False,HYUNDAI,False,0.012030456852791804,-0.021573604060913687
2026-07-22,1940.0,57.75,1942.7,-24.30578000000004,6.5942200000000515,-24.30578000000004,False,125,False,HYUNDAI,False,0.02259427001170433,-0.01913388631621793
2026-07-23,1960.0,50.3,1951.8,-15.638279999999991,4.26172,-15.638279999999991,False,125,False,HYUNDAI,False,0.03227296049256023,-0.011031298101590536
2026-07-27,1960.0,31.500000000000004,1965.9,227.38492000000016,231.58491999999998,14.934920000000004,True,125,False,HYUNDAI,False,0.13114754098360648,0.003995901639344268
2026-07-29,2000.0,144.85,1998.7,74.02897999999999,87.22897999999981,71.40397999999999,True,125,False,HYUNDAI,False,0.12379999999999991,-0.014499999999999957
2026-07-30,2000.0,148.85,1997.8,54.66089999999989,83.26089999999981,73.43589999999999,True,125,False,HYUNDAI,False,0.12887995981918632,-0.005474635861376198
2026-07-31,2180.0,134.14999999999998,2171.4,-86.75945999999998,6.590540000000023,-86.75945999999998,False,125,False,HYUNDAI,False,0.10160270548448747,0.02435916286820561
2026-08-03,2220.0,145.1,2220.0,-130.7474399999999,-15.147439999999989,-130.7474399999999,False,125,False,HYUNDAI,False,0.031009174311926513,0.0007339449541283738
2026-08-04,2200.0,110.69999999999999,2207.4,-81.39283999999981,3.207160000000022,-81.39283999999981,False,125,False,HYUNDAI,False,0.020533043241773186,-0.01115039434321452
2026-08-05,2220.0,114.19999999999999,2214.9,-100.15979999999999,-1.9097999999999828,-100.15979999999999,False,125,False,HYUNDAI,False,0.014143507049231951,-0.017341561190937327
2026-08-06,2180.0,103.14999999999999,2187.1,-48.492820000000165,3.657180000000009,-48.492820000000165,False,125,False,HYUNDAI,False,0.021273700444525145,-0.010432731561280995
2026-08-07,2200.0,109.6,2197.0,-73.10991999999999,4.290080000000017,-73.10991999999999,False,125,False,HYUNDAI,False,0.02798372513562386,-0.008725135623869895
2026-08-10,2220.0,100.9,2228.2,-83.43207999999991,0.6679199999999996,-83.43207999999991,False,125,False,HYUNDAI,False,0.034531392174704356,-0.0029117379435851243
2026-08-11,2220.0,96.69999999999999,2226.1,-73.43656000000017,-0.6865599999999796,-73.43656000000017,False,125,False,HYUNDAI,False,0.021977528089887732,-0.023640449438202205
2026-08-12,2200.0,94.14999999999999,2208.2,-18.177399999999988,-12.477399999999985,-18.177399999999988,False,105,False,HYUNDAI,False,,
2026-08-13,2240.0,78.8,2247.0,-46.51164000000017,15.03836000000001,-46.51164000000017,False,79,False,HYUNDAI,False,,
2026-08-14,2240.0,85.19999999999999,2230.6,-52.929560000000166,-5.929559999999994,-52.929560000000166,False,53,False,HYUNDAI,False,,
2026-08-17,2200.0,78.75,2202.0,-2.7342799999999974,-2.7342799999999974,-2.7342799999999974,False,27,False,HYUNDAI,False,,
2026-06-25,1390.0,23.8,1385.6,3.157760000000043,36.40776000000001,11.757760000000003,True,125,False,ICICIBANK,False,0.023306627822286874,-0.005025491624180645
2026-06-29,1390.0,18.8,1390.1,13.955520000000005,41.40552000000001,9.255520000000002,True,125,False,ICICIBANK,False,0.023792357606344572,-0.015068493150685036
2026-06-30,1390.0,7.8999999999999995,1390.0,29.07428000000005,52.32428000000001,3.82428,True,125,False,ICICIBANK,False,0.03141210374639769,-0.015778097982709016
2026-07-01,1370.0,66.6,1370.3,-23.607439999999897,-3.1574399999999945,-23.607439999999897,False,125,False,ICICIBANK,False,0.038481049351402286,-0.008841220378288273
2026-07-02,1390.0,63.25,1387.7,-57.343899999999955,-3.0938999999999917,-57.343899999999955,False,125,False,ICICIBANK,False,0.04029038112522687,-0.0011615245009073405
2026-07-03,1420.0,61.650000000000006,1417.2,-44.670500000000054,-3.270499999999997,-44.670500000000054,False,125,False,ICICIBANK,False,0.0228408279800143,-0.017915774446823685
2026-07-06,1420.0,61.2,1423.0,-32.25284000000005,-4.402840000000006,-32.25284000000005,False,125,False,ICICIBANK,False,0.01444145547217901,-0.025980461560243362
2026-07-07,1430.0,56.4,1427.2,-25.34527999999991,-1.695279999999996,-25.34527999999991,False,125,False,ICICIBANK,False,0.004556607080266284,-0.03547143357868898
2026-07-08,1410.0,53.900000000000006,1413.4,-41.5856400000001,0.8143599999999932,-41.5856400000001,False,125,False,ICICIBANK,False,0.004461756373937753,-0.025566572237960328
2026-07-09,1400.0,57.8,1396.2,-43.70159999999991,-3.3016000000000014,-43.70159999999991,False,125,False,ICICIBANK,False,0.03223941014890852,-0.004409426051756649
2026-07-10,1400.0,51.1,1402.7,-20.828200000000095,2.171799999999999,-20.828200000000095,False,125,False,ICICIBANK,False,0.03179190751445082,0.0016618497109825991
2026-07-13,1390.0,51.1,1390.7,12.577999999999914,12.577999999999914,12.577999999999914,False,125,False,ICICIBANK,False,0.038467028261490066,-0.010633742506423127
2026-07-14,1400.0,50.6,1398.6,19.461480000000005,19.461480000000005,19.461480000000005,False,125,False,ICICIBANK,False,0.052032982655672466,-0.010520329826556707
2026-07-15,1420.0,52.55,1422.6,-23.27946000000009,-0.4794599999999997,-23.27946000000009,False,125,False,ICICIBANK,False,0.05233219567690561,-0.00014220705346990048
2026-07-16,1410.0,51.8,1414.4,-21.430439999999955,8.369560000000009,-21.430439999999955,False,125,False,ICICIBANK,False,0.04882715611933963,-0.003472468287151753
2026-07-17,1430.0,51.550000000000004,1430.6,-28.509160000000005,-1.3591600000000057,-28.509160000000005,False,125,False,ICICIBANK,False,0.0439444170134724,0.0014107356986667874
2026-07-20,1450.0,44.150000000000006,1454.1,-26.12430000000005,-5.37430000000001,-26.12430000000005,False,125,False,ICICIBANK,False,0.017881705639614776,-0.026547455295735878
2026-07-21,1470.0,34.2,1470.5,-6.373880000000095,15.926120000000093,-6.373880000000095,False,125,False,ICICIBANK,False,0.0093131548311991,-0.030747106758885034
2026-07-22,1450.0,33.35,1449.6,-14.097420000000003,-1.5974200000000027,-14.097420000000003,False,125,False,ICICIBANK,False,0.0022554849292599766,-0.032602009432027734
2026-07-23,1440.0,26.75,1440.7,-14.658780000000046,31.841220000000003,13.26622,True,125,False,ICICIBANK,False,0.006250000000000089,-0.017083333333333228
2026-07-24,1430.0,22.6,1429.0,-14.485960000000048,37.364039999999996,11.214040000000004,True,125,False,ICICIBANK,False,0.010883214734198399,-0.012557555462536674
2026-07-27,1430.0,15.100000000000001,1431.7,0.11516000000008786,44.865159999999996,7.465160000000001,True,125,False,ICICIBANK,False,0.009052924791086436,-0.0126044568245125
2026-07-28,1440.0,11.149999999999999,1441.9,8.66334,47.46334,5.488339999999999,True,125,False,ICICIBANK,False,0.0030439294361812586,-0.01909373919059143
2026-07-29,1430.0,59.650000000000006,1430.5,-35.3853400000001,0.16465999999999176,-35.3853400000001,False,125,False,ICICIBANK,False,0.024964739069111452,0.0032440056417488705
2026-07-30,1430.0,61.15,1427.7,-47.85874000000009,-5.058740000000001,-47.85874000000009,False,125,False,ICICIBANK,False,0.011684518013632017,-0.010571706774238465
2026-07-31,1440.0,54.7,1438.3,-37.4018800000001,-1.251880000000004,-37.4018800000001,False,125,False,ICICIBANK,False,0.02133613151451552,0.0009094088842251935
2026-08-03,1450.0,50.45,1445.4,-22.370219999999915,-0.47022000000000025,-22.370219999999915,False,125,False,ICICIBANK,False,0.018202106144082464,-0.01094915963456311
2026-08-04,1450.0,47.2,1446.4,-25.69264000000005,1.8573599999999972,-25.69264000000005,False,125,False,ICICIBANK,False,0.010870317801010998,-0.01994045558401991
2026-08-05,1450.0,48.55,1448.7,-20.963499999999907,-0.4135000000000031,-20.963499999999907,False,125,False,ICICIBANK,False,0.01388888888888884,-0.019305555555555576
2026-08-06,1450.0,45.900000000000006,1452.0,-19.303279999999916,1.2467199999999885,-19.303279999999916,False,125,False,ICICIBANK,False,0.011360487669714647,-0.021751177611526673
2026-08-07,1450.0,49.05,1454.0,-9.4984999999999,-3.9485000000000032,-9.4984999999999,False,125,False,ICICIBANK,False,-0.0017152658662092923,-0.035060034305317234
2026-08-10,1430.0,45.85,1432.7,-27.529900000000094,-1.3299000000000054,-27.529900000000094,False,125,False,ICICIBANK,False,0.011859649122807125,-0.01684210526315788
2026-08-11,1430.0,43.55,1426.4,-33.599939999999954,-3.39994,-33.599939999999954,False,125,False,ICICIBANK,False,0.004690891269341302,-0.019113631590002123
2026-08-12,1430.0,39.25,1430.2,-22.058200000000184,-1.308199999999998,-22.058200000000184,False,105,False,ICICIBANK,False,,
2026-08-13,1420.0,40.6,1417.4,-33.383980000000186,-3.533979999999998,-33.383980000000186,False,79,False,ICICIBANK,False,,
2026-08-14,1410.0,38.0,1409.4,-9.98508,-2.585080000000006,-9.98508,False,53,False,ICICIBANK,False,,
2026-08-17,1420.0,33.5,1417.7,-26.264100000000184,-3.3141000000000025,-26.264100000000184,False,27,False,ICICIBANK,False,,
2026-08-11,495.0,21.550000000000004,492.55,-9.743380000000005,-1.2933800000000029,-9.743380000000005,False,125,False,ICICIPRULI,False,0.02966314731020603,-0.012468577174459483
2026-08-12,500.0,19.85,497.6,-11.728260000000002,-0.9782600000000057,-11.728260000000002,False,112,False,ICICIPRULI,False,,
2026-08-13,505.0,18.85,504.0,-11.37364,-0.9736400000000022,-11.37364,False,86,False,ICICIPRULI,False,,
2026-08-14,500.0,19.1,501.5,-10.976160000000002,-5.826160000000002,-10.976160000000002,False,60,False,ICICIPRULI,False,,
2026-08-17,505.0,13.25,505.8,-5.757959999999999,1.5420399999999979,-5.757959999999999,False,34,False,ICICIPRULI,False,,
2026-07-31,13.0,1.1600000000000001,12.99,-0.3253200000000003,-0.18532000000000015,-0.3253200000000003,False,125,True,IDEA,False,0.017857142857142794,-0.01940993788819878
2026-08-10,85.0,3.75,84.63,-3.2217319999999994,-0.1617319999999999,-3.2217319999999994,False,125,False,IDFCFIRSTB,False,0.020848056537102533,-0.015194346289752692
2026-08-11,85.0,3.71,84.61,-1.356744,-0.33674400000000027,-1.356744,False,125,False,IDFCFIRSTB,False,0.01964705882352935,-0.01635294117647057
2026-08-12,85.0,3.41,84.55,-1.2453720000000004,-0.21537200000000017,-1.2453720000000004,False,112,False,IDFCFIRSTB,False,,
2026-08-13,85.0,2.94,85.4,-0.7740560000000002,0.15594399999999992,-0.7740560000000002,False,86,False,IDFCFIRSTB,False,,
2026-08-14,86.0,3.34,86.07,-2.1424599999999976,-0.5424600000000003,-2.1424599999999976,False,60,False,IDFCFIRSTB,False,,
2026-08-17,85.0,2.8600000000000003,84.7,-0.6938320000000006,-0.48383200000000065,-0.6938320000000006,False,34,True,IDFCFIRSTB,False,,
2026-06-29,125.0,2.3600000000000003,124.8,2.0811839999999995,6.581184,1.1611840000000002,True,125,False,IEX,False,0.009759999999999991,-0.01760000000000006
2026-07-01,125.0,8.93,124.8,-1.974324000000005,-0.014323999999998845,-1.974324000000005,False,125,False,IEX,False,0.009033495882964315,-0.02366296266687995
2026-07-02,125.0,9.009999999999998,123.45,-2.1442959999999927,-0.5242959999999969,-2.1442959999999927,False,125,False,IEX,False,0.011079660331581032,-0.05976546704407604
2026-07-09,122.0,8.39,118.2,-8.473043999999994,-0.07304400000000072,-8.473043999999994,False,125,False,IEX,False,0.02881009205591556,-0.009035117627002931
2026-07-14,122.0,7.550000000000001,118.13,-4.978139999999997,0.15185999999999972,-4.978139999999997,False,125,False,IEX,False,0.06644238856181661,-0.02220353238015138
2026-07-20,122.5,6.49,121.7,-2.5091200000000002,-0.41911999999999966,-2.5091200000000002,False,125,False,IEX,False,0.02756933115823834,-0.017210440456770004
2026-07-22,125.0,5.779999999999999,123.34,3.1788959999999937,3.1788959999999937,2.848895999999999,True,125,False,IEX,False,0.06425702811244971,-0.03220883534136554
2026-07-24,125.0,5.5,122.84,2.5123400000000045,3.652339999999991,2.71234,True,125,False,IEX,False,0.10107034888471267,-0.01552414412942238
2026-07-27,127.5,3.21,125.94,1.6276840000000083,3.4576839999999924,1.5826839999999995,True,125,False,IEX,False,0.086774193548387,0.0040322580645162365
2026-07-28,130.0,1.96,129.79,-0.07052800000000005,6.549472,0.969472,True,125,False,IEX,False,0.061102362204724425,-0.007795275590551154
2026-07-29,132.5,8.79,132.71,-5.623291999999988,-0.22329199999999777,-5.623291999999988,False,125,False,IEX,False,0.019056261343012526,-0.04711131276467029
2026-07-30,132.5,8.5,133.12,-5.711416000000012,-0.13141599999999962,-5.711416000000012,False,125,False,IEX,False,0.0007462686567163423,-0.05962686567164177
2026-07-31,132.5,8.18,133.15,-3.954551999999986,-0.014552000000000467,-3.954551999999986,False,125,False,IEX,False,0.0182648401826484,-0.04101978691019792
2026-08-03,132.5,9.2,132.46,-3.760824000000001,-1.220823999999998,-3.760824000000001,False,125,False,IEX,False,0.013406044080890744,-0.04559569794743612
2026-08-04,127.5,7.539999999999999,128.16,-1.9067079999999992,-0.11670799999999829,-1.9067079999999992,False,125,False,IEX,False,0.02915749764225084,-0.012181703866708582
2026-08-05,130.0,7.59,130.57,-3.4227320000000026,-0.7127319999999997,-3.4227320000000026,False,125,False,IEX,False,0.015116279069767424,-0.029069767441860517
2026-08-07,127.5,6.4799999999999995,127.74,-4.234219999999994,-0.2242199999999993,-4.234219999999994,False,125,False,IEX,False,0.005234374999999902,-0.032031249999999956
2026-08-10,125.0,6.459999999999999,126.05,-2.2995399999999986,-0.44953999999999816,-2.2995399999999986,False,125,False,IEX,False,0.0012558869701726483,-0.027472527472527486
2026-08-11,125.0,6.08,125.95,-2.2475519999999998,-0.4875519999999991,-2.2475519999999998,False,125,True,IEX,False,0.00640924196866588,-0.02057287545497699
2026-08-12,125.0,5.71,126.0,-1.966264,-0.37626399999999965,-1.966264,False,103,True,IEX,False,,
2026-08-13,125.0,5.25,125.3,-1.504976,-0.37497599999999964,-1.504976,False,77,True,IEX,False,,
2026-08-14,125.0,4.99,124.9,-1.2442480000000002,-0.41424799999999967,-1.2442480000000002,False,51,True,IEX,False,,
2026-08-17,125.0,4.909999999999999,123.85,-1.1640239999999993,-1.0240239999999992,-1.1640239999999993,False,25,True,IEX,False,,
2026-08-10,730.0,29.050000000000004,732.2,-18.81003999999996,-1.4600400000000051,-18.81003999999996,False,125,False,INDHOTEL,False,-0.00027210884353745524,-0.029863945578231355
2026-08-11,730.0,27.150000000000002,727.0,-18.50023999999998,-1.1502400000000008,-18.50023999999998,False,125,False,INDHOTEL,False,0.004748795595320043,-0.018513420509291167
2026-08-12,720.0,25.400000000000002,718.5,-7.969980000000001,-0.6699800000000007,-7.969980000000001,False,111,False,INDHOTEL,False,,
2026-08-13,720.0,24.75,716.15,-7.318159999999999,-0.5681600000000029,-7.318159999999999,False,85,False,INDHOTEL,False,,
2026-08-14,720.0,23.400000000000002,719.75,-5.964380000000001,-1.1143800000000035,-5.964380000000001,False,59,False,INDHOTEL,False,,
2026-08-17,720.0,20.25,718.4,-2.8055599999999994,-1.0055600000000022,-2.8055599999999994,False,33,False,INDHOTEL,False,,
2026-06-25,841.75,13.850000000000001,844.5,26.248800000000028,26.548799999999982,6.7738000000000005,True,125,False,INDIANB,False,0.010388839418224993,-0.04897595725734638
2026-06-29,831.75,14.15,833.45,23.15579999999996,26.95580000000003,6.930800000000001,True,125,False,INDIANB,False,0.008862275449101675,-0.05449101796407185
2026-07-01,820.0,55.45,817.2,-27.683379999999982,3.216620000000003,-27.683379999999982,False,125,False,INDIANB,False,0.016452599388379285,-0.050581039755351664
2026-07-02,810.0,57.95,810.7,-29.791500000000003,-2.791500000000004,-29.791500000000003,False,125,False,INDIANB,False,0.010488444417342313,-0.061833038599914736
2026-07-03,810.0,55.55,806.8,-51.26772000000005,-1.5177199999999942,-51.26772000000005,False,125,False,INDIANB,False,0.006810233756672224,-0.05607705994232781
2026-07-06,800.0,57.5,796.45,6.160080000000028,15.410080000000029,6.160080000000028,False,125,False,INDIANB,False,0.09506226922836203,-0.03717379060016279
2026-07-07,790.0,53.650000000000006,789.4,-4.78756,29.312440000000024,26.537440000000004,True,125,False,INDIANB,False,0.11168996188055913,-0.022554002541296025
2026-07-08,790.0,54.400000000000006,785.95,1.1415800000000453,28.54158000000002,26.89158,True,125,False,INDIANB,False,0.11168996188055913,-0.022554002541296025
2026-07-09,790.0,49.35,781.5,-9.799340000000019,33.65066000000003,24.425660000000004,True,125,False,INDIANB,False,0.12890322580645153,-6.45161290322438e-05
2026-07-10,801.75,56.150000000000006,805.45,-36.91140000000005,15.138600000000023,-36.91140000000005,False,125,False,INDIANB,False,0.10272246029745391,0.0017015376859088605
2026-07-13,861.75,50.650000000000006,864.1,-31.29628000000003,-7.146280000000003,-31.29628000000003,False,125,False,INDIANB,False,-0.002118280185492649,-0.06566668575027201
2026-07-14,840.0,43.2,839.25,-24.42374000000005,-2.0737400000000057,-24.42374000000005,False,125,False,INDIANB,False,0.021826809015421,-0.03202846975088969
2026-07-15,850.0,40.8,845.95,-30.144200000000023,-0.7941999999999985,-30.144200000000023,False,125,False,INDIANB,False,0.040400407600551524,-0.02175867649703289
2026-07-16,830.0,41.45,829.9,-40.51872000000003,-2.7687200000000054,-40.51872000000003,False,125,False,INDIANB,False,0.04572840101217013,-0.01674900590432582
2026-07-20,841.75,34.85,842.1,-29.063820000000003,-1.9638200000000015,-29.063820000000003,False,125,False,INDIANB,False,0.04434416365824312,-0.01979542719614924
2026-07-21,860.0,32.7,859.05,-2.401609999999959,11.023390000000003,-2.401609999999959,False,125,False,INDIANB,False,0.013843457943925275,-0.048422897196261694
2026-07-22,840.0,28.1,839.1,2.8843799999999513,2.8843799999999513,2.8843799999999513,False,125,False,INDIANB,False,0.002406526970710754,-0.04378705171098207
2026-07-23,831.75,24.75,831.15,-18.68624,-2.08624,-18.68624,False,125,False,INDIANB,False,0.014775948374645687,-0.017489898076111232
2026-07-24,820.0,19.700000000000003,819.65,-8.287079999999982,30.462919999999997,9.762920000000001,True,125,False,INDIANB,False,0.019881197720935884,-0.012546975390956505
2026-07-27,831.75,14.850000000000001,835.75,-6.514820000000003,-0.5148200000000028,-6.514820000000003,False,125,False,INDIANB,False,0.019139915202907254,-0.00938824954572981
2026-07-30,830.0,51.1,825.5,-34.34026000000005,-0.5902599999999985,-34.34026000000005,False,125,False,INDIANB,False,0.04597701149425282,-0.010586811857229317
2026-07-31,830.0,48.3,831.6,-0.4197799999999915,0.9302200000000028,-0.4197799999999915,False,125,False,INDIANB,False,0.06394047547032855,0.001754279837880457
2026-08-03,840.0,51.2,840.25,1.408800000000003,7.158800000000003,1.408800000000003,False,125,False,INDIANB,False,0.0778084162570436,0.003836470447188489
2026-08-04,840.0,47.650000000000006,842.65,-2.3606800000000225,10.73932,-2.3606800000000225,False,125,False,INDIANB,False,0.07357142857142862,-0.003214285714285725
2026-08-05,860.0,47.85,859.05,-29.884520000000002,2.6654799999999943,-29.884520000000002,False,125,False,INDIANB,False,0.07070347284060552,0.003502523003858782
2026-08-06,860.0,46.0,856.0,-17.508880000000048,3.941119999999999,-17.508880000000048,False,125,False,INDIANB,False,0.06463608995927039,0.002656277669559115
2026-08-07,880.0,51.2,885.0,-36.33522000000003,-1.7852200000000085,-36.33522000000003,False,125,False,INDIANB,False,0.029502221209704915,-0.005467593119945269
2026-08-10,890.0,46.05,892.55,-12.7226,-0.8725999999999986,-12.7226,False,125,False,INDIANB,False,0.020090293453724595,-0.014559819413092479
2026-08-11,880.0,37.1,880.1,-5.2932000000000015,3.306799999999993,-5.2932000000000015,False,125,False,INDIANB,False,0.018940248027057516,-0.01882750845546788
2026-08-12,890.0,38.7,889.95,-28.61170999999996,3.7132899999999944,-28.61170999999996,False,111,False,INDIANB,False,,
2026-08-13,890.0,42.0,890.15,-31.920949999999955,-2.595950000000003,-31.920949999999955,False,85,False,INDIANB,False,,
2026-08-14,890.0,37.35,889.85,-27.25792999999996,-1.7329300000000016,-27.25792999999996,False,59,False,INDIANB,False,,
2026-08-17,880.0,34.400000000000006,876.55,-6.375000000000006,-2.5750000000000055,-6.375000000000006,False,33,False,INDIANB,False,,
2026-06-25,5350.0,134.7,5362.0,-48.42019999999998,199.27980000000002,66.7298,True,125,False,INDIGO,False,0.051346671796844934,0.012889572912658798
2026-06-29,5400.0,108.5,5389.0,183.37608,208.37608,53.12608,True,125,False,INDIGO,False,0.0026547052361771684,-0.029476382277554003
2026-06-30,5300.0,76.75,5324.1,-7.260339999999994,71.73965999999997,37.96466,True,125,False,INDIGO,False,0.02268907563025202,-0.0068347338935574875
2026-07-01,5350.0,312.65000000000003,5371.0,-205.42866000000004,19.521339999999988,-205.42866000000004,False,125,False,INDIGO,False,0.02527379949452402,-0.0023401666198633597
2026-07-02,5450.0,307.45000000000005,5446.0,-21.216700000000067,28.283299999999933,-21.216700000000067,False,125,False,INDIGO,False,0.016425389755011066,-0.054565701559020074
2026-07-03,5450.0,306.75,5437.0,-154.13954,29.36045999999998,-154.13954,False,125,False,INDIGO,False,0.006432049986216937,-0.06386106772029776
2026-07-06,5400.0,297.05,5407.0,-93.55518000000004,-11.055180000000034,-93.55518000000004,False,125,False,INDIGO,False,0.0032278889606196515,-0.06040763626302681
2026-07-07,5350.0,281.95000000000005,5370.0,-43.51090000000007,-9.810900000000023,-43.51090000000007,False,125,False,INDIGO,False,0.0046253469010175685,-0.057539315448658646
2026-07-08,5250.0,310.65,5241.5,-253.78165999999996,-31.03166,-253.78165999999996,False,125,False,INDIGO,False,-0.006483882919599893,-0.06178214153390149
2026-07-09,5150.0,309.75,5162.0,-283.79234,-19.99234000000007,-283.79234,False,125,False,INDIGO,False,0.04838236731502299,-0.009969699931580478
2026-07-10,5300.0,247.14999999999998,5296.0,-214.53525999999997,19.564740000000022,-214.53525999999997,False,125,False,INDIGO,False,0.025332186215466956,-0.03173692763598124
2026-07-13,5200.0,283.45000000000005,5195.0,-245.95090000000005,2.5490999999999318,-245.95090000000005,False,125,False,INDIGO,False,0.0015097188148707197,-0.04425363276089833
2026-07-14,5100.0,262.1,5110.0,-70.97232000000004,11.827679999999908,-70.97232000000004,False,125,False,INDIGO,False,0.013753581661891223,-0.03256924546322826
2026-07-15,5200.0,247.05,5192.0,-194.49098,-0.7909799999999887,-194.49098,False,125,False,INDIGO,False,0.042074363992172126,0.00205479452054802
2026-07-16,5200.0,235.05,5177.0,-148.55258,0.09741999999997153,-148.55258,False,125,False,INDIGO,False,0.029781473602784825,-0.013730419648037118
2026-07-17,5250.0,227.55,5266.5,100.78941999999996,100.78941999999996,100.78941999999996,False,125,False,INDIGO,False,0.01139601139601143,-0.05555555555555558
2026-07-20,5150.0,234.95,5161.5,-138.33071999999999,13.51927999999999,-138.33071999999999,False,125,False,INDIGO,False,0.015059092642012883,-0.06862371330537553
2026-07-21,5300.0,224.85,5292.5,-168.24002,173.75997999999998,111.63497999999998,True,125,False,INDIGO,False,0.01748351963313266,-0.06639915926244389
2026-07-22,5150.0,214.1,5146.5,-149.98092,34.51907999999998,-149.98092,False,125,False,INDIGO,False,-0.000945715906941591,-0.07584641573671269
2026-07-23,5100.0,247.5,5112.5,-121.64804,36.10195999999998,-121.64804,False,125,False,INDIGO,False,0.03616813294232646,-0.044770283479960926
2026-07-24,4950.0,229.55,4920.0,78.83981999999996,112.83981999999996,78.83981999999996,False,125,False,INDIGO,False,0.05367793240556651,-0.028628230616302153
2026-07-27,5150.0,124.4,5153.0,26.72663999999997,26.72663999999997,26.72663999999997,False,125,False,INDIGO,False,0.06000000000000005,0.018999999999999906
2026-07-28,5250.0,56.05,5242.5,93.27361999999998,93.27361999999998,27.44861999999999,True,125,False,INDIGO,False,0.030916030534351213,-0.01956106870229013
2026-07-29,5200.0,313.2,5215.0,-156.61880000000002,-2.2687999999999886,-156.61880000000002,False,125,False,INDIGO,False,0.028609321712770086,-0.026619931792345564
2026-07-30,5200.0,311.80000000000007,5227.0,-94.3856800000001,-1.0356800000000683,-94.3856800000001,False,125,False,INDIGO,False,0.043379427921954816,-0.026804318999810617
2026-07-31,5300.0,275.45000000000005,5260.0,-12.162420000000091,7.387579999999978,-12.162420000000091,False,125,False,INDIGO,False,0.05557684936757368,-0.0154273668072058
2026-08-03,5300.0,272.3,5302.0,-12.892680000000034,10.557320000000011,-12.892680000000034,False,125,False,INDIGO,False,0.06393664284334566,0.019123044234112374
2026-08-04,5400.0,288.95000000000005,5424.0,-210.08250000000004,14.717499999999943,-210.08250000000004,False,125,False,INDIGO,False,0.02189239332096471,-0.020222634508348825
2026-08-05,5500.0,256.6,5472.5,-19.585720000000045,5.9142799999999545,-19.585720000000045,False,125,False,INDIGO,False,0.03563034690232203,-0.01899031681865182
2026-08-06,5400.0,279.40000000000003,5390.0,-160.61776000000003,-15.317760000000046,-160.61776000000003,False,125,False,INDIGO,False,0.0009226794611552069,-0.03718398228455433
2026-08-07,5300.0,256.1,5318.0,-56.72862000000004,13.171379999999932,-56.72862000000004,False,125,False,INDIGO,False,0.007035647279549639,-0.02110694183864914
2026-08-10,5300.0,249.10000000000002,5305.0,-68.40652000000001,1.6934799999999774,-68.40652000000001,False,125,False,INDIGO,False,0.003925967470555181,-0.02458403439895307
2026-08-11,5200.0,220.2,5242.5,-132.16519999999997,19.1348,-132.16519999999997,False,125,False,INDIGO,False,0.009398496240601517,-0.019266917293233043
2026-08-12,5300.0,231.3,5263.0,-71.39816000000002,-17.09816,-71.39816000000002,False,103,False,INDIGO,False,,
2026-08-13,5300.0,216.85000000000002,5314.0,-56.90770000000002,-12.657700000000023,-56.90770000000002,False,77,False,INDIGO,False,,
2026-08-14,5300.0,194.89999999999998,5328.0,-34.89623999999998,-5.496239999999972,-34.89623999999998,False,51,False,INDIGO,False,,
2026-08-17,5300.0,182.2,5299.0,-22.16067999999999,-13.760679999999983,-22.16067999999999,False,25,True,INDIGO,False,,
2026-06-25,400.0,9.95,400.95,3.9333600000000106,8.283359999999977,4.90836,True,125,False,INDUSTOWER,False,0.011279608973555622,-0.046747712745958125
2026-06-29,390.0,7.75,388.5,15.66278,17.362779999999997,3.78778,True,125,False,INDUSTOWER,False,0.012947448591013044,-0.034526529576034415
2026-06-30,395.0,3.2,394.2,8.658,22.208,1.5580000000000005,True,125,False,INDUSTOWER,False,0.0121765601217656,-0.035261288685946135
2026-07-01,390.0,26.35,390.85,-22.783720000000002,-1.2337200000000057,-22.783720000000002,False,125,False,INDUSTOWER,False,0.012982054219167427,-0.04530991472572232
2026-07-02,385.0,26.75,385.85,-16.70304,-2.1530400000000007,-16.70304,False,125,False,INDUSTOWER,False,0.022067363530778206,-0.03200412956510512
2026-07-03,385.0,23.5,385.95,-10.801360000000024,-0.10135999999999992,-10.801360000000024,False,125,False,INDUSTOWER,False,0.04077113455776993,-0.022925621987755607
2026-07-06,390.0,22.8,391.9,-5.612000000000025,0.48799999999999794,-5.612000000000025,False,125,False,INDUSTOWER,False,0.06697187704381946,-0.018835840418574223
2026-07-07,385.0,25.6,383.0,-2.0377599999999916,-1.087760000000003,-2.0377599999999916,False,125,False,INDUSTOWER,False,0.06391512485444428,-0.02949928839435889
2026-07-08,385.0,21.700000000000003,386.25,-0.5201200000000269,2.8298799999999957,-0.5201200000000269,False,125,False,INDUSTOWER,False,0.07349869451697133,-0.011879895561357712
2026-07-09,395.0,21.35,395.25,-7.4985599999999915,0.30143999999999854,-7.4985599999999915,False,125,False,INDUSTOWER,False,0.05423076923076908,0.002820512820512988
2026-07-10,400.0,20.25,397.9,-16.467200000000012,-0.6172000000000006,-16.467200000000012,False,125,False,INDUSTOWER,False,0.04024069198946956,-0.009527391249843364
2026-07-13,405.0,20.200000000000003,407.4,-3.8024800000000027,-1.7024800000000013,-3.8024800000000027,False,125,False,INDUSTOWER,False,0.02053867912925833,-0.012175624154470488
2026-07-14,410.0,18.3,408.8,-10.772240000000012,-1.2722399999999991,-10.772240000000012,False,125,False,INDUSTOWER,False,0.014301430143014215,-0.018701870187018743
2026-07-15,405.0,17.75,406.4,-12.713700000000012,-0.4137000000000014,-12.713700000000012,False,125,False,INDUSTOWER,False,0.022298878896143792,-0.0230380682518172
2026-07-16,410.0,15.3,409.05,-1.6310599999999795,1.7189400000000006,-1.6310599999999795,False,125,False,INDUSTOWER,False,0.014549455923706933,-0.03790194400293434
2026-07-17,405.0,16.85,403.95,1.4017199999999859,1.4017199999999859,1.4017199999999859,False,125,False,INDUSTOWER,False,0.007034431691965937,-0.03924472417623093
2026-07-20,405.0,15.100000000000001,405.95,-4.870840000000025,3.82916000000002,-4.870840000000025,False,125,False,INDUSTOWER,False,0.011786600496277888,-0.04429280397022339
2026-07-21,400.0,15.75,402.3,-3.727700000000013,-1.4277000000000013,-3.727700000000013,False,125,False,INDUSTOWER,False,0.015189243027888377,-0.04755976095617531
2026-07-22,400.0,13.900000000000002,399.8,1.7174000000000078,5.217400000000008,1.7174000000000078,False,125,False,INDUSTOWER,False,0.0038276330411162185,-0.059883936288430695
2026-07-23,395.0,16.7,396.15,-13.6053,2.3946999999999994,-13.6053,False,125,False,INDUSTOWER,False,-0.0030018761726078314,-0.04790494058786732
2026-07-24,385.0,8.95,386.55,-3.63976000000001,10.71024,4.435239999999999,True,125,False,INDUSTOWER,False,0.018067657611481325,-0.024602767811378712
2026-07-27,395.0,8.899999999999999,396.8,8.67594,10.17594,4.375939999999999,True,125,False,INDUSTOWER,False,0.005950873638896015,-0.05950873638895926
2026-07-28,385.0,9.0,387.5,1.14652000000001,11.246519999999997,4.44652,True,125,False,INDUSTOWER,False,0.03320363164721152,-0.036575875486381415
2026-07-29,385.0,20.05,384.75,-15.21958,0.18041999999999644,-15.21958,False,125,False,INDUSTOWER,False,0.04623062779091147,-0.024428684003152124
2026-07-30,395.0,18.85,393.0,-11.02462,0.22537999999999717,-11.02462,False,125,False,INDUSTOWER,False,0.031063939943049457,-0.03857105876261979
2026-07-31,390.0,18.55,392.45,-14.96188,0.7381199999999971,-14.96188,False,125,False,INDUSTOWER,False,0.014906357497770584,-0.053637406038985924
2026-08-03,395.0,18.950000000000003,393.55,-9.080639999999994,-0.680640000000005,-9.080639999999994,False,125,False,INDUSTOWER,False,0.014260249554367332,-0.02444614209320084
2026-08-05,390.0,17.950000000000003,390.65,2.8913600000000073,4.291359999999984,2.8913600000000073,False,125,False,INDUSTOWER,False,0.007562163547808254,-0.06818764419379653
2026-08-06,390.0,18.95,388.0,-8.332739999999989,3.3172599999999877,-8.332739999999989,False,125,False,INDUSTOWER,False,0.00671834625323009,-0.060723514211886265
2026-08-07,385.0,17.55,383.9,-14.407819999999989,0.24218000000000067,-14.407819999999989,False,125,False,INDUSTOWER,False,0.002072538860103723,-0.05829015544041449
2026-08-10,376.0,16.75,376.5,-6.425740000000001,-1.32574,-6.425740000000001,False,125,False,INDUSTOWER,False,0.009745322245322319,-0.05535343035343043
2026-08-11,371.0,16.6,372.95,-6.4248999999999805,0.4250999999999857,-6.4248999999999805,False,125,False,INDUSTOWER,False,0.05584239130434776,-0.001630434782608714
2026-08-12,371.0,15.3,370.8,-12.475609999999978,1.7493899999999865,-12.475609999999978,False,109,False,INDUSTOWER,False,,
2026-08-13,381.0,13.9,382.3,-7.033030000000022,-0.3080300000000017,-7.033030000000022,False,83,False,INDUSTOWER,False,,
2026-08-14,380.0,12.25,379.85,-6.375610000000022,-1.4506099999999984,-6.375610000000022,False,57,False,INDUSTOWER,False,,
2026-08-17,381.0,12.2,382.7,-5.328270000000022,-1.2032699999999985,-5.328270000000022,False,31,False,INDUSTOWER,False,,
2026-08-10,1180.0,55.150000000000006,1180.7,-42.3405400000001,-0.8905400000000097,-42.3405400000001,False,125,False,INFY,False,0.017021276595744705,-0.015319148936170257
2026-08-11,1200.0,52.6,1189.5,4.193120000000049,7.393120000000095,4.193120000000049,False,125,False,INFY,False,0.009729272419627844,-0.04424703891708959
2026-08-12,1180.0,51.25,1187.5,-11.505220000000085,-5.455220000000002,-11.505220000000085,False,103,False,INFY,False,,
2026-08-13,1175.0,47.75,1167.2,-12.981420000000085,-1.9814199999999997,-12.981420000000085,False,77,False,INFY,False,,
2026-08-14,1175.0,41.55,1167.2,-6.764060000000082,-0.5640599999999941,-6.764060000000082,False,51,False,INFY,False,,
2026-08-17,1160.0,38.0,1154.0,-18.16212000000009,-1.6621199999999998,-18.16212000000009,False,25,False,INFY,False,,
2026-06-30,89.0,1.6,89.06,1.7862800000000003,1.7862800000000003,0.7862800000000003,True,125,False,INOXWIND,False,0.036957261081510095,-0.019952386350753804
2026-07-03,91.0,7.56,90.11,0.07760800000000188,1.4076079999999984,0.07760800000000188,False,125,False,INOXWIND,False,0.007456872565386741,-0.08992765720645524
2026-07-08,87.0,6.24,84.9,0.822928000000003,1.6629280000000064,0.822928000000003,False,125,False,INOXWIND,False,-0.004541220307405669,-0.08244061481136467
2026-07-09,83.0,4.869999999999999,83.45,-1.6624000000000005,0.887600000000001,-1.6624000000000005,False,125,False,INOXWIND,False,0.012659754039064275,-0.049915601639739626
2026-07-10,82.5,5.699999999999999,82.01,-1.4576359999999944,-0.3476359999999985,-1.4576359999999944,False,125,False,INOXWIND,False,0.019464720194647178,-0.04428223844282242
2026-07-13,82.5,5.199999999999999,81.42,-0.3878320000000012,0.1521680000000015,-0.3878320000000012,False,125,False,INOXWIND,False,-0.009030704394942801,-0.06947621914509328
2026-07-14,82.0,4.93,79.88,-1.5031840000000014,0.976816,-1.5031840000000014,False,125,False,INOXWIND,False,-0.0035731887629373293,-0.04780680137999005
2026-07-15,82.0,5.63,79.42,-1.5071039999999978,0.2728959999999998,-1.5071039999999978,False,125,False,INOXWIND,False,0.023809523809523947,-0.02127659574468077
2026-07-20,80.0,4.1,77.56,-0.8004959999999975,-0.5304959999999993,-0.8004959999999975,False,125,False,INOXWIND,False,0.023428498271668152,-0.037255152989373874
2026-07-29,77.5,6.6,77.23,-5.012708000000005,0.5072920000000012,-5.012708000000005,False,125,False,INOXWIND,True,0.06819378620326488,-0.028304370721432215
2026-07-30,75.0,7.33,75.1,-3.959764,-0.3097639999999994,-3.959764,False,125,False,INOXWIND,False,0.056510416666666785,-0.03893229166666656
2026-07-31,75.0,7.05,75.57,-3.768728000000003,-0.2687279999999993,-3.768728000000003,False,125,False,INOXWIND,False,0.08085786599174116,0.0023977620887172257
2026-08-03,80.0,6.88,80.22,-5.393212000000001,0.2767880000000007,-5.393212000000001,False,125,False,INOXWIND,True,0.03653551354113449,-0.018267756770567245
2026-08-04,80.0,7.05,79.12,-1.106204000000001,0.09379600000000078,-1.106204000000001,False,125,False,INOXWIND,True,0.016504976691445128,-0.07761118810633749
2026-08-05,80.0,7.16,80.17,-1.346147999999997,-0.016147999999999545,-1.346147999999997,False,125,False,INOXWIND,True,0.013366960907944536,-0.0832282471626733
2026-08-07,77.5,7.25,77.22,-3.4906319999999993,-0.30063199999999957,-3.4906319999999993,False,125,False,INOXWIND,True,0.006393861892583175,-0.07033248081841437
2026-08-10,75.0,6.33,75.04,-2.7575240000000005,-1.037524,-2.7575240000000005,False,125,False,INOXWIND,True,-0.008753861997940371,-0.06410916580844495
2026-08-11,72.5,3.67,73.73,1.7946320000000038,1.7946320000000038,1.7946320000000038,False,125,False,INOXWIND,False,0.07100027255382946,-0.009266830198964238
2026-08-12,75.0,4.47,74.0,-1.1416159999999997,-0.05161600000000025,-1.1416159999999997,False,108,False,INOXWIND,False,,
2026-08-13,75.0,4.4799999999999995,73.94,-1.1516439999999994,-0.2016439999999997,-1.1516439999999994,False,82,False,INOXWIND,False,,
2026-08-14,72.5,3.9699999999999998,73.56,-0.625257999999996,1.6097420000000033,-0.625257999999996,False,56,False,INOXWIND,False,,
2026-08-17,72.5,3.6899999999999995,73.44,-0.34447399999999573,1.8905260000000037,1.8255259999999998,True,30,False,INOXWIND,False,,
2026-08-13,145.0,6.909999999999999,140.94,-0.8760640000000114,0.25393600000000094,-0.8760640000000114,False,78,False,IOC,False,,
2026-08-14,145.0,6.9,140.02,-0.8660360000000125,-0.1260360000000007,-0.8660360000000125,False,52,False,IOC,False,,
2026-08-17,142.5,5.26,138.93,-0.9665439999999995,-0.00654399999999954,-0.9665439999999995,False,26,False,IOC,False,,
2026-06-29,127.0,2.81,126.9,5.329535999999999,5.329535999999999,1.3745359999999998,True,125,False,IREDA,False,0.028265490906227875,-0.007164790174002178
2026-07-03,130.0,9.67,129.07,-4.890291999999998,-0.2202919999999997,-4.890291999999998,False,125,False,IREDA,False,0.012208398133747966,-0.06259720062208396
2026-07-08,125.0,7.24,123.47,-0.6884440000000004,0.6615560000000001,-0.6884440000000004,False,125,False,IREDA,False,0.01068580542264752,-0.0386762360446572
2026-07-10,125.0,7.279999999999999,123.99,-2.8326480000000007,0.12735200000000102,-2.8326480000000007,False,125,False,IREDA,False,0.038001638001637916,-0.013104013104013101
2026-07-13,125.0,7.25,123.95,-3.38094,0.1590600000000004,-3.38094,False,125,False,IREDA,False,-0.008695652173912993,-0.05296442687747038
2026-07-14,125.0,7.66,122.94,-4.310631999999996,-0.9106319999999999,-4.310631999999996,False,125,False,IREDA,False,-0.006082432973189333,-0.04121648659463795
2026-07-17,122.0,6.27,120.42,-2.6973559999999965,-0.007355999999998659,-2.6973559999999965,False,125,False,IREDA,False,0.015071215634316015,-0.01722424643921827
2026-07-30,122.5,10.0,119.96,-1.2922480000000003,0.19775199999999998,-1.2922480000000003,False,125,False,IREDA,False,0.02549246813441486,-0.021767919218672382
2026-07-31,122.5,9.899999999999999,120.05,-2.3985799999999977,-0.06857999999999959,-2.3985799999999977,False,125,False,IREDA,False,0.03267211201866971,-0.01491915319219872
2026-08-04,122.5,11.11,120.75,-2.9139279999999994,-1.6539279999999996,-2.9139279999999994,False,125,False,IREDA,False,-0.006911692958204707,-0.03894942267035295
2026-08-12,120.0,7.29,118.2,-3.670352,-0.1503519999999992,-3.670352,False,77,False,IREDA,False,,
2026-06-25,92.0,3.01,92.06,-1.901284000000001,3.1787160000000014,1.4937159999999998,True,125,False,IRFC,False,0.003480909387577391,-0.018927444794952786
2026-06-29,91.0,1.59,91.27,-0.5471119999999945,4.502888,0.7878880000000001,True,125,False,IRFC,False,0.005014717104545818,-0.016788400741306053
2026-07-02,92.0,5.67,91.68,-1.9460960000000052,0.08390400000000034,-1.9460960000000052,False,125,False,IRFC,False,0.007565789473684248,-0.0468201754385964
2026-07-03,91.0,6.0,90.78,-4.440943999999993,-0.3409439999999994,-4.440943999999993,False,125,False,IRFC,False,0.007036833424958866,-0.04420010995052226
2026-07-06,90.0,6.01,89.85,-5.1490119999999955,-0.569011999999999,-5.1490119999999955,False,125,False,IRFC,False,0.0005521201413427601,-0.04008392226148405
2026-07-07,90.0,5.709999999999999,90.1,-4.997752,-0.48775199999999885,-4.997752,False,125,False,IRFC,False,0.0028776978417266452,-0.03785279468732694
2026-07-08,89.0,5.219999999999999,88.8,-3.2100199999999988,-0.20001999999999795,-3.2100199999999988,False,125,False,IRFC,False,0.0011123470522802492,-0.033036707452725245
2026-07-09,88.0,5.869999999999999,88.15,-5.317751999999997,-0.9277519999999984,-5.317751999999997,False,125,False,IRFC,False,0.027162748230997513,-0.0007989043597352863
2026-07-13,89.0,4.55,89.02,-3.455568000000006,0.05443200000000119,-3.455568000000006,False,125,False,IRFC,False,0.0,-0.023111111111111082
2026-07-16,89.0,4.39,88.67,-2.7566319999999997,-0.3666319999999996,-2.7566319999999997,False,125,False,IRFC,False,0.006759801712483027,-0.017913474538080232
2026-07-17,88.0,4.02,88.34,-2.744587999999999,-0.3045879999999996,-2.744587999999999,False,125,False,IRFC,False,0.008484162895927572,-0.02138009049773759
2026-07-20,88.0,3.4400000000000004,87.79,-2.1529920000000007,-0.06299200000000071,-2.1529920000000007,False,125,False,IRFC,False,0.008940697148030807,-0.026482571299230484
2026-07-22,88.0,2.79,87.68,0.23395600000000444,0.23395600000000444,0.23395600000000444,False,125,False,IRFC,False,0.0037414965986395377,-0.024716553287981946
2026-07-23,87.0,2.8200000000000003,87.25,-1.2719840000000038,-0.4319839999999999,-1.2719840000000038,False,125,False,IRFC,False,0.027981651376146832,-0.013532110091743155
2026-07-24,87.0,2.3400000000000003,86.61,-0.601172000000006,0.048828000000000066,-0.601172000000006,False,125,False,IRFC,False,0.030344827586206824,-0.011264367816091969
2026-07-27,88.0,1.9200000000000002,88.5,-0.14010799999999968,3.5998920000000014,0.9498920000000002,True,125,False,IRFC,False,0.02369020501138941,-0.009111617312072884
2026-07-30,89.0,5.67,88.66,-0.8890639999999994,0.04093600000000028,-0.8890639999999994,False,125,False,IRFC,False,0.01508379888268152,-0.0207821229050279
2026-07-31,89.0,5.14,88.85,-0.616851999999999,-0.046851999999998686,-0.616851999999999,False,125,False,IRFC,False,0.021934758155230494,-0.005286839145106859
2026-08-03,90.0,4.93,89.89,-3.7468840000000028,-0.12688399999999941,-3.7468840000000028,False,125,False,IRFC,False,0.019640852974186274,-0.006734006734006703
2026-08-04,90.0,4.76,89.89,-3.626268,0.04373200000000049,-3.626268,False,125,False,IRFC,False,0.003656509695290744,-0.024930747922437657
2026-08-05,90.0,4.76,90.27,-2.828508000000003,-0.018507999999999105,-2.828508000000003,False,125,False,IRFC,False,0.00981047937569679,-0.020401337792642082
2026-08-06,89.0,4.97,88.89,-4.245707999999997,-0.30570800000000004,-4.245707999999997,False,125,False,IRFC,False,0.01203870387038708,-0.015639063906390693
2026-08-07,89.0,4.859999999999999,88.92,-4.394672000000001,-0.31467199999999895,-4.394672000000001,False,125,False,IRFC,False,0.0020159032366444674,-0.02015903236644656
2026-08-10,88.0,4.57,88.37,-1.3715320000000006,-0.3915320000000001,-1.3715320000000006,False,125,False,IRFC,False,0.004732394366197212,-0.014197183098591637
2026-08-11,88.0,4.27,88.19,-3.5736639999999973,-0.24366399999999955,-3.5736639999999973,False,125,False,IRFC,False,0.0014694246637276809,-0.02565841528201651
2026-08-12,88.0,4.209999999999999,88.05,-2.8952319999999925,-0.3452319999999992,-2.8952319999999925,False,106,False,IRFC,False,,
2026-08-13,88.0,3.96,88.06,-2.644531999999993,-0.244532,-2.644531999999993,False,80,False,IRFC,False,,
2026-08-14,88.0,3.55,87.89,-2.233383999999993,-0.09338400000000009,-2.233383999999993,False,54,False,IRFC,False,,
2026-08-17,86.0,3.12,86.49,-2.659772000000007,-0.3497720000000003,-2.659772000000007,False,28,False,IRFC,False,,
2026-06-25,289.5,3.3499999999999996,289.7,-2.3618999999999772,-0.06190000000002209,-2.3618999999999772,False,125,False,ITC,False,0.007064093728463172,-0.01619572708476913
2026-06-29,290.0,2.75,290.25,7.36416,9.314160000000001,1.33916,True,125,False,ITC,False,0.0065517241379309255,-0.01551724137931032
2026-07-01,290.0,12.05,288.0,-7.795500000000023,-0.04549999999999994,-7.795500000000023,False,125,False,ITC,False,0.014966933518969716,-0.002610511660285364
2026-07-02,290.0,11.149999999999999,290.65,-3.0038999999999887,-0.25389999999999757,-3.0038999999999887,False,125,False,ITC,False,0.0055172413793105335,-0.03448275862068961
2026-07-03,290.0,10.7,290.6,-4.048439999999988,-0.04844000000000003,-4.048439999999988,False,125,False,ITC,False,0.0063848144952545205,-0.03364969801553064
2026-07-06,290.0,11.05,288.45,-1.9562800000000022,-0.8562800000000007,-1.9562800000000022,False,125,False,ITC,False,0.0020682523267836483,-0.034815580834195226
2026-07-07,290.0,10.45,287.4,-0.506979999999978,-0.10698000000000077,-0.506979999999978,False,125,False,ITC,False,0.00588235294117645,-0.03287197231833905
2026-07-08,287.5,10.35,285.6,0.49077999999999894,1.6907799999999875,0.49077999999999894,False,125,False,ITC,False,-0.0008677542519958115,-0.04547032280458185
2026-07-09,282.5,10.35,281.7,-5.043680000000011,-0.5436799999999982,-5.043680000000011,False,125,False,ITC,False,0.012640199394694518,-0.020829624354637755
2026-07-10,285.0,10.3,283.2,-4.19578,-0.7457800000000135,-4.19578,False,125,False,ITC,False,0.006386375731772143,-0.024303707645911055
2026-07-13,280.0,10.2,280.75,-3.547039999999998,-0.5970399999999989,-3.547039999999998,False,125,False,ITC,False,0.000532292405961643,-0.024130589070262665
2026-07-14,280.0,9.45,279.9,-6.285139999999988,0.16486000000000103,-6.285139999999988,False,125,False,ITC,False,0.015026833631484715,-0.01610017889087656
2026-07-15,280.0,9.95,276.5,-4.542839999999999,-1.0428399999999982,-4.542839999999999,False,125,False,ITC,False,0.03142026879767523,0.0
2026-07-16,280.0,9.399999999999999,277.05,-4.689339999999999,-0.9893399999999993,-4.689339999999999,False,125,False,ITC,False,0.026201662450307195,-0.0025298156848572173
2026-07-17,280.0,8.8,278.75,-7.777300000000023,-1.1773000000000002,-7.777300000000023,False,125,False,ITC,False,0.015010721944245908,-0.0071479628305932685
2026-07-20,280.0,7.15,280.2,0.010100000000011336,0.010100000000011336,0.010100000000011336,False,125,False,ITC,False,0.015508021390374438,-0.007130124777183555
2026-07-21,285.0,7.35,283.3,-5.176459999999988,-1.1764599999999994,-5.176459999999988,False,125,False,ITC,False,0.017314487632508646,-0.01590106007067138
2026-07-22,280.0,6.1,279.6,1.162759999999978,1.162759999999978,1.162759999999978,False,125,False,ITC,False,0.024004267425320025,-0.009601706970127966
2026-07-23,280.0,5.4,280.7,2.064160000000023,2.914159999999987,2.664160000000001,True,125,False,ITC,False,0.029380341880341776,-0.004451566951566899
2026-07-24,282.5,5.05,281.15,8.14904,8.14904,2.4740399999999996,True,125,False,ITC,False,0.0266382525306339,-0.007103534008169099
2026-07-28,290.0,3.45,287.3,-0.5674999999999998,6.3325000000000005,1.7075000000000005,True,125,False,ITC,False,0.02308095820947731,-0.020632977793320406
2026-07-29,287.5,13.65,287.4,-12.29186,0.10813999999999857,-12.29186,False,125,False,ITC,False,0.026491228070175454,-0.01736842105263159
2026-07-30,287.5,13.1,287.6,-4.510619999999999,0.2393800000000007,-4.510619999999999,False,125,False,ITC,False,0.02254456483746936,-0.021146452289409368
2026-07-31,282.5,14.75,283.6,-12.746760000000023,-1.3967599999999996,-12.746760000000023,False,125,False,ITC,False,0.024514095604972752,-0.019261075118192972
2026-08-03,290.0,10.399999999999999,290.45,-5.34312000000001,-0.8931199999999978,-5.34312000000001,False,125,False,ITC,False,0.041103202846975107,0.007117437722419906
2026-08-04,287.5,10.1,286.6,-5.191859999999988,-0.7918599999999982,-5.191859999999988,False,125,False,ITC,False,0.0082024432809773,-0.017801047120418967
2026-08-05,287.5,9.35,287.0,-1.1988599999999898,-0.4988599999999993,-1.1988599999999898,False,125,False,ITC,False,0.007332402234637048,-0.029329608938547413
2026-08-06,285.0,9.1,286.15,-1.5464800000000105,0.15351999999997623,-1.5464800000000105,False,125,False,ITC,False,-0.00209095661265013,-0.040250914793518056
2026-08-07,285.0,8.85,285.0,-1.345640000000022,0.4043599999999763,-1.345640000000022,False,125,False,ITC,False,0.0038596491228071184,-0.03368421052631587
2026-08-10,285.0,8.45,284.85,-0.9445200000000216,0.8054799999999767,-0.9445200000000216,False,125,False,ITC,False,0.0042120042120044054,-0.03334503334503336
2026-08-11,280.0,8.2,281.1,-1.5912999999999988,-0.5912999999999989,-1.5912999999999988,False,125,False,ITC,False,0.0023053732931372917,-0.03174321688242587
2026-08-12,277.5,7.85,278.65,-3.0851400000000218,-0.6351399999999996,-3.0851400000000218,False,105,False,ITC,False,,
2026-08-13,277.5,7.35,276.65,-2.583740000000022,-0.4337399999999994,-2.583740000000022,False,79,False,ITC,False,,
2026-08-14,277.5,6.3999999999999995,276.4,-1.6310800000000218,0.018920000000001665,-1.6310800000000218,False,53,False,ITC,False,,
2026-08-17,277.5,6.05,276.35,-1.2801000000000222,-0.3300999999999998,-1.2801000000000222,False,27,False,ITC,False,,
2026-08-10,1120.0,45.5,1111.7,-24.685920000000092,0.5140800000000031,-24.685920000000092,False,125,False,JINDALSTEL,False,0.021305530371713566,-0.015412511332728918
2026-08-11,1120.0,44.6,1113.4,-12.415320000000003,-0.31532000000000143,-12.415320000000003,False,125,False,JINDALSTEL,False,0.004012483281319756,-0.03165403477485507
2026-08-12,1100.0,43.650000000000006,1099.0,-13.257620000000008,-0.4076200000000099,-13.257620000000008,False,109,False,JINDALSTEL,False,,
2026-08-13,1100.0,39.35,1102.5,-8.945580000000003,-0.49558000000000424,-8.945580000000003,False,83,False,JINDALSTEL,False,,
2026-08-14,1100.0,41.1,1093.7,-10.700480000000004,-4.800480000000001,-10.700480000000004,False,57,False,JINDALSTEL,False,,
2026-08-17,1100.0,33.95,1092.5,-3.530460000000005,-1.18046,-3.530460000000005,False,31,False,JINDALSTEL,False,,
2026-08-10,257.5,14.649999999999999,256.4,-7.411179999999993,-1.4611799999999986,-7.411179999999993,False,125,False,JIOFIN,False,0.021524141942989905,-0.03432228039557894
2026-08-11,252.5,12.85,252.6,-9.943959999999988,-0.8439599999999989,-9.943959999999988,False,125,False,JIOFIN,False,0.03700787401574801,-0.032480314960629975
2026-08-12,252.5,11.55,252.25,-5.598860000000006,0.2511400000000007,-5.598860000000006,False,112,False,JIOFIN,False,,
2026-08-13,257.5,14.3,257.6,-3.3705600000000078,-1.6705600000000014,-3.3705600000000078,False,86,False,JIOFIN,False,,
2026-08-14,252.5,12.899999999999999,252.1,-6.952640000000004,-1.7026399999999986,-6.952640000000004,False,60,False,JIOFIN,False,,
2026-08-17,245.0,8.85,245.85,-7.578139999999993,0.17186000000000104,-7.578139999999993,False,34,False,JIOFIN,False,,
2026-06-25,1230.0,26.25,1233.0,-16.351220000000094,38.34878000000002,13.02378,True,125,False,JSWSTEEL,False,0.013779687120045292,-0.01864310610359088
2026-06-29,1250.0,18.3,1246.0,-0.4013600000000928,19.29863999999996,9.048640000000002,True,125,False,JSWSTEEL,False,0.01575570535206694,-0.016730285064565864
2026-06-30,1230.0,13.95,1231.7,42.2533,50.553300000000014,6.778299999999998,True,125,False,JSWSTEEL,False,0.011206756537274654,-0.01681013480591198
2026-07-01,1220.0,72.19999999999999,1219.7,-52.95648000000008,-4.056479999999983,-52.95648000000008,False,125,False,JSWSTEEL,False,0.019116570405921962,-0.015130562108516932
2026-07-02,1230.0,64.44999999999999,1225.6,-59.44474000000004,0.055260000000028564,-59.44474000000004,False,125,False,JSWSTEEL,False,0.022777369581190143,-0.010368193321903862
2026-07-03,1240.0,56.650000000000006,1240.1,-51.62290000000005,5.727099999999998,-51.62290000000005,False,125,False,JSWSTEEL,False,0.02520458265139114,-0.008019639934533473
2026-07-06,1230.0,58.55,1231.9,-52.63073999999995,1.619259999999997,-52.63073999999995,False,125,False,JSWSTEEL,False,0.022745735174654724,-0.015272136474411058
2026-07-07,1230.0,60.7,1229.3,-45.21364000000005,-2.1636400000000027,-45.21364000000005,False,125,False,JSWSTEEL,False,0.013605989855889344,-0.024072135898880798
2026-07-08,1240.0,63.199999999999996,1239.6,-8.281379999999995,-4.831379999999993,-8.281379999999995,False,125,False,JSWSTEEL,False,0.01729153199741451,-0.020523594053005745
2026-07-09,1220.0,54.3,1224.7,-48.06968,4.08032,-48.06968,False,125,False,JSWSTEEL,False,0.029351647453192742,-0.002289264982421657
2026-07-10,1250.0,54.55,1245.3,-34.25986000000009,3.0901399999999972,-34.25986000000009,False,125,False,JSWSTEEL,False,0.026916802610114088,-0.0053833605220228176
2026-07-13,1240.0,67.1,1236.2,-52.62876000000004,-9.778759999999997,-52.62876000000004,False,125,False,JSWSTEEL,False,0.006255012028869356,-0.023255813953488413
2026-07-14,1250.0,53.75,1245.8,-38.14445999999991,3.105539999999997,-38.14445999999991,False,125,False,JSWSTEEL,False,0.021451612903225836,-0.01774193548387093
2026-07-15,1240.0,73.25,1243.6,-48.42509999999996,-18.725100000000005,-48.42509999999996,False,125,False,JSWSTEEL,False,0.01989411198459834,-0.022942403337076755
2026-07-16,1230.0,55.150000000000006,1226.5,-13.92034000000009,-1.6703400000000055,-13.92034000000009,False,125,False,JSWSTEEL,False,0.04033504106692676,-0.009514515735545293
2026-07-17,1230.0,52.95,1229.4,-41.82961999999991,-0.4296200000000002,-41.82961999999991,False,125,False,JSWSTEEL,False,0.04543597286916712,-0.004658004412846362
2026-07-20,1250.0,43.400000000000006,1254.8,-38.236079999999916,-1.9360800000000116,-38.236079999999916,False,125,False,JSWSTEEL,False,0.03923639317627936,-0.0023558082859465035
2026-07-21,1270.0,33.900000000000006,1265.9,-10.859600000000052,5.8404,-10.859600000000052,False,125,False,JSWSTEEL,False,0.020663794479016895,-0.0201850965374184
2026-07-22,1270.0,28.25,1265.2,-18.45654,11.543460000000005,-18.45654,False,125,False,JSWSTEEL,False,0.010505529225908417,-0.02993680884676153
2026-07-23,1270.0,28.900000000000002,1271.6,-22.00024000000009,10.899760000000004,-22.00024000000009,False,125,False,JSWSTEEL,False,0.012267510882469246,-0.028017411950929993
2026-07-24,1240.0,23.6,1241.4,7.047960000000088,14.047960000000096,11.647960000000005,True,125,False,JSWSTEEL,False,0.04368349467957433,-0.01744139531162503
2026-07-27,1240.0,19.05,1244.6,22.779339999999916,22.779339999999916,9.354340000000002,True,125,False,JSWSTEEL,False,0.05116841257050764,-0.0053988718775181965
2026-07-28,1250.0,12.8,1246.7,29.24627999999996,29.24627999999996,6.246280000000002,True,125,False,JSWSTEEL,False,0.044519176875650546,-0.006165425574505612
2026-07-29,1260.0,60.05,1260.0,-20.42957999999999,5.47042,-20.42957999999999,False,125,False,JSWSTEEL,False,0.0440176070428171,-0.005042016806722671
2026-07-30,1280.0,66.6,1277.1,-17.02591999999999,-3.825919999999993,-17.02591999999999,False,125,False,JSWSTEEL,False,0.0451511582253632,-0.009422850412249661
2026-07-31,1280.0,60.05,1270.9,-25.714739999999946,-0.9147399999999988,-25.714739999999946,False,125,False,JSWSTEEL,False,0.052424122979897625,-0.005124162396531351
2026-08-03,1280.0,51.55,1282.1,2.5536200000000084,7.553620000000001,2.5536200000000084,False,125,False,JSWSTEEL,False,0.050023596035865925,-0.002123643227937788
2026-08-04,1280.0,54.15,1286.2,-34.25761999999995,1.9423800000000055,-34.25761999999995,False,125,False,JSWSTEEL,False,0.04077336867545012,-0.005301317533328076
2026-08-05,1300.0,54.1,1298.3,-33.609160000000045,3.8908400000000016,-33.609160000000045,False,125,False,JSWSTEEL,False,0.034482758620689724,-0.011158465710964793
2026-08-06,1320.0,60.8,1329.2,-13.204079999999992,-2.404079999999994,-13.204079999999992,False,125,False,JSWSTEEL,False,0.003759398496240518,-0.046466165413533767
2026-08-07,1300.0,58.150000000000006,1305.7,-31.587579999999917,-2.7375800000000075,-31.587579999999917,False,125,False,JSWSTEEL,False,0.004594180704440953,-0.03215926493108734
2026-08-10,1300.0,51.3,1304.2,-26.61308,0.7869200000000072,-26.61308,False,125,False,JSWSTEEL,False,0.010630103219842812,-0.029194268987829397
2026-08-11,1300.0,51.45,1299.8,-34.04305999999996,-3.0930600000000057,-34.04305999999996,False,125,False,JSWSTEEL,False,0.0020750076852136257,-0.03904088533661232
2026-08-12,1280.0,47.5,1285.8,-14.924560000000003,-0.9245600000000028,-14.924560000000003,False,107,False,JSWSTEEL,False,,
2026-08-13,1260.0,46.05,1267.9,-25.43689999999991,-1.7368999999999974,-25.43689999999991,False,81,False,JSWSTEEL,False,,
2026-08-14,1260.0,44.2,1265.8,-23.581719999999912,-4.531720000000009,-23.581719999999912,False,55,False,JSWSTEEL,False,,
2026-08-17,1260.0,40.0,1257.5,-19.36995999999991,-4.869960000000003,-19.36995999999991,False,29,False,JSWSTEEL,False,,
2026-08-10,615.0,57.35,613.75,-52.32486000000005,-1.924860000000007,-52.32486000000005,False,125,False,KALYANKJIL,True,0.025982623086470813,-0.031774927596193714
2026-08-11,600.0,51.45,597.95,-42.51925999999996,-2.0692600000000057,-42.51925999999996,False,125,False,KALYANKJIL,False,0.04066945606694561,-0.02083682008368204
2026-08-12,600.0,46.650000000000006,599.3,-37.55623999999998,-3.7562400000000085,-37.55623999999998,False,104,False,KALYANKJIL,False,,
2026-08-13,605.0,42.150000000000006,604.85,-38.029639999999986,-7.479640000000009,-38.029639999999986,False,78,False,KALYANKJIL,True,,
2026-08-14,615.0,40.7,614.05,-35.279220000000024,-0.5792200000000027,-35.279220000000024,False,52,False,KALYANKJIL,False,,
2026-08-17,605.0,34.800000000000004,606.6,-30.659059999999982,-21.609060000000028,-30.659059999999982,False,26,False,KALYANKJIL,False,,
2026-06-25,3250.0,80.75,3229.2,-25.631220000000084,48.56878000000016,39.99378,True,125,False,KAYNES,True,0.05515736989716413,-0.03085073231536306
2026-06-29,3250.0,98.6,3231.6,-43.331759999999804,220.81823999999997,48.868239999999986,True,125,False,KAYNES,False,0.03127874885004589,-0.04630481447408774
2026-06-30,3150.0,31.450000000000003,3165.8,154.14086000000017,303.09085999999996,15.115860000000001,True,125,False,KAYNES,False,0.07590006649567793,-0.015230676672682963
2026-07-01,3150.0,319.75,3161.6,-174.15634000000003,13.143659999999931,-174.15634000000003,False,125,False,KAYNES,False,0.08555910543131007,0.0015974440894568342
2026-07-02,3150.0,310.6,3165.0,-195.49503999999993,8.104959999999954,-195.49503999999993,False,125,False,KAYNES,False,0.07866666666666666,-0.0031111111111111756
2026-07-03,3200.0,306.5,3194.4,-73.21535999999993,-1.2153600000000455,-73.21535999999993,False,125,False,KAYNES,False,0.09310628080374084,0.003064577277897218
2026-07-06,3300.0,340.1,3305.8,-147.69492000000002,-19.694920000000046,-147.69492000000002,False,125,False,KAYNES,True,0.04427412082957627,-0.04057709648331831
2026-07-07,3350.0,322.65000000000003,3336.3,-264.91777999999994,-18.41778000000008,-264.91777999999994,False,125,False,KAYNES,False,0.035558867362146085,-0.04858420268256336
2026-07-08,3300.0,321.70000000000005,3297.0,-296.07496000000026,-6.62496000000009,-296.07496000000026,False,125,False,KAYNES,False,0.051034607938044596,-0.03436592449177156
2026-07-09,3250.0,292.0,3266.4,-136.95495999999994,-92.05495999999984,-136.95495999999994,False,125,False,KAYNES,True,0.0796457426973276,0.0071783716594158165
2026-07-10,3450.0,316.0,3434.9,-237.3079599999999,-145.20796,-237.3079599999999,False,125,False,KAYNES,False,0.00910937046707283,-0.051319988395706395
2026-07-16,3400.0,188.64999999999998,3424.3,32.00102000000009,73.10102,32.00102000000009,False,125,False,KAYNES,False,0.040222494691826816,-0.041538323514459186
2026-07-24,3150.0,97.1,3144.2,378.8911199999998,442.8911199999999,46.941119999999984,True,125,False,KAYNES,False,0.1514188772362739,-0.03423812461443554
2026-07-27,3200.0,97.94999999999999,3195.4,472.0747000000001,546.6746999999999,47.09969999999999,True,125,False,KAYNES,False,0.2149197355996224,-0.0046899590808939795
2026-07-28,3200.0,80.14999999999999,3178.1,522.8321400000001,578.8321400000001,38.157140000000005,True,125,False,KAYNES,False,0.21559258094938705,-0.005941527821439863
2026-07-29,3300.0,331.1,3317.5,241.26348000000007,245.9634799999999,163.01348000000002,True,125,False,KAYNES,False,0.19384615384615378,0.006215384615384512
2026-07-30,3650.0,448.15,3658.9,-202.19866,-6.19866,-202.19866,False,125,False,KAYNES,False,0.08515415366080714,-0.02083675592793377
2026-07-31,3650.0,404.40000000000003,3627.7,-207.18896000000007,-101.18896000000005,-207.18896000000007,False,125,False,KAYNES,False,0.09179063360881545,-0.0021487603305785363
2026-08-03,3750.0,446.25,3772.0,-360.4436599999999,-11.843660000000023,-360.4436599999999,False,125,False,KAYNES,False,0.047080581241743635,-0.006605019815059454
2026-08-04,3800.0,422.15000000000003,3806.0,-313.5400200000002,12.459979999999932,-313.5400200000002,False,125,False,KAYNES,False,0.04157687253613651,-0.07095926412614983
2026-08-05,3900.0,430.30000000000007,3905.0,-249.91444000000027,12.085559999999955,-249.91444000000027,False,125,False,KAYNES,False,0.021522282650720426,-0.0888470758048302
2026-08-06,3900.0,444.0,3915.0,-376.3364000000002,-1.3363999999999767,-376.3364000000002,False,125,False,KAYNES,False,0.007824525397639892,-0.09312467932272961
2026-08-07,3850.0,443.25,3841.8,-366.80894,8.79106,-366.80894,False,125,False,KAYNES,False,0.015391025807963699,-0.0794031094559754
2026-08-10,3700.0,405.3,3705.9,-181.91498,-115.91498000000003,-181.91498,False,125,False,KAYNES,False,0.005429981813457996,-0.08157963107300592
2026-08-11,3800.0,221.89999999999998,3775.1,-89.99316,81.05683999999995,-89.99316,False,125,False,KAYNES,False,0.038899328859060445,-0.025476510067114155
2026-08-12,3750.0,261.1,3748.5,-163.20772000000002,10.292279999999955,-163.20772000000002,False,103,False,KAYNES,False,,
2026-08-13,3800.0,273.8,3797.0,-126.08328000000003,-21.583280000000034,-126.08328000000003,False,77,False,KAYNES,False,,
2026-08-14,3700.0,207.14999999999998,3722.5,-158.96665999999996,33.133340000000025,-158.96665999999996,False,51,False,KAYNES,False,,
2026-08-17,3650.0,219.14999999999998,3647.1,-12.39559999999996,-12.39559999999996,-12.39559999999996,False,25,False,KAYNES,False,,
2026-06-29,5200.0,125.5,5214.0,-71.10484,286.64516,62.24516,True,125,False,KEI,False,0.06443641893176211,-0.020148260786922667
2026-07-02,5200.0,403.35,5189.0,-256.99322000000006,-14.593220000000068,-256.99322000000006,False,125,False,KEI,False,0.016853932584269593,-0.05551323557417631
2026-07-09,5100.0,366.05000000000007,5052.0,-365.67858000000007,-2.578580000000068,-365.67858000000007,False,125,False,KEI,False,0.04367770243318714,-0.017750299162345384
2026-07-10,5100.0,335.65000000000003,5075.0,-196.58266000000006,8.917339999999943,-196.58266000000006,False,125,False,KEI,False,0.04701880752300913,0.0
2026-07-14,5100.0,312.1,5015.0,-179.94712000000004,32.55287999999995,-179.94712000000004,False,125,False,KEI,False,0.014478575621209133,-0.04881627861475246
2026-07-16,5150.0,271.6,5092.5,-82.49332000000004,43.806679999999965,-82.49332000000004,False,125,False,KEI,False,0.008821799647128037,-0.04695157812193684
2026-07-17,5100.0,317.0,4978.5,-55.723440000000025,-55.723440000000025,-55.723440000000025,False,125,False,KEI,False,0.0025666337611056633,-0.04017769002961502
2026-07-20,5050.0,276.05,4929.0,-150.32783999999998,-2.1778400000000113,-150.32783999999998,False,125,False,KEI,False,0.035487829822049566,-0.01984045817140523
2026-07-23,5100.0,189.20000000000002,4977.5,119.30279999999996,119.30279999999996,93.2028,True,125,False,KEI,False,0.006740442655935652,-0.035814889336016065
2026-07-24,5000.0,139.8,4837.0,-21.624080000000006,110.37591999999997,69.17592,True,125,False,KEI,False,0.006923233557320385,-0.033699857462838545
2026-07-27,5050.0,173.0,4913.5,-117.34176000000036,127.25823999999997,85.85824,True,125,False,KEI,False,0.04404065291037873,-0.025664716148239397
2026-07-30,4800.0,380.25,4790.0,339.66118000000046,394.5611800000001,187.03618,True,125,False,KEI,False,0.1550283651366684,-0.021041774110366118
2026-08-03,5000.0,402.1,4993.6,190.00868000000006,218.10868000000042,198.25868000000006,True,125,False,KEI,False,0.12737832966152607,-0.005968355697977157
2026-08-04,5400.0,304.30000000000007,5350.5,-80.38288000000009,66.3171199999999,-80.38288000000009,False,125,False,KEI,False,0.12917803037843645,0.035375151792646164
2026-08-05,5500.0,353.70000000000005,5498.4,-230.4389600000002,-1.9389600000000222,-230.4389600000002,False,125,False,KEI,False,0.03472727272727272,-0.010581818181818137
2026-08-06,5500.0,336.65000000000003,5515.5,-135.55962000000025,-2.859620000000079,-135.55962000000025,False,125,False,KEI,False,0.036084807445094125,-0.006807770998171425
2026-08-07,5500.0,310.05,5549.4,-46.26098000000003,13.239019999999966,-46.26098000000003,False,125,False,KEI,False,0.046057347670250826,-0.006756272401433616
2026-08-10,5600.0,287.3,5639.4,-192.47268,6.1273199999999886,-192.47268,False,125,False,KEI,False,0.04269381922115034,-0.005680600214362341
2026-08-11,5600.0,274.20000000000005,5632.0,-57.378439999999884,-5.778440000000034,-57.378439999999884,False,125,False,KEI,False,0.04070796460176984,-0.013769911504424859
2026-08-12,5600.0,268.1,5629.0,-25.78289999999968,3.3670999999999536,-25.78289999999968,False,104,False,KEI,False,,
2026-08-13,5800.0,244.10000000000002,5764.4,-55.06590000000002,8.434099999999978,-55.06590000000002,False,78,False,KEI,False,,
2026-08-14,5800.0,220.7,5750.1,-31.600379999999987,-6.9503800000000115,-31.600379999999987,False,52,False,KEI,False,,
2026-08-17,5700.0,206.1,5736.0,-63.329299999999655,-34.17930000000002,-63.329299999999655,False,26,False,KEI,False,,
2026-08-10,940.0,63.75,930.15,-22.64414,-7.894140000000001,-22.64414,False,125,False,KFINTECH,False,0.011217948717948678,-0.02596153846153837
2026-08-11,920.0,56.55,925.25,-3.806600000000014,-0.10659999999996872,-3.806600000000014,False,125,False,KFINTECH,False,0.056596661281637095,-0.01809369951534734
2026-08-13,920.0,48.2,923.8,-17.620919999999913,8.329080000000026,-17.620919999999913,False,86,False,KFINTECH,False,,
2026-08-14,920.0,44.1,922.0,-13.509439999999913,12.440560000000026,-13.509439999999913,False,60,False,KFINTECH,False,,
2026-08-17,920.0,32.900000000000006,929.9,-2.2780799999999166,23.67192000000002,16.27192,True,34,False,KFINTECH,False,,
2026-06-25,740.0,23.55,739.0,153.3374799999999,162.38747999999998,11.212480000000003,True,125,False,KPITTECH,False,0.015857956085660208,-0.2520330712930333
2026-06-29,730.0,18.150000000000002,735.0,161.99349999999993,161.99349999999993,8.5185,True,125,False,KPITTECH,False,0.007313109425785447,-0.2526408450704225
2026-06-30,700.0,7.05,696.0,132.93741999999997,145.78742,3.1124199999999997,True,125,False,KPITTECH,False,0.005759235847731414,-0.23676078100856857
2026-07-01,600.0,64.05,604.4,-28.230139999999945,-11.080139999999968,-28.230139999999945,False,125,False,KPITTECH,False,-0.09952324195470807,-0.19047973778307514
2026-07-02,570.0,57.64999999999999,566.3,-41.70635999999999,-9.606359999999992,-41.70635999999999,False,125,False,KPITTECH,True,0.01693404634581097,-0.03146167557932256
2026-07-03,560.0,56.8,562.45,-12.184479999999999,-1.9344799999999913,-12.184479999999999,False,125,False,KPITTECH,True,0.018817204301075252,-0.02625448028673827
2026-07-06,550.0,53.65,549.2,-43.57863999999998,-3.3286399999999987,-43.57863999999998,False,125,False,KPITTECH,False,0.018110095033171847,-0.025730679576833504
2026-07-07,560.0,48.900000000000006,559.5,-33.62990000000005,0.8200999999999931,-33.62990000000005,False,125,False,KPITTECH,True,0.03495128273889336,-0.022794314829713058
2026-07-08,560.0,47.85,563.8,-40.35512,0.9948799999999985,-40.35512,False,125,False,KPITTECH,False,0.03282783229259589,-0.024799286351471883
2026-07-09,550.0,48.150000000000006,553.75,-41.85260000000005,-2.6026000000000025,-41.85260000000005,False,125,False,KPITTECH,False,0.04259342638451136,-0.022062134173795545
2026-07-10,560.0,42.650000000000006,559.35,-36.536639999999984,1.8633599999999928,-36.536639999999984,False,125,False,KPITTECH,False,0.05542388331814041,-0.010027347310847756
2026-07-13,560.0,43.300000000000004,560.35,-36.83943999999996,-2.4394400000000043,-36.83943999999996,False,125,False,KPITTECH,False,0.030071174377224175,-0.03380782918149461
2026-07-14,580.0,37.95,575.55,-12.527660000000004,-3.227659999999997,-12.527660000000004,False,125,False,KPITTECH,False,0.0045296167247386165,-0.05400696864111498
2026-07-15,550.0,40.25,552.25,-32.235240000000005,-3.7352400000000014,-32.235240000000005,False,125,False,KPITTECH,False,0.04225605910442365,-0.0215334714839176
2026-07-16,560.0,32.25,556.55,-24.262699999999956,1.4872999999999943,-24.262699999999956,False,125,False,KPITTECH,False,0.045931283905967346,-0.010849909584086825
2026-07-17,550.0,46.900000000000006,553.65,-31.574440000000006,-15.724440000000008,-31.574440000000006,False,125,False,KPITTECH,False,0.050585777858505265,-0.006448097357188209
2026-07-20,550.0,29.400000000000002,553.3,8.760580000000049,8.760580000000049,8.760580000000049,False,125,False,KPITTECH,False,0.05956678700361007,-0.014169675090252798
2026-07-21,580.0,24.950000000000003,575.35,-12.405000000000005,5.695000000000018,-12.405000000000005,False,125,False,KPITTECH,False,0.052622253720765455,-0.03233522324592486
2026-07-22,560.0,21.5,558.25,46.05023999999998,46.05023999999998,10.50024,True,125,False,KPITTECH,False,0.07374944665781324,-0.03293492695883138
2026-07-23,550.0,19.05,551.8,30.407920000000004,80.45791999999996,9.332920000000001,True,125,False,KPITTECH,False,0.19871562952243127,-0.012029667149059287
2026-07-24,550.0,15.55,551.05,14.721619999999998,84.02161999999996,7.646620000000002,True,125,False,KPITTECH,False,0.20067041130639618,-0.010418554085885101
2026-07-27,590.0,13.3,588.45,1.1224400000000205,46.322439999999965,6.572440000000002,True,125,False,KPITTECH,False,0.1367184149584011,-0.01277982674328848
2026-07-28,590.0,11.2,592.75,17.8373,48.38729999999996,5.487299999999998,True,125,False,KPITTECH,False,0.13273504273504266,-0.016239316239316293
2026-07-29,630.0,58.25,627.9,-16.729860000000002,6.820140000000008,-16.729860000000002,False,125,False,KPITTECH,False,0.09537978345317777,-0.04868170923216797
2026-07-30,600.0,53.35,599.75,-28.07049999999998,-4.670500000000003,-28.07049999999998,False,125,False,KPITTECH,False,-0.012529365700861383,-0.0986687548942835
2026-07-31,580.0,45.75,580.5,-2.150599999999949,8.34940000000005,-2.150599999999949,False,125,False,KPITTECH,True,0.0850127011007622,-0.025402201524132084
2026-08-03,600.0,44.95,604.6,-14.062659999999958,-10.462660000000042,-14.062659999999958,False,125,False,KPITTECH,False,0.07319932998324963,0.0024288107202681264
2026-08-04,620.0,49.55,621.9,-41.262120000000046,-8.16212,-41.262120000000046,False,125,False,KPITTECH,False,0.034638675817521225,-0.002180056519983875
2026-08-05,630.0,40.5,626.35,-7.256779999999997,0.8432199999999972,-7.256779999999997,False,125,False,KPITTECH,False,0.024136828644501396,-0.00943094629156005
2026-08-06,630.0,40.15,629.95,-23.708619999999954,1.1913800000000012,-23.708619999999954,False,125,False,KPITTECH,False,0.024136828644501396,-0.026534526854219975
2026-08-07,630.0,40.1,632.05,-29.093220000000002,-0.34322000000000286,-29.093220000000002,False,125,False,KPITTECH,False,0.027587870988498242,-0.02195769323574359
2026-08-10,630.0,42.900000000000006,632.35,-27.912260000000007,-6.512260000000008,-27.912260000000007,False,125,False,KPITTECH,False,0.012361331220285265,-0.03645007923930266
2026-08-11,630.0,35.75,627.4,-15.307499999999957,-1.607500000000003,-15.307499999999957,False,125,False,KPITTECH,False,0.00995381430164044,-0.03925784360566964
2026-08-12,620.0,33.4,623.25,-15.119830000000023,-2.1948300000000005,-15.119830000000023,False,106,False,KPITTECH,False,,
2026-08-13,620.0,31.55,616.4,-13.264650000000024,-0.4396500000000042,-13.264650000000024,False,80,False,KPITTECH,False,,
2026-08-14,620.0,29.05,617.0,-10.757650000000025,-1.032650000000002,-10.757650000000025,False,54,False,KPITTECH,False,,
2026-08-17,600.0,23.55,604.7,-2.325440000000003,-1.7754400000000021,-2.325440000000003,False,28,False,KPITTECH,False,,
2026-06-25,1450.0,30.35,1450.3,48.24438000000001,48.24438000000001,14.869380000000005,True,125,False,LAURUSLABS,False,0.05092656142759089,-0.012628689087165523
2026-06-29,1450.0,15.850000000000001,1454.0,78.74018000000001,87.44018000000005,7.6151800000000005,True,125,False,LAURUSLABS,False,0.07012593765054032,-0.0021333700364737362
2026-06-30,1490.0,7.0,1493.6,19.207040000000088,94.60704,3.40704,True,125,False,LAURUSLABS,False,0.04530787846195228,-0.007797795106211258
2026-07-01,1520.0,101.19999999999999,1519.3,-69.47295999999994,-5.972959999999994,-69.47295999999994,False,125,False,LAURUSLABS,False,0.0243741765480896,-0.03201581027667977
2026-07-02,1480.0,98.5,1482.0,-68.85952000000009,-9.459519999999994,-68.85952000000009,False,125,False,LAURUSLABS,False,0.04173645072687071,-0.02981175051919338
2026-07-03,1530.0,97.94999999999999,1529.0,-82.16905999999993,-0.36905999999998307,-82.16905999999993,False,125,False,LAURUSLABS,False,0.019337921992789164,-0.05067191084890199
2026-07-06,1540.0,97.0,1545.0,-7.7227599999999885,-5.7227599999999885,-7.7227599999999885,False,125,False,LAURUSLABS,False,0.005184705119896327,-0.06143875567077117
2026-07-07,1520.0,96.14999999999999,1516.4,-58.42561999999994,-2.375619999999986,-58.42561999999994,False,125,False,LAURUSLABS,False,0.02440939729075331,-0.05228715398206918
2026-07-09,1510.0,83.8,1510.1,-34.67296000000008,4.977040000000009,-34.67296000000008,False,125,False,LAURUSLABS,False,0.07568119891008163,-0.00544959128065392
2026-07-10,1510.0,90.6,1513.8,-62.53292,-26.732920000000036,-62.53292,False,125,False,LAURUSLABS,False,0.042654341366787696,-0.006866952789699621
2026-07-13,1540.0,85.05,1540.4,-79.20493999999995,6.595060000000008,-79.20493999999995,False,125,False,LAURUSLABS,False,0.028394659719960913,-0.009833930315857997
2026-07-14,1560.0,93.89999999999999,1558.2,-87.8802799999999,-5.230279999999989,-87.8802799999999,False,125,False,LAURUSLABS,False,0.013738203761956669,-0.023945560762662854
2026-07-15,1570.0,83.64999999999999,1567.3,-73.61277999999992,3.937220000000017,-73.61277999999992,False,125,False,LAURUSLABS,False,0.025902417131499655,-0.025197153298711306
2026-07-16,1560.0,82.44999999999999,1559.6,-62.03854000000003,2.9614600000000144,-62.03854000000003,False,125,False,LAURUSLABS,False,0.027285567539804934,-0.023882896764252592
2026-07-17,1540.0,79.44999999999999,1538.5,-45.867099999999986,-1.16709999999998,-45.867099999999986,False,125,False,LAURUSLABS,False,0.027021822849807364,-0.024133504492939606
2026-07-20,1530.0,77.0,1533.8,54.31535999999998,54.31535999999998,37.91536,True,125,False,LAURUSLABS,False,0.054009819967266726,-0.00019639934533544068
2026-07-21,1570.0,64.05,1566.4,89.83833999999989,91.33833999999989,31.41333999999999,True,125,False,LAURUSLABS,True,0.10915718122522056,-0.005691264867630053
2026-07-22,1580.0,62.349999999999994,1580.4,126.34537999999998,126.34537999999998,30.47038,True,125,False,LAURUSLABS,False,0.10608913998744507,-0.023917137476459405
2026-07-23,1580.0,55.45,1580.8,149.8182199999999,153.3182199999999,26.993220000000008,True,125,False,LAURUSLABS,False,0.13855993920587695,-0.01532518523209414
2026-07-24,1570.0,54.95,1574.0,175.2496199999999,175.2496199999999,26.674620000000008,True,125,False,LAURUSLABS,False,0.14506683640993012,-0.010248249522597064
2026-07-27,1680.0,44.15,1662.0,83.96658000000002,100.76657999999998,21.591579999999997,True,125,False,LAURUSLABS,False,0.13594527363184072,0.0056592039800993366
2026-07-28,1720.0,23.550000000000004,1724.6,67.42870000000009,91.82869999999996,11.453699999999998,True,125,False,LAURUSLABS,False,0.07440093512565737,-0.0019286966686148377
2026-07-29,1760.0,106.6,1769.5,-17.24991999999999,-17.24991999999999,-17.24991999999999,False,125,False,LAURUSLABS,False,0.04843304843304841,-0.00039886039886039004
2026-07-30,1780.0,108.6,1786.1,-46.479079999999946,-5.829079999999994,-46.479079999999946,False,125,False,LAURUSLABS,False,0.04414824813002638,-0.0026995107136831287
2026-07-31,1800.0,102.05,1801.1,-68.33093999999994,-4.730939999999994,-68.33093999999994,False,125,False,LAURUSLABS,False,0.04203850255374064,0.001852163663916384
2026-08-03,1800.0,104.05,1808.7,-55.07937999999999,-51.1793799999999,-55.07937999999999,False,125,False,LAURUSLABS,False,0.02292011019283735,-0.014269972451790736
2026-08-04,1820.0,91.79999999999998,1825.4,-67.02703999999993,6.072960000000034,-67.02703999999993,False,125,False,LAURUSLABS,False,0.03279231533620397,-0.002925913657944257
2026-08-05,1840.0,85.35,1846.0,-5.014939999999983,11.685060000000005,-5.014939999999983,False,125,False,LAURUSLABS,False,0.016794390999510744,-0.00510897331376714
2026-08-06,1840.0,97.0,1839.8,-21.18495999999999,-3.48496,-21.18495999999999,False,125,False,LAURUSLABS,False,0.015249362348727313,-0.006620719596244662
2026-08-07,1840.0,89.19999999999999,1841.2,-18.349119999999978,2.4008800000000226,-18.349119999999978,False,125,False,LAURUSLABS,False,0.022015842665938257,-0.005408358372029576
2026-08-10,1860.0,87.6,1859.0,-42.771560000000036,-0.42155999999998284,-42.771560000000036,False,125,False,LAURUSLABS,False,0.00917035278886602,-0.041050814543100556
2026-08-11,1840.0,83.79999999999998,1835.4,-50.42872000000002,-0.07871999999997142,-50.42872000000002,False,125,False,LAURUSLABS,False,0.009376693766937727,-0.040975609756097486
2026-08-12,1860.0,80.1,1858.0,-30.264560000000035,-0.6145599999999857,-30.264560000000035,False,103,False,LAURUSLABS,False,,
2026-08-13,1840.0,76.44999999999999,1836.7,-46.54834000000004,-1.89833999999998,-46.54834000000004,False,77,False,LAURUSLABS,False,,
2026-08-14,1840.0,60.5,1836.3,-30.553680000000046,8.546319999999998,-30.553680000000046,False,51,False,LAURUSLABS,False,,
2026-08-17,1820.0,61.95,1816.7,-51.95174000000005,1.498260000000003,-51.95174000000005,False,25,False,LAURUSLABS,False,,
2026-06-25,550.0,9.899999999999999,552.2,-0.20473999999997733,21.89526,4.8952599999999995,True,125,False,LICHSGFIN,False,0.032697547683923744,-0.011625794732061712
2026-06-29,550.0,8.4,548.1,-6.927439999999978,23.422559999999997,4.172560000000001,True,125,False,LICHSGFIN,False,0.032322498638096775,-0.011984746686035996
2026-06-30,555.0,5.15,556.35,3.4616399999999983,26.611639999999998,2.5366400000000002,True,125,False,LICHSGFIN,False,0.017358625626342272,-0.02290622763063699
2026-07-01,550.0,33.45,552.0,-7.167440000000007,-1.767440000000005,-7.167440000000007,False,125,False,LICHSGFIN,False,0.004416961130742081,-0.04151943462897523
2026-07-02,555.0,30.050000000000004,556.75,-10.688459999999983,0.4615399999999943,-10.688459999999983,False,125,False,LICHSGFIN,False,0.019891500904159143,-0.0452079566003617
2026-07-03,560.0,30.650000000000002,559.85,-18.370260000000002,-0.17025999999995808,-18.370260000000002,False,125,False,LICHSGFIN,False,0.020814479638008976,-0.044343891402714886
2026-07-08,550.0,25.950000000000003,540.05,-23.92825999999996,1.521739999999994,-23.92825999999996,False,125,False,LICHSGFIN,False,0.02191528545119703,-0.027624309392265234
2026-07-09,545.0,25.0,535.4,-21.92854,-8.878540000000047,-21.92854,False,125,False,LICHSGFIN,False,0.060463364098700456,0.0011301563382934976
2026-07-10,550.0,23.6,547.5,-4.120680000000004,-0.2706800000000057,-4.120680000000004,False,125,False,LICHSGFIN,False,0.04278570105575108,0.0020374143359882524
2026-07-13,550.0,23.85,546.55,-22.47056000000005,-0.47056000000000553,-22.47056000000005,False,125,False,LICHSGFIN,False,0.018267317778983605,-0.017815156447820613
2026-07-17,550.0,20.6,546.1,-1.3615799999999574,-1.1615800000000007,-1.3615799999999574,False,125,False,LICHSGFIN,False,0.015476190476190643,-0.0262820512820513
2026-07-21,555.0,15.05,552.05,-10.355159999999955,9.244840000000043,7.469840000000002,True,125,False,LICHSGFIN,False,0.005076602302601874,-0.04043151119572108
2026-07-22,550.0,15.2,541.55,20.557199999999998,20.557199999999998,7.457199999999998,True,125,False,LICHSGFIN,False,0.010479314743940149,-0.03544742117732835
2026-07-24,540.0,12.55,530.55,2.8717400000000204,23.87174,6.196740000000002,True,125,False,LICHSGFIN,False,0.03976848394324106,-0.01185586258401794
2026-07-27,550.0,10.4,543.4,16.096680000000045,26.79668,5.096680000000001,True,125,False,LICHSGFIN,False,0.031296296296296156,-0.03425925925925921
2026-07-29,550.0,34.95,549.4,2.746300000000003,2.89629999999998,2.746300000000003,False,125,False,LICHSGFIN,False,0.01726185039729633,-0.06959539683989413
2026-07-30,550.0,37.9,545.3,-0.11223999999997022,1.4877599999999958,-0.11223999999997022,False,125,False,LICHSGFIN,False,0.0023546458974823548,-0.07743162470566922
2026-07-31,520.0,27.35,524.4,-14.113680000000015,1.2363199999999979,-14.113680000000015,False,125,False,LICHSGFIN,False,-0.0018477457501847594,-0.0672579453067258
2026-08-03,520.0,25.55,523.3,-10.41395999999998,3.0360399999999985,-10.41395999999998,False,125,False,LICHSGFIN,False,0.007648183556405286,-0.03881453154875725
2026-08-04,520.0,25.450000000000003,517.1,-6.973060000000015,1.0269399999999986,-6.973060000000015,False,125,False,LICHSGFIN,False,0.004065827686350554,-0.03184898354307841
2026-08-05,510.0,25.6,514.75,-18.990159999999992,-0.040160000000002874,-18.990159999999992,False,125,False,LICHSGFIN,False,0.007504873294347014,-0.026900584795321647
2026-08-06,510.0,23.35,513.5,-17.43189999999998,2.218099999999997,-17.43189999999998,False,125,False,LICHSGFIN,False,0.006055870287165588,-0.0248095331119359
2026-08-07,500.0,24.400000000000002,504.75,-7.066900000000003,-2.216900000000005,-7.066900000000003,False,125,False,LICHSGFIN,False,0.005928853754940677,-0.013438735177865646
2026-08-10,500.0,21.0,502.1,-4.1559800000000005,-0.60598,-4.1559800000000005,False,125,False,LICHSGFIN,False,0.009820454320007999,-0.012002777502231998
2026-08-11,500.0,19.75,501.05,-4.547859999999999,0.10213999999999929,-4.547859999999999,False,125,False,LICHSGFIN,False,0.015562649640861848,-0.009876296887470049
2026-08-12,510.0,17.65,505.05,-4.436380000000023,4.8136199999999985,-4.436380000000023,False,110,False,LICHSGFIN,False,,
2026-08-13,500.0,18.400000000000002,504.85,-2.047300000000003,-0.1473000000000007,-2.047300000000003,False,84,True,LICHSGFIN,False,,
2026-08-14,500.0,17.6,500.25,-1.245060000000002,0.65494,-1.245060000000002,False,58,True,LICHSGFIN,False,,
2026-08-17,500.0,17.4,496.8,-1.0444999999999993,-0.8445,-1.0444999999999993,False,32,True,LICHSGFIN,False,,
2026-08-11,405.0,16.4,406.95,-9.315659999999998,0.43434,-9.315659999999998,False,125,False,LICI,False,0.05842011684023363,-0.0012700025400050885
2026-08-12,410.0,16.35,409.65,-6.82238,-1.522380000000001,-6.82238,False,106,False,LICI,False,,
2026-08-13,415.0,9.7,414.5,-7.25881000000001,3.8161900000000015,-7.25881000000001,False,80,False,LICI,False,,
2026-08-14,410.0,9.3,409.5,0.24736000000000072,1.9973600000000007,0.24736000000000072,False,54,False,LICI,False,,
2026-06-25,970.0,23.0,967.55,33.27767999999992,57.42768000000001,11.27768,True,125,False,LODHA,False,0.08131727592454441,-0.007780027709687665
2026-06-29,950.0,19.7,955.0,82.40825999999996,91.75826000000009,9.508259999999998,True,125,False,LODHA,False,0.11801242236024856,-0.01989683124539421
2026-07-01,960.0,80.64999999999999,959.6,59.031620000000075,64.28162000000007,39.70662,True,125,False,LODHA,False,0.15748772076497008,-0.0027171073257393763
2026-07-02,1000.0,77.05,1000.05,41.152039999999914,73.15203999999989,37.97703999999999,True,125,False,LODHA,False,0.1631419939577039,-0.0019133937562940684
2026-07-07,1100.0,85.35,1103.7,-16.831760000000035,37.31824000000006,-16.831760000000035,False,125,False,LODHA,False,0.11875085604711688,-0.008811578322604263
2026-07-08,1100.0,80.2,1100.4,-10.171540000000043,42.47846000000005,39.67846000000001,True,125,False,LODHA,False,0.11255391600454034,-0.014301929625425647
2026-07-09,1120.0,87.4,1118.85,-50.897619999999954,15.352380000000045,-50.897619999999954,False,125,False,LODHA,True,0.09402625234395923,-0.015983569961603772
2026-07-10,1140.0,85.45,1145.6,-50.93655999999995,-2.6865599999999517,-50.93655999999995,False,125,False,LODHA,False,0.02100000000000013,-0.050708333333333244
2026-07-13,1220.0,89.1,1212.85,-57.339079999999946,-16.18908000000008,-57.339079999999946,False,125,False,LODHA,True,0.00250636864163023,-0.059741967293943654
2026-07-14,1160.0,86.0,1169.05,-54.92844,-6.678439999999994,-54.92844,False,125,False,LODHA,True,-0.0038346115371790113,-0.046182060686895565
2026-07-15,1180.0,74.35,1170.55,-21.008259999999993,1.2417400000000085,-21.008259999999993,False,125,False,LODHA,True,0.049697286467180524,-0.0025697983361645527
2026-07-16,1160.0,68.1,1156.95,-22.369339999999998,-2.5193399999999886,-22.369339999999998,False,125,False,LODHA,False,0.03429037380369948,-0.012274151323977467
2026-07-17,1180.0,53.4,1174.95,-12.265159999999993,12.93484000000001,-12.265159999999993,False,125,False,LODHA,False,0.025313763029142677,-0.0375664752180388
2026-07-20,1180.0,62.0,1187.8,-25.02762,-2.0776199999999974,-25.02762,False,125,False,LODHA,False,0.015249810430533195,-0.0529951975735109
2026-07-21,1200.0,48.1,1191.5,10.924490000000185,25.79948999999996,23.749490000000005,True,125,False,LODHA,True,0.01770657672849918,-0.05227655986509272
2026-07-22,1180.0,56.150000000000006,1173.35,43.71222000000009,73.21222000000006,27.637220000000003,True,125,False,LODHA,False,0.09699999999999998,-0.06333333333333335
2026-07-23,1160.0,52.1,1158.8,102.22067999999999,114.77067999999994,25.470680000000005,True,125,False,LODHA,True,0.1584409991386735,-0.031869078380706295
2026-07-24,1140.0,40.800000000000004,1138.5,105.72430000000006,146.12429999999992,19.874299999999998,True,125,False,LODHA,False,0.1675419940101568,-0.024263205868310322
2026-07-27,1180.0,31.5,1174.9,31.036240000000095,115.68623999999993,15.48624,True,125,False,LODHA,False,0.17575837048693055,0.005420054200541813
2026-07-29,1280.0,112.39999999999999,1280.4,-62.75471999999994,-2.6547199999999886,-62.75471999999994,False,125,False,LODHA,True,0.025114329268292712,-0.06524390243902434
2026-07-30,1320.0,106.69999999999999,1315.0,-34.40231999999989,21.74768,-34.40231999999989,False,125,False,LODHA,False,0.019800460475825066,-0.05878741366078277
2026-07-31,1280.0,94.4,1287.15,-37.42476,7.575239999999986,-37.42476,False,125,False,LODHA,False,0.006948488024533184,-0.055471449089709246
2026-08-03,1240.0,88.25,1242.9,-62.27045999999991,1.3795400000000027,-62.27045999999991,False,125,False,LODHA,False,0.016891891891891886,-0.030968468468468457
2026-08-04,1240.0,87.64999999999999,1246.8,-75.82901999999996,0.42098000000001695,-75.82901999999996,False,125,False,LODHA,False,0.024390243902439046,-0.024390243902438935
2026-08-05,1260.0,85.6,1259.6,-33.98500000000008,2.265000000000006,-33.98500000000008,False,125,False,LODHA,False,0.01976284584980248,-0.030652577236428113
2026-08-06,1240.0,87.94999999999999,1238.8,-48.20825999999994,-4.058259999999989,-48.20825999999994,False,125,False,LODHA,False,0.006334696495870595,-0.04979552561943701
2026-08-07,1220.0,80.85,1216.5,-63.42566000000004,-0.6256599999999942,-63.42566000000004,False,125,False,LODHA,False,0.015749959196996954,-0.03296882650563093
2026-08-12,1200.0,58.8,1209.8,-5.215279999999991,7.884720000000003,-5.215279999999991,False,103,False,LODHA,False,,
2026-08-13,1200.0,63.949999999999996,1205.5,-10.37969999999999,-10.37969999999999,-10.37969999999999,False,77,False,LODHA,False,,
2026-08-14,1240.0,60.85,1231.7,-47.159020000000005,-2.2590200000000045,-47.159020000000005,False,51,False,LODHA,False,,
2026-08-17,1220.0,47.3,1225.4,-13.627079999999992,3.822919999999997,-13.627079999999992,False,25,False,LODHA,False,,
2026-06-25,4200.0,74.95,4195.0,39.917300000000004,108.41729999999997,36.94230000000001,True,125,False,LT,False,0.020860215053763564,-0.04133811230585427
2026-06-29,4220.0,48.95,4217.0,150.2535,154.2535,23.778500000000008,True,125,False,LT,False,0.011658339281465535,-0.045443730668570104
2026-06-30,4180.0,32.6,4176.0,148.7993999999999,148.7993999999999,15.699400000000004,True,125,False,LT,False,0.006214160608460029,-0.037404928141270055
2026-07-01,4120.0,202.95,4122.0,-44.76373999999983,1.2362599999999995,-44.76373999999983,False,125,False,LT,False,-0.00024132438824264746,-0.040735556735363665
2026-07-02,4080.0,188.1,4066.8,-49.81615999999983,7.683840000000164,-49.81615999999983,False,125,False,LT,False,0.004398826979472137,-0.05400782013685235
2026-07-03,4100.0,172.14999999999998,4084.5,2.9751799999998187,46.77518,2.9751799999998187,False,125,False,LT,False,0.009120039438008432,-0.04663544491003202
2026-07-06,4050.0,169.3,4020.0,-12.415599999999943,3.5843999999999996,-12.415599999999943,False,125,False,LT,False,0.010407093713519222,-0.03931844713246058
2026-07-07,4040.0,166.89999999999998,3997.9,-9.609999999999818,5.290000000000017,-9.609999999999818,False,125,False,LT,False,0.0016833766555266472,-0.04250526055204851
2026-07-08,4000.0,179.39999999999998,3960.7,-32.41616,-12.266159999999966,-32.41616,False,125,False,LT,False,0.0002508151492350841,-0.036117381489842004
2026-07-09,3940.0,165.39999999999998,3940.7,-48.093520000000154,-2.293519999999971,-48.093520000000154,False,125,False,LT,False,0.013768877721084039,-0.031153047357760033
2026-07-10,3920.0,154.8,3923.8,-74.55968,3.290319999999989,-74.55968,False,125,False,LT,False,0.019020618556701008,-0.03033505154639171
2026-07-13,3920.0,135.55,3892.1,-51.266980000000004,22.583019999999987,-51.266980000000004,False,125,False,LT,False,-0.002304906157392095,-0.04706061143334761
2026-07-14,3920.0,158.95,3881.7,-53.392419999999895,-0.9424199999999889,-53.392419999999895,False,125,False,LT,False,-0.007890249179159592,-0.04240372623380584
2026-07-15,3900.0,147.1,3852.0,-68.73280000000008,20.8671999999998,-68.73280000000008,False,125,False,LT,False,0.005720228809152461,-0.02176287051482051
2026-07-17,3860.0,118.74999999999999,3821.7,-63.03957999999998,9.36041999999981,-63.03957999999998,False,125,False,LT,False,0.02135598602731026,-0.002937440457288165
2026-07-20,3860.0,106.94999999999999,3821.8,-68.10907999999999,21.240919999999807,-68.10907999999999,False,125,False,LT,False,0.010922520823510862,-0.0256168473990257
2026-07-21,3900.0,98.3,3839.0,-69.45671999999982,69.9432799999998,48.79327999999999,True,125,False,LT,False,0.005601875977071291,-0.030745179781136
2026-07-22,3900.0,104.25,3835.0,-63.756139999999995,70.19386000000003,51.71886,True,125,False,LT,False,-0.002258566978193044,-0.034267912772585674
2026-07-23,3860.0,83.55,3813.6,-7.9964600000000825,44.603539999999796,41.32853999999999,True,125,False,LT,False,0.041959140911471904,-0.02566788894709271
2026-07-24,3800.0,79.95,3736.9,57.34029999999998,81.34029999999997,39.36530000000001,True,125,False,LT,False,0.04938011078870996,-0.018728567660247997
2026-07-27,3860.0,72.1,3825.6,37.1909600000001,52.090960000000194,35.54096,True,125,False,LT,False,0.04974008496714788,0.0008707813283372889
2026-07-28,3860.0,53.65,3813.6,115.02602000000006,115.62601999999997,26.201019999999996,True,125,False,LT,False,0.05685399159663862,-0.003939075630252087
2026-07-29,3950.0,174.39999999999998,3938.1,-135.09975999999997,6.900240000000029,-135.09975999999997,False,125,False,LT,False,0.055456919060052234,0.013968668407310814
2026-07-30,3900.0,172.05,3924.1,-23.051180000000034,-3.051180000000034,-23.051180000000034,False,125,False,LT,False,0.03743315508021383,-0.011077158135981646
2026-07-31,3950.0,150.35,3945.5,-46.46358000000017,8.136419999999994,-46.46358000000017,False,125,False,LT,False,0.03387894937190716,-0.004390305798756544
2026-08-03,4000.0,150.35,3980.8,-112.97681999999999,2.9731800000000286,-112.97681999999999,False,125,False,LT,False,0.03453529710512959,0.006221432199085886
2026-08-04,4000.0,143.7,3999.1,-70.40899999999998,9.541000000000034,-70.40899999999998,False,125,False,LT,False,0.019433259135132275,-0.0025260735812721036
2026-08-05,4050.0,152.05,4062.7,-32.16328000000001,-6.413280000000006,-32.16328000000001,False,125,False,LT,False,0.018745313671582053,0.005948512871781997
2026-08-06,4050.0,139.45,4061.7,-97.2597399999998,-1.5597399999999835,-97.2597399999998,False,125,False,LT,False,0.006419753086419844,-0.014814814814814836
2026-08-07,4050.0,142.1,4055.2,-34.002239999999986,-6.052239999999994,-34.002239999999986,False,125,False,LT,False,0.0034959870008370864,-0.017676892018317014
2026-08-10,4050.0,149.39999999999998,4035.0,-56.97871999999998,-20.528719999999964,-56.97871999999998,False,125,False,LT,False,0.008910891089108919,-0.012376237623762387
2026-08-11,4050.0,122.45,4055.3,-37.08323999999999,-0.5332400000000028,-37.08323999999999,False,125,False,LT,False,0.0030198870611344297,-0.020378099680824935
2026-08-12,4050.0,104.1,4027.7,-67.89368000000017,12.206320000000009,-67.89368000000017,False,103,False,LT,False,,
2026-08-13,4000.0,116.6,4015.8,-30.56868000000017,0.8813200000000175,-30.56868000000017,False,77,False,LT,False,,
2026-08-14,4050.0,109.14999999999999,4044.5,-72.95782000000017,-9.05781999999999,-72.95782000000017,False,51,False,LT,False,,
2026-08-17,4050.0,95.6,4031.8,-59.36988000000017,-6.369879999999985,-59.36988000000017,False,25,False,LT,False,,
2026-06-25,300.0,6.3999999999999995,301.05,14.124679999999989,14.124679999999989,3.12468,True,125,False,LTF,False,0.06307821698906646,0.000841042893187538
2026-06-29,305.0,6.1499999999999995,304.4,16.070619999999977,16.67062,2.99562,True,125,False,LTF,False,0.10143957147639782,-0.00401740877134249
2026-06-30,300.0,4.2,301.0,32.78463999999999,32.78463999999999,1.9846400000000006,True,125,False,LTF,False,0.11876247504990012,-0.009813705921490556
2026-07-01,310.0,26.700000000000003,311.45,-12.265220000000028,0.6847800000000186,-12.265220000000028,False,125,False,LTF,False,0.09225806451612906,-0.0014516129032258185
2026-07-02,315.0,24.6,314.85,-1.8825800000000035,-0.782580000000002,-1.8825800000000035,False,125,False,LTF,False,0.08144362823379114,-0.005908655381667294
2026-07-03,320.0,21.1,320.7,-14.327980000000013,2.972019999999997,-14.327980000000013,False,125,False,LTF,False,0.07492063492063505,-0.018412698412698436
2026-07-06,325.0,24.800000000000004,327.4,-19.484280000000005,0.015719999999994308,-19.484280000000005,False,125,False,LTF,False,0.033735307586628016,-0.056021981376889074
2026-07-07,335.0,24.550000000000004,337.2,-3.2783800000000056,-1.0783800000000028,-3.2783800000000056,False,125,False,LTF,False,0.008038106579339122,-0.07948794284013094
2026-07-08,325.0,22.950000000000003,324.65,-17.57923999999999,1.8707599999999958,-17.57923999999999,False,125,False,LTF,False,-0.0017958695001497604,-0.07452858425621078
2026-07-09,315.0,23.65,314.05,-19.37812000000001,-0.47811999999999855,-19.37812000000001,False,125,False,LTF,False,0.059571088165210506,-0.017633042096902307
2026-07-10,325.0,23.65,326.95,-7.36186,1.13814,-7.36186,False,125,False,LTF,False,0.03991269098846284,-0.0371063299033364
2026-07-13,330.0,24.8,330.5,0.06084000000002057,0.06084000000002057,0.06084000000002057,False,125,False,LTF,False,0.035553485483620584,-0.04642136314236911
2026-07-14,315.0,18.25,313.5,-4.788760000000024,0.9612400000000008,-4.788760000000024,False,125,False,LTF,False,-0.005848853316915648,-0.06864706787748198
2026-07-15,320.0,18.700000000000003,319.45,-3.6943600000000156,-0.24436000000002697,-3.6943600000000156,False,125,False,LTF,False,0.018095238095238164,-0.046190476190476226
2026-07-16,310.0,16.6,310.55,-7.57168,0.028319999999994308,-7.57168,False,125,False,LTF,False,0.006395906619763414,-0.039174928046050495
2026-07-17,310.0,16.15,308.5,-7.170280000000023,-0.6702799999999978,-7.170280000000023,False,125,False,LTF,False,0.0030595813204508104,-0.03236714975845412
2026-07-20,305.0,13.75,304.9,-9.500260000000022,-0.6502599999999996,-9.500260000000022,False,125,False,LTF,False,0.004364694471386876,-0.03928225024248311
2026-07-21,300.0,13.1,301.35,-3.862440000000024,-0.46243999999998964,-3.862440000000024,False,125,False,LTF,False,0.023221586263286964,-0.02812755519215049
2026-07-22,305.0,10.7,304.8,-7.38906000000001,-0.13905999999999785,-7.38906000000001,False,125,False,LTF,False,0.020982433311646176,-0.033344176968119754
2026-07-23,310.0,10.35,309.0,-6.788780000000011,13.26122,5.136219999999999,True,125,False,LTF,False,0.02565359477124196,-0.0289215686274511
2026-07-24,300.0,11.45,300.85,1.6812600000000106,11.88126,5.656259999999998,True,125,False,LTF,False,0.026156612718652994,-0.028445316331535242
2026-07-27,310.0,6.199999999999999,309.4,5.6495999999999995,17.3996,3.0496,True,125,False,LTF,False,0.03818181818181832,-0.004793388429752077
2026-07-28,310.0,2.25,309.4,5.621860000000001,21.371859999999998,1.09686,True,125,False,LTF,False,0.036125319693094626,-0.03756393861892582
2026-07-29,310.0,24.6,308.45,-16.890440000000027,-1.8404400000000034,-16.890440000000027,False,125,False,LTF,False,0.03728596575452081,-0.03648583773403735
2026-07-30,305.0,21.900000000000002,306.3,-7.651220000000015,0.5987799999999958,-7.651220000000015,False,125,False,LTF,False,0.05488297013720733,-0.019209039548022555
2026-07-31,315.0,21.1,313.3,-17.66859999999998,1.3313999999999986,-17.66859999999998,False,125,False,LTF,False,0.06781045751633985,0.00212418300653594
2026-08-03,320.0,22.9,322.0,-8.903320000000011,-0.9533200000000014,-8.903320000000011,False,125,False,LTF,False,0.05064308681672025,-0.017363344051446905
2026-08-04,320.0,21.200000000000003,321.35,-15.27587999999998,0.3741199999999957,-15.27587999999998,False,125,False,LTF,False,0.027515723270440162,-0.03930817610062898
2026-08-05,325.0,20.200000000000003,322.7,-9.935260000000016,0.8647399999999957,-9.935260000000016,False,125,False,LTF,False,0.024294670846394917,-0.042319749216300995
2026-08-06,320.0,21.1,319.85,-15.674199999999978,-0.8742000000000043,-15.674199999999978,False,125,False,LTF,False,0.008608545938331602,-0.04366880575989984
2026-08-07,310.0,19.05,309.5,-14.515940000000011,0.3840599999999993,-14.515940000000011,False,125,False,LTF,False,-0.0006299212598425141,-0.03779527559055118
2026-08-10,310.0,15.400000000000002,309.25,-2.5789600000000017,2.271039999999998,-2.5789600000000017,False,125,False,LTF,False,0.033382185311838564,-0.005048037778863423
2026-08-11,310.0,15.850000000000001,310.45,-12.354040000000024,1.045959999999998,-12.354040000000024,False,125,False,LTF,False,0.01536000000000004,-0.025599999999999956
2026-08-12,315.0,17.55,312.7,-11.416219999999988,-1.9162200000000014,-11.416219999999988,False,105,False,LTF,False,,
2026-08-13,315.0,16.0,315.6,-9.861879999999989,-0.9618800000000022,-9.861879999999989,False,79,False,LTF,False,,
2026-08-14,310.0,14.55,311.25,-3.0229399999999993,-0.4229400000000014,-3.0229399999999993,False,53,False,LTF,False,,
2026-08-17,305.0,13.3,305.2,-9.747040000000013,-1.1470400000000014,-9.747040000000013,False,27,False,LTF,False,,
2026-08-10,4700.0,271.95000000000005,4710.3,-73.52048000000005,-8.120480000000068,-73.52048000000005,False,125,False,LTM,False,0.03736658610142651,0.0015400081278207356
2026-08-11,4800.0,260.8,4806.0,-166.39708000000002,-1.3470800000000227,-166.39708000000002,False,125,False,LTM,False,0.011955682600621742,-0.039789680138544004
2026-08-12,4800.0,245.10000000000002,4814.3,-92.36678000000023,-10.16678000000001,-92.36678000000023,False,112,False,LTM,False,,
2026-08-13,4750.0,232.20000000000002,4751.1,-129.2906600000002,-8.190660000000028,-129.2906600000002,False,86,False,LTM,False,,
2026-08-14,4750.0,201.8,4772.2,-98.80554000000019,12.14446,-98.80554000000019,False,60,False,LTM,False,,
2026-08-17,4600.0,190.95,4606.4,-145.6630399999998,-87.21303999999998,-145.6630399999998,False,34,False,LTM,False,,
2026-06-25,2380.0,49.0,2370.6,-9.847239999999994,58.15276000000001,24.25276,True,125,False,LUPIN,False,0.030970464135021025,-0.013966244725738375
2026-06-29,2360.0,30.750000000000004,2361.7,108.17385999999998,108.17385999999998,14.898860000000004,True,125,False,LUPIN,False,0.056418990845220396,-0.002086438152011927
2026-06-30,2400.0,23.650000000000002,2401.1,75.90434,93.25434,11.479339999999999,True,125,False,LUPIN,False,0.043322502707656474,-0.007456469216029382
2026-07-01,2420.0,118.69999999999999,2423.7,-25.49471999999989,-3.144719999999983,-25.49471999999989,False,125,False,LUPIN,False,0.04016860897594832,-0.015331845607075123
2026-07-02,2400.0,112.6,2399.2,-20.973159999999808,3.32683999999992,-20.973159999999808,False,125,False,LUPIN,False,0.054104788920407154,-0.006048723510762577
2026-07-03,2420.0,99.9,2419.5,-36.55807999999991,-3.0580799999999093,-36.55807999999991,False,125,False,LUPIN,False,0.05507306889352814,0.00526096033402923
2026-07-06,2500.0,103.64999999999999,2499.5,-5.566159999999986,4.933840000000014,-5.566159999999986,False,125,False,LUPIN,False,0.020516134243366624,-0.012277371673195758
2026-07-07,2500.0,111.44999999999999,2500.0,-24.90565999999998,-2.855659999999983,-24.90565999999998,False,125,False,LUPIN,False,0.015267788983085007,-0.01735706537024395
2026-07-08,2520.0,108.19999999999999,2513.9,-81.47856000000016,0.07144000000001755,-81.47856000000016,False,125,False,LUPIN,False,0.015186211883813527,-0.017436021051785877
2026-07-09,2500.0,107.15,2492.3,-28.471500000000002,-6.2715,-28.471500000000002,False,125,False,LUPIN,False,0.025487804878048692,-0.002032520325203291
2026-07-10,2480.0,93.55,2483.9,-72.3718600000001,-6.921859999999994,-72.3718600000001,False,125,False,LUPIN,False,0.010385460355502252,-0.015218693828639829
2026-07-13,2500.0,99.25,2497.3,-59.73933999999999,-1.2393399999999943,-59.73933999999999,False,125,False,LUPIN,False,0.013462077807604445,-0.02720461556953402
2026-07-14,2500.0,77.39999999999999,2492.9,-58.96879999999981,11.031200000000025,-58.96879999999981,False,125,False,LUPIN,False,0.017907444668008088,-0.024547283702213263
2026-07-15,2500.0,87.54999999999998,2492.8,-29.658099999999887,-2.6080999999999745,-29.658099999999887,False,125,False,LUPIN,False,0.02202020202020205,-0.020606060606060628
2026-07-16,2500.0,79.19999999999999,2506.5,24.785919999999926,24.785919999999926,24.785919999999926,False,125,False,LUPIN,False,0.014152834576216966,-0.03604362120118665
2026-07-17,2460.0,74.35,2458.4,6.9133400000001926,6.9133400000001926,6.9133400000001926,False,125,False,LUPIN,False,0.010288230584467595,-0.04923939151321055
2026-07-20,2460.0,61.95,2460.0,-32.10746000000019,48.59254000000009,30.71754000000001,True,125,False,LUPIN,False,0.033033155955791926,-0.0421612771182972
2026-07-21,2480.0,63.599999999999994,2481.2,6.524799999999921,66.82480000000007,31.424799999999998,True,125,False,LUPIN,False,0.014879157115856412,-0.05899384726746282
2026-07-22,2440.0,48.75,2441.6,-23.45762000000009,41.8423800000001,24.16738,True,125,False,LUPIN,False,-0.008346581875993686,-0.06995230524642293
2026-07-23,2400.0,45.95,2395.4,15.149700000000003,15.149700000000003,15.149700000000003,False,125,False,LUPIN,False,0.0239886916392964,-0.027148380659377302
2026-07-24,2380.0,42.1,2378.2,-6.717280000000177,39.08272,20.832720000000005,True,125,False,LUPIN,False,0.03163950143815919,-0.024552920088373842
2026-07-27,2420.0,30.400000000000002,2429.8,-4.258479999999913,115.79152000000002,15.041519999999998,True,125,False,LUPIN,False,0.04377899620413328,-0.0012231126107128398
2026-07-28,2400.0,16.400000000000002,2409.4,114.08784,120.78784000000002,7.787839999999999,True,125,False,LUPIN,False,0.02688796680497929,-0.019668049792531117
2026-07-30,2460.0,139.6,2461.5,-62.80731999999999,0.4426800000000114,-62.80731999999999,False,125,False,LUPIN,False,0.008106236506578712,-0.03967575053973693
2026-07-31,2420.0,140.75,2415.7,-115.21662000000009,-1.5666199999999941,-115.21662000000009,False,125,False,LUPIN,False,0.008264462809917328,-0.025826446280991733
2026-08-03,2400.0,130.7,2393.6,-95.76479999999998,5.585200000000011,-95.76479999999998,False,125,False,LUPIN,False,0.010812378308960646,-0.028128754298023972
2026-08-04,2380.0,128.45,2384.2,-10.541460000000164,10.15854000000008,-10.541460000000164,False,125,False,LUPIN,False,0.022620050547598858,-0.05855096882898059
2026-08-05,2360.0,116.0,2363.8,-32.559720000000084,16.39027999999999,-32.559720000000084,False,125,False,LUPIN,False,0.020427892900676703,-0.06056912277752091
2026-08-06,2400.0,126.05,2402.2,15.299459999999799,32.49946000000007,15.299459999999799,False,125,False,LUPIN,False,0.018971668415529885,-0.06190975865687298
2026-08-07,2380.0,119.6,2386.6,2.2223999999999204,19.022400000000076,2.2223999999999204,False,125,False,LUPIN,False,0.009085960725201847,-0.06418791609094343
2026-08-10,2320.0,102.19999999999999,2317.0,-19.917719999999893,-17.0177199999998,-19.917719999999893,False,125,False,LUPIN,False,-0.003332349095203746,-0.05930737756780691
2026-08-11,2260.0,91.19999999999999,2267.1,-33.56761999999999,-1.9676199999999828,-33.56761999999999,False,125,False,LUPIN,False,0.008461877479065683,-0.021463199647421716
2026-08-12,2260.0,86.1,2269.6,-28.204039999999996,-3.3040399999999774,-28.204039999999996,False,102,False,LUPIN,False,,
2026-08-13,2260.0,75.94999999999999,2265.7,-18.025619999999993,-0.9756199999999943,-18.025619999999993,False,76,False,LUPIN,False,,
2026-08-14,2260.0,64.25,2251.7,-6.292860000000003,-5.59286,-6.292860000000003,False,50,False,LUPIN,False,,
2026-06-25,3160.0,69.25,3153.9,-60.56854,125.08146,34.40646,True,125,False,M&M,False,0.046784770480571725,-0.0010766369775863094
2026-06-29,3140.0,35.8,3144.4,-22.238319999999817,157.71168000000003,17.76168,True,125,False,M&M,False,0.0036731234106677224,-0.038771858223715205
2026-06-30,3080.0,38.2,3086.5,90.23239999999997,90.23239999999997,18.6324,True,125,False,M&M,False,0.03468599033816422,-0.013913043478260834
2026-07-01,3120.0,186.25,3122.1,-159.94654,-0.9465399999999944,-159.94654,False,125,False,M&M,False,0.04580326376698518,0.003835901436837652
2026-07-02,3140.0,182.95,3131.0,-163.91686000000016,-3.9168599999999656,-163.91686000000016,False,125,False,M&M,False,0.027499201533056405,-0.013669754072181517
2026-07-03,3150.0,173.7,3151.0,-138.78548000000006,-4.4354799999999655,-138.78548000000006,False,125,False,M&M,False,0.01058616573474902,-0.03238675629829735
2026-07-06,3150.0,157.55,3153.8,-107.23338000000001,0.16662,-107.23338000000001,False,125,False,M&M,False,0.02533783783783794,-0.01826236613972454
2026-07-07,3200.0,143.05,3209.0,-48.01821999999982,7.481779999999977,-48.01821999999982,False,125,False,M&M,False,0.0047158026233604655,-0.0380074953154278
2026-07-08,3150.0,153.5,3147.0,-107.16084,-5.410839999999994,-107.16084,False,125,False,M&M,False,0.004519064804644701,-0.03332810293425381
2026-07-09,3120.0,147.05,3120.3,-134.79701999999983,-1.097020000000006,-134.79701999999983,False,125,False,M&M,False,0.02126973896229445,-0.007605543022881078
2026-07-10,3120.0,140.8,3114.4,-98.91268000000001,0.08731999999999429,-98.91268000000001,False,125,False,M&M,False,0.02623056994818662,-0.0027849740932641698
2026-07-13,3100.0,158.45,3099.0,-103.54878000000008,-18.148779999999984,-103.54878000000008,False,125,False,M&M,False,0.01732182806008309,-0.01585170981144135
2026-07-14,3100.0,154.45,3104.2,-97.84233999999981,-14.442339999999966,-97.84233999999981,False,125,False,M&M,False,0.009321200976506905,-0.02368345962398144
2026-07-15,3100.0,134.39999999999998,3103.0,-44.130559999999974,-6.480559999999966,-44.130559999999974,False,125,False,M&M,False,0.03880983182406217,-0.004075032341526508
2026-07-16,3140.0,126.6,3132.8,-85.67011999999998,-3.1701199999999887,-85.67011999999998,False,125,False,M&M,False,0.042713730569948316,0.0004533678756477588
2026-07-17,3160.0,111.15,3162.5,-73.66706,2.08294,-73.66706,False,125,False,M&M,False,0.040000000000000036,-0.0019200000000000328
2026-07-20,3160.0,104.29999999999998,3155.6,-71.78387999999998,-1.183879999999983,-71.78387999999998,False,125,False,M&M,False,0.022366227311334086,-0.013778351001918931
2026-07-21,3160.0,96.65,3157.3,-20.33537999999991,-4.0853799999999945,-20.33537999999991,False,125,False,M&M,False,0.02653190145293749,-0.009759949463044926
2026-07-22,3200.0,73.35,3191.0,34.042780000000015,34.042780000000015,34.042780000000015,False,125,False,M&M,False,0.023271028037383124,-0.023333333333333317
2026-07-23,3180.0,62.39999999999999,3181.5,5.135440000000014,65.13544000000002,30.835440000000002,True,125,False,M&M,False,0.04657465179302944,-0.012069074179113959
2026-07-24,3200.0,50.35,3198.0,106.86746000000008,106.86746000000008,24.592460000000003,True,125,False,M&M,False,0.03003095975232206,-0.029380804953560435
2026-07-27,3200.0,34.3,3193.0,192.16808000000015,212.86807999999996,16.41808,True,125,False,M&M,False,0.09225908372827796,0.004423380726698234
2026-07-28,3240.0,26.1,3236.9,161.7993999999999,181.1994,12.449400000000004,True,125,False,M&M,False,0.06944444444444442,-0.013117283950617287
2026-07-29,3350.0,206.0,3308.0,-123.90863999999999,8.491359999999982,-123.90863999999999,False,125,False,M&M,False,0.05947102889466449,-0.02232074606329304
2026-07-30,3300.0,216.6,3248.0,-52.76792000000002,-6.567919999999972,-52.76792000000002,False,125,False,M&M,False,0.07986369268897153,-0.009448574969021073
2026-07-31,3350.0,188.6,3357.9,-123.0134399999999,-20.413439999999987,-123.0134399999999,False,125,False,M&M,False,0.0579059180576631,-0.015690440060697974
2026-08-03,3450.0,167.45,3427.3,-128.92806000000016,-6.428059999999966,-128.92806000000016,False,125,False,M&M,False,0.033253736623330754,-0.0022110197222958705
2026-08-04,3400.0,153.1,3388.0,-36.65655999999981,5.093439999999994,-36.65655999999981,False,125,False,M&M,False,0.04072078438300486,-0.003444925359950668
2026-08-05,3500.0,154.25,3482.7,-123.86814,-0.6181399999999944,-123.86814,False,125,False,M&M,False,0.035932004689331665,-0.0029015240328253977
2026-08-06,3450.0,146.8,3429.6,-117.59391999999983,8.106079999999993,-117.59391999999983,False,125,False,M&M,False,0.021856027753686114,-0.01644984099450708
2026-08-07,3450.0,151.05,3440.6,-105.10286000000009,3.7971399999999944,-105.10286000000009,False,125,False,M&M,False,0.035325131810193255,-0.0051259519625073136
2026-08-10,3500.0,147.8,3521.0,-69.4347600000001,-5.13476,-69.4347600000001,False,125,False,M&M,False,0.00991456898768539,-0.03474384982428069
2026-08-11,3500.0,131.05,3504.0,-60.01714000000019,1.282859999999995,-60.01714000000019,False,103,False,M&M,False,0.0010253489034461882,-0.03779549985759034
2026-08-12,3450.0,129.64999999999998,3468.3,-30.292739999999977,-6.542739999999977,-30.292739999999977,False,77,False,M&M,False,,
2026-08-13,3450.0,114.39999999999999,3433.0,-15.000039999999991,-3.2500399999999914,-15.000039999999991,False,51,False,M&M,False,,
2026-08-14,3400.0,106.14999999999999,3393.1,-78.32589999999982,2.674100000000011,-78.32589999999982,False,25,False,M&M,False,,
2026-08-10,370.0,30.3,368.3,-9.443359999999979,-0.9433600000000008,-9.443359999999979,False,125,False,MANAPPURAM,False,0.01717791411042957,-0.06053169734151331
2026-08-11,370.0,29.6,367.55,-8.442240000000025,-0.24224000000000134,-8.442240000000025,False,117,False,MANAPPURAM,False,0.018983884184649025,-0.059819721387599056
2026-08-12,360.0,23.35,358.2,-12.146740000000026,0.5532599999999986,-12.146740000000026,False,91,False,MANAPPURAM,True,,
2026-08-13,345.0,18.3,346.6,-14.860759999999978,2.0892399999999984,-14.860759999999978,False,65,False,MANAPPURAM,False,,
2026-06-25,820.0,15.5,821.2,7.591919999999953,21.74192000000005,7.64192,True,125,False,MARICO,False,0.048473748473748524,-0.0009157509157509125
2026-06-29,830.0,12.799999999999999,832.0,-2.7139800000000003,14.486020000000044,6.33602,True,125,False,MARICO,False,0.056261343012704135,-0.0022988505747125743
2026-07-01,850.0,45.7,849.0,-42.23775999999996,-1.2877600000000058,-42.23775999999996,False,125,False,MARICO,False,0.04269931322782927,-0.002687369363989278
2026-07-02,850.0,42.400000000000006,852.15,-39.57670000000005,0.07329999999998876,-39.57670000000005,False,125,False,MARICO,False,0.02693800729325968,-0.01776261616280439
2026-07-03,845.0,45.7,843.3,-35.057920000000024,-3.5079200000000084,-35.057920000000024,False,125,False,MARICO,False,0.019562043795620543,-0.02481751824817513
2026-07-06,840.0,39.35,840.25,-29.687340000000024,-3.387340000000007,-29.687340000000024,False,125,False,MARICO,False,0.033991621783363124,-0.0005984440454817053
2026-07-07,840.0,35.0,840.9,-27.269699999999958,-0.21970000000000153,-27.269699999999958,False,125,False,MARICO,False,0.02973955539662665,-0.003516300137076156
2026-07-08,845.0,33.2,846.3,-6.268560000000005,0.58144,-6.268560000000005,False,125,False,MARICO,False,0.01593461515846406,-0.016875404245310754
2026-07-09,845.0,33.85,846.95,-9.014500000000002,-3.314500000000002,-9.014500000000002,False,125,False,MARICO,False,0.025765851341724044,-0.001306103063405395
2026-07-10,855.0,32.7,855.9,-14.442800000000004,-0.8928000000000036,-14.442800000000004,False,125,False,MARICO,False,0.003892859217942135,-0.026901400267270947
2026-07-13,850.0,29.650000000000002,849.9,-23.201080000000022,0.7989199999999986,-23.201080000000022,False,125,False,MARICO,False,0.0004690981587895937,-0.026738595051014502
2026-07-14,850.0,26.75,847.95,-22.387080000000047,2.0629199999999988,-22.387080000000047,False,125,False,MARICO,False,0.01168555240793201,-0.020420207743154006
2026-07-15,845.0,29.05,846.85,-11.3809,-2.1309000000000036,-11.3809,False,125,False,MARICO,False,0.010184258550656411,-0.022899864602343056
2026-07-16,845.0,28.25,847.0,-17.210040000000003,-2.2600400000000023,-17.210040000000003,False,125,False,MARICO,False,0.027283511269276417,-0.015539739027283561
2026-07-20,845.0,23.150000000000002,845.05,-6.461580000000026,-0.6115800000000035,-6.461580000000026,False,125,False,MARICO,False,0.02721893491124261,-0.009230769230769154
2026-07-21,855.0,21.6,854.0,-13.632740000000025,-0.9327400000000013,-13.632740000000025,False,125,False,MARICO,False,0.015264050529270712,-0.015731914147026238
2026-07-22,850.0,18.8,848.75,10.565040000000021,15.51503999999996,9.265040000000003,True,125,False,MARICO,False,0.03539719626168214,-0.01693925233644855
2026-07-23,860.0,14.45,860.2,9.342899999999998,9.892899999999953,7.117899999999998,True,125,False,MARICO,False,0.028190255220417626,-0.023781902552204137
2026-07-24,850.0,13.95,847.65,12.885759999999953,22.835760000000008,6.860759999999998,True,125,False,MARICO,False,0.03988304093567252,-0.015789473684210575
2026-07-27,860.0,16.35,861.9,-5.67559999999998,10.474399999999997,8.099400000000001,True,125,False,MARICO,False,0.03648869200279803,-0.006761482863138157
2026-07-29,880.0,54.1,879.6,-49.364920000000005,-2.864920000000003,-49.364920000000005,False,125,False,MARICO,False,0.006167600294234132,-0.03564759803089457
2026-07-30,880.0,48.2,884.0,-23.653979999999983,1.29602,-23.653979999999983,False,125,False,MARICO,False,0.012066021627774592,-0.036027319294251514
2026-07-31,880.0,48.95,877.05,-31.785359999999958,-0.08536000000000582,-31.785359999999958,False,125,False,MARICO,False,0.0022547914317925244,-0.04526493799323561
2026-08-03,870.0,47.0,870.85,-32.173319999999975,1.2766800000000027,-32.173319999999975,False,125,False,MARICO,False,0.014211737629459265,-0.02548906789413119
2026-08-04,870.0,49.25,872.3,-35.92541999999998,-2.475419999999997,-35.92541999999998,False,125,False,MARICO,False,0.006857142857142895,-0.03217142857142852
2026-08-05,850.0,41.35,850.55,-35.53216000000005,-5.332160000000003,-35.53216000000005,False,125,False,MARICO,False,0.012439530062197557,-0.024591108039622278
2026-08-06,850.0,30.35,851.3,-4.258200000000001,3.091799999999993,-4.258200000000001,False,125,False,MARICO,False,0.01140150850727939,-0.018827106355610135
2026-08-07,860.0,32.150000000000006,859.8,-7.908060000000007,-0.3580600000000099,-7.908060000000007,False,125,False,MARICO,False,0.002029573789504191,-0.02690634966657013
2026-08-10,860.0,30.050000000000004,858.9,-24.649259999999984,-0.799260000000003,-24.649259999999984,False,125,False,MARICO,False,0.008021856652909332,-0.024530605127012772
2026-08-11,860.0,30.15,856.15,-8.89406,-2.2440600000000015,-8.89406,False,125,False,MARICO,False,0.011545862732520895,-0.021458977199836804
2026-08-12,850.0,27.0,848.0,-7.9789400000000015,-0.5789400000000029,-7.9789400000000015,False,106,False,MARICO,False,,
2026-08-13,850.0,29.1,854.45,-10.084820000000002,-8.584820000000002,-10.084820000000002,False,80,False,MARICO,False,,
2026-08-14,860.0,27.0,860.25,-17.626849999999955,-3.301850000000003,-17.626849999999955,False,54,False,MARICO,False,,
2026-08-17,860.0,22.9,860.7,-13.515369999999955,-1.290370000000003,-13.515369999999955,False,28,False,MARICO,False,,
2026-06-25,13600.0,294.1,13574.0,529.6614800000001,594.6614800000001,143.91148,True,125,False,MARUTI,False,0.101445983798925,0.008857597092891245
2026-06-29,13700.0,203.1,13748.0,514.2158800000001,589.2158800000001,98.96587999999998,True,125,False,MARUTI,False,0.05787828110230486,-0.027775758016432728
2026-06-30,13600.0,140.1,13572.0,759.8798800000001,759.8798800000001,67.12987999999999,True,125,False,MARUTI,False,0.08251488095238102,0.005208333333333259
2026-07-01,14200.0,750.8,14194.0,-646.30128,11.448720000000023,-646.30128,False,125,False,MARUTI,False,0.03173369142695592,-0.0055834334581948974
2026-07-02,14400.0,701.8000000000001,14393.0,-261.1076800000001,19.442319999999977,-261.1076800000001,False,125,False,MARUTI,False,0.017991631799163077,-0.03207810320781035
2026-07-03,14400.0,682.05,14427.0,-152.55157999999986,10.598419999999999,-152.55157999999986,False,125,False,MARUTI,False,0.01877311745411414,-0.04389699211389486
2026-07-06,14400.0,651.5,14420.0,112.42596000000009,112.42596000000009,112.42596000000009,False,125,False,MARUTI,False,0.0177787073833926,-0.044830230774593915
2026-07-07,14500.0,649.45,14503.0,221.18210000000005,221.18210000000005,221.18210000000005,False,125,False,MARUTI,False,0.00807955251709136,-0.06525792417650711
2026-07-08,14300.0,594.4,14307.0,191.6242400000001,221.6242400000001,191.6242400000001,False,125,False,MARUTI,False,-0.0019273127753304253,-0.07282488986784141
2026-07-09,14000.0,681.2,13956.0,-427.9236000000001,-81.32360000000004,-427.9236000000001,False,125,False,MARUTI,False,0.004508372692142659,-0.03857163303277511
2026-07-10,13900.0,619.0,13867.0,-569.97544,-11.325440000000047,-569.97544,False,125,False,MARUTI,False,0.020278649062659637,-0.019986869939455865
2026-07-13,13600.0,555.0,13632.0,-456.93344,33.66656,-456.93344,False,125,False,MARUTI,False,0.002527075812274404,-0.02996389891696749
2026-07-14,13600.0,610.3,13625.0,-454.55068,-26.950679999999956,-454.55068,False,125,False,MARUTI,False,0.01357763340389817,-0.023505365355135366
2026-07-15,13500.0,564.7,13510.0,-462.6718000000001,-24.471800000000023,-462.6718000000001,False,125,False,MARUTI,False,0.03004451038575673,-0.009792284866468881
2026-07-16,13700.0,532.8,13744.0,-352.90088,-48.60087999999997,-352.90088,False,125,False,MARUTI,False,0.023363797169811296,-0.016214622641509413
2026-07-17,13800.0,514.1,13849.0,18.860280000000067,18.860280000000067,18.860280000000067,False,125,False,MARUTI,False,0.006889050036258171,-0.03205221174764317
2026-07-20,13700.0,423.8,13700.0,-333.34367999999995,67.65631999999997,-333.34367999999995,False,125,False,MARUTI,False,0.002318840579710102,-0.043695652173913024
2026-07-21,13400.0,432.45000000000005,13442.0,-153.54710000000006,-43.147100000000094,-153.54710000000006,False,125,False,MARUTI,False,0.017826762334492097,-0.02381832975811815
2026-07-22,13600.0,370.0,13604.0,-152.74864000000002,21.251359999999977,-152.74864000000002,False,125,False,MARUTI,False,0.015249266862169986,-0.03247800586510263
2026-07-23,13500.0,328.05,13518.0,161.55441999999996,161.55441999999996,161.55441999999996,False,125,False,MARUTI,False,0.032115171650055396,-0.025692137320044273
2026-07-24,13300.0,324.8,13264.0,629.5087200000002,629.5087200000002,158.80872000000002,True,125,False,MARUTI,False,0.06295688497687602,-0.015590034312994216
2026-07-27,13600.0,212.5,13608.0,170.72755999999998,475.7275600000001,104.57756,True,125,False,MARUTI,False,0.06676579925650561,0.003791821561338393
2026-07-28,13700.0,59.8,13681.0,388.67312,528.6731200000002,28.47311999999999,True,125,False,MARUTI,False,0.051711580480699126,-0.0044428259286234395
2026-07-29,13800.0,790.6,13819.0,-425.94352000000003,11.956479999999932,-425.94352000000003,False,125,False,MARUTI,False,0.04637681159420293,-0.005797101449275366
2026-07-30,14000.0,780.05,13992.0,-617.79558,24.85442,-617.79558,False,125,False,MARUTI,False,0.03668605068561992,-0.007466436930145703
2026-07-31,14300.0,835.75,14258.0,-553.98754,-14.88754,-553.98754,False,125,False,MARUTI,False,0.01833568406205921,-0.019675599435825086
2026-08-03,14000.0,740.45,13985.0,-216.89886000000013,-124.54886,-216.89886000000013,False,125,False,MARUTI,False,0.014044943820224809,-0.030126404494381975
2026-08-04,14100.0,578.75,14073.0,-93.58704000000002,22.162959999999977,-93.58704000000002,False,125,False,MARUTI,False,0.010921985815602886,-0.0204964539007092
2026-08-05,14200.0,596.35,14232.0,-412.64002000000005,-5.6900200000000005,-412.64002000000005,False,125,False,MARUTI,False,0.010639052415064798,-0.020426980636924608
2026-08-06,14100.0,566.4000000000001,14106.0,-388.5893600000001,12.560639999999864,-388.5893600000001,False,125,False,MARUTI,False,0.0011295446523120756,-0.02499117543240381
2026-08-07,13900.0,543.25,13910.0,-125.49808000000007,4.101919999999955,-125.49808000000007,False,125,False,MARUTI,False,0.010695187165775444,-0.015258467023172906
2026-08-10,14100.0,543.25,14087.0,-335.45854,-39.20854000000002,-335.45854,False,125,False,MARUTI,False,0.011416339636104222,-0.01819479129504098
2026-08-11,14100.0,485.30000000000007,14090.0,-247.4302800000001,-4.530280000000113,-247.4302800000001,False,125,False,MARUTI,False,0.005390453223632852,-0.024044258458046697
2026-08-12,14000.0,460.65000000000003,13990.0,-293.51246000000003,0.8875399999999203,-293.51246000000003,False,105,False,MARUTI,False,,
2026-08-13,13900.0,436.1,13892.0,-368.61372000000006,3.536279999999932,-368.61372000000006,False,79,False,MARUTI,False,,
2026-08-14,13800.0,413.75,13820.0,-77.95434000000002,-11.154340000000069,-77.95434000000002,False,53,False,MARUTI,False,,
2026-08-17,13900.0,392.3,13859.0,-324.69108,-38.09108000000001,-324.69108,False,27,False,MARUTI,False,,
2026-08-10,1070.0,54.650000000000006,1066.1,5.92674,21.126740000000044,5.92674,False,125,False,MAXHEALTH,False,0.01114232209737831,-0.0813670411985018
2026-08-11,1060.0,54.8,1056.8,7.371840000000031,10.971840000000054,7.371840000000031,False,125,False,MAXHEALTH,False,0.011178476695718143,-0.07057597574838947
2026-08-12,1020.0,48.6,1021.7,-33.52849999999998,1.9714999999999985,-33.52849999999998,False,111,False,MAXHEALTH,False,,
2026-08-13,1020.0,51.85,1016.1,-36.78759999999998,-2.6876,-36.78759999999998,False,85,False,MAXHEALTH,False,,
2026-08-14,1000.0,45.5,997.0,-28.475280000000023,-5.17528,-28.475280000000023,False,59,False,MAXHEALTH,False,,
2026-08-17,1020.0,37.1,1015.3,-21.99629999999998,-1.7463000000000015,-21.99629999999998,False,33,False,MAXHEALTH,False,,
2026-06-25,2520.0,121.75,2523.1,-73.32754,75.67246,60.39746,True,125,False,MAZDOCK,False,0.027233769874644542,-0.024189995594537272
2026-06-29,2480.0,55.150000000000006,2481.6,37.83434,145.78434000000001,27.159340000000004,True,125,False,MAZDOCK,False,0.054191191394357574,-0.01096001623706111
2026-06-30,2460.0,30.200000000000003,2467.9,36.32868000000009,98.22868000000015,14.828680000000002,True,125,False,MAZDOCK,False,0.05569105691056908,-0.003252032520325243
2026-07-01,2480.0,212.64999999999998,2486.2,-174.65349999999978,-15.153499999999989,-174.65349999999978,False,125,False,MAZDOCK,False,0.0438102893890675,-0.00562700964630225
2026-07-02,2540.0,187.8,2542.1,-83.51984000000019,1.2801599999999946,-83.51984000000019,False,125,False,MAZDOCK,False,0.025266482431898885,-0.03817607579944726
2026-07-03,2560.0,187.75,2569.0,-12.169900000000204,-1.669900000000204,-12.169900000000204,False,125,False,MAZDOCK,False,0.016358797745773312,-0.07251878522229172
2026-07-06,2600.0,184.64999999999998,2573.5,13.375779999999818,41.37577999999982,13.375779999999818,False,125,False,MAZDOCK,False,0.015892997639653794,-0.06770259638080245
2026-07-07,2520.0,174.35,2526.9,-25.35762000000002,-7.307620000000005,-25.35762000000002,False,125,False,MAZDOCK,False,-0.0021756867011150094,-0.07925715839776215
2026-07-08,2520.0,173.7,2518.8,-31.68620000000001,-9.686200000000012,-31.68620000000001,False,125,False,MAZDOCK,False,0.004055988547796874,-0.06509463973278207
2026-07-09,2440.0,160.75,2434.8,-94.0882599999999,-8.38826,-94.0882599999999,False,125,False,MAZDOCK,False,-0.003668976763147147,-0.041540970240521835
2026-07-10,2400.0,155.64999999999998,2383.3,-122.28045999999998,-9.780459999999971,-122.28045999999998,False,125,False,MAZDOCK,False,0.02570802427511798,-0.009145313553607703
2026-07-13,2400.0,143.1,2400.8,-67.81291999999999,1.7370799999999944,-67.81291999999999,False,125,False,MAZDOCK,False,0.0,-0.03462970624741413
2026-07-14,2380.0,139.95,2370.0,-105.04069999999999,-2.7407,-105.04069999999999,False,125,False,MAZDOCK,False,0.0003746721618584914,-0.03292952000333038
2026-07-15,2400.0,130.95,2377.0,-62.310139999999805,5.439860000000028,-62.310139999999805,False,125,False,MAZDOCK,False,0.018220338983050866,-0.015677966101694918
2026-07-16,2400.0,141.39999999999998,2372.6,-52.14735999999997,-14.047359999999978,-52.14735999999997,False,125,False,MAZDOCK,False,0.006753904601097593,-0.02895736597720555
2026-07-17,2380.0,120.35,2366.0,-28.54541999999999,8.654580000000028,-28.54541999999999,False,125,False,MAZDOCK,False,0.004283472581534387,-0.02879681072140472
2026-07-20,2350.0,103.35,2324.0,-57.96733999999999,-3.117339999999989,-57.96733999999999,False,125,False,MAZDOCK,False,0.010706638115631772,-0.026980728051391845
2026-07-22,2350.0,77.0,2330.7,-28.352520000000084,6.197479999999997,-28.352520000000084,False,125,False,MAZDOCK,False,-4.2390843577710946e-05,-0.036880033912674914
2026-07-23,2350.0,80.25,2310.0,-23.733739999999994,2.0162600000000057,-23.733739999999994,False,125,False,MAZDOCK,False,0.010904370402423202,-0.01687581133708349
2026-07-27,2350.0,44.75,2318.0,3.788340000000096,143.88834,22.11334,True,125,False,MAZDOCK,False,0.04335360556038226,-0.013857515204170334
2026-07-28,2350.0,50.5,2303.3,-10.852839999999995,138.14716,24.99716,True,125,False,MAZDOCK,False,0.03786574870912229,-0.02319277108433737
2026-07-29,2300.0,182.3,2300.9,-94.15908,6.440919999999989,-94.15908,False,125,False,MAZDOCK,False,0.053275109170305646,-0.008689956331877746
2026-07-30,2300.0,185.85,2293.0,-110.68261999999999,2.917380000000006,-110.68261999999999,False,125,False,MAZDOCK,False,0.049805110437418865,-0.01684711996535304
2026-07-31,2350.0,181.1,2352.9,-7.196520000000017,3.403479999999892,-7.196520000000017,False,125,False,MAZDOCK,False,0.10662080825451414,0.001203783319002616
2026-08-03,2400.0,162.25,2398.9,-52.2142599999999,-1.7642600000000002,-52.2142599999999,False,125,False,MAZDOCK,False,0.08064990133926697,-0.0057097275284436755
2026-08-04,2400.0,154.75,2390.6,8.457499999999795,12.257499999999977,8.457499999999795,False,125,False,MAZDOCK,False,0.08346271662960003,-0.006210398220804714
2026-08-05,2400.0,143.05,2418.0,5.032819999999966,33.032819999999965,5.032819999999966,False,125,False,MAZDOCK,False,0.0832252395497719,-0.009038035064228622
2026-08-06,2400.0,146.1,2405.6,1.7748400000001645,29.974839999999983,1.7748400000001645,False,125,False,MAZDOCK,False,0.08956228956228962,-0.001136363636363602
2026-08-07,2500.0,165.2,2516.2,-88.0801199999999,-10.980119999999983,-88.0801199999999,False,125,False,MAZDOCK,False,0.02283682338996451,-0.01781904385618327
2026-08-10,2500.0,139.14999999999998,2498.5,-44.50617999999988,-1.5561799999999777,-44.50617999999988,False,125,False,MAZDOCK,False,0.031168316831683196,-0.015485148514851499
2026-08-11,2550.0,148.2,2569.0,-49.29355999999999,-9.843559999999977,-49.29355999999999,False,125,False,MAZDOCK,False,0.016492045013581702,-0.03535118354675981
2026-08-12,2550.0,132.25,2546.8,-33.249039999999994,0.6509600000000113,-33.249039999999994,False,103,False,MAZDOCK,False,,
2026-08-13,2550.0,130.2,2570.7,-31.193299999999983,0.2567000000000057,-31.193299999999983,False,77,False,MAZDOCK,False,,
2026-08-14,2550.0,123.1,2568.8,-24.073419999999988,-0.7234199999999801,-24.073419999999988,False,51,False,MAZDOCK,False,,
2026-08-17,2600.0,106.94999999999999,2584.2,-77.1337399999998,0.8162600000000165,-77.1337399999998,False,25,False,MAZDOCK,False,,
2026-06-25,2850.0,105.1,2828.9,-61.816359999999804,67.38363999999999,52.133639999999986,True,125,False,MCX,False,0.07122708039492243,-0.009873060648801113
2026-06-29,2850.0,58.95,2837.9,14.977180000000093,180.72718000000003,29.102180000000008,True,125,False,MCX,False,0.07198306280875078,-0.011997177134791759
2026-06-30,2900.0,53.599999999999994,2897.5,178.49808,188.19808000000003,25.998079999999998,True,125,False,MCX,False,0.04578313253012056,-0.06540447504302926
2026-07-01,2900.0,229.15,2924.4,18.11257999999979,85.41257999999998,18.11257999999979,False,125,False,MCX,False,0.06934178106300593,-0.09274903203097495
2026-07-02,2950.0,254.3,2969.2,-77.60988000000003,110.39011999999997,-77.60988000000003,False,125,False,MCX,False,0.02531218359770504,-0.13010462369220388
2026-07-03,2900.0,237.25,2893.8,-116.25562000000008,77.64437999999998,-116.25562000000008,False,125,False,MCX,False,0.009584445813650921,-0.11771753268980634
2026-07-06,2800.0,240.10000000000002,2775.6,-54.64462000000002,-15.844620000000035,-54.64462000000002,False,125,False,MCX,False,0.012446061124781638,-0.08081024214542987
2026-07-07,2650.0,219.7,2667.0,-23.766760000000193,-8.216759999999983,-23.766760000000193,False,125,False,MCX,False,0.04110895155671268,-0.05478748762330854
2026-07-08,2650.0,193.39999999999998,2651.3,68.82095999999991,68.82095999999991,68.82095999999991,False,125,False,MCX,False,0.09731632537189139,-0.017752375184526326
2026-07-09,2750.0,214.95,2772.0,-110.6461399999998,-20.596139999999988,-110.6461399999998,False,125,False,MCX,False,0.06597826086956515,-0.005326086956521703
2026-07-10,2800.0,195.89999999999998,2777.9,-49.062079999999966,-0.7620799999999546,-49.062079999999966,False,125,False,MCX,False,0.055348303321615555,-0.015244996054236348
2026-07-13,2800.0,185.14999999999998,2805.1,-128.32914000000005,0.7208600000000344,-128.32914000000005,False,125,False,MCX,False,0.060980887125856365,-0.015867291741795908
2026-07-14,2850.0,172.35,2847.2,-50.525719999999986,18.024279999999994,-50.525719999999986,False,125,False,MCX,False,0.056978624034488945,-0.019579665888270203
2026-07-15,2900.0,170.1,2913.6,-65.5708399999999,-2.4708400000000172,-65.5708399999999,False,125,False,MCX,False,0.015077284018768955,-0.058446039194038124
2026-07-16,2850.0,164.39999999999998,2855.3,-110.91152000000015,-3.2115199999999655,-110.91152000000015,False,125,False,MCX,False,0.0017943409247755948,-0.058316080055210495
2026-07-17,2800.0,149.45,2794.3,-80.16389999999998,-0.913899999999983,-80.16389999999998,False,125,False,MCX,False,0.015004256526674364,-0.03305902383654935
2026-07-20,2750.0,134.04999999999998,2742.4,-95.18524,-30.63523999999998,-95.18524,False,125,False,MCX,False,0.04092397235358303,-0.015642051655147315
2026-07-21,2850.0,126.15,2854.0,-30.572299999999817,14.027700000000062,-30.572299999999817,False,125,False,MCX,False,0.018218695512934424,-0.037113475429669474
2026-07-22,2800.0,111.69999999999999,2794.6,-57.36591999999989,-8.31591999999998,-57.36591999999989,False,125,False,MCX,False,0.011571428571428566,-0.0357142857142857
2026-07-23,2800.0,88.6,2795.8,7.681160000000102,7.681160000000102,7.681160000000102,False,125,False,MCX,False,0.0021033118248903193,-0.03775266478913408
2026-07-24,2750.0,70.15,2730.0,-13.60546,158.44454,34.71954,True,125,False,MCX,False,0.008495189689598837,-0.03339989108731167
2026-07-27,2750.0,49.05,2744.8,36.671859999999825,179.52185999999998,24.146859999999993,True,125,False,MCX,False,0.016614821591948825,-0.025617566331198494
2026-07-28,2750.0,34.25,2753.7,73.1525400000001,194.30254,16.72754,True,125,False,MCX,False,0.009117988956698575,-0.04457279860505681
2026-07-29,2750.0,238.14999999999998,2745.1,-169.11225999999996,-10.06225999999999,-169.11225999999996,False,125,False,MCX,False,0.019412844036697186,-0.03482568807339448
2026-07-30,2700.0,234.65000000000003,2703.1,-134.19066000000004,-6.740660000000012,-134.19066000000004,False,125,False,MCX,False,0.005077449501453168,-0.056072703189962825
2026-07-31,2700.0,221.1,2693.0,-148.02571999999998,-2.57572,-148.02571999999998,False,125,False,MCX,False,0.01077915780836225,-0.04311663123344889
2026-08-03,2650.0,215.2,2663.8,-57.79593999999997,10.604060000000034,-57.79593999999997,False,125,False,MCX,False,0.006574304498012884,-0.04709727742079273
2026-08-04,2650.0,222.6,2661.7,-102.7612399999999,-5.311239999999994,-102.7612399999999,False,125,False,MCX,False,0.058444022770398396,-0.026375711574952554
2026-08-05,2600.0,208.2,2596.9,56.37279999999999,63.57279999999981,56.37279999999999,False,125,False,MCX,False,0.08173978252718417,-0.03805774278215224
2026-08-06,2650.0,164.05,2629.0,160.97701999999995,160.97701999999995,80.65202000000001,True,125,False,MCX,False,0.1498556859726765,0.001808735809120554
2026-08-07,2700.0,162.14999999999998,2682.7,107.23857999999981,147.2385799999998,79.86357999999998,True,125,False,MCX,False,0.1481678374786406,-0.01150560091133479
2026-08-10,2650.0,161.05,2636.0,139.95290000000006,198.25289999999978,79.2279,True,125,False,MCX,False,0.14577491474043192,-0.013565744600227414
2026-08-11,2750.0,162.45,2756.9,50.79538000000008,97.0953799999998,80.17038,True,125,False,MCX,False,0.08887608484281029,-0.012351903201411663
2026-08-12,2950.0,193.0,2935.8,-85.59322,-23.39322000000001,-85.59322,False,103,False,MCX,False,,
2026-08-13,3000.0,157.45,3010.7,-91.2776199999999,-1.7276199999999662,-91.2776199999999,False,77,False,MCX,False,,
2026-08-14,2950.0,143.75,2959.0,-36.20532,-3.5553199999999943,-36.20532,False,51,False,MCX,False,,
2026-08-17,2900.0,120.1,2924.1,-87.52840000000008,2.9216000000000086,-87.52840000000008,False,25,False,MCX,False,,
2026-06-25,1660.0,37.35,1650.1,31.55193999999996,42.95194000000005,18.376940000000005,True,125,False,MFSL,False,0.002949142341257982,-0.058742100511585904
2026-06-30,1600.0,5.8999999999999995,1593.0,83.48274,99.98274,2.6827400000000003,True,125,False,MFSL,False,0.014150943396226356,-0.02358490566037741
2026-07-08,1600.0,90.3,1598.0,-66.52003999999997,-5.170039999999995,-66.52003999999997,False,125,False,MFSL,False,0.03745318352059934,-0.03395755305867676
2026-07-09,1560.0,73.44999999999999,1567.7,-62.68618000000008,21.613820000000107,-62.68618000000008,False,125,False,MFSL,False,0.06730028255843812,-0.0015412278448497796
2026-07-13,1640.0,75.19999999999999,1639.7,19.822319999999927,29.222320000000018,19.822319999999927,False,125,False,MFSL,False,0.016327279398275607,-0.06359689353635423
2026-07-14,1600.0,85.25,1607.5,-20.96958000000004,-7.769579999999994,-20.96958000000004,False,125,False,MFSL,False,-0.00018318373328440885,-0.066556756426696
2026-07-15,1620.0,87.1,1625.4,10.28228000000001,10.28228000000001,10.28228000000001,False,125,False,MFSL,False,0.014561001301195864,-0.05570357519053226
2026-07-16,1580.0,80.0,1571.1,-14.508239999999994,-10.508239999999994,-14.508239999999994,False,125,False,MFSL,False,0.004652605459056991,-0.06246898263027301
2026-07-17,1560.0,56.25,1566.6,13.59621999999996,13.59621999999996,13.59621999999996,False,125,False,MFSL,False,0.006789340101522878,-0.048223350253807085
2026-07-20,1560.0,68.45,1554.0,-29.650859999999952,1.4491399999999572,-29.650859999999952,False,125,False,MFSL,False,0.0168078175895765,-0.03270358306188925
2026-07-21,1520.0,48.6,1529.0,-34.625420000000005,3.6745800000000015,-34.625420000000005,False,125,False,MFSL,False,0.0036245954692555316,-0.03896440129449841
2026-07-22,1520.0,44.05,1525.8,-32.605539999999955,61.59446000000001,21.869459999999993,True,125,False,MFSL,False,0.001494962625934404,-0.03490412739681514
2026-07-23,1520.0,34.1,1511.1,-21.33132,71.56868000000001,16.918680000000005,True,125,False,MFSL,False,0.004522514255751453,-0.026807367110178948
2026-07-24,1500.0,34.0,1492.7,64.57802000000002,70.82802000000001,16.62802,True,125,False,MFSL,False,0.0182712112152017,-0.013487475915221592
2026-07-29,1500.0,102.8,1502.6,-83.94132000000005,2.2086799999999975,-83.94132000000005,False,125,False,MFSL,False,0.024478994376447183,-0.015415150512735676
2026-07-31,1520.0,101.94999999999999,1513.4,-3.911259999999994,6.788740000000023,-3.911259999999994,False,125,False,MFSL,False,0.024478994376447183,-0.01131326496857421
2026-08-05,1520.0,104.6,1512.2,-86.74356000000003,-2.9435599999999944,-86.74356000000003,False,125,False,MFSL,False,0.025028214831043005,-0.02575848104627232
2026-08-10,1500.0,93.69999999999999,1491.0,-35.42644000000003,-5.726439999999982,-35.42644000000003,False,125,False,MFSL,False,0.04318738822282575,-0.02795257335894552
2026-08-12,1500.0,87.64999999999999,1496.9,-22.179659999999984,0.17034000000000854,-22.179659999999984,False,109,False,MFSL,False,,
2026-08-13,1500.0,97.35,1506.7,-31.90681999999999,-10.106819999999992,-31.90681999999999,False,83,False,MFSL,False,,
2026-08-14,1520.0,84.79999999999998,1517.4,-39.265679999999975,-16.115679999999987,-39.265679999999975,False,57,False,MFSL,False,,
2026-08-17,1520.0,60.45,1529.1,-14.847499999999997,-9.147499999999951,-14.847499999999997,False,31,False,MFSL,False,,
2026-06-29,151.0,3.24,151.32,0.9793360000000035,1.569336000000007,0.9793360000000035,False,125,False,MOTHERSON,False,0.014158709252551915,-0.0383931511359894
2026-06-30,147.0,1.9600000000000002,147.05,2.073452000000006,9.123452,0.9634520000000002,True,125,False,MOTHERSON,False,0.010202711773392492,-0.030071150489998644
2026-07-06,147.5,10.09,147.31,-5.022279999999991,-2.7322799999999994,-5.022279999999991,False,125,False,MOTHERSON,False,0.015977058582548054,-0.06657107742728385
2026-07-07,144.0,9.399999999999999,144.04,-7.660995999999994,0.029004000000002257,-7.660995999999994,False,125,False,MOTHERSON,False,0.0011683848797250374,-0.06041237113402054
2026-07-09,142.5,8.69,142.66,-8.006039999999997,0.5239600000000006,-8.006039999999997,False,125,False,MOTHERSON,False,0.029495380241648883,-0.004975124378109319
2026-07-10,144.0,9.23,143.82,-2.3150519999999997,-0.30505199999999977,-2.3150519999999997,False,125,False,MOTHERSON,False,0.019693040857803545,-0.011423365337444813
2026-07-13,142.5,9.0,142.29,-2.762503999999999,-0.25250399999999906,-2.762503999999999,False,125,False,MOTHERSON,False,0.01772505233775301,-0.015631542219120775
2026-07-15,143.0,9.41,143.2,-5.746427999999988,-1.3164280000000013,-5.746427999999988,False,125,False,MOTHERSON,False,0.023438596491228036,-0.006175438596491167
2026-07-16,143.0,8.209999999999999,143.04,-6.786767999999987,-0.5067679999999987,-6.786767999999987,False,125,False,MOTHERSON,False,0.042225674339782415,0.0034599632820224713
2026-07-17,144.0,7.529999999999999,144.49,-3.173095999999999,-0.2830959999999991,-3.173095999999999,False,125,False,MOTHERSON,False,0.031245650661099633,-0.011064718162839049
2026-07-21,145.0,5.55,144.94,-3.660608000000009,-0.09060799999999937,-3.660608000000009,False,125,False,MOTHERSON,False,0.04290198814091384,-0.008022322985699382
2026-07-22,147.0,5.949999999999999,146.8,-5.657248000000003,-0.9572479999999995,-5.657248000000003,False,125,False,MOTHERSON,False,0.026080988332189525,-0.024021962937542884
2026-07-23,145.0,4.5,144.55,6.45688,7.0168800000000005,2.20688,True,125,False,MOTHERSON,False,0.04144897248345525,-0.009404388714733702
2026-07-24,144.0,4.369999999999999,143.68,-0.05410800000000113,0.8858919999999966,-0.05410800000000113,False,125,False,MOTHERSON,False,0.023622047244094446,-0.020883259157822742
2026-07-27,147.5,3.5700000000000003,147.68,1.7054440000000057,8.045444,1.7604440000000001,True,125,False,MOTHERSON,False,0.0449808008776742,-0.013576522216127151
2026-07-28,147.0,1.5500000000000003,147.01,6.333791999999991,6.333791999999991,0.7487919999999999,True,125,False,MOTHERSON,False,0.037689115008702645,-0.03695273798366572
2026-07-30,145.0,11.46,145.31,-1.9785200000000158,-0.5285200000000005,-1.9785200000000158,False,125,False,MOTHERSON,False,0.07043121149897336,-0.008692676249144271
2026-07-31,147.5,11.18,148.44,-4.87880400000001,-0.058803999999997976,-4.87880400000001,False,125,False,MOTHERSON,False,0.07703319926375363,-0.001840616265594175
2026-08-03,152.5,11.3,152.9,4.623839999999992,5.233840000000006,4.623839999999992,False,125,False,MOTHERSON,False,0.12480127186009549,-0.017355590885002714
2026-08-04,155.0,12.28,155.19,0.9386839999999856,4.4086840000000125,0.9386839999999856,False,125,False,MOTHERSON,False,0.11398963730569944,-0.0392487046632124
2026-08-05,152.5,11.18,152.74,4.94361600000001,8.003616000000012,5.513616,True,125,False,MOTHERSON,False,0.14896459585838362,0.008016032064128265
2026-08-06,155.0,11.169999999999998,155.0,2.8495519999999983,5.519552000000014,5.5145519999999975,True,125,False,MOTHERSON,False,0.11226073460941555,-0.019593895499223857
2026-08-07,162.5,10.09,161.55,-4.8328119999999934,-0.6028119999999988,-4.8328119999999934,False,125,False,MOTHERSON,False,0.11688311688311681,0.007597402597402603
2026-08-10,172.5,10.629999999999999,171.86,-7.129396000000012,-2.299395999999998,-7.129396000000012,False,125,False,MOTHERSON,False,0.02016607354685651,-0.011209964412811302
2026-08-11,170.0,9.219999999999999,168.9,-7.620100000000009,-0.6300999999999979,-7.620100000000009,False,125,False,MOTHERSON,False,0.024871764284862374,-0.005666229273529666
2026-08-12,172.5,8.59,171.41,-6.195562000000022,-3.590562000000004,-6.195562000000022,False,106,False,MOTHERSON,False,,
2026-08-13,170.0,8.1,171.17,-2.338639999999999,-0.418639999999999,-2.338639999999999,False,80,False,MOTHERSON,False,,
2026-08-14,167.5,7.1,167.41,-4.751249999999977,-0.1262499999999997,-4.751249999999977,False,54,False,MOTHERSON,False,,
2026-08-17,167.5,6.540000000000001,168.53,-4.189681999999978,-0.4046820000000008,-4.189681999999978,False,28,False,MOTHERSON,False,,
2026-08-10,2488.0,149.8,2494.0,-94.07679999999992,-6.526799999999989,-94.07679999999992,False,125,False,MPHASIS,True,0.028106151990349826,-0.006031363088057851
2026-08-11,2538.0,161.45,2519.5,-136.57289999999998,-20.2729,-136.57289999999998,False,125,False,MPHASIS,False,0.019497607655502458,-0.014354066985645897
2026-08-12,2500.0,126.69999999999999,2516.1,-103.47069999999998,7.229300000000034,-103.47069999999998,False,110,False,MPHASIS,False,,
2026-08-13,2500.0,130.05,2512.9,-106.83008000000001,-3.5800800000000055,-106.83008000000001,False,84,False,MPHASIS,False,,
2026-08-14,2500.0,105.29999999999998,2508.5,-82.01077999999998,10.839220000000017,-82.01077999999998,False,58,False,MPHASIS,False,,
2026-08-17,2500.0,108.8,2500.4,-85.52058000000001,-4.770579999999992,-85.52058000000001,False,32,False,MPHASIS,False,,
2026-08-10,2900.0,154.85,2897.3,-105.92190000000008,-4.621899999999982,-105.92190000000008,False,125,False,MUTHOOTFIN,False,0.02782017483002619,-0.014395726377133378
2026-08-11,2950.0,146.55,2938.3,-94.40761999999982,-1.3076200000000004,-94.40761999999982,False,125,False,MUTHOOTFIN,False,0.01856308009625307,-0.02746648332760404
2026-08-12,2900.0,137.6,2914.0,-44.09861999999999,-4.948619999999983,-44.09861999999999,False,105,False,MUTHOOTFIN,False,,
2026-08-13,2900.0,134.64999999999998,2896.5,-41.14035999999997,-7.240359999999966,-41.14035999999997,False,79,False,MUTHOOTFIN,False,,
2026-08-14,2850.0,120.0,2863.0,-88.52503999999999,-1.725039999999983,-88.52503999999999,False,53,False,MUTHOOTFIN,False,,
2026-08-17,2850.0,109.25,2851.0,-77.74494,-4.194939999999997,-77.74494,False,27,False,MUTHOOTFIN,False,,
2026-06-18,370.0,19.150000000000002,368.2,12.906500000000015,12.906500000000015,9.4315,True,125,False,NATIONALUM,True,0.020698924731182844,-0.0658602150537635
2026-06-19,370.0,16.75,369.5,15.163639999999983,21.213639999999995,8.23864,True,125,False,NATIONALUM,False,0.03235454051114739,-0.09896682979880378
2026-06-22,375.0,17.25,376.55,19.149639999999984,25.699639999999995,8.47464,True,125,False,NATIONALUM,False,0.009840425531914887,-0.11861702127659579
2026-06-23,365.0,13.5,364.4,11.691639999999976,19.491639999999993,6.64164,True,125,False,NATIONALUM,False,-0.015740740740740722,-0.12328042328042332
2026-06-24,355.0,14.3,352.65,3.4602599999999866,8.710259999999986,7.060260000000002,True,125,False,NATIONALUM,False,0.001969057665260232,-0.06779184247538683
2026-06-25,340.0,9.2,337.7,-1.9459200000000216,18.40408,4.55408,True,125,False,NATIONALUM,False,0.007759735594194517,-0.047564305216266756
2026-06-29,340.0,8.299999999999999,337.85,-0.5946599999999759,19.30534,4.10534,True,125,False,NATIONALUM,False,0.05300300300300287,-0.0045045045045044585
2026-07-01,340.0,29.4,339.6,-21.753739999999976,-1.9537400000000016,-21.753739999999976,False,125,False,NATIONALUM,False,0.04068396226415105,-0.022700471698113178
2026-07-02,335.0,27.300000000000004,337.05,-16.506680000000006,-0.1066800000000071,-16.506680000000006,False,125,False,NATIONALUM,False,0.06008968609865484,-0.008968609865470878
2026-07-03,345.0,23.8,347.4,-7.41255999999998,3.2374399999999977,-7.41255999999998,False,125,False,NATIONALUM,False,0.06791145911760288,0.02062942327962647
2026-07-06,350.0,26.15,347.85,-21.28679999999999,-0.4368000000000014,-21.28679999999999,False,125,False,NATIONALUM,False,0.046147211040828084,-0.023145485911443386
2026-07-07,345.0,25.300000000000004,346.9,-9.016480000000005,-1.2164800000000084,-9.016480000000005,False,125,False,NATIONALUM,False,0.03646204244409623,-0.03218914684517882
2026-07-08,350.0,21.85,347.85,-7.650940000000025,3.2990599999999985,-7.650940000000025,False,125,False,NATIONALUM,False,0.07155373831775691,-0.007739485981308358
2026-07-09,345.0,25.55,346.0,-10.762980000000002,-1.8629800000000036,-10.762980000000002,False,125,False,NATIONALUM,False,0.049857549857549754,-0.02592592592592602
2026-07-10,360.0,22.400000000000002,361.6,-8.800799999999992,1.3991999999999964,-8.800799999999992,False,125,False,NATIONALUM,False,0.052857142857142936,0.0028571428571428914
2026-07-13,355.0,23.200000000000003,355.05,-14.489320000000028,-1.0893200000000034,-14.489320000000028,False,125,False,NATIONALUM,False,0.03656821378340358,-0.04908579465541485
2026-07-14,360.0,20.300000000000004,361.5,-3.8529000000000284,1.5470999999999915,-3.8529000000000284,False,125,False,NATIONALUM,False,0.03817439075926199,-0.04761233976616419
2026-07-15,365.0,21.0,364.4,-1.7128400000000015,5.387160000000021,-1.7128400000000015,False,125,False,NATIONALUM,False,0.012223595659936803,-0.07141876115918144
2026-07-16,360.0,18.800000000000004,360.0,-8.082600000000028,2.6174000000000173,-8.082600000000028,False,125,False,NATIONALUM,False,0.008576566606723013,-0.06473924470881165
2026-07-17,345.0,18.0,346.2,-8.7263,-0.37630000000000424,-8.7263,False,125,False,NATIONALUM,False,-0.0035211267605633756,-0.04774647887323935
2026-07-20,345.0,17.55,346.1,-11.61566,-0.81566,-11.61566,False,125,False,NATIONALUM,False,0.02827010399882801,-0.0049802255749232804
2026-07-21,345.0,15.45,343.35,-6.518179999999978,-1.618179999999999,-6.518179999999978,False,125,False,NATIONALUM,False,0.02392065344224026,-0.012981330221703558
2026-07-22,345.0,11.1,345.5,0.6361599999999763,0.6361599999999763,0.6361599999999763,False,125,False,NATIONALUM,False,0.024219433907207488,-0.02830463962649543
2026-07-23,350.0,9.5,349.1,17.64738,18.047379999999997,4.64738,True,125,False,NATIONALUM,False,0.022280471821756187,-0.03305664773554684
2026-07-24,345.0,9.4,342.6,-0.9498399999999791,2.3501599999999754,-0.9498399999999791,False,125,False,NATIONALUM,False,0.012011577424023034,-0.03907380607814759
2026-07-27,345.0,6.75,345.35,3.751839999999976,5.001839999999976,3.3268400000000002,True,125,False,NATIONALUM,False,0.032356355194428144,-0.03656413232733613
2026-07-28,335.0,4.6,335.9,29.192480000000003,29.192480000000003,2.1924799999999998,True,125,False,NATIONALUM,False,0.08094957239752287,-0.020937776467118918
2026-07-29,330.0,27.5,333.1,19.191960000000005,23.541960000000028,13.54196,True,125,False,NATIONALUM,False,0.13841345438309283,-0.011757702038993845
2026-07-30,350.0,28.1,347.25,0.8401199999999858,3.090119999999986,0.8401199999999858,False,125,False,NATIONALUM,False,0.10953757225433525,-0.009826589595375634
2026-07-31,350.0,27.150000000000002,353.6,3.2387199999999736,4.038719999999985,3.2387199999999736,False,125,False,NATIONALUM,False,0.10361134995700794,-0.0035826884494124522
2026-08-03,360.0,24.150000000000002,355.65,-4.6722200000000145,-0.07222000000000638,-4.6722200000000145,False,125,False,NATIONALUM,False,0.09857346647646215,0.008559201141226769
2026-08-04,380.0,24.0,378.6,-2.7268400000000015,1.5731599999999992,-2.7268400000000015,False,125,False,NATIONALUM,False,0.060738714090287305,0.004514363885088857
2026-08-05,380.0,23.450000000000003,381.0,-18.529379999999982,1.7206199999999972,-18.529379999999982,False,125,False,NATIONALUM,False,0.033468959180994906,-0.015225095156844781
2026-08-06,380.0,25.0,379.6,13.521920000000017,14.021920000000017,12.32192,True,125,False,NATIONALUM,False,0.11339662447257393,-0.007120253164556889
2026-08-07,380.0,23.25,379.0,0.7675599999999986,16.517560000000007,11.49256,True,125,False,NATIONALUM,False,0.11105263157894729,-0.007500000000000062
2026-08-10,380.0,21.450000000000003,384.25,-2.4632600000000013,18.336740000000002,10.611740000000001,True,125,False,NATIONALUM,False,0.10813648293963252,-0.015748031496062964
2026-08-11,390.0,21.05,387.7,-7.247580000000002,8.752419999999997,-7.247580000000002,False,103,False,NATIONALUM,False,0.10321400574862816,-0.02012019858897307
2026-08-12,420.0,20.5,419.3,23.219960000000004,23.269960000000015,10.06996,True,77,False,NATIONALUM,False,,
2026-08-13,410.0,22.650000000000002,410.25,11.091940000000003,11.141940000000014,11.091940000000003,False,51,False,NATIONALUM,False,,
2026-08-14,380.0,20.1,379.5,-1.2092000000000014,-0.2592000000000057,-1.2092000000000014,False,25,True,NATIONALUM,False,,
2026-06-25,1010.0,23.0,1012.25,12.186900000000051,16.236900000000006,11.3369,True,125,False,NAUKRI,False,0.030703919439234006,-0.042353638068911015
2026-06-29,990.0,13.05,988.05,26.951320000000006,66.40132000000001,6.376320000000002,True,125,False,NAUKRI,False,0.07663265306122446,-0.010204081632653073
2026-06-30,980.0,11.25,981.2,51.891400000000054,60.04139999999992,5.416399999999999,True,125,False,NAUKRI,False,0.06753680376384863,-0.01856629736429405
2026-07-01,990.0,74.05,989.2,138.79471999999996,138.79471999999996,36.21971999999999,True,125,False,NAUKRI,False,0.1903620601733811,-0.006017338092809799
2026-07-02,1030.0,86.45,1027.2,88.46639999999998,88.46639999999998,42.491400000000006,True,125,False,NAUKRI,False,0.22391959798994976,0.001959798994974893
2026-07-03,1050.0,69.94999999999999,1045.45,96.78569999999999,96.78569999999999,34.3107,True,125,False,NAUKRI,False,0.1807252278456466,-0.018033740546829713
2026-07-06,1030.0,73.55,1030.25,83.30333999999989,113.20333999999998,36.128339999999994,True,125,False,NAUKRI,False,0.18707745798725117,-0.021827313115704183
2026-07-07,1040.0,65.8,1043.45,80.95346000000002,111.00345999999998,32.303459999999994,True,125,False,NAUKRI,False,0.19912195121951215,0.0039024390243902474
2026-07-08,1200.0,71.35,1203.75,-8.626179999999986,6.823820000000017,-8.626179999999986,False,125,False,NAUKRI,False,0.06144479468025388,0.00898138952459071
2026-07-09,1200.0,76.35,1205.75,-20.470999999999993,-0.9209999999999829,-20.470999999999993,False,125,False,NAUKRI,False,0.0460425531914892,-0.005659574468085182
2026-07-10,1220.0,72.19999999999999,1217.5,-17.655599999999982,-1.1055999999999715,-17.655599999999982,False,125,False,NAUKRI,False,0.024676948728636905,-0.020425177157148866
2026-07-13,1180.0,66.14999999999999,1187.6,-19.316959999999995,-0.46695999999999144,-19.316959999999995,False,125,False,NAUKRI,False,0.01454696591853688,-0.023275145469659142
2026-07-14,1180.0,64.85,1187.45,-29.281679999999945,0.7183199999999998,-29.281679999999945,False,125,False,NAUKRI,False,0.024769101595297993,-0.013434089000839644
2026-07-15,1200.0,64.5,1196.4,-25.440500000000007,-2.140499999999994,-25.440500000000007,False,125,False,NAUKRI,False,0.032010459280502834,-0.008898823330943384
2026-07-16,1200.0,56.14999999999999,1196.4,-31.97525999999999,0.12474000000000857,-31.97525999999999,False,125,False,NAUKRI,False,0.03101036487739095,-0.0043397657369176335
2026-07-17,1220.0,55.05,1212.65,-2.1528200000000366,7.097179999999963,-2.1528200000000366,False,125,False,NAUKRI,False,0.014090343970161623,-0.042105263157894646
2026-07-20,1180.0,49.75,1183.35,-34.53214,-3.382140000000003,-34.53214,False,125,False,NAUKRI,False,0.0331869616618814,-0.037324776220233113
2026-07-21,1220.0,41.650000000000006,1215.95,-30.797140000000006,26.35286,20.677860000000003,True,125,False,NAUKRI,False,0.02746053073563992,-0.04266039637218677
2026-07-22,1200.0,46.0,1199.9,13.90291999999996,13.90291999999996,13.90291999999996,False,125,False,NAUKRI,False,0.037738193869096825,-0.05550952775476392
2026-07-23,1180.0,31.15,1175.5,49.685840000000006,51.435840000000006,15.260839999999996,True,125,False,NAUKRI,False,0.06675073560319467,-0.04161412358133665
2026-07-24,1160.0,27.8,1166.7,33.9987000000001,75.14869999999996,13.648700000000002,True,125,False,NAUKRI,False,0.08545765611633893,-0.02480752780153983
2026-07-27,1180.0,20.35,1181.05,42.31718000000001,62.61717999999996,9.94218,True,125,False,NAUKRI,False,0.0986147186147186,0.01424242424242439
2026-07-28,1220.0,7.85,1221.0,40.69193999999996,81.99194,3.766939999999999,True,125,False,NAUKRI,False,0.06630252100840339,0.006722689075630228
2026-07-29,1260.0,87.44999999999999,1260.3,-1.037899999999983,9.362100000000023,-1.037899999999983,False,125,False,NAUKRI,False,0.03384615384615386,-0.02502024291497984
2026-07-30,1260.0,95.4,1261.25,-66.94747999999991,-1.797480000000003,-66.94747999999991,False,125,False,NAUKRI,False,0.023220433981903987,-0.03587156697894156
2026-07-31,1220.0,84.75,1222.15,-70.92649999999995,4.9735,-70.92649999999995,False,125,False,NAUKRI,False,0.026425702811245122,-0.032851405622490004
2026-08-03,1240.0,85.8,1243.0,-1.0286599999999972,2.4213400000000056,-1.0286599999999972,False,125,False,NAUKRI,False,0.04156817996576745,-0.00350476811476097
2026-08-04,1280.0,96.85,1271.9,-85.85253999999989,-13.852539999999983,-85.85253999999989,False,125,False,NAUKRI,False,0.027294303797468444,-0.03275316455696209
2026-08-05,1260.0,80.8,1268.1,32.55512000000001,46.05512000000001,39.85511999999999,True,125,False,NAUKRI,False,0.1040558774505913,-0.029605524247956372
2026-08-06,1240.0,88.64999999999999,1242.5,9.326259999999923,58.22625999999999,43.801260000000006,True,125,False,NAUKRI,False,0.12988384371700112,-0.006904394443993156
2026-08-07,1240.0,87.85,1236.1,27.280339999999967,58.980339999999984,43.355339999999984,True,125,False,NAUKRI,False,0.12177419354838714,-0.014032258064516245
2026-08-10,1240.0,80.14999999999999,1246.8,23.135220000000103,66.73521999999998,39.56022,True,125,False,NAUKRI,False,0.13181448331977208,0.00626525630593977
2026-08-11,1320.0,74.1,1319.8,-34.818079999999945,-7.018079999999989,-34.818079999999945,False,125,False,NAUKRI,True,0.09544810206331711,0.016774295164592834
2026-08-12,1340.0,67.3,1344.2,-52.13128,-5.481279999999993,-52.13128,False,112,False,NAUKRI,False,,
2026-08-13,1340.0,59.75,1341.2,-44.560140000000004,-2.5601400000000014,-44.560140000000004,False,86,False,NAUKRI,False,,
2026-08-14,1340.0,54.400000000000006,1347.6,-39.19516000000001,-0.9951599999999972,-39.19516000000001,False,60,False,NAUKRI,False,,
2026-08-17,1340.0,44.400000000000006,1345.9,-29.167160000000006,2.082839999999993,-29.167160000000006,False,34,False,NAUKRI,False,,
2026-06-25,1390.0,25.9,1385.5,36.851359999999914,42.651360000000096,12.701359999999996,True,125,False,NESTLEIND,False,0.058257345491387946,-0.0002171081198436564
2026-06-29,1410.0,26.05,1412.0,20.546300000000095,25.646300000000004,12.821300000000003,True,125,False,NESTLEIND,False,0.038232373386295926,-0.02007376932898275
2026-06-30,1400.0,13.600000000000001,1400.2,56.365639999999956,60.56564,6.565640000000001,True,125,False,NESTLEIND,False,0.06436996547756046,-0.002229574223245212
2026-07-01,1440.0,76.8,1435.4,-55.57496000000009,3.2250400000000146,-55.57496000000009,False,125,False,NESTLEIND,False,0.04887537133965214,-0.004173150374876089
2026-07-02,1460.0,73.9,1458.5,-66.02931999999996,-0.6293200000000059,-66.02931999999996,False,125,False,NESTLEIND,False,0.02057811424638678,-0.0077770130763936685
2026-07-03,1450.0,66.1,1453.1,-53.52063999999991,4.929360000000005,-53.52063999999991,False,125,False,NESTLEIND,False,0.02573147956007471,-0.002766825759147773
2026-07-06,1460.0,73.35,1456.9,-58.19822,-4.1982199999999885,-58.19822,False,125,False,NESTLEIND,False,0.019175257731958828,-0.00914089347079039
2026-07-07,1470.0,68.0,1470.3,-40.36824,0.7817600000000113,-40.36824,False,125,False,NESTLEIND,False,0.009462219196732624,-0.03328795098706605
2026-07-08,1460.0,63.2,1461.6,-32.36375999999996,4.48624,-32.36375999999996,False,125,False,NESTLEIND,False,0.009612107164769235,-0.03299475083509451
2026-07-09,1470.0,67.35,1468.2,-32.536579999999944,-0.13657999999999448,-32.536579999999944,False,125,False,NESTLEIND,False,0.02448810182623129,-0.01874654122855557
2026-07-10,1460.0,65.75,1462.9,-28.83798000000004,1.912020000000003,-28.83798000000004,False,125,False,NESTLEIND,False,0.004849064335473274,-0.03168965988252981
2026-07-13,1440.0,64.5,1444.5,-53.51168000000005,2.8383199999999973,-53.51168000000005,False,125,False,NESTLEIND,False,0.0015862068965517562,-0.030965517241379414
2026-07-14,1440.0,63.55,1442.0,-52.25986000000009,1.440140000000006,-52.25986000000009,False,125,False,NESTLEIND,False,0.019607843137254832,-0.016036414565826385
2026-07-15,1430.0,61.8,1428.8,-27.66907999999999,1.5309200000000114,-27.66907999999999,False,125,False,NESTLEIND,False,0.029817158931082943,-0.011884669479606202
2026-07-17,1420.0,56.1,1422.7,-22.451719999999995,33.24828000000005,27.798280000000005,True,125,False,NESTLEIND,False,0.05905456585776414,-0.014518165240566705
2026-07-20,1430.0,59.95,1428.7,-30.10185999999996,19.398140000000048,-30.10185999999996,False,125,False,NESTLEIND,False,0.06218345526167712,-0.0007034327518289363
2026-07-21,1450.0,60.5,1451.6,-47.107199999999956,0.24279999999999563,-47.107199999999956,False,125,False,NESTLEIND,False,0.03922918100481754,-0.015141087405368236
2026-07-22,1460.0,63.8,1464.5,-12.423120000000036,-2.0231199999999956,-12.423120000000036,False,125,False,NESTLEIND,False,0.03708791208791218,-0.01717032967032972
2026-07-23,1470.0,41.6,1472.2,8.642399999999913,8.642399999999913,8.642399999999913,False,125,False,NESTLEIND,False,0.010533333333333283,-0.04600000000000004
2026-07-24,1450.0,23.65,1454.0,39.9054200000001,53.70542000000005,11.580419999999995,True,125,False,NESTLEIND,False,0.05944974422784455,-0.010783907092492662
2026-07-27,1460.0,25.25,1460.2,31.61970000000005,42.11970000000005,12.3947,True,125,False,NESTLEIND,False,0.06423165057982083,-0.0033331018679257918
2026-07-28,1460.0,13.200000000000001,1463.7,56.467600000000004,56.467600000000004,6.3675999999999995,True,125,False,NESTLEIND,False,0.05842541436464077,0.00034530386740327934
2026-07-29,1510.0,72.9,1511.8,-63.23156000000001,-0.48156,-63.23156000000001,False,125,False,NESTLEIND,False,0.029216645446626055,-0.029484688065402387
2026-07-30,1520.0,71.0,1520.6,-10.319460000000003,1.38054,-10.319460000000003,False,125,False,NESTLEIND,False,0.01985391766268263,-0.03831341301460822
2026-07-31,1510.0,72.35,1513.9,-54.90186000000004,-5.051859999999983,-54.90186000000004,False,125,False,NESTLEIND,False,0.011125740618828317,-0.04654377880184335
2026-08-03,1520.0,68.19999999999999,1517.2,-48.6461199999999,4.303880000000011,-48.6461199999999,False,125,False,NESTLEIND,False,0.03189368770764123,-0.03767441860465115
2026-08-04,1520.0,65.8,1522.4,-60.10048,6.749520000000003,-60.10048,False,125,False,NESTLEIND,False,0.026437541308658385,-0.04276272306675477
2026-08-05,1500.0,68.65,1499.2,-14.145520000000012,-13.445520000000009,-14.145520000000012,False,125,False,NESTLEIND,False,0.042211932085095105,-0.0013421917992081367
2026-08-06,1520.0,63.39999999999999,1522.6,-42.237159999999996,-0.8871599999999914,-42.237159999999996,False,125,False,NESTLEIND,False,0.021508912714595763,-0.019075182529763812
2026-08-07,1540.0,58.05,1540.5,-18.723139999999947,5.176860000000003,-18.723139999999947,False,125,False,NESTLEIND,False,0.021710526315789513,-0.018881578947368416
2026-08-10,1540.0,63.099999999999994,1541.3,-26.778879999999944,-3.4288799999999915,-26.778879999999944,False,125,False,NESTLEIND,False,0.008011985409067224,-0.028595622720166802
2026-08-11,1530.0,57.85,1525.2,-1.2710199999999958,-0.5710199999999503,-1.2710199999999958,False,125,False,NESTLEIND,False,0.010624344176285438,-0.03692287513116477
2026-08-12,1500.0,53.150000000000006,1504.9,-25.6262400000001,-0.2762400000000111,-25.6262400000001,False,110,False,NESTLEIND,False,,
2026-08-13,1510.0,52.7,1510.0,-15.202980000000087,-1.552980000000004,-15.202980000000087,False,84,False,NESTLEIND,False,,
2026-08-14,1510.0,49.05,1507.0,-11.542760000000083,-2.342759999999994,-11.542760000000083,False,58,False,NESTLEIND,False,,
2026-08-17,1490.0,36.2,1490.7,-18.600780000000096,4.199219999999994,-18.600780000000096,False,32,False,NESTLEIND,False,,
2026-06-25,85.0,2.55,85.16,-1.1807239999999959,3.019276,1.264276,True,125,False,NMDC,False,0.010271973853157368,-0.025213026730477428
2026-06-29,85.0,2.2,84.8,2.700344,3.360344,1.0803440000000002,True,125,False,NMDC,False,0.025843757375501708,-0.014514987019117132
2026-06-30,85.0,1.2400000000000002,85.0,3.1943480000000006,4.324348,0.6043480000000001,True,125,False,NMDC,False,0.01791569086651057,-0.022131147540983664
2026-07-01,85.0,6.109999999999999,84.81,-5.518536000000005,-0.5485359999999994,-5.518536000000005,False,125,False,NMDC,False,0.020305164319248892,-0.0198356807511737
2026-07-02,86.0,5.5,86.4,-3.9096280000000063,-0.03962799999999956,-3.9096280000000063,False,125,False,NMDC,False,0.03242280285035637,-0.0119952494061758
2026-07-03,86.0,6.039999999999999,86.48,-2.0478879999999986,-0.9578879999999989,-2.0478879999999986,False,125,False,NMDC,False,0.013760932944606452,-0.03206997084548102
2026-07-06,85.0,5.26,85.3,-4.187500000000002,-0.36749999999999966,-4.187500000000002,False,125,False,NMDC,False,0.0073753219386560875,-0.028330601732615368
2026-07-07,85.0,4.8,84.6,-0.9041359999999999,-0.37413599999999964,-0.9041359999999999,False,125,False,NMDC,False,0.01641861563902669,-0.019607843137254832
2026-07-08,84.0,4.58,84.29,-3.435791999999995,0.04420800000000048,-3.435791999999995,False,125,False,NMDC,False,0.02027507706900633,-0.015888072089162986
2026-07-09,84.0,4.59,84.29,-1.2420079999999998,-0.3520080000000001,-1.2420079999999998,False,125,False,NMDC,False,0.026237328562910056,-0.010137149672033274
2026-07-10,86.0,4.27,85.56,-2.1775840000000053,-0.2075839999999995,-2.1775840000000053,False,125,False,NMDC,False,0.021243769285544722,-0.011274626157132706
2026-07-13,84.0,4.27,83.81,-1.6789839999999996,-0.23898399999999886,-1.6789839999999996,False,125,False,NMDC,False,0.012844685364129305,-0.025335847277869528
2026-07-14,85.0,4.05,85.1,-2.8544479999999974,-0.16444799999999948,-2.8544479999999974,False,125,False,NMDC,False,0.02029914529914545,-0.01816239316239321
2026-07-15,85.0,3.6099999999999994,85.26,-2.9915919999999954,-0.11159199999999966,-2.9915919999999954,False,125,False,NMDC,False,0.008599363882671796,-0.02568029214277312
2026-07-16,84.0,3.54,84.48,-1.6250360000000001,-0.285036,-1.6250360000000001,False,125,False,NMDC,False,0.0050731477111845,-0.02418593676262404
2026-07-17,84.0,3.4800000000000004,83.79,-1.724419999999996,-0.4344200000000008,-1.724419999999996,False,125,False,NMDC,False,0.008792775665399377,-0.02281368821292773
2026-07-20,84.0,3.09,83.84,-2.0912,-0.2711999999999998,-2.0912,False,125,False,NMDC,False,0.02043269230769229,-0.017187500000000133
2026-07-21,84.0,2.4800000000000004,83.69,-1.9581480000000007,-0.02814800000000046,-1.9581480000000007,False,125,False,NMDC,False,0.010854007633587681,-0.02468988549618334
2026-07-22,84.0,2.76,84.27,-1.919827999999997,-0.5898280000000001,-1.919827999999997,False,125,False,NMDC,False,0.008928571428571397,-0.026547619047619042
2026-07-23,84.0,2.65,83.71,-0.7524879999999949,-0.36248799999999387,-0.7524879999999949,False,125,False,NMDC,False,0.03719256148770267,-0.018956208758248327
2026-07-24,82.0,2.17,82.13,0.626335999999997,2.116336000000006,1.071336,True,125,False,NMDC,False,0.04661016949152552,-0.010048426150121026
2026-07-27,84.0,1.5100000000000002,84.25,-0.5965240000000043,0.7834760000000058,0.7484760000000004,True,125,False,NMDC,False,0.03409090909090917,-0.007057416267942429
2026-07-29,85.0,4.879999999999999,84.95,-4.195344000000001,0.03465600000000072,-4.195344000000001,False,125,False,NMDC,False,0.02843207232928857,-0.012015227218653446
2026-07-30,86.0,5.01,86.01,-0.24715999999999888,-0.11715999999999986,-0.24715999999999888,False,125,False,NMDC,False,0.0012793672947197798,-0.034077692486624844
2026-07-31,85.0,4.959999999999999,84.91,-3.976408000000005,-0.17640799999999923,-3.976408000000005,False,125,False,NMDC,False,0.023957721667645204,-0.024662360540223194
2026-08-03,85.0,4.379999999999999,85.02,0.26494000000000095,0.4249400000000011,0.26494000000000095,False,125,False,NMDC,False,0.0251616696061141,-0.023515579071134662
2026-08-04,84.0,4.8,84.34,-3.427052000000005,0.1129480000000008,-3.427052000000005,False,125,False,NMDC,False,0.04720153735287047,-0.00036031707902961507
2026-08-05,85.0,4.799999999999999,84.87,-0.49528399999999884,0.004716000000001139,-0.49528399999999884,False,125,False,NMDC,False,0.031102175969725643,-0.0016556291390728006
2026-08-06,86.0,5.289999999999999,86.48,-4.855792000000002,-0.23579199999999886,-4.855792000000002,False,125,False,NMDC,False,0.017861312164370702,-0.011090357226243297
2026-08-07,85.0,4.8,85.14,-0.5251999999999991,-0.05519999999999936,-0.5251999999999991,False,125,False,NMDC,False,0.01446064139941683,-0.013527696793002919
2026-08-10,85.0,4.93,85.17,-4.335232000000006,-0.24523199999999865,-4.335232000000006,False,125,False,NMDC,False,0.020530267480056263,-0.024636320976067494
2026-08-11,86.0,4.89,85.75,-3.9062120000000053,-0.25621199999999933,-3.9062120000000053,False,125,False,NMDC,False,0.011585722644821494,-0.051492100643651284
2026-08-12,86.0,4.709999999999999,85.75,-4.324027999999998,-0.07402799999999872,-4.324027999999998,False,103,False,NMDC,False,,
2026-08-13,85.0,4.58,85.49,-1.9699080000000002,-0.23990799999999976,-1.9699080000000002,False,77,False,NMDC,False,,
2026-08-14,84.0,4.4,84.25,-3.0159600000000006,-0.2959600000000002,-3.0159600000000006,False,51,False,NMDC,False,,
2026-08-17,82.0,3.16,81.67,0.22191200000000022,0.22191200000000022,0.22191200000000022,False,25,False,NMDC,False,,
2026-08-10,340.0,13.8,342.45,-5.063,-1.4130000000000014,-5.063,False,125,False,NTPC,False,0.0,-0.025145348837209203
2026-08-11,340.0,12.6,338.6,-9.74312,-1.093119999999999,-9.74312,False,125,False,NTPC,False,0.012956419316843215,-0.012514723203769118
2026-08-12,340.0,11.149999999999999,339.0,-3.652079999999998,-0.2520799999999993,-3.652079999999998,False,112,False,NTPC,False,,
2026-08-13,340.0,10.899999999999999,340.55,-3.401379999999998,-0.5513799999999982,-3.401379999999998,False,86,False,NTPC,False,,
2026-08-14,340.0,10.05,342.0,-2.549,-0.799,-2.549,False,60,False,NTPC,False,,
2026-08-17,340.0,8.8,338.3,-1.2955,-0.7454999999999993,-1.2955,False,34,False,NTPC,False,,
2026-06-25,305.0,7.0,303.8,3.6008599999999986,3.6008599999999986,3.45086,True,125,False,NYKAA,False,0.025737090731389634,-0.02215344518651252
2026-06-29,307.5,3.5,306.55,6.16332000000001,17.363319999999998,1.71332,True,125,False,NYKAA,False,0.052823920265780755,-0.0028239202657808216
2026-07-01,310.0,22.75,311.15,-15.48400000000001,-0.7840000000000028,-15.48400000000001,False,125,False,NYKAA,False,0.02303262955854124,-0.022392834293026187
2026-07-03,315.0,20.5,315.75,-8.740300000000012,-0.6903000000000014,-8.740300000000012,False,125,False,NYKAA,False,0.03889065986611406,-0.025820847943895386
2026-07-06,315.0,19.85,317.3,-4.6481400000000255,-0.6981400000000013,-4.6481400000000255,False,125,False,NYKAA,False,0.0766102797657775,0.011711125569290992
2026-07-07,315.0,17.650000000000002,314.0,-6.779799999999992,1.470199999999997,-6.779799999999992,False,125,False,NYKAA,False,0.06033519553072608,-0.006065442936951215
2026-07-08,315.0,16.650000000000002,317.45,-8.020699999999993,2.479299999999997,-8.020699999999993,False,125,False,NYKAA,False,0.057129217059197934,-0.006524506683641018
2026-07-09,330.0,19.800000000000004,323.8,-18.459080000000007,-1.0090800000000064,-18.459080000000007,False,125,False,NYKAA,False,0.038293216630197024,-0.00015629884338841382
2026-07-10,330.0,17.6,326.95,-11.01762,0.5823799999999986,-11.01762,False,125,False,NYKAA,False,0.01933404940923733,-0.0131962559459875
2026-07-14,330.0,14.149999999999999,326.05,-3.7685999999999993,1.2814000000000014,-3.7685999999999993,False,125,False,NYKAA,False,0.00607995136038908,-0.025991792065663488
2026-07-15,330.0,14.850000000000001,323.8,-11.500820000000001,-0.3508200000000007,-11.500820000000001,False,125,False,NYKAA,False,0.022239382239382266,-0.010347490347490385
2026-07-17,325.0,13.05,323.25,-8.19998,-1.29998,-8.19998,False,125,False,NYKAA,False,0.03251656649714896,-0.012482662968099856
2026-07-20,330.0,11.750000000000002,324.5,-5.300820000000002,0.9491800000000196,-5.300820000000002,False,125,False,NYKAA,False,0.035868893011750336,-0.019635126777983847
2026-07-22,340.0,12.5,333.5,-4.557119999999979,10.192880000000022,6.19288,True,125,False,NYKAA,False,0.023995109277090032,-0.0308726883692495
2026-07-23,330.0,7.6,326.45,14.816,15.466,3.715999999999999,True,125,False,NYKAA,False,0.017747858017135965,-0.02983476132190943
2026-07-24,320.0,7.799999999999999,320.0,9.130840000000022,9.130840000000022,3.8308400000000002,True,125,False,NYKAA,False,0.02421084891204406,-0.028348145878026365
2026-07-27,330.0,7.0,324.95,3.15212000000001,16.35212,3.45212,True,125,False,NYKAA,False,0.04806201550387601,0.0035658914728682323
2026-07-29,330.0,23.75,331.9,-11.450940000000001,-0.4509400000000014,-11.450940000000001,False,125,False,NYKAA,False,0.041647666818665385,-0.008663930688554422
2026-07-30,330.0,22.4,330.9,-19.32126,0.92874,-19.32126,False,125,False,NYKAA,False,0.0635696821515892,-0.0013753056234718786
2026-07-31,335.0,23.85,337.1,-20.127140000000026,0.1228599999999958,-20.127140000000026,False,125,False,NYKAA,False,0.041916167664670656,-0.018862275449101795
2026-08-03,340.0,26.450000000000003,340.3,-16.651500000000006,-1.8015000000000028,-16.651500000000006,False,125,False,NYKAA,False,0.04254044337926888,-0.01827441581785505
2026-08-04,340.0,26.3,338.45,-10.21871999999999,-1.6687200000000006,-10.21871999999999,False,125,False,NYKAA,False,0.018884497145366774,-0.054164836773532454
2026-08-05,335.0,20.550000000000004,335.9,-9.239180000000006,-0.28918000000000643,-9.239180000000006,False,125,False,NYKAA,False,0.03279418311322169,-0.048078349903546536
2026-08-06,330.0,20.150000000000002,331.6,-16.71593999999998,-1.5659400000000037,-16.71593999999998,False,125,False,NYKAA,False,0.007951987996999144,-0.037509377344336126
2026-08-07,330.0,17.85,329.55,-15.157399999999978,0.042599999999997806,-15.157399999999978,False,125,False,NYKAA,False,0.011748757342973537,-0.03374002108751317
2026-08-10,330.0,16.95,331.0,-5.978119999999999,0.07187999999999857,-5.978119999999999,False,125,False,NYKAA,False,0.004525569467491275,-0.03228239553477141
2026-08-11,325.0,15.7,324.25,-12.303339999999988,-0.20334000000000038,-12.303339999999988,False,125,False,NYKAA,False,0.028575841828853976,-0.009113376583256061
2026-08-12,320.0,12.5,322.15,-7.374210000000022,0.20079000000002137,-7.374210000000022,False,110,False,NYKAA,False,,
2026-08-13,330.0,13.399999999999999,327.8,-8.825189999999976,-0.00018999999999935735,-8.825189999999976,False,84,False,NYKAA,False,,
2026-08-14,330.0,12.95,329.5,-8.373929999999977,-0.39892999999999973,-8.373929999999977,False,58,False,NYKAA,False,,
2026-08-17,330.0,12.5,328.0,-7.922669999999977,-1.9976699999999994,-7.922669999999977,False,32,False,NYKAA,False,,
2026-06-25,1780.0,40.35,1770.6,60.75309999999991,90.10310000000003,19.778100000000006,True,125,False,OBEROIRLTY,False,0.066704610130905,-0.011041548093341014
2026-07-01,1780.0,129.14999999999998,1777.1,-17.326340000000062,72.17365999999991,63.898659999999985,True,125,False,OBEROIRLTY,False,0.12399547255234866,-0.004810413129598179
2026-07-03,1880.0,136.1,1881.6,-25.642019999999988,-13.992019999999982,-25.642019999999988,False,125,False,OBEROIRLTY,False,0.0696359327875915,-0.019442050840155045
2026-07-06,1960.0,137.1,1964.3,-83.63480000000008,-5.534799999999971,-83.63480000000008,False,125,False,OBEROIRLTY,False,0.029067357512953418,-0.05663212435233156
2026-07-07,1960.0,129.75,1961.6,-108.07489999999994,0.9251000000000227,-108.07489999999994,False,125,False,OBEROIRLTY,False,0.011510791366906581,-0.06438848920863305
2026-07-08,1900.0,111.14999999999999,1892.6,-82.04354000000009,12.406460000000012,-82.04354000000009,False,125,False,OBEROIRLTY,False,0.024024813373987985,-0.0428451266954053
2026-07-10,1880.0,121.65,1877.4,-102.94381999999996,-3.593820000000003,-102.94381999999996,False,125,False,OBEROIRLTY,False,0.038880000000000026,-0.015466666666666629
2026-07-13,1900.0,124.94999999999999,1905.9,-83.11801999999989,-1.4680199999999861,-83.11801999999989,False,125,False,OBEROIRLTY,False,0.026236763078868464,-0.022338127601285396
2026-07-14,1940.0,124.25,1937.8,-74.33874,-42.4387399999999,-74.33874,False,125,False,OBEROIRLTY,False,0.0077603600807076845,-0.04754513942780281
2026-07-15,1920.0,110.39999999999999,1929.6,-46.98775999999999,0.26224000000001424,-46.98775999999999,False,125,False,OBEROIRLTY,False,0.014240837696334996,-0.036125654450261835
2026-07-16,1880.0,118.89999999999999,1881.9,-68.8241799999999,-2.274179999999997,-68.8241799999999,False,125,False,OBEROIRLTY,False,0.012664935615494644,-0.025806793492660574
2026-07-17,1860.0,115.19999999999999,1860.8,-56.88691999999989,-29.13691999999998,-56.88691999999989,False,125,False,OBEROIRLTY,False,0.02466487935656847,-0.028203753351206395
2026-07-20,1860.0,93.75,1857.6,-64.99369999999995,-11.443699999999994,-64.99369999999995,False,125,False,OBEROIRLTY,False,0.011111111111111072,-0.05523809523809531
2026-07-21,1880.0,74.25,1889.5,-37.7606599999999,16.289340000000053,-37.7606599999999,False,125,False,OBEROIRLTY,False,0.004286848372585306,-0.054988092087853935
2026-07-22,1860.0,62.3,1856.0,-34.35312000000005,8.296880000000055,-34.35312000000005,False,125,False,OBEROIRLTY,False,0.003766778078412525,-0.0526818398854052
2026-07-24,1800.0,28.150000000000002,1801.1,-1.3041400000000942,81.14586,13.92086,True,125,False,OBEROIRLTY,False,0.02041827187671985,-0.017281232801320878
2026-07-28,1840.0,12.000000000000002,1843.1,8.907879999999906,103.15788,5.907880000000002,True,125,False,OBEROIRLTY,False,0.011601816888305194,-0.013134132326383163
2026-07-29,1840.0,117.6,1831.7,-89.90767999999994,-2.7576799999999944,-89.90767999999994,False,125,False,OBEROIRLTY,False,0.010109289617486361,-0.025464480874316853
2026-07-30,1820.0,110.0,1815.4,-67.02923999999999,-0.22923999999999717,-67.02923999999999,False,125,False,OBEROIRLTY,False,0.005712731229597479,-0.030957562568008745
2026-07-31,1820.0,104.69999999999999,1827.1,-62.21299999999998,-0.8129999999999773,-62.21299999999998,False,125,False,OBEROIRLTY,False,0.018457300275482202,-0.02352617079889807
2026-08-03,1820.0,101.94999999999999,1828.7,-57.46089999999998,-1.5608999999999773,-57.46089999999998,False,125,False,OBEROIRLTY,False,0.012876712328767193,-0.029863013698630092
2026-08-05,1800.0,91.15,1810.0,-81.53266,4.917339999999989,-81.53266,False,125,False,OBEROIRLTY,False,0.021476510067114152,-0.01342281879194629
2026-08-06,1780.0,91.14999999999999,1776.5,-21.650799999999975,4.94920000000002,-21.650799999999975,False,125,False,OBEROIRLTY,False,-0.003308519437551727,-0.027295285359801524
2026-08-07,1780.0,88.25,1790.0,-23.878259999999905,2.2717400000000025,-23.878259999999905,False,125,False,OBEROIRLTY,False,0.04255558682803251,-0.00703630734590488
2026-08-10,1780.0,85.3,1771.7,-19.125039999999945,-3.4750399999999972,-19.125039999999945,False,125,False,OBEROIRLTY,False,0.04957746478873237,-0.006197183098591519
2026-08-11,1800.0,80.69999999999999,1796.1,49.10919999999999,54.40919999999994,39.75919999999999,True,125,False,OBEROIRLTY,False,0.0790728623710768,-0.02157036708439619
2026-08-12,1780.0,76.44999999999999,1775.4,36.91730000000002,78.71729999999994,37.692299999999996,True,104,False,OBEROIRLTY,False,,
2026-08-13,1780.0,59.8,1782.9,53.61392000000001,95.41391999999993,29.41391999999999,True,79,False,OBEROIRLTY,False,,
2026-08-14,1840.0,72.14999999999999,1841.1,-18.602659999999986,23.19733999999997,-18.602659999999986,False,53,False,OBEROIRLTY,False,,
2026-08-17,1840.0,55.45,1838.2,-1.8558999999999972,39.944099999999956,27.419100000000007,True,27,False,OBEROIRLTY,False,,
2026-06-25,10500.0,404.85,10512.5,156.33778000000007,335.33778000000007,199.71278000000007,True,125,False,OFSS,False,0.07483317445185889,-0.0075309818875118895
2026-06-29,11000.0,294.25,11017.0,32.90545999999998,651.50546,145.38046,True,125,False,OFSS,False,0.029575536284801363,-0.036969420356001814
2026-06-30,10800.0,125.6,10840.0,191.05847999999997,798.3084799999999,61.55847999999998,True,125,False,OFSS,False,0.044117647058823595,-0.030330882352941124
2026-07-01,10700.0,1069.3999999999999,10718.0,-683.5857599999999,-113.08575999999988,-683.5857599999999,False,125,False,OFSS,False,0.05866455430781414,-0.016821210568007117
2026-07-02,11100.0,851.5,11139.0,-743.29444,65.25556000000005,-743.29444,False,125,False,OFSS,False,0.046040515653775316,0.006629834254143541
2026-07-03,11100.0,896.8000000000001,11064.0,-515.4884800000001,4.511519999999909,-515.4884800000001,False,125,False,OFSS,False,0.03630724320379497,-0.016602809706257937
2026-07-06,11300.0,819.05,11329.0,-451.48157999999995,43.41842,-451.48157999999995,False,125,False,OFSS,False,0.03774422735346361,-0.04262877442273538
2026-07-07,11100.0,783.2,11118.0,-174.20879999999997,60.94119999999991,-174.20879999999997,False,125,False,OFSS,False,0.0772972972972974,-0.028828828828828867
2026-07-08,11100.0,765.2,11090.0,-93.33479999999996,57.56519999999991,-93.33479999999996,False,125,False,OFSS,False,0.07429700835504449,-0.03153355493666332
2026-07-09,11000.0,845.8,10989.0,-81.42087999999987,59.57912000000014,-81.42087999999987,False,125,False,OFSS,False,0.08867443554260745,-0.018572469045884943
2026-07-10,11500.0,747.95,11485.0,-662.3901000000001,63.1599,-662.3901000000001,False,125,False,OFSS,True,0.07073782234957027,0.00725286532951297
2026-07-13,11700.0,755.1500000000001,11671.0,-23.474520000000183,62.62547999999995,-23.474520000000183,False,125,False,OFSS,True,0.026437768240343384,-0.026866952789699527
2026-07-14,11700.0,760.8,11713.0,-3.2131400000000454,48.33686000000002,-3.2131400000000454,False,125,False,OFSS,False,0.02122762148337598,-0.033503836317135605
2026-07-15,11800.0,716.4000000000001,11776.0,-472.1969600000001,58.80303999999989,-472.1969600000001,False,125,False,OFSS,True,0.028240343347639474,-0.026866952789699527
2026-07-16,11800.0,882.35,11769.0,-78.18521999999993,135.81478000000007,-78.18521999999993,False,125,False,OFSS,False,0.026654096674665784,-0.07979088104216658
2026-07-17,11600.0,775.85,11588.0,-12.272219999999933,795.72778,383.60278000000005,True,125,False,OFSS,False,0.023933669544405456,-0.15061116334729463
2026-07-20,11700.0,764.95,11707.0,-93.08409999999995,906.9159000000001,378.4409000000001,True,125,False,OFSS,True,0.015255530129671957,-0.15780998389694045
2026-07-21,11700.0,700.3,11679.0,-350.34868,972.6513200000002,347.20131999999984,True,125,False,OFSS,True,0.0107702912286749,-0.14380492848526627
2026-07-22,11600.0,772.2,11553.0,-705.6548,801.3452000000001,383.7452000000001,True,125,False,OFSS,False,-0.0014581010378248438,-0.14769705806672961
2026-07-23,11000.0,704.45,10991.0,-304.6503000000001,268.34970000000004,-304.6503000000001,False,125,False,OFSS,True,0.08518140484364856,-0.07794376913797907
2026-07-24,10800.0,485.1,10832.0,-230.27732000000003,381.7226800000001,240.47268000000008,True,125,False,OFSS,False,0.08447700296735916,-0.021791543026706273
2026-07-27,11000.0,314.4,11024.0,-21.205759999999998,352.7942400000001,155.49424,True,125,False,OFSS,False,0.10226201696512716,0.005183788878416529
2026-07-28,11300.0,142.6,11347.0,722.52074,777.37074,68.47073999999998,True,125,False,OFSS,True,0.05379347630203646,-0.019462966300234252
2026-07-29,11700.0,895.1,11669.0,-797.98572,-53.185719999999975,-797.98572,False,125,False,OFSS,True,0.033127208480565384,-0.03869257950530036
2026-07-30,11400.0,900.1,11403.0,-563.67172,26.578279999999953,-563.67172,False,125,False,OFSS,False,0.03614669240217583,-0.04527110019301628
2026-07-31,11100.0,863.9000000000001,11057.0,-261.11796,22.932039999999954,-261.11796,False,125,False,OFSS,False,0.0666069027342,-0.024473330345136657
2026-08-03,11300.0,868.35,11295.0,-444.07922,-4.029219999999977,-444.07922,False,125,False,OFSS,False,0.06232142857142864,-0.0035714285714285587
2026-08-04,11500.0,841.05,11473.0,-570.27158,3.7784199999999775,-570.27158,False,125,False,OFSS,False,0.04116773009352337,-0.001398479153920107
2026-08-05,11600.0,845.9000000000001,11634.0,-619.0119600000002,-38.311960000000184,-619.0119600000002,False,125,False,OFSS,False,0.03314917127071815,-0.004834254143646355
2026-08-06,11800.0,720.2,11752.0,-493.95720000000006,85.0928,-493.95720000000006,False,125,False,OFSS,False,0.019420783645655915,-0.017717206132879082
2026-08-07,11700.0,771.05,11710.0,-459.19038,-13.040379999999999,-459.19038,False,125,False,OFSS,False,0.022469030328919226,-0.03032891926527126
2026-08-10,11800.0,719.1,11845.0,-157.39604000000006,-21.796040000000044,-157.39604000000006,False,125,False,OFSS,False,0.013807708598051693,-0.0412537060567556
2026-08-11,11900.0,647.1,11877.0,-571.22972,37.27027999999996,-571.22972,False,125,False,OFSS,False,0.015700585589408567,-0.03946363404905373
2026-08-12,11800.0,612.55,11816.0,-111.07773999999999,33.77226000000009,-111.07773999999999,False,103,False,OFSS,False,,
2026-08-13,11600.0,575.8,11576.0,-389.04087999999996,27.35912,-389.04087999999996,False,77,False,OFSS,False,,
2026-08-14,11300.0,534.5,11333.0,-48.46524000000002,77.53476000000009,-48.46524000000002,False,51,False,OFSS,False,,
2026-08-17,11700.0,555.1500000000001,11746.0,-468.05306000000013,-342.05306000000013,-468.05306000000013,False,25,False,OFSS,False,,
2026-08-10,460.0,22.65,459.45,-13.738339999999978,-1.8883400000000115,-13.738339999999978,False,125,False,OIL,False,0.1030082041932543,0.022105742935278005
2026-08-11,480.0,20.700000000000003,480.95,-15.07363999999999,5.626359999999996,-15.07363999999999,False,125,False,OIL,False,0.06866858026054312,0.016670346654890755
2026-08-12,470.0,22.6,471.5,-8.527690000000025,-0.4026900000000042,-8.527690000000025,False,107,False,OIL,False,,
2026-08-13,470.0,20.85,471.35,-6.772790000000025,0.052209999999998646,-6.772790000000025,False,81,False,OIL,False,,
2026-08-14,475.0,19.900000000000002,476.2,-10.806130000000026,-0.9811300000000021,-10.806130000000026,False,55,False,OIL,False,,
2026-08-17,470.0,17.6,472.0,-3.5136900000000253,-3.5136900000000253,-3.5136900000000253,False,29,False,OIL,False,,
2026-08-10,240.0,10.059999999999999,240.16,-6.109059999999995,-0.9990599999999973,-6.109059999999995,False,125,False,ONGC,False,0.02675937631689851,-0.008638853771597232
2026-08-11,242.5,7.67,243.1,-4.460267999999997,0.6797320000000009,-4.460267999999997,False,125,False,ONGC,False,0.01839080459770126,-0.01671891327063746
2026-08-12,240.0,8.1,240.33,-2.458304,-0.3583039999999985,-2.458304,False,105,False,ONGC,False,,
2026-08-13,240.0,8.079999999999998,239.11,-2.4382479999999984,-0.5082479999999988,-2.4382479999999984,False,79,False,ONGC,False,,
2026-08-14,237.5,5.92,238.72,-2.944695999999977,1.0453040000000002,-2.944695999999977,False,53,False,ONGC,False,,
2026-08-17,237.5,6.17,237.38,-3.195395999999977,-0.15539599999999995,-3.195395999999977,False,27,False,ONGC,False,,
2026-06-25,415.0,9.549999999999999,414.1,14.954660000000002,16.604660000000003,4.67966,True,125,False,PATANJALI,False,0.005060240963855378,-0.020843373493975803
2026-06-29,410.0,4.3,410.4,0.8736800000000119,22.32368,2.1236799999999993,True,125,False,PATANJALI,False,0.017069007559131988,-0.009144111192392113
2026-06-30,410.0,4.6499999999999995,410.8,0.5725600000000236,21.97256,2.2975600000000003,True,125,False,PATANJALI,False,0.0121212121212122,-0.014909090909090872
2026-07-02,415.0,25.35,414.9,-4.579220000000003,-0.07922000000000284,-4.579220000000003,False,125,False,PATANJALI,False,0.011630724497213585,-0.013811485340440965
2026-07-03,415.0,24.75,413.65,-5.074460000000003,0.5255399999999986,-5.074460000000003,False,125,False,PATANJALI,False,0.010895883777239712,-0.014527845036319653
2026-07-08,410.0,21.85,410.4,-8.747860000000049,0.15214000000000014,-8.747860000000049,False,125,False,PATANJALI,False,0.005207071930249496,-0.017074352143376048
2026-07-09,415.0,21.65,413.0,43.955279999999995,57.30528000000002,10.580279999999997,True,125,False,PATANJALI,False,0.015288649706457935,-0.19716242661448147
2026-07-10,415.0,20.25,413.35,48.50038000000003,58.70038000000002,9.87538,True,125,False,PATANJALI,False,0.008626974483596728,-0.20243013365735119
2026-07-13,410.0,19.6,411.1,48.853040000000014,54.95303999999998,9.553040000000001,True,125,False,PATANJALI,False,-0.002782482458262847,-0.20590370191144447
2026-07-14,410.0,19.05,408.8,51.94744000000003,55.49743999999998,9.272440000000001,True,125,False,PATANJALI,False,0.0037990196078432348,-0.19558823529411773
2026-07-16,350.0,40.400000000000006,349.05,-25.90386000000001,-6.653860000000007,-25.90386000000001,False,125,False,PATANJALI,True,0.03338129496402886,-0.03884892086330938
2026-07-17,345.0,30.200000000000003,345.9,-21.608639999999994,-5.108640000000007,-21.608639999999994,False,125,False,PATANJALI,False,0.017391304347825987,-0.03188405797101446
2026-07-20,340.0,19.950000000000003,341.2,-14.870000000000003,-0.37000000000000427,-14.870000000000003,False,125,False,PATANJALI,False,0.02805132796180243,-0.012831990450611785
2026-07-21,340.0,18.35,338.65,-12.368040000000024,-0.06804000000000349,-12.368040000000024,False,125,False,PATANJALI,False,0.028064992614475592,-0.02274741506646971
2026-07-22,335.0,17.900000000000002,337.05,-7.429380000000026,-2.1293800000000025,-7.429380000000026,False,125,False,PATANJALI,False,0.02735294117647058,-0.02705882352941169
2026-07-23,335.0,14.45,335.25,7.597799999999999,8.3478,7.122799999999998,True,125,False,PATANJALI,False,0.07521596663687813,-0.014596365802800104
2026-07-24,335.0,11.65,336.2,7.962500000000009,12.912499999999998,5.737500000000001,True,125,False,PATANJALI,False,0.07422802850356303,-0.017814726840855055
2026-07-27,345.0,10.55,345.25,-2.5019400000000136,20.54806,5.22306,True,125,False,PATANJALI,False,0.06208718626155885,0.0005871128724499464
2026-07-28,345.0,6.25,346.15,12.579859999999998,24.82986,3.05486,True,125,False,PATANJALI,False,0.05681653896197769,-0.014457134595923127
2026-07-29,345.0,27.5,345.65,-12.818160000000024,3.5318399999999985,-12.818160000000024,False,125,False,PATANJALI,False,0.06900584795321651,-0.002631578947368318
2026-07-30,355.0,33.2,357.25,-4.922340000000004,-0.07234000000000568,-4.922340000000004,False,125,False,PATANJALI,False,0.024089635854341873,-0.014145658263305383
2026-07-31,355.0,31.25,354.8,-28.046460000000025,0.9035400000000001,-28.046460000000025,False,125,False,PATANJALI,False,0.03145718719142332,-0.01382423472986305
2026-08-03,355.0,30.1,353.2,-4.256800000000001,-0.8068000000000022,-4.256800000000001,False,125,False,PATANJALI,False,0.03306018649335973,-0.012291607798813109
2026-08-04,360.0,30.15,359.2,-25.04869999999999,-0.8487,-25.04869999999999,False,125,False,PATANJALI,False,0.013584696423620812,-0.030912115331300227
2026-08-05,360.0,28.700000000000003,359.0,-20.30387999999998,-0.20388000000000506,-20.30387999999998,False,125,False,PATANJALI,False,0.0139703827884885,-0.026543727298127928
2026-08-06,355.0,28.25,356.25,-19.304160000000024,-0.8541599999999999,-19.304160000000024,False,125,False,PATANJALI,False,0.021965643480709618,-0.03646860039425526
2026-08-07,350.0,26.55,352.45,-2.7411200000000013,-0.1911200000000007,-2.7411200000000013,False,125,False,PATANJALI,False,0.02225352112676049,-0.036197183098591657
2026-08-10,355.0,26.900000000000002,354.85,-23.28539999999999,-1.3854000000000044,-23.28539999999999,False,125,False,PATANJALI,False,0.023695345557122716,-0.034837799717912565
2026-08-11,355.0,25.0,355.0,-11.059059999999999,0.14094,-11.059059999999999,False,125,False,PATANJALI,False,0.026591230551626488,-0.032107496463932184
2026-08-12,350.0,23.1,350.45,-9.054020000000001,1.3959799999999964,-9.054020000000001,False,110,False,PATANJALI,False,,
2026-08-13,350.0,20.400000000000002,349.85,-6.346460000000002,4.103539999999995,-6.346460000000002,False,84,False,PATANJALI,False,,
2026-08-14,350.0,23.35,350.45,-9.304720000000001,0.2952799999999986,-9.304720000000001,False,58,False,PATANJALI,False,,
2026-08-17,350.0,22.25,351.6,-8.20164,-7.551639999999999,-8.20164,False,32,False,PATANJALI,False,,
2026-08-10,1480.0,92.14999999999999,1484.0,43.61033999999999,76.61033999999998,45.435340000000004,True,125,False,PAYTM,False,0.15007285089849431,0.0025671268993270324
2026-08-11,1600.0,96.1,1596.4,-38.63091999999999,-2.9309199999999858,-38.63091999999999,False,125,False,PAYTM,True,0.04251572327044029,-0.008742138364779883
2026-08-12,1620.0,85.0,1611.7,-31.089759999999902,-6.0897599999999885,-31.089759999999902,False,105,False,PAYTM,False,,
2026-08-13,1600.0,79.1,1608.7,-45.117239999999896,-1.8672399999999831,-45.117239999999896,False,79,False,PAYTM,False,,
2026-08-14,1640.0,81.0,1636.2,-7.134559999999904,-3.4345600000000855,-7.134559999999904,False,53,False,PAYTM,False,,
2026-08-17,1600.0,62.699999999999996,1609.8,-28.6713199999999,-1.1713199999999988,-28.6713199999999,False,27,False,PAYTM,False,,
2026-06-25,287.5,5.199999999999999,286.35,5.555479999999976,7.505480000000022,2.5554799999999998,True,125,False,PETRONET,False,0.010086956521738966,-0.044695652173913136
2026-06-30,280.0,2.3,278.95,0.3862800000000119,12.13628,1.13628,True,125,False,PETRONET,False,0.011565836298932375,-0.028825622775800808
2026-07-02,280.0,14.95,279.0,-9.357399999999998,-2.007399999999999,-9.357399999999998,False,125,False,PETRONET,False,0.013993541442411273,-0.02942231790455685
2026-07-03,275.0,14.0,275.5,-8.753760000000023,0.4962400000000008,-8.753760000000023,False,125,False,PETRONET,False,0.02894593118514499,-0.015110140178408837
2026-07-06,275.0,12.5,274.25,0.2294400000000007,1.9794400000000008,0.2294400000000007,False,125,False,PETRONET,False,0.02463768115942022,-0.019927536231884035
2026-07-08,275.0,13.899999999999999,273.65,-9.201939999999976,0.598060000000002,-9.201939999999976,False,125,False,PETRONET,False,0.013620071684587787,-0.03046594982078854
2026-07-09,275.0,12.85,274.25,-9.146199999999977,0.5537999999999996,-9.146199999999977,False,125,False,PETRONET,False,0.03362573099415189,-0.005299707602339332
2026-07-10,280.0,12.85,280.4,-6.354040000000022,-0.3040399999999999,-6.354040000000022,False,125,False,PETRONET,False,0.01983411467724494,-0.008113956004327405
2026-07-13,275.0,12.649999999999999,276.0,-3.6106199999999973,-0.06061999999999823,-3.6106199999999973,False,125,False,PETRONET,False,0.0069892473118278176,-0.02508960573476704
2026-07-15,280.0,12.1,279.15,-9.092140000000022,-0.7921399999999982,-9.092140000000022,False,125,False,PETRONET,False,0.01793478260869552,-0.018115942028985477
2026-07-17,275.0,12.149999999999999,273.25,-7.746199999999987,-1.6461999999999979,-7.746199999999987,False,125,False,PETRONET,False,0.01611734878667148,-0.03169141615356752
2026-07-21,275.0,8.2,275.95,-5.1313599999999875,-0.23135999999999932,-5.1313599999999875,False,125,False,PETRONET,False,0.023531557825611005,-0.024626048887267382
2026-07-23,275.0,8.95,273.7,-4.686820000000021,6.31318,4.43818,True,125,False,PETRONET,False,0.0,-0.0451785714285714
2026-07-24,272.5,6.0,270.45,-0.2327600000000223,0.7672399999999777,-0.2327600000000223,False,125,False,PETRONET,False,0.045522110739502075,-0.004459308807135076
2026-07-27,275.0,2.1,274.7,5.722419999999989,13.172419999999999,1.0224200000000003,True,125,False,PETRONET,False,0.02514119147385685,-0.011295317908544211
2026-07-29,275.0,16.65,275.9,-6.82406,-1.4240599999999997,-6.82406,False,125,False,PETRONET,False,0.022250134577427083,-0.012919432980441292
2026-07-30,280.0,12.75,278.9,1.2252400000000008,2.42524,1.2252400000000008,False,125,False,PETRONET,False,0.027027027027026973,-0.00864864864864856
2026-07-31,275.0,12.2,277.45,-9.541439999999987,-2.341440000000001,-9.541439999999987,False,125,False,PETRONET,False,0.021505376344086002,-0.00734767025089611
2026-08-03,285.0,14.3,282.75,-7.907819999999989,0.4421799999999982,-7.907819999999989,False,125,False,PETRONET,False,0.01767541510444559,-0.016604177825388478
2026-08-05,280.0,12.25,282.2,-0.5170599999999993,2.0329399999999995,-0.5170599999999993,False,125,False,PETRONET,False,0.01840271574057528,-0.023048061461497404
2026-08-06,280.0,13.4,280.65,-2.4680400000000002,0.8819599999999993,-2.4680400000000002,False,125,False,PETRONET,False,0.004083081839162173,-0.02929167406355404
2026-08-11,275.0,12.55,274.5,-4.108659999999979,0.041339999999999585,-4.108659999999979,False,125,False,PETRONET,False,0.04092720028974983,-0.011227816008692604
2026-08-12,280.0,12.55,280.3,-9.39381999999999,-0.5938200000000008,-9.39381999999999,False,106,False,PETRONET,False,,
2026-08-13,280.0,8.8,281.4,-5.633319999999989,0.46668,-5.633319999999989,False,80,False,PETRONET,False,,
2026-08-14,280.0,8.25,279.2,-5.081779999999989,0.41821999999999926,-5.081779999999989,False,54,False,PETRONET,False,,
2026-08-17,285.0,7.6499999999999995,283.75,-0.8403199999999998,0.10968000000000125,-0.8403199999999998,False,28,False,PETRONET,False,,
2026-08-10,405.0,20.3,406.3,8.06364000000002,10.26364000000001,10.013640000000002,True,125,False,PFC,False,-0.010381861575179063,-0.10739856801909309
2026-08-11,385.0,16.6,383.2,-7.122940000000026,-0.42294000000000137,-7.122940000000026,False,125,False,PFC,False,0.004933783432874428,-0.03362762918722417
2026-08-12,380.0,17.1,379.4,-12.610340000000024,-2.31034,-12.610340000000024,False,110,False,PFC,False,,
2026-08-13,375.0,14.95,375.2,-5.6677599999999995,-0.6677599999999979,-5.6677599999999995,False,84,False,PFC,False,,
2026-08-14,380.0,13.05,377.6,-8.549000000000023,-5.5490000000000235,-8.549000000000023,False,58,False,PFC,False,,
2026-08-17,370.0,11.05,372.35,-5.845359999999978,-4.945360000000001,-5.845359999999978,False,32,False,PFC,False,,
2026-06-25,550.0,12.05,554.65,-0.8151000000000248,36.53489999999999,5.959900000000002,True,125,False,PGEL,False,0.021570397111913442,-0.042238267148014375
2026-06-29,540.0,8.85,543.0,8.97538,38.87537999999999,4.350379999999999,True,125,False,PGEL,False,0.03587443946188351,-0.028827674567584838
2026-07-01,540.0,48.6,540.45,-17.024840000000026,3.7251599999999816,-17.024840000000026,False,125,False,PGEL,False,0.11246257485029942,-0.0014970059880238251
2026-07-02,560.0,44.0,562.0,-22.832699999999956,2.5673,-22.832699999999956,False,125,False,PGEL,False,0.07894736842105265,0.0055353901996368915
2026-07-03,560.0,43.3,561.4,-17.045020000000044,0.1049799999999973,-17.045020000000044,False,125,False,PGEL,False,0.05877114870881561,-0.010596616206589582
2026-07-06,560.0,40.45,558.0,-21.01785999999996,2.7821399999999956,-21.01785999999996,False,125,False,PGEL,False,0.05877114870881561,-0.010596616206589582
2026-07-07,570.0,43.6,574.5,-22.481440000000024,-1.6814400000000072,-22.481440000000024,False,125,False,PGEL,False,0.062024984712151676,-0.024897353018258017
2026-07-08,570.0,42.95,571.9,-7.694309999999952,-1.0693100000000086,-7.694309999999952,False,125,False,PGEL,True,0.05209865858935525,-0.03401125054089138
2026-07-09,580.0,41.55,581.45,-18.83018,2.519820000000003,-18.83018,False,125,False,PGEL,False,0.0873630777451242,0.008104016386142998
2026-07-10,590.0,44.95,586.55,-19.79655999999996,-3.6965600000000003,-19.79655999999996,False,125,False,PGEL,True,0.0801095515234509,-0.019171516603902816
2026-07-13,580.0,38.6,579.7,-10.337460000000048,7.412539999999959,-10.337460000000048,False,125,False,PGEL,False,0.0868067516362383,-0.013089906992766132
2026-07-14,590.0,33.75,591.4,-6.6705199999999785,4.82948,-6.6705199999999785,False,125,False,PGEL,True,0.05695142378559459,-0.02345058626465657
2026-07-16,600.0,27.6,603.0,-13.317320000000002,5.782679999999998,-13.317320000000002,False,125,False,PGEL,False,0.052543786488740585,-0.04912427022518773
2026-07-17,620.0,36.25,615.45,16.400660000000006,16.400660000000006,16.400660000000006,False,125,False,PGEL,False,0.01302905235898666,-0.07736505624342493
2026-07-20,610.0,28.8,608.55,2.4317199999999977,18.03172000000003,14.231720000000003,True,125,False,PGEL,False,0.022712418300653514,-0.08267973856209154
2026-07-21,620.0,29.3,617.35,10.605960000000051,27.505960000000027,14.455960000000003,True,125,False,PGEL,False,-0.0024042314473473603,-0.10017631030613883
2026-07-22,590.0,21.8,588.4,36.0267,36.0267,10.676700000000002,True,125,False,PGEL,False,-0.005252790544977071,-0.0784635587655943
2026-07-23,590.0,16.85,585.5,6.637020000000042,41.087019999999995,8.31202,True,125,False,PGEL,False,0.07660869565217387,-0.023652173913043528
2026-07-24,570.0,14.5,567.0,31.480460000000004,35.03045999999996,7.08046,True,125,False,PGEL,False,0.07557436517533245,-0.030229746070132957
2026-07-27,580.0,8.649999999999999,578.5,28.22246000000003,36.872460000000004,4.1974599999999995,True,125,False,PGEL,False,0.09207205639195903,-0.0053085023061525405
2026-07-28,580.0,4.1,579.8,33.682680000000005,41.432680000000005,1.9326799999999997,True,125,False,PGEL,False,0.08823529411764697,-0.011245674740484435
2026-07-29,590.0,60.900000000000006,586.55,-39.23156000000001,-3.231560000000007,-39.23156000000001,False,125,False,PGEL,False,0.07579900871645884,0.0
2026-07-30,610.0,61.5,613.7,-0.9922999999999986,1.0577000000000056,-0.9922999999999986,False,125,False,PGEL,True,0.033496732026143894,-0.015359477124182952
2026-07-31,620.0,65.75,616.25,-57.80664,-2.45664,-57.80664,False,125,False,PGEL,False,0.027703306523681803,-0.029978064830611828
2026-08-03,620.0,61.150000000000006,617.1,-49.30468000000003,0.8453199999999973,-49.30468000000003,False,125,False,PGEL,False,0.0590411972699616,-0.018172847627662136
2026-08-04,620.0,61.95,616.25,-22.733780000000003,-0.03377999999999998,-22.733780000000003,False,125,False,PGEL,False,0.04359452232396088,-0.0324933149663722
2026-08-05,620.0,61.85,624.2,-26.02398000000001,0.07602000000000142,-26.02398000000001,False,125,False,PGEL,True,0.04537337662337659,-0.030844155844155896
2026-08-06,610.0,61.5,607.05,-27.51782,0.43218000000000284,-27.51782,False,125,False,PGEL,False,0.0634134258112462,-0.014119395590785122
2026-08-07,620.0,57.0,620.25,-49.78004,-11.730039999999997,-49.78004,False,125,False,PGEL,False,0.057389162561576335,-0.010755336617405464
2026-08-10,620.0,41.85,624.7,-28.654279999999957,-0.20428000000000437,-28.654279999999957,False,125,False,PGEL,False,-0.0003169823282352935,-0.049845471114985385
2026-08-11,620.0,37.75,620.25,-24.99154,0.7084599999999943,-24.99154,False,125,False,PGEL,False,0.006420545746388395,-0.046147672552166896
2026-08-12,620.0,38.4,619.45,-32.62376,-2.5737599999999956,-32.62376,False,103,False,PGEL,False,,
2026-08-13,610.0,33.75,609.15,-7.218980000000005,0.33102,-7.218980000000005,False,77,False,PGEL,False,,
2026-08-14,610.0,28.700000000000003,608.95,-2.154840000000007,2.7951599999999956,-2.154840000000007,False,51,False,PGEL,False,,
2026-08-17,600.0,28.05,595.35,-14.267180000000002,-0.7171800000000049,-14.267180000000002,False,25,False,PGEL,False,,
2026-07-02,2000.0,137.0,1993.9,-67.37987999999982,-2.479879999999978,-67.37987999999982,False,125,False,PHOENIXLTD,False,0.06151168572849319,-0.016807558428642455
2026-07-07,2120.0,235.65000000000003,2115.4,-209.68429999999984,-114.38430000000004,-209.68429999999984,False,125,False,PHOENIXLTD,False,0.022884160756501126,-0.04803782505910159
2026-07-08,2060.0,118.75,2061.4,-42.39753999999999,5.902460000000003,-42.39753999999999,False,125,False,PHOENIXLTD,False,0.04568674698795183,-0.029686746987951818
2026-07-10,2100.0,130.3,2109.6,-104.93679999999992,-12.786800000000008,-104.93679999999992,False,125,False,PHOENIXLTD,False,0.03818181818181832,-0.006842105263157983
2026-07-13,2120.0,108.64999999999999,2119.0,-48.224459999999986,6.875540000000009,-48.224459999999986,False,125,False,PHOENIXLTD,False,0.010054929708593452,-0.041476585047947045
2026-07-14,2140.0,114.8,2146.8,-50.90147999999999,-2.801479999999997,-50.90147999999999,False,125,False,PHOENIXLTD,False,0.00850569370206844,-0.04620032535440399
2026-07-15,2140.0,107.39999999999999,2137.0,-60.632599999999805,-0.5325999999999806,-60.632599999999805,False,125,False,PHOENIXLTD,False,0.01363143247960008,-0.03207395877552943
2026-07-16,2100.0,102.1,2109.1,-50.182179999999946,-3.9321800000000002,-50.182179999999946,False,125,False,PHOENIXLTD,False,0.0039038615305020397,-0.04139033911857393
2026-07-17,2080.0,95.19999999999999,2074.1,-14.344059999999937,-0.7940599999999831,-14.344059999999937,False,125,False,PHOENIXLTD,False,0.012487992315081575,-0.026032660902977955
2026-07-22,2100.0,70.15,2092.7,100.57393999999996,100.57393999999996,34.39894,True,125,False,PHOENIXLTD,False,0.009471153846153824,-0.04889423076923083
2026-07-27,2040.0,20.200000000000003,2043.9,133.6116800000001,139.51167999999996,9.611680000000002,True,125,False,PHOENIXLTD,False,0.015578635014836806,-0.07156280909990109
2026-07-29,1920.0,151.64999999999998,1928.5,-139.9085,-18.458499999999972,-139.9085,False,125,False,PHOENIXLTD,False,-0.021176470588235352,-0.07975490196078439
2026-07-30,1900.0,116.75,1892.5,-88.25753999999999,-1.15754,-88.25753999999999,False,125,False,PHOENIXLTD,False,0.034682080924855585,-0.013504992117708947
2026-07-31,1900.0,96.65,1899.0,-81.9623400000001,14.837660000000007,-81.9623400000001,False,125,False,PHOENIXLTD,False,0.042847306816376385,-0.0037074307504899595
2026-08-03,1880.0,106.65,1885.6,-90.49454000000009,-20.694539999999908,-90.49454000000009,False,125,False,PHOENIXLTD,False,0.0401479133650291,-0.0048071843634441835
2026-08-04,1920.0,121.29999999999998,1920.2,-94.41579999999989,-26.565799999999978,-94.41579999999989,False,125,False,PHOENIXLTD,False,0.03197064989517817,-0.009067085953878395
2026-08-06,1920.0,94.1,1923.4,-59.062319999999985,0.6876800000000114,-59.062319999999985,False,125,False,PHOENIXLTD,False,0.010886469673405896,-0.030585795749092815
2026-08-07,1900.0,88.64999999999999,1906.5,-26.024479999999993,0.07552000000001424,-26.024479999999993,False,125,False,PHOENIXLTD,False,0.01934134866701509,-0.02247778358599062
2026-08-11,1920.0,77.25,1925.0,-18.88052,2.4694800000000083,-18.88052,False,125,False,PHOENIXLTD,False,0.009996892157878579,-0.03138920542836421
2026-08-12,1900.0,73.85,1892.0,-56.75508000000018,2.894920000000006,-56.75508000000018,False,102,False,PHOENIXLTD,False,,
2026-08-13,1900.0,69.9,1891.5,-52.79402000000019,-3.0440199999999966,-52.79402000000019,False,76,False,PHOENIXLTD,False,,
2026-08-14,1900.0,63.05,1890.9,-45.92484000000018,-3.324839999999994,-45.92484000000018,False,50,False,PHOENIXLTD,False,,
2026-08-17,1880.0,59.849999999999994,1885.2,-22.77188000000017,7.078119999999966,-22.77188000000017,False,25,False,PHOENIXLTD,False,,
2026-08-10,1660.0,68.05,1660.9,-25.5600999999999,-4.410099999999995,-25.5600999999999,False,125,False,PIDILITIND,False,0.028614457831325213,-0.00433734939759034
2026-08-11,1680.0,61.6,1677.2,-20.787280000000006,-0.18727999999999856,-20.787280000000006,False,125,False,PIDILITIND,False,0.01958559742043353,-0.006628052785573657
2026-08-12,1700.0,63.15,1691.4,-28.773559999999993,-6.523559999999993,-28.773559999999993,False,110,False,PIDILITIND,False,,
2026-08-13,1700.0,54.650000000000006,1690.2,-20.24976,-2.149760000000006,-20.24976,False,84,False,PIDILITIND,False,,
2026-08-14,1680.0,50.7,1687.3,-36.2327,-9.582700000000006,-36.2327,False,58,False,PIDILITIND,False,,
2026-08-17,1700.0,41.900000000000006,1698.0,-7.46406,-0.31406000000000855,-7.46406,False,32,False,PIDILITIND,False,,
2026-08-10,2750.0,187.14999999999998,2760.0,76.98314,89.8831400000001,76.98314,False,125,False,PIIND,False,0.010289855072463716,-0.10978260869565215
2026-08-11,2750.0,188.1,2741.6,78.52347999999998,95.62347999999989,92.77347999999998,True,125,False,PIIND,False,0.010748393187842709,-0.10781074113076006
2026-08-12,2600.0,170.85,2616.3,-47.27641999999999,-31.676420000000107,-47.27641999999999,False,110,False,PIIND,False,,
2026-08-13,2500.0,121.55,2489.1,-69.63678,-4.036779999999997,-69.63678,False,84,False,PIIND,False,,
2026-08-14,2500.0,84.14999999999999,2475.2,-32.132059999999996,20.567940000000004,-32.132059999999996,False,58,False,PIIND,False,,
2026-08-17,2450.0,68.89999999999999,2464.9,-17.038799999999988,20.01120000000001,-17.038799999999988,False,32,False,PIIND,False,,
2026-08-10,114.0,5.15,114.45,-1.1753400000000056,-0.21533999999999948,-1.1753400000000056,False,125,False,PNB,False,0.04148509674045675,-0.02126546975771304
2026-08-11,113.0,4.859999999999999,112.95,-0.0867679999999934,0.9932320000000049,-0.0867679999999934,False,125,False,PNB,False,0.04366812227074246,-0.019213973799126705
2026-08-12,117.0,4.26,116.79,-0.8512520000000001,-0.48125199999999996,-0.8512520000000001,False,108,False,PNB,False,,
2026-08-13,118.0,5.619999999999999,117.88,-4.683129999999992,-0.9281299999999983,-4.683129999999992,False,82,False,PNB,False,,
2026-08-14,118.0,4.76,118.2,-3.8207219999999933,-0.475722,-3.8207219999999933,False,56,False,PNB,False,,
2026-08-17,116.0,4.029999999999999,116.14,-3.1983700000000064,-0.30336999999999914,-3.1983700000000064,False,30,False,PNB,False,,
2026-06-25,1070.0,27.800000000000004,1073.8,-18.005280000000006,18.49472,13.794719999999998,True,125,False,PNBHOUSING,False,0.031817313204662856,-0.021307089623542885
2026-06-29,1040.0,14.15,1043.1,20.612940000000005,31.41293999999996,6.937940000000001,True,125,False,PNBHOUSING,False,0.04051336078919654,-0.018963700794942917
2026-07-03,1080.0,78.0,1068.1,-47.10548000000005,-1.1054799999999971,-47.10548000000005,False,125,False,PNBHOUSING,False,0.05649289099526067,-0.0032227488151659323
2026-07-09,1100.0,72.2,1083.5,-36.80184,5.94816,-36.80184,False,125,False,PNBHOUSING,False,0.05387048753256418,-0.021585411239300356
2026-07-14,1120.0,68.2,1090.0,-29.99848000000009,3.151520000000003,-29.99848000000009,False,125,False,PNBHOUSING,False,-0.002760708878796092,-0.04470567281147031
2026-07-17,1100.0,60.150000000000006,1080.2,-21.726500000000044,-6.0264999999999995,-21.726500000000044,False,125,False,PNBHOUSING,False,0.009114939385653109,-0.032631483000638006
2026-07-20,1120.0,59.9,1093.8,-10.406879999999902,14.193120000000008,-10.406879999999902,False,125,False,PNBHOUSING,False,0.006546049640876239,-0.051731975634148664
2026-07-22,1100.0,52.45,1078.1,-27.167980000000096,1.732020000000003,-27.167980000000096,False,125,False,PNBHOUSING,False,0.0018382352941177516,-0.04136029411764708
2026-07-23,1100.0,37.650000000000006,1076.6,14.89702000000009,16.49702,14.89702000000009,False,125,False,PNBHOUSING,False,0.007603152526657331,-0.03291608715808991
2026-07-24,1060.0,18.85,1064.9,3.1356200000000425,68.53562000000001,9.31062,True,125,False,PNBHOUSING,False,0.018081319093123494,-0.04047217537942671
2026-07-27,1080.0,17.85,1068.1,1.4459799999999972,69.59598000000001,8.82098,True,125,False,PNBHOUSING,False,0.024222431668237565,-0.03468426013195092
2026-07-28,1100.0,23.15,1077.8,-13.34226,82.20774000000002,11.482739999999996,True,125,False,PNBHOUSING,False,0.017287852030857698,-0.048052793010502914
2026-07-29,1080.0,88.6,1074.4,15.110300000000006,19.410300000000017,15.110300000000006,False,125,False,PNBHOUSING,False,0.020132351570509854,-0.04539099636499211
2026-07-30,1040.0,81.64999999999999,1047.1,-0.6065400000000765,24.893459999999923,-0.6065400000000765,False,125,False,PNBHOUSING,False,0.08898744927809754,-0.033500047183165016
2026-07-31,1040.0,72.64999999999999,1037.8,42.323459999999926,47.02345999999997,35.798460000000006,True,125,False,PNBHOUSING,False,0.12971926427879965,-0.004743465634075572
2026-08-03,1060.0,93.54999999999998,1060.5,-13.237899999999886,12.66210000000002,-13.237899999999886,False,125,False,PNBHOUSING,False,0.11621233859397417,0.004017216642754784
2026-08-04,1080.0,104.6,1074.9,-31.59840000000008,-0.848399999999994,-31.59840000000008,False,125,False,PNBHOUSING,False,0.08677150786308974,-0.026919518963922195
2026-08-05,1120.0,78.9,1120.1,-57.08251999999996,-0.3825199999999944,-57.08251999999996,False,125,False,PNBHOUSING,False,0.08737504627915582,-0.009440947797112242
2026-08-06,1140.0,71.35,1147.7,-59.58310000000009,-1.4830999999999999,-59.58310000000009,False,125,False,PNBHOUSING,False,0.0474322396576321,-0.001872325249643314
2026-08-07,1140.0,68.65,1146.0,-41.4189400000001,-0.9689400000000026,-41.4189400000001,False,125,False,PNBHOUSING,False,0.021387584767866397,-0.02669101025908538
2026-08-10,1160.0,54.650000000000006,1152.3,-11.873280000000008,7.176719999999989,-11.873280000000008,False,125,False,PNBHOUSING,False,0.027821522309711355,-0.00638670166229216
2026-08-11,1140.0,64.05,1141.5,-23.942179999999997,-4.992179999999989,-23.942179999999997,False,125,False,PNBHOUSING,False,0.022342468144527894,-0.009251178216093447
2026-08-12,1160.0,56.849999999999994,1152.5,-35.71868000000018,0.18132000000000617,-35.71868000000018,False,106,False,PNBHOUSING,False,,
2026-08-13,1160.0,51.5,1161.9,-30.35370000000018,4.946300000000006,-30.35370000000018,False,80,False,PNBHOUSING,False,,
2026-08-14,1160.0,52.0,1157.4,-30.85510000000018,-2.355100000000005,-30.85510000000018,False,54,False,PNBHOUSING,False,,
2026-08-17,1140.0,49.05,1136.0,-12.340519999999994,-7.190520000000003,-12.340519999999994,False,28,False,PNBHOUSING,False,,
2026-08-10,1600.0,94.85,1603.2,51.772260000000074,52.37225999999998,46.74725999999998,True,125,False,POLICYBZR,False,0.08954297069051154,-0.012543467461500257
2026-08-11,1640.0,97.69999999999999,1648.8,0.7495199999999264,19.149520000000017,0.7495199999999264,False,125,False,POLICYBZR,False,0.08336402701043588,-0.006752608962553697
2026-08-12,1700.0,88.5,1707.5,-60.82592000000009,-4.07592,-60.82592000000009,False,103,False,POLICYBZR,False,,
2026-08-13,1720.0,90.3,1723.7,-28.427,-9.926999999999985,-28.427,False,77,False,POLICYBZR,False,,
2026-08-14,1740.0,76.94999999999999,1734.8,-65.3982199999999,3.051780000000011,-65.3982199999999,False,51,False,POLICYBZR,False,,
2026-08-17,1740.0,68.05,1747.6,-56.47329999999991,-3.1232999999999915,-56.47329999999991,False,25,False,POLICYBZR,False,,
2026-08-10,9300.0,399.65000000000003,9279.0,-85.50396000000006,9.246039999999944,-85.50396000000006,False,125,False,POLYCAB,False,0.018116728140594507,-0.020937296593621202
2026-08-11,9200.0,400.15000000000003,9211.5,-271.73386000000005,-23.533860000000068,-271.73386000000005,False,125,False,POLYCAB,False,0.011248049082396072,-0.0285775792476185
2026-08-12,9200.0,347.65000000000003,9152.5,-291.63316,16.01683999999992,-291.63316,False,109,False,POLYCAB,False,,
2026-08-13,9300.0,341.25,9328.5,-72.11359999999998,14.5364,-72.11359999999998,False,83,False,POLYCAB,False,,
2026-08-14,9300.0,331.35,9297.0,-62.18588,-2.9858800000000683,-62.18588,False,57,False,POLYCAB,False,,
2026-08-17,9200.0,309.65,9247.5,-253.52675999999997,-19.726759999999988,-253.52675999999997,False,31,False,POLYCAB,False,,
2026-06-25,287.5,5.199999999999999,287.7,-3.3195999999999994,8.130400000000002,2.5803999999999996,True,125,False,POWERGRID,False,0.003960737041501572,-0.02514206991561907
2026-06-29,285.0,5.449999999999999,285.35,6.002820000000001,7.802820000000001,2.6778199999999996,True,125,False,POWERGRID,False,0.026362038664323295,-0.0035149384885764245
2026-06-30,287.5,3.7,287.8,-1.366660000000011,9.633340000000002,1.8333400000000006,True,125,False,POWERGRID,False,0.017421602787456525,-0.009756097560975618
2026-07-01,285.0,12.75,286.25,-2.06552,-0.5155199999999993,-2.06552,False,125,False,POWERGRID,False,0.019553072625698498,-0.01064944134078194
2026-07-02,285.0,13.0,285.6,-10.243960000000023,-0.7439599999999992,-10.243960000000023,False,125,False,POWERGRID,False,0.017244382511757417,-0.027347152064100433
2026-07-03,290.0,12.25,289.5,-4.755160000000022,-0.4051599999999996,-4.755160000000022,False,125,False,POWERGRID,False,0.0121317157712304,-0.03223570190641256
2026-07-06,285.0,10.75,286.2,-1.4061399999999997,0.7438600000000007,-1.4061399999999997,False,125,False,POWERGRID,False,-0.00017361111111113825,-0.030555555555555558
2026-07-07,285.0,11.85,285.05,-3.0078199999999993,-0.7078200000000003,-3.0078199999999993,False,125,False,POWERGRID,False,0.006479859894921169,-0.022066549912434397
2026-07-08,285.0,9.95,284.8,-1.7506799999999993,0.7993200000000014,-1.7506799999999993,False,125,False,POWERGRID,False,0.011634056054997455,-0.015688348316587275
2026-07-09,282.5,10.649999999999999,282.1,-2.0038999999999976,-0.5038999999999992,-2.0038999999999976,False,125,False,POWERGRID,False,0.02592062924562022,-0.0028602073650340065
2026-07-10,282.5,10.649999999999999,282.35,-2.2033399999999985,-1.0033399999999992,-2.2033399999999985,False,125,False,POWERGRID,False,0.020448079658605955,-0.008179231863442382
2026-07-13,285.0,10.5,284.75,-2.9504,-1.1004000000000007,-2.9504,False,125,False,POWERGRID,False,0.011812411847672566,-0.016572637517630606
2026-07-14,285.0,9.5,284.6,-5.3879399999999995,-0.6379399999999996,-5.3879399999999995,False,125,False,POWERGRID,False,0.015074496056091125,-0.022261174408413797
2026-07-15,285.0,9.2,284.55,-3.092699999999999,-0.6426999999999996,-3.092699999999999,False,125,False,POWERGRID,False,0.017875920084121866,-0.022432527164388483
2026-07-16,282.5,9.3,281.5,-2.544800000000023,-0.7447999999999992,-2.544800000000023,False,125,False,POWERGRID,False,0.03418803418803407,-0.004095441595441729
2026-07-17,282.5,9.149999999999999,281.7,-4.239199999999987,-0.7891999999999982,-4.239199999999987,False,125,False,POWERGRID,False,0.03522504892367895,-0.004981320049813331
2026-07-20,285.0,7.999999999999999,284.9,-4.1330399999999985,-0.23303999999999842,-4.1330399999999985,False,125,False,POWERGRID,False,0.02483268756604451,-0.0019373018668543684
2026-07-21,290.0,7.3,289.25,-3.2316400000000107,-0.5316399999999991,-3.2316400000000107,False,125,False,POWERGRID,False,0.006399169837426388,-0.01625735039778642
2026-07-22,285.0,7.15,284.85,-6.02296,-1.02296,-6.02296,False,125,False,POWERGRID,False,0.016064257028112428,-0.011349746813340333
2026-07-23,290.0,5.1499999999999995,289.4,0.12101999999997821,3.5210200000000107,2.5460200000000004,True,125,False,POWERGRID,False,0.006747404844290594,-0.027508650519031064
2026-07-24,287.5,5.199999999999999,287.55,-3.369460000000011,7.280540000000001,2.5805399999999996,True,125,False,POWERGRID,False,0.0036269430051814044,-0.02918825561312599
2026-07-27,290.0,2.85,289.0,1.1311000000000229,5.83110000000001,1.4061000000000001,True,125,False,POWERGRID,False,0.00693120776295264,-0.025992029111072568
2026-07-28,285.0,2.6,285.8,-0.7123200000000002,10.53768,1.2876800000000002,True,125,False,POWERGRID,False,0.0001736412571626822,-0.023962493488452807
2026-07-29,282.5,12.8,283.75,-0.12126000000000071,0.42874,-0.12126000000000071,False,125,False,POWERGRID,False,0.030844724851033956,-0.014896600070101629
2026-07-30,285.0,13.0,284.6,-10.14424,-0.19423999999999858,-10.14424,False,125,False,POWERGRID,False,0.037755822159492025,-0.0075864502470006645
2026-07-31,285.0,11.649999999999999,285.55,3.2258000000000115,3.2258000000000115,3.2258000000000115,False,125,False,POWERGRID,False,0.030664096723322265,-0.05502015069213262
2026-08-03,285.0,12.149999999999999,285.9,1.92664,2.92664,1.92664,False,125,False,POWERGRID,False,0.03483462350457445,-0.05577058409570712
2026-08-04,285.0,12.399999999999999,285.3,1.3767799999999886,3.42678,1.3767799999999886,False,125,False,POWERGRID,False,0.03447062961660219,-0.05610270840661269
2026-08-05,285.0,13.35,284.3,4.612359999999977,4.612359999999977,4.612359999999977,False,125,False,POWERGRID,False,0.009200283085633254,-0.0564401981599435
2026-08-06,272.5,12.2,273.55,-9.192420000000022,-1.0924199999999988,-9.192420000000022,False,125,False,POWERGRID,False,-0.0035460992907800915,-0.05567375886524817
2026-08-07,270.0,11.149999999999999,270.6,-8.438639999999976,-0.9386399999999986,-8.438639999999976,False,125,False,POWERGRID,False,0.007570162481536302,-0.017540620384047245
2026-08-10,270.0,9.5,269.7,-6.4848600000000225,-0.1348599999999996,-6.4848600000000225,False,125,False,POWERGRID,False,0.0,-0.021539027982326986
2026-08-11,270.0,8.4,268.9,-5.481499999999989,0.0184999999999989,-5.481499999999989,False,125,False,POWERGRID,False,0.0,-0.020494830132939512
2026-08-12,267.5,8.899999999999999,267.1,-3.290459999999998,-0.7404599999999976,-3.290459999999998,False,107,False,POWERGRID,False,,
2026-08-13,267.5,8.35,267.4,-2.7389199999999994,-0.5889199999999989,-2.7389199999999994,False,81,False,POWERGRID,False,,
2026-08-14,267.5,7.449999999999999,266.65,-1.836399999999999,-0.3363999999999989,-1.836399999999999,False,55,False,POWERGRID,False,,
2026-08-17,265.0,6.999999999999999,266.25,-5.448729999999989,-0.8737299999999988,-5.448729999999989,False,29,False,POWERGRID,False,,
2026-06-25,34500.0,1151.9499999999998,34395.0,1861.2550999999999,1862.7051000000006,564.2801,True,125,False,POWERINDIA,False,0.04949763593380618,-0.021276595744680882
2026-06-29,33500.0,645.05,33505.0,903.6904200000001,2346.64042,316.36542,True,125,False,POWERINDIA,False,0.044866137099146775,-0.10561929979405704
2026-06-30,34500.0,553.6,34585.0,2077.35848,3407.35848,267.85848000000004,True,125,False,POWERINDIA,False,0.023929652587573846,-0.12354043534669168
2026-07-01,34500.0,2899.1,34700.0,-504.06492000000026,1055.9350799999997,-504.06492000000026,False,125,False,POWERINDIA,False,0.0138452754781615,-0.13217242363688264
2026-07-02,33500.0,2799.3,33530.0,-1480.9614800000002,159.03851999999947,-1480.9614800000002,False,125,False,POWERINDIA,False,0.00568678915135612,-0.11344415281423159
2026-07-03,31500.0,2923.85,31475.0,-1780.3702199999998,41.22978000000009,-1780.3702199999998,False,125,False,POWERINDIA,False,-0.0325299423332841,-0.10099068460742278
2026-07-06,32000.0,2790.0,31945.0,-469.3995800000002,-38.44957999999991,-469.3995800000002,False,125,False,POWERINDIA,False,0.060396199065872125,0.0009663391850538439
2026-07-07,32000.0,2686.85,31860.0,-2365.39662,-29.446619999999545,-2365.39662,False,125,False,POWERINDIA,False,0.017934446505875057,-0.024891774891774854
2026-07-08,32000.0,2615.25,32090.0,-1705.24814,-15.248139999999909,-1705.24814,False,125,False,POWERINDIA,False,0.03391959798994981,-0.016959798994974906
2026-07-09,32000.0,2430.55,32170.0,-1340.5349800000001,45.86502,-1340.5349800000001,False,125,False,POWERINDIA,False,0.074062401512764,-0.013551843681058884
2026-07-10,32500.0,2304.85,32655.0,-1847.7050199999999,108.69498000000027,-1847.7050199999999,False,125,False,POWERINDIA,False,0.04986192083461183,-0.03958269407793802
2026-07-13,32000.0,2274.75,31985.0,-1932.1987399999998,43.80126000000009,-1932.1987399999998,False,125,False,POWERINDIA,False,0.04857493104505051,-0.04076003677597306
2026-07-14,31500.0,2070.7,31670.0,-1518.1653999999996,431.8345999999998,-1518.1653999999996,False,125,False,POWERINDIA,False,0.0708920187793427,-0.020344287949921713
2026-07-15,33000.0,2006.6999999999998,32920.0,-1588.6081999999997,69.74180000000018,-1588.6081999999997,False,125,False,POWERINDIA,False,0.0540665434380776,-0.02202711028958715
2026-07-16,33000.0,2266.0,33100.0,-1459.72624,-199.7262399999999,-1459.72624,False,125,False,POWERINDIA,False,0.008251068218653401,-0.06453514071018118
2026-07-17,33000.0,1864.85,32965.0,-838.0690199999998,128.83098000000027,-838.0690199999998,False,125,False,POWERINDIA,False,0.0011940298507462366,-0.05238805970149252
2026-07-20,32500.0,1875.4499999999998,32350.0,-330.1546999999997,-80.15469999999972,-330.1546999999997,False,125,False,POWERINDIA,False,0.030932666770816963,-0.03202624589907832
2026-07-21,32000.0,1660.3,32060.0,-498.3242799999999,-61.72427999999996,-498.3242799999999,False,125,False,POWERINDIA,False,0.017265299830430125,-0.047325420070911006
2026-07-22,32500.0,1370.8999999999999,32575.0,280.51404000000025,555.5140400000003,280.51404000000025,False,125,False,POWERINDIA,False,0.02325942006512638,-0.05504729415413245
2026-07-23,32000.0,1286.9,32185.0,-592.56276,1663.43724,637.88724,True,125,False,POWERINDIA,False,0.018829754123871778,-0.051665110488639865
2026-07-24,32000.0,1023.5,31965.0,-463.04723999999993,1927.9527600000001,507.30276,True,125,False,POWERINDIA,False,0.009819201995012516,-0.050187032418952615
2026-07-27,31000.0,780.15,30945.0,359.3601400000001,2071.51014,384.68513999999993,True,125,False,POWERINDIA,False,0.051364365971107606,-0.021829855537720655
2026-07-28,31000.0,291.3,30830.0,704.9849200000001,2562.13492,142.03492000000003,True,125,False,POWERINDIA,False,0.036064536539069936,-0.036064536539069936
2026-07-29,31000.0,2869.2,30840.0,-1875.1471999999997,-22.997199999999637,-1875.1471999999997,False,125,False,POWERINDIA,False,0.052208835341365445,-0.016064257028112428
2026-07-30,31500.0,2892.3999999999996,31300.0,-2052.9781599999997,-3.528159999999273,-2052.9781599999997,False,125,False,POWERINDIA,False,0.03639240506329111,-0.018354430379746822
2026-07-31,32500.0,2699.1,32565.0,-2193.19892,336.50108000000046,-2193.19892,False,125,False,POWERINDIA,False,0.044490511880082906,-0.006856960612342533
2026-08-03,32000.0,2870.45,32145.0,-2270.2947,-27.29469999999973,-2270.2947,False,125,False,POWERINDIA,False,0.018377199813113254,-0.030057623423142776
2026-08-04,32500.0,2770.05,32400.0,712.2944199999995,987.2944199999995,712.2944199999995,False,125,False,POWERINDIA,False,0.1389671361502347,-0.025352112676056304
2026-08-05,32500.0,2902.55,32410.0,-597.2725800000005,857.7274199999995,-597.2725800000005,False,125,False,POWERINDIA,False,0.13810264385692061,-0.031415241057542787
2026-08-06,32000.0,2755.5,31920.0,796.6891599999997,1501.6891599999997,1360.03916,True,125,False,POWERINDIA,False,0.13106646058732618,-0.03740340030911904
2026-08-07,32500.0,2652.8,32410.0,67.01471999999946,1107.0147199999994,67.01471999999946,False,125,False,POWERINDIA,False,0.14415259537210767,-0.001094434021263302
2026-08-10,35500.0,2723.3999999999996,35415.0,-2421.9929599999996,-416.09295999999944,-2421.9929599999996,False,125,False,POWERINDIA,False,0.12239263803680989,0.049846625766871266
2026-08-11,35500.0,2114.8,35610.0,-558.7070800000001,-77.60708000000018,-558.7070800000001,False,103,False,POWERINDIA,False,0.012171507607192211,-0.039280774550484066
2026-08-12,35000.0,1905.3,35200.0,-1212.69428,-36.24427999999982,-1212.69428,False,77,False,POWERINDIA,False,,
2026-08-13,36000.0,1654.4499999999998,35785.0,-1360.0218999999997,96.57810000000018,-1360.0218999999997,False,51,False,POWERINDIA,False,,
2026-08-14,36000.0,1544.1,35810.0,-1249.3629199999998,112.38708000000018,-1249.3629199999998,False,25,False,POWERINDIA,False,,
2026-08-10,1040.0,56.65,1043.2,-36.266019999999955,-0.016020000000004364,-36.266019999999955,False,125,False,PREMIERENE,False,0.009828244274809217,-0.031488549618320594
2026-08-11,1040.0,54.55,1041.8,-36.75285999999998,0.6971400000000056,-36.75285999999998,False,125,False,PREMIERENE,False,0.011591148577449806,-0.02960053644985161
2026-08-13,1040.0,52.35,1034.1,-28.164620000000003,-1.3646199999999986,-28.164620000000003,False,77,False,PREMIERENE,False,,
2026-08-14,1020.0,43.650000000000006,1021.8,-6.526520000000011,3.0734799999999973,-6.526520000000011,False,51,True,PREMIERENE,False,,
2026-08-17,1020.0,40.6,1013.5,-3.467980000000007,-1.667980000000003,-3.467980000000007,False,25,True,PREMIERENE,False,,
2026-06-25,380.0,9.85,378.35,7.224679999999999,14.624679999999977,4.849679999999999,True,125,False,RBLBANK,False,0.009271523178807861,-0.06039735099337751
2026-06-29,370.0,6.449999999999999,367.9,3.254920000000022,21.754920000000002,3.1799199999999996,True,125,False,RBLBANK,False,-0.005754047905794146,-0.0507159106115348
2026-07-01,370.0,30.950000000000003,367.8,-6.654840000000007,-3.4048400000000036,-6.654840000000007,False,125,False,RBLBANK,False,0.019642373340558184,-0.03901381739366039
2026-07-02,360.0,30.450000000000003,360.55,-16.997990000000016,-3.572990000000003,-16.997990000000016,False,125,False,RBLBANK,False,0.039928156949433635,-0.019894998618402826
2026-07-03,360.0,22.550000000000004,357.85,-14.485680000000006,3.464319999999997,-14.485680000000006,False,125,False,RBLBANK,False,0.058798705865803935,-0.0004220002813334345
2026-07-06,360.0,28.300000000000004,359.5,-12.623200000000029,-3.573200000000006,-12.623200000000029,False,125,False,RBLBANK,False,0.06162192238141606,-0.007094171651133685
2026-07-08,370.0,21.050000000000004,368.55,-14.028540000000016,2.671459999999993,-14.028540000000016,False,125,False,RBLBANK,False,0.01893333333333347,-0.04466666666666663
2026-07-10,370.0,22.6,368.25,-16.97895999999999,-0.07896000000000358,-16.97895999999999,False,125,False,RBLBANK,False,0.053450888552142306,-0.0045460807273728365
2026-07-13,375.0,22.900000000000002,375.9,-16.88092000000001,0.9190799999999965,-16.88092000000001,False,125,False,RBLBANK,False,0.005919494869771169,-0.05222309918442525
2026-07-14,375.0,20.450000000000003,376.75,-13.676160000000014,3.373839999999996,-13.676160000000014,False,125,False,RBLBANK,False,0.0007852375343542217,-0.06137940060201541
2026-07-15,375.0,22.450000000000003,377.2,-10.197160000000016,0.8528399999999958,-10.197160000000016,False,125,False,RBLBANK,False,0.014325507361719225,-0.048680196312508195
2026-07-16,365.0,22.700000000000003,364.0,-13.240020000000026,0.4599799999999972,-13.240020000000026,False,125,False,RBLBANK,False,0.002950248089043761,-0.052165750301729985
2026-07-17,365.0,19.85,364.2,-4.997159999999991,2.202839999999997,-4.997159999999991,False,125,False,RBLBANK,False,0.028198074277854257,-0.031636863823933936
2026-07-20,370.0,18.6,368.8,-7.134140000000025,2.465859999999997,-7.134140000000025,False,125,False,RBLBANK,False,0.017006802721088343,-0.053469387755102016
2026-07-21,370.0,14.5,368.05,-9.40474,6.595259999999999,-9.40474,False,125,False,RBLBANK,False,0.005151843817787327,-0.05680585683297179
2026-07-22,365.0,12.7,362.55,10.1006,10.1006,6.250599999999998,True,125,False,RBLBANK,False,0.0021810250817884125,-0.05166303162486363
2026-07-23,355.0,11.85,355.35,2.476779999999999,4.4267799999999875,2.476779999999999,False,125,False,RBLBANK,False,0.04430734716769469,-0.024537296690970267
2026-07-24,350.0,9.2,349.95,19.294439999999987,23.344440000000006,4.49444,True,125,False,RBLBANK,False,0.08564552661381652,-0.015147225368063344
2026-07-27,360.0,6.1000000000000005,358.35,10.237279999999997,16.48728,2.9872799999999997,True,125,False,RBLBANK,False,0.0879557384026104,0.0012767768477797148
2026-07-28,365.0,3.3,364.75,11.499459999999987,19.949459999999995,1.5994599999999994,True,125,False,RBLBANK,False,0.05619060735435877,-0.0049579947665611135
2026-07-29,365.0,23.450000000000003,365.5,-8.108639999999992,-0.2586400000000057,-8.108639999999992,False,125,False,RBLBANK,False,0.05544880592917911,-0.0010979961570135588
2026-07-30,370.0,21.650000000000002,369.5,-2.065499999999992,0.48450000000001914,-2.065499999999992,False,125,False,RBLBANK,False,0.059919028340081004,-0.008502024291497934
2026-07-31,380.0,22.150000000000002,378.7,-12.788199999999993,0.16179999999999642,-12.788199999999993,False,125,False,RBLBANK,False,0.04385964912280693,-0.008506113769271684
2026-08-03,375.0,21.85,376.5,-10.343380000000014,-0.19338000000000138,-10.343380000000014,False,125,False,RBLBANK,False,0.05126489091152453,0.007495649846071428
2026-08-04,380.0,21.35,379.0,-11.138340000000026,0.9616599999999972,-11.138340000000026,False,125,False,RBLBANK,False,0.03614775725593655,-0.004749340369393118
2026-08-05,380.0,20.950000000000003,380.9,-13.52937999999998,0.07061999999999852,-13.52937999999998,False,125,False,RBLBANK,False,0.03070866141732287,-0.0030183727034119867
2026-08-06,390.0,19.85,389.7,-3.551220000000003,1.198779999999997,-3.551220000000003,False,125,False,RBLBANK,False,0.005643919958953303,-0.014494612621857472
2026-08-07,390.0,20.150000000000002,387.75,-4.749540000000002,-0.24954000000000212,-4.749540000000002,False,125,False,RBLBANK,False,0.008100810081008047,-0.012086922978012171
2026-08-11,390.0,17.150000000000002,388.0,-11.46383999999998,0.4861599999999971,-11.46383999999998,False,125,False,RBLBANK,False,0.0002558199027884456,-0.023535431056536216
2026-08-12,390.0,17.6,389.7,-5.80724999999998,-0.58225,-5.80724999999998,False,105,False,RBLBANK,False,,
2026-08-13,385.0,15.149999999999999,387.2,-8.336389999999975,1.088610000000002,-8.336389999999975,False,79,False,RBLBANK,False,,
2026-08-14,385.0,14.8,385.4,-7.985409999999978,-0.06041000000000007,-7.985409999999978,False,53,False,RBLBANK,False,,
2026-08-17,380.0,12.75,382.05,-5.281489999999977,0.5935099999999985,-5.281489999999977,False,27,False,RBLBANK,False,,
2026-08-10,360.0,14.25,359.5,9.942339999999977,10.892340000000022,7.01734,True,125,False,RECLTD,False,-0.0002729257641920224,-0.08706331877729256
2026-08-11,340.0,14.45,342.1,-5.615099999999999,-0.2650999999999993,-5.615099999999999,False,125,False,RECLTD,False,0.012983223924142973,-0.027862873814733846
2026-08-12,340.0,13.350000000000001,341.6,-4.960760000000002,-0.7607600000000011,-4.960760000000002,False,112,False,RECLTD,False,,
2026-08-13,345.0,12.649999999999999,344.35,-8.172809999999998,0.052190000000001416,-8.172809999999998,False,86,False,RECLTD,False,,
2026-08-14,345.0,11.3,342.7,-6.819030000000001,0.1559700000000206,-6.819030000000001,False,60,False,RECLTD,False,,
2026-08-17,335.0,10.049999999999999,333.4,-4.8176299999999985,-0.6926299999999985,-4.8176299999999985,False,34,False,RECLTD,False,,
2026-06-25,1320.0,24.1,1321.0,-11.203600000000094,4.3964000000000425,-11.203600000000094,False,125,False,RELIANCE,False,0.01111618699558381,-0.017816354499771703
2026-06-29,1310.0,20.55,1310.6,-11.931620000000047,48.51838000000001,10.193380000000003,True,125,False,RELIANCE,False,-0.0021268515001898747,-0.02012913026965435
2026-06-30,1290.0,14.05,1294.6,12.237019999999998,19.53701999999996,6.912020000000002,True,125,False,RELIANCE,False,0.017891422867234885,-0.00944482838055749
2026-07-01,1300.0,66.55,1301.5,-46.89178,2.1082200000000086,-46.89178,False,125,False,RELIANCE,False,0.02587871765160288,0.0015449980687525233
2026-07-02,1310.0,67.39999999999999,1309.0,-43.65564000000008,-3.105639999999994,-43.65564000000008,False,125,False,RELIANCE,False,0.0164561806352852,-0.02671259089169542
2026-07-03,1310.0,65.75,1306.9,-54.06714,-2.7671399999999973,-54.06714,False,125,False,RELIANCE,False,0.020047622705276824,-0.023273676933712406
2026-07-06,1300.0,61.449999999999996,1301.2,-6.626199999999997,-0.8761999999999901,-6.626199999999997,False,125,False,RELIANCE,False,0.017468587189702678,-0.02574318112166729
2026-07-07,1320.0,58.0,1316.5,-35.625399999999956,-1.2753999999999972,-35.625399999999956,False,125,False,RELIANCE,False,0.004766588484527379,-0.037905727472195005
2026-07-08,1280.0,57.25,1280.0,-32.28058000000005,1.0194200000000002,-32.28058000000005,False,125,False,RELIANCE,False,0.004674329501915597,-0.02559386973180089
2026-07-09,1290.0,58.150000000000006,1285.9,-46.94446000000001,-2.6444600000000027,-46.94446000000001,False,125,False,RELIANCE,False,0.028475054910574116,-0.00047066206463752813
2026-07-10,1300.0,52.85,1298.0,-42.128220000000006,2.121779999999997,-42.128220000000006,False,125,False,RELIANCE,False,0.023577172300725868,0.0046842064173628906
2026-07-13,1300.0,54.55,1305.0,-13.617820000000037,-0.21782000000000273,-13.617820000000037,False,125,False,RELIANCE,False,0.015806353084911517,-0.01733353695784956
2026-07-14,1300.0,56.05,1297.3,-39.75286000000009,-1.6528600000000027,-39.75286000000009,False,125,False,RELIANCE,False,0.037702390131071795,-0.007787201233615981
2026-07-15,1310.0,53.1,1305.3,-42.67807999999996,-1.7280800000000043,-42.67807999999996,False,125,False,RELIANCE,False,0.039305019305019284,-0.0024710424710424617
2026-07-16,1300.0,50.45,1301.5,-32.142780000000094,1.1072199999999974,-32.142780000000094,False,125,False,RELIANCE,False,0.03794246934526102,-0.012339014421223093
2026-07-17,1310.0,51.55,1311.0,-6.720339999999946,-6.720339999999946,-6.720339999999946,False,125,False,RELIANCE,False,0.03459143669767073,-0.025290183718963855
2026-07-20,1340.0,40.25,1341.3,15.879660000000005,34.579660000000054,19.85466,True,125,False,RELIANCE,False,0.012716328066215254,-0.059593679458239346
2026-07-21,1320.0,36.05,1316.6,9.12222000000001,18.822220000000055,17.79722,True,125,False,RELIANCE,False,0.0037824343747636657,-0.0545427036840912
2026-07-22,1300.0,28.85,1299.3,-3.9007799999999575,6.09922000000005,-3.9007799999999575,False,125,False,RELIANCE,False,0.0001533272002451902,-0.04185832566697345
2026-07-23,1280.0,25.55,1281.4,31.667880000000004,33.96788,12.542880000000002,True,125,False,RELIANCE,False,0.0036604361370717875,-0.026635514018691575
2026-07-24,1260.0,21.1,1264.8,15.937039999999959,15.937039999999959,10.38704,True,125,False,RELIANCE,False,0.019253438113948862,-0.017838899803536368
2026-07-27,1280.0,16.1,1283.5,16.762799999999913,43.5128,7.912800000000001,True,125,False,RELIANCE,False,0.02296336796063425,-0.011247363899086094
2026-07-28,1270.0,14.1,1274.5,34.62388000000001,46.27388,6.873879999999999,True,125,False,RELIANCE,False,0.02716627634660429,-0.011787665886026422
2026-07-29,1270.0,60.39999999999999,1274.8,-39.8270799999999,-0.07707999999999454,-39.8270799999999,False,125,False,RELIANCE,False,0.03459663469098917,-0.0024374901714104835
2026-07-30,1280.0,56.75,1281.6,-8.1954,-0.5454,-8.1954,False,125,False,RELIANCE,False,0.030303030303030276,-0.005481168271865955
2026-07-31,1300.0,51.15,1297.3,-29.753419999999956,1.4965799999999956,-29.753419999999956,False,125,False,RELIANCE,False,0.027764851869086282,-0.014968202264619368
2026-08-03,1310.0,50.55,1313.1,-34.53662000000004,-1.1366200000000026,-34.53662000000004,False,125,False,RELIANCE,False,0.02452107279693494,-0.026743295019157176
2026-08-04,1310.0,48.150000000000006,1307.1,-31.830740000000098,0.41925999999999464,-31.830740000000098,False,125,False,RELIANCE,False,0.021390374331550888,-0.02971734148204741
2026-08-05,1300.0,49.05,1295.9,-25.75286000000009,-0.6028599999999983,-25.75286000000009,False,125,False,RELIANCE,False,0.03595227026189374,-0.01588408492174187
2026-08-06,1300.0,46.05,1297.9,-28.72766000000009,2.4223400000000015,-28.72766000000009,False,125,False,RELIANCE,False,0.04453124999999991,0.0009375000000000355
2026-08-07,1320.0,49.150000000000006,1322.2,-12.939400000000003,-0.9894000000000072,-12.939400000000003,False,125,False,RELIANCE,False,0.011346444780635512,-0.011195158850226927
2026-08-10,1330.0,38.95,1325.4,-18.51645999999996,4.633539999999997,-18.51645999999996,False,125,False,RELIANCE,False,0.0018038331454341971,-0.021796317173994773
2026-08-11,1320.0,41.45,1319.2,-13.993200000000003,-1.2932000000000086,-13.993200000000003,False,125,False,RELIANCE,False,0.0015829941203076014,-0.021483491632745322
2026-08-12,1320.0,40.35,1319.6,-13.388720000000003,-2.5387200000000014,-13.388720000000003,False,103,False,RELIANCE,False,,
2026-08-13,1310.0,39.050000000000004,1311.3,-33.275580000000005,-1.0255800000000057,-33.275580000000005,False,77,False,RELIANCE,False,,
2026-08-14,1310.0,36.1,1308.9,-30.317320000000002,-2.61732,-30.317320000000002,False,51,False,RELIANCE,False,,
2026-08-17,1310.0,32.7,1306.5,-26.907800000000005,-3.6578000000000044,-26.907800000000005,False,25,False,RELIANCE,False,,
2026-06-25,245.0,6.119999999999999,244.75,1.5415840000000125,3.141584000000005,3.0215840000000003,True,125,False,RVNL,False,0.022501875156263118,-0.02029335777981489
2026-06-29,235.0,4.25,237.47,13.129547999999998,15.119548,2.064548,True,125,False,RVNL,False,0.002118996177497001,-0.023142762173840703
2026-06-30,240.0,1.99,237.86,5.124716000000009,18.184716,0.9697159999999998,True,125,False,RVNL,False,0.01225500482645736,-0.022453519116968246
2026-07-01,235.0,19.610000000000003,235.6,-14.349551999999996,-0.3195520000000036,-14.349551999999996,False,125,False,RVNL,False,0.021775047659394087,-0.01948739673797939
2026-07-02,240.0,19.200000000000003,238.67,-6.868255999999994,-0.28825600000000284,-6.868255999999994,False,125,False,RVNL,False,0.00690061432298239,-0.05932845241100726
2026-07-03,235.0,16.34,237.2,-12.346811999999995,2.1831879999999986,-12.346811999999995,False,125,False,RVNL,False,0.007052067057979006,-0.055952029052827146
2026-07-06,235.0,18.0,233.26,-13.064120000000006,-0.5241200000000008,-13.064120000000006,False,125,False,RVNL,False,0.00590233545647556,-0.050700636942675126
2026-07-07,235.0,16.39,232.76,-11.160424000000013,0.009576000000000327,-11.160424000000013,False,125,False,RVNL,False,0.011658694909463474,-0.04526819268875981
2026-07-08,230.0,15.91,229.57,-2.6915079999999993,-0.2715079999999995,-2.6915079999999993,False,125,False,RVNL,False,0.01932013769363161,-0.038037865748709154
2026-07-09,225.0,14.649999999999999,227.48,-12.08804799999999,0.7119520000000016,-12.08804799999999,False,125,False,RVNL,False,0.04911426040744016,-0.008015943312666085
2026-07-10,230.0,13.629999999999999,230.85,-9.738916000000007,1.6210840000000017,-9.738916000000007,False,125,False,RVNL,False,0.043614256134631324,-0.004185206396757679
2026-07-13,230.0,14.76,229.9,-8.688212000000009,-0.09821200000000091,-8.688212000000009,False,125,False,RVNL,False,-0.0034334763948498104,-0.03648068669527893
2026-07-14,230.0,13.98,229.61,-11.346367999999998,0.2036319999999982,-11.346367999999998,False,125,False,RVNL,False,0.0030237580993519586,-0.03455723542116629
2026-07-15,230.0,14.350000000000001,229.53,-7.708659999999989,-1.008660000000001,-7.708659999999989,False,125,False,RVNL,False,0.022277009773707945,-0.0160253588095447
2026-07-16,230.0,13.2,227.71,-6.435776000000011,-0.30577599999999816,-6.435776000000011,False,125,False,RVNL,False,0.012797396543383632,-0.023263995778178392
2026-07-17,225.0,12.82,225.96,-8.098972,-0.6289720000000001,-8.098972,False,125,False,RVNL,False,0.007989053672316393,-0.023614053672316393
2026-07-20,225.0,11.32,223.77,-6.315556000000001,-0.5155559999999989,-6.315556000000001,False,125,False,RVNL,False,0.014076376554174042,-0.01936056838365896
2026-07-21,225.0,9.9,227.22,-6.03836,-0.7083599999999999,-6.03836,False,125,False,RVNL,False,0.005592250110083796,-0.027564949361514657
2026-07-22,225.0,8.27,223.2,9.507143999999998,9.507143999999998,4.062144,True,125,False,RVNL,False,0.00958126330731024,-0.023420865862313733
2026-07-23,225.0,9.809999999999999,223.08,8.212132000000002,8.212132000000002,4.827132,True,125,False,RVNL,False,0.024215246636771326,-0.012735426008968598
2026-07-24,225.0,4.57,223.49,12.519463999999997,13.469464,2.224464,True,125,False,RVNL,False,0.015562472209871059,-0.021076033792796878
2026-07-27,225.0,5.6,226.86,-2.922959999999988,12.477040000000002,2.777039999999999,True,125,False,RVNL,False,0.01746258018531721,-0.01924447612259439
2026-07-28,225.0,3.4699999999999998,222.6,4.298724000000006,14.598724000000002,1.7037240000000002,True,125,False,RVNL,False,0.048704200178731005,-0.016264521894548745
2026-07-29,225.0,17.89,225.09,-11.657451999999994,0.14254800000000084,-11.657451999999994,False,125,False,RVNL,False,0.06233062330623307,0.002755194218608814
2026-07-30,225.0,18.43,223.07,-14.971179999999995,-0.5811800000000031,-14.971179999999995,False,125,False,RVNL,False,0.04789485408777017,-0.010871018044107839
2026-07-31,225.0,17.71,223.32,-7.956831999999995,-0.5168320000000048,-7.956831999999995,False,125,False,RVNL,False,0.05927453705779495,-0.0041698426220687645
2026-08-03,230.0,16.34,227.8,-12.546252000000012,0.7537479999999988,-12.546252000000012,False,125,False,RVNL,False,0.052032881581870694,0.002888247056209714
2026-08-04,230.0,17.810000000000002,230.7,-2.253408000000002,-0.7534080000000036,-2.253408000000002,False,125,False,RVNL,False,0.0165736367539715,-0.022799484757406674
2026-08-05,235.0,17.51,233.12,-11.954484000000003,0.11551599999999616,-11.954484000000003,False,125,False,RVNL,False,0.022942320155541207,-0.018664938431626643
2026-08-06,230.0,16.97,228.77,-5.7588479999999995,-0.21884800000000057,-5.7588479999999995,False,125,False,RVNL,False,0.03560493395153519,-0.00651736505992484
2026-08-07,235.0,17.730000000000004,234.02,-11.157955999999995,-0.30795600000000556,-11.157955999999995,False,125,False,RVNL,False,0.006632653061224403,-0.034311224489795844
2026-08-10,230.0,16.43,231.76,-7.68042,-0.5504200000000005,-7.68042,False,125,False,RVNL,False,0.0012426086211327902,-0.03355043277058867
2026-08-11,230.0,16.75,230.04,-8.91874,-1.2587399999999995,-8.91874,False,125,False,RVNL,False,0.013752711496746173,-0.024555314533622585
2026-08-12,230.0,13.09,230.23,-9.451690000000003,-1.4366899999999987,-9.451690000000003,False,108,False,RVNL,False,,
2026-08-13,230.0,10.899999999999999,229.66,-7.2555580000000015,-0.5405579999999982,-7.2555580000000015,False,82,False,RVNL,False,,
2026-08-14,225.0,10.12,226.32,-3.4368999999999987,-0.5768999999999993,-3.4368999999999987,False,56,False,RVNL,False,,
2026-08-17,225.0,8.309999999999999,224.98,-1.6218319999999984,-0.46183199999999813,-1.6218319999999984,False,30,False,RVNL,False,,
2026-03-30,150.0,2.91,150.13,11.45178399999999,13.556784000000007,1.406784,True,125,False,SAIL,False,0.1029331514324694,-0.010845839017735392
2026-04-01,155.0,16.75,154.8,-8.694370000000006,-2.0193699999999994,-8.694370000000006,False,125,False,SAIL,True,0.11935355676248527,-0.004636375678897742
2026-04-30,180.0,14.100000000000001,181.2,-7.5078200000000015,2.2221799999999976,-7.5078200000000015,False,125,False,SAIL,True,0.02806260118726378,-0.030221262817053507
2026-05-06,187.5,13.09,188.6,-0.6015400000000046,0.6584600000000005,-0.6015400000000046,False,125,False,SAIL,False,0.014917421417155019,-0.06680873734683002
2026-08-10,177.5,10.32,177.51,-6.559255999999994,3.770743999999988,-6.559255999999994,False,110,False,SAIL,False,0.023352272727272805,-0.09812500000000002
2026-08-13,170.0,8.6,169.9,-5.133600000000005,-0.023600000000000197,-5.133600000000005,False,41,False,SAIL,False,,
2026-08-14,162.5,8.1,163.27,2.8467999999999933,3.246799999999999,2.8467999999999933,False,33,False,SAIL,False,,
2026-08-17,170.0,7.58,169.83,-4.110744000000006,-0.530744,-4.110744000000006,False,12,False,SAIL,False,,
2026-08-10,660.0,28.5,656.55,-3.2007800000000466,1.7992199999999958,-3.2007800000000466,False,125,False,SBICARD,False,0.00795816280127326,-0.04653630438077916
2026-08-11,650.0,29.400000000000002,651.45,-18.76213999999998,-0.6121400000000037,-18.76213999999998,False,125,False,SBICARD,False,0.0011450381679389832,-0.04427480916030535
2026-08-12,650.0,27.75,649.75,-4.542799999999956,0.5071999999999984,-4.542799999999956,False,109,False,SBICARD,False,,
2026-08-13,650.0,31.300000000000004,653.2,-8.10273999999996,-3.052740000000006,-8.10273999999996,False,83,False,SBICARD,False,,
2026-08-14,630.0,25.35,632.7,-4.080620000000003,-1.0806200000000028,-4.080620000000003,False,57,False,SBICARD,False,,
2026-08-17,630.0,21.550000000000004,626.85,-0.26998000000000566,-0.26998000000000566,-0.26998000000000566,False,31,False,SBICARD,False,,
2026-08-11,1840.0,68.05,1839.2,-17.881660000000082,-2.681659999999994,-17.881660000000082,False,125,False,SBILIFE,False,0.008430609597924743,-0.037505404236921835
2026-08-12,1820.0,55.85,1825.0,-18.361800000000088,8.1382,-18.361800000000088,False,106,False,SBILIFE,False,,
2026-08-13,1820.0,57.0,1815.3,-19.515020000000085,2.0349800000000045,-19.515020000000085,False,80,False,SBILIFE,False,,
2026-08-14,1800.0,44.2,1799.0,-26.623180000000094,9.676819999999994,-26.623180000000094,False,54,False,SBILIFE,False,,
2026-08-17,1780.0,48.8,1787.7,-7.752,-0.8519999999999943,-7.752,False,28,False,SBILIFE,False,,
2026-06-25,1050.0,20.25,1049.1,27.35974,27.60974,9.93474,True,125,False,SBIN,False,0.02445625906234894,-0.009134847752537478
2026-06-29,1040.0,10.75,1042.35,34.84208,37.792080000000006,5.21708,True,125,False,SBIN,False,0.013968618446230208,-0.01927860696517425
2026-06-30,1030.0,9.049999999999999,1034.2,7.079579999999955,40.72958,4.454580000000001,True,125,False,SBIN,False,0.019675758887766515,-0.013758599124452764
2026-07-01,1030.0,51.2,1026.9,-9.01194,-2.011940000000007,-9.01194,False,125,False,SBIN,False,0.02903194484901439,-0.004272259442664406
2026-07-02,1050.0,49.75,1051.0,-22.166860000000025,-1.8168600000000013,-22.166860000000025,False,125,False,SBIN,False,0.015134099616858299,-0.03093869731800758
2026-07-03,1050.0,45.75,1049.0,-25.534940000000002,2.2150599999999985,-25.534940000000002,False,125,False,SBIN,False,0.007626310772163913,-0.03555767397521448
2026-07-06,1040.0,45.150000000000006,1043.6,-34.00777999999992,0.1422199999999969,-34.00777999999992,False,125,False,SBIN,False,0.008261287223823244,-0.02814601344860701
2026-07-07,1050.0,45.1,1046.3,-23.387320000000003,-8.887319999999995,-23.387320000000003,False,125,False,SBIN,False,0.010688493018776946,-0.02580645161290318
2026-07-08,1030.0,41.55,1025.8,-3.1741400000000026,1.7258600000000028,-3.1741400000000026,False,125,False,SBIN,False,0.01119475004825321,-0.023933603551438032
2026-07-09,1020.0,47.35,1022.1,-39.40497999999996,-4.454980000000004,-39.40497999999996,False,125,False,SBIN,False,0.027456363992939714,-0.008236909197881892
2026-07-10,1030.0,40.45,1029.5,-31.289019999999912,0.6109799999999997,-31.289019999999912,False,125,False,SBIN,False,0.02474327628361861,-0.01085574572127146
2026-07-13,1030.0,46.3,1028.6,-20.402439999999952,-5.802440000000002,-20.402439999999952,False,125,False,SBIN,False,0.011192589733693525,-0.02412196063296035
2026-07-14,1030.0,38.45,1028.0,-8.04305999999996,0.9069399999999942,-8.04305999999996,False,125,False,SBIN,False,0.027298157615510688,-0.02440435998842483
2026-07-15,1030.0,43.45,1025.9,-18.940540000000006,-4.090540000000006,-18.940540000000006,False,125,False,SBIN,False,0.05361903821467351,0.0009874592673051463
2026-07-16,1030.0,38.15,1028.2,-26.88846,-1.3384599999999958,-26.88846,False,125,False,SBIN,False,0.0351183546759799,-0.011253395421032097
2026-07-17,1040.0,34.150000000000006,1039.4,-2.2352199999999547,1.0147799999999885,-2.2352199999999547,False,125,False,SBIN,False,0.0351183546759799,-0.023573923166472555
2026-07-20,1060.0,33.1,1056.2,4.800920000000049,25.20092000000003,16.350920000000006,True,125,False,SBIN,False,0.022814417177914104,-0.04064417177914115
2026-07-21,1060.0,30.85,1060.7,13.838180000000005,27.438180000000028,15.213180000000005,True,125,False,SBIN,False,0.006034320196115495,-0.05638317933245329
2026-07-22,1030.0,26.650000000000002,1030.4,-13.561300000000049,1.7387000000000192,-13.561300000000049,False,125,False,SBIN,False,-0.0003828483920366166,-0.04211332312404292
2026-07-23,1020.0,21.65,1018.5,-14.331059999999999,35.868939999999995,10.743939999999995,True,125,False,SBIN,False,-0.0012682926829268304,-0.023609756097560997
2026-07-24,1010.0,15.9,1007.8,3.9000399999999984,41.95004,7.850040000000001,True,125,False,SBIN,False,0.015103652517275412,-0.012043435340572617
2026-07-27,1020.0,13.8,1021.8,0.02271999999999788,43.722719999999995,6.822720000000002,True,125,False,SBIN,False,0.02264188253905486,-0.0037571682815897844
2026-07-28,1010.0,9.0,1015.0,25.777360000000005,48.827360000000006,4.37736,True,125,False,SBIN,False,0.03088235294117636,-0.012156862745097974
2026-07-29,1020.0,58.650000000000006,1016.7,-36.277219999999964,-1.3272200000000085,-36.277219999999964,False,125,False,SBIN,False,0.03739147592738745,-0.005919494869771058
2026-07-30,1010.0,57.95,1012.5,-14.833499999999997,-0.6335000000000014,-14.833499999999997,False,125,False,SBIN,False,0.041156731148835446,-0.0055270430319779296
2026-07-31,1030.0,56.55,1030.0,-1.0642999999999008,-0.26430000000000314,-1.0642999999999008,False,125,False,SBIN,False,0.06259765624999991,-0.00048828125
2026-08-03,1030.0,53.75,1034.0,30.96150000000005,35.361499999999914,26.4865,True,125,False,SBIN,False,0.0942973919813157,0.003211366290385431
2026-08-04,1040.0,52.0,1035.1,-18.14079999999995,27.259199999999915,25.7592,True,125,False,SBIN,False,0.08678844109403694,-0.003672562095293319
2026-08-05,1040.0,52.45,1043.4,-26.96854000000005,26.83145999999991,26.006460000000008,True,125,False,SBIN,False,0.08805031446540879,0.006579583938074451
2026-08-06,1060.0,53.55,1062.0,-34.05482000000004,5.745179999999918,-34.05482000000004,False,125,False,SBIN,False,0.06739439962031324,-0.0009492168960607561
2026-08-07,1080.0,54.85,1085.0,-20.3506,5.699399999999995,-20.3506,False,125,False,SBIN,False,0.0346889952153111,-0.024291497975708398
2026-08-10,1090.0,43.2,1086.0,-21.282559999999958,-2.2325600000000043,-21.282559999999958,False,125,False,SBIN,False,0.014858705560619745,-0.03336371923427517
2026-08-11,1070.0,37.5,1066.8,-31.122920000000093,0.2770799999999988,-31.122920000000093,False,125,False,SBIN,False,0.014752567693744112,-0.017366946778711423
2026-08-12,1080.0,35.05,1080.9,-14.904699999999908,2.045300000000003,-14.904699999999908,False,107,False,SBIN,False,,
2026-08-13,1080.0,38.0,1080.5,-17.862959999999912,-1.812960000000006,-17.862959999999912,False,81,False,SBIN,False,,
2026-08-14,1070.0,34.35,1070.9,-24.17473999999991,-1.7247400000000017,-24.17473999999991,False,55,False,SBIN,False,,
2026-08-17,1060.0,29.550000000000004,1057.1,-3.804980000000006,-1.004980000000005,-3.804980000000006,False,29,False,SBIN,False,,
2026-06-25,1040.0,20.4,1042.35,8.86084,53.66084000000001,10.060839999999999,True,125,False,SHRIRAMFIN,False,0.05216622458001763,0.007957559681697646
2026-06-29,1050.0,21.05,1054.3,-5.851499999999912,52.74850000000001,10.423500000000002,True,125,False,SHRIRAMFIN,False,0.04918509895227019,-0.0010186263096623183
2026-06-30,1030.0,7.8,1034.7,39.44572000000001,39.44572000000001,3.7457199999999995,True,125,False,SHRIRAMFIN,False,0.045281012902913975,-0.004252645822258816
2026-07-01,1040.0,70.04999999999998,1044.8,-7.22281999999998,-0.2728199999999772,-7.22281999999998,False,125,False,SHRIRAMFIN,False,0.039483747609942554,-0.007648183556405397
2026-07-02,1050.0,71.1,1050.6,-46.76767999999995,-1.4676799999999888,-46.76767999999995,False,125,False,SHRIRAMFIN,False,0.04047846889952145,-0.038277511961722466
2026-07-03,1070.0,67.94999999999999,1069.5,-45.70298000000008,-0.9029799999999912,-45.70298000000008,False,125,False,SHRIRAMFIN,False,0.019981238273921065,-0.05722326454033766
2026-07-06,1070.0,64.94999999999999,1065.4,-25.243580000000073,-0.24357999999998836,-25.243580000000073,False,125,False,SHRIRAMFIN,False,0.024015822188736102,-0.05349406667922396
2026-07-07,1080.0,63.449999999999996,1077.5,-5.490620000000012,5.809380000000056,-5.490620000000012,False,125,False,SHRIRAMFIN,False,0.020459877991553244,-0.05678085405912714
2026-07-08,1040.0,67.05,1036.4,-5.6105,-4.760499999999999,-5.6105,False,125,False,SHRIRAMFIN,False,-0.004610029165490692,-0.05447360993508332
2026-07-09,1030.0,65.25,1025.3,-8.442440000000001,-2.642439999999997,-8.442440000000001,False,125,False,SHRIRAMFIN,False,0.03763917627352442,-0.007784018129864956
2026-07-10,1050.0,60.75,1047.4,-40.377499999999955,-0.07750000000000154,-40.377499999999955,False,125,False,SHRIRAMFIN,False,0.01857046135989915,-0.026017990134442504
2026-07-13,1030.0,57.55,1029.9,-48.43690000000002,3.3131,-48.43690000000002,False,125,False,SHRIRAMFIN,False,0.012109562710235444,-0.0321960595867371
2026-07-14,1020.0,57.14999999999999,1021.6,-34.67330000000004,3.9267000000000056,-34.67330000000004,False,125,False,SHRIRAMFIN,False,0.0010497184845881247,-0.03903044183605309
2026-07-15,1040.0,59.25,1043.5,-44.258180000000046,2.1918200000000057,-44.258180000000046,False,125,False,SHRIRAMFIN,False,0.053701875616979367,0.0049358341559724295
2026-07-16,1030.0,56.25,1033.0,-21.206059999999905,1.4939399999999998,-21.206059999999905,False,125,False,SHRIRAMFIN,False,0.033301064859632135,-0.014520813165537216
2026-07-17,1030.0,56.85,1029.3,-27.69122,-1.0912200000000014,-27.69122,False,125,False,SHRIRAMFIN,False,0.05278563762318256,-0.006732364133086199
2026-07-20,1020.0,55.5,1020.6,-50.66911999999998,-0.06911999999994892,-50.66911999999998,False,125,False,SHRIRAMFIN,False,0.05268292682926834,-0.031317073170731735
2026-07-21,1040.0,49.2,1042.8,-42.85568000000009,-4.055680000000005,-42.85568000000009,False,125,False,SHRIRAMFIN,False,0.04150579150579148,-0.041602316602316614
2026-07-22,1060.0,51.1,1055.3,-33.19347999999996,12.806520000000049,-33.19347999999996,False,125,False,SHRIRAMFIN,False,0.013907160308212596,-0.06699868445780877
2026-07-23,1070.0,45.0,1065.4,-12.716720000000086,28.883280000000052,22.28328,True,125,False,SHRIRAMFIN,False,0.022845767371314718,-0.05877334344487639
2026-07-24,1000.0,41.400000000000006,1000.5,11.33595999999991,11.33595999999991,11.33595999999991,False,125,False,SHRIRAMFIN,False,0.025720966484801044,-0.0326383476227593
2026-07-27,1010.0,25.400000000000002,1014.9,37.25304,37.25304,12.45304,True,125,False,SHRIRAMFIN,False,0.04831013916500981,-0.0037773359840953535
2026-07-28,1050.0,10.6,1046.6,29.35832000000005,31.958319999999958,5.158319999999999,True,125,False,SHRIRAMFIN,False,0.054913294797687806,-0.017822736030828512
2026-07-29,1040.0,63.05,1041.8,-16.158420000000035,0.09158000000000577,-16.158420000000035,False,125,False,SHRIRAMFIN,False,0.04794717197817966,-0.024308546272370668
2026-07-30,1040.0,58.8,1037.4,17.22172000000001,17.22172000000001,17.22172000000001,False,125,False,SHRIRAMFIN,False,0.06961601072488754,-0.02374796514411559
2026-07-31,1060.0,60.400000000000006,1053.1,16.913599999999956,32.1136,29.813600000000005,True,125,False,SHRIRAMFIN,False,0.12118561710398446,9.718172983474993e-05
2026-08-03,1080.0,51.650000000000006,1073.0,-18.787019999999956,21.01298,-18.787019999999956,False,125,False,SHRIRAMFIN,False,0.10254204892966357,0.004969418960244498
2026-08-04,1080.0,63.45,1083.8,-11.972419999999907,9.127580000000002,-11.972419999999907,False,125,False,SHRIRAMFIN,False,0.06833966107972955,-0.004444856005185849
2026-08-05,1100.0,60.150000000000006,1098.3,-34.69010000000005,2.2098999999999958,-34.69010000000005,False,125,False,SHRIRAMFIN,False,0.06774641369736245,0.011291068949560445
2026-08-06,1120.0,64.05,1124.5,-15.864859999999997,-3.614859999999997,-15.864859999999997,False,125,False,SHRIRAMFIN,False,0.03331840573219891,-0.00931482310792664
2026-08-07,1120.0,57.25,1117.5,-9.29512,3.20488,-9.29512,False,125,False,SHRIRAMFIN,False,0.00922266139657446,-0.028458498023715473
2026-08-10,1120.0,55.8,1114.2,-12.5279,-1.0778999999999972,-12.5279,False,125,False,SHRIRAMFIN,False,0.030493273542600896,-0.007982062780269139
2026-08-11,1120.0,54.0,1124.4,-15.50942,-1.4094200000000057,-15.50942,False,125,False,SHRIRAMFIN,False,0.012334801762114544,-0.020088105726872252
2026-08-12,1140.0,50.0,1131.2,-32.28984,1.0101600000000028,-32.28984,False,103,False,SHRIRAMFIN,False,,
2026-08-13,1120.0,48.900000000000006,1129.1,-11.492060000000007,0.25793999999999295,-11.492060000000007,False,77,False,SHRIRAMFIN,False,,
2026-08-14,1120.0,48.3,1129.1,-10.890379999999999,-3.1403799999999986,-10.890379999999999,False,51,False,SHRIRAMFIN,False,,
2026-08-17,1120.0,43.95,1121.7,-6.528200000000004,-3.7782000000000044,-6.528200000000004,False,25,True,SHRIRAMFIN,False,,
2026-08-10,3950.0,281.1,3943.3,-118.44572000000002,-7.845720000000023,-118.44572000000002,False,125,False,SIEMENS,True,0.04060436769933973,-0.02117826307770443
2026-08-11,3900.0,306.3,3904.5,-277.44079999999997,-35.94080000000006,-277.44079999999997,False,125,False,SIEMENS,False,0.045382653061224465,-0.016683673469387816
2026-08-12,4050.0,229.25,4059.5,-124.58730000000017,-19.63729999999999,-124.58730000000017,False,107,False,SIEMENS,False,,
2026-08-13,4000.0,193.1,4001.2,-138.19608000000017,-12.146079999999989,-138.19608000000017,False,81,False,SIEMENS,False,,
2026-08-14,4000.0,176.1,4017.4,-121.14848000000018,-8.348479999999988,-121.14848000000018,False,55,False,SIEMENS,False,,
2026-08-17,3950.0,153.3,3931.6,-18.65822000000002,-4.908220000000023,-18.65822000000002,False,29,False,SIEMENS,False,,
2026-08-10,18500.0,1189.25,18593.0,347.99466000000007,627.9946600000001,586.96966,True,125,False,SOLARINDS,False,0.09383378016085797,-0.012332439678284235
2026-08-13,19000.0,1188.35,18877.0,132.50478000000018,132.50478000000018,132.50478000000018,False,78,False,SOLARINDS,False,,
2026-08-14,19500.0,1063.1,19588.0,-240.49451999999982,-152.99451999999994,-240.49451999999982,False,52,False,SOLARINDS,False,,
2026-08-17,20250.0,833.1500000000001,20144.0,-75.16740000000004,-2.667400000000045,-75.16740000000004,False,26,False,SOLARINDS,False,,
2026-08-10,830.0,43.8,834.5,-12.111679999999998,-6.111679999999992,-12.111679999999998,False,125,False,SONACOMS,False,0.02036088758839294,-0.03682028773469892
2026-08-11,810.0,41.55,813.7,-12.39824,-0.09823999999999858,-12.39824,False,125,False,SONACOMS,False,0.010461538461538522,-0.027692307692307683
2026-08-12,800.0,38.5,803.65,-30.704710000000023,0.7702899999999986,-30.704710000000023,False,108,False,SONACOMS,False,,
2026-08-13,810.0,39.1,808.5,-11.93578,-2.2857800000000013,-11.93578,False,82,False,SONACOMS,False,,
2026-08-14,790.0,34.550000000000004,792.0,-16.77165000000003,-0.3466500000000028,-16.77165000000003,False,56,False,SONACOMS,False,,
2026-08-17,800.0,29.8,803.55,-21.980350000000023,0.7946499999999951,-21.980350000000023,False,30,False,SONACOMS,False,,
2026-08-10,2600.0,120.19999999999999,2609.7,-41.90705999999998,-6.207059999999977,-41.90705999999998,False,125,False,SRF,False,0.004279873132332135,-0.025564599335091143
2026-08-11,2600.0,108.69999999999999,2585.0,-80.68359999999998,-9.183599999999982,-80.68359999999998,False,125,False,SRF,False,0.01007547025246125,-0.023100793012297505
2026-08-12,2600.0,101.8,2584.3,-30.535659999999996,-3.7856599999999974,-30.535659999999996,False,104,False,SRF,False,,
2026-08-13,2550.0,95.35,2562.0,-24.017739999999897,2.1822600000000056,-24.017739999999897,False,78,False,SRF,False,,
2026-08-14,2600.0,91.19999999999999,2595.7,-19.90597999999999,-5.705979999999986,-19.90597999999999,False,52,False,SRF,False,,
2026-08-17,2600.0,73.6,2613.0,-2.256699999999994,3.793300000000003,-2.256699999999994,False,26,False,SRF,False,,
2026-08-10,1960.0,61.599999999999994,1951.6,-23.5794399999999,2.720560000000014,-23.5794399999999,False,125,False,SUNPHARMA,False,0.008726899383983522,-0.017094455852156076
2026-08-11,1940.0,64.35,1938.9,-18.259819999999987,-4.6598199999999945,-18.259819999999987,False,125,False,SUNPHARMA,False,0.0009234084030165235,-0.03503821884779146
2026-08-12,1940.0,59.95,1935.3,-9.459819999999906,-1.3598199999999974,-9.459819999999906,False,108,False,SUNPHARMA,False,,
2026-08-13,1940.0,58.5,1944.6,-8.005759999999905,0.09424000000000538,-8.005759999999905,False,82,False,SUNPHARMA,False,,
2026-08-14,1940.0,43.650000000000006,1930.3,6.88582000000009,14.98582,6.88582000000009,False,56,False,SUNPHARMA,False,,
2026-08-17,1920.0,37.3,1919.0,-6.690399999999908,2.7096000000000053,-6.690399999999908,False,30,False,SUNPHARMA,False,,
2026-08-10,48.0,3.3,47.93,-2.7206120000000023,-0.45061199999999996,-2.7206120000000023,False,125,False,SUZLON,False,0.007276507276507305,-0.02494802494802506
2026-08-11,48.0,3.34,47.6,-2.6709759999999987,-1.2809760000000001,-2.6709759999999987,False,125,False,SUZLON,False,0.042706131078224185,-0.008456659619450302
2026-08-12,47.0,2.66,47.25,-1.0816200000000025,-0.24162000000000042,-1.0816200000000025,False,112,False,SUZLON,False,,
2026-08-13,47.0,2.45,47.22,-0.8710320000000026,-0.2410320000000004,-0.8710320000000026,False,86,False,SUZLON,False,,
2026-08-14,47.0,2.1500000000000004,47.07,-0.5701920000000027,-0.08019200000000028,-0.5701920000000027,False,60,False,SUZLON,False,,
2026-08-17,47.0,1.9600000000000002,46.95,-0.37966000000000255,0.1103399999999999,-0.37966000000000255,False,34,False,SUZLON,False,,
2026-06-25,240.0,8.85,241.7,2.7229359999999887,12.762936000000002,4.367935999999999,True,125,False,SWIGGY,False,0.034299714169048645,-0.037362188648427996
2026-06-29,240.0,6.25,239.65,-0.0845799999999883,15.385420000000002,3.09042,True,125,False,SWIGGY,False,0.05836106489184689,-0.019342762063227936
2026-06-30,240.0,4.1,238.0,10.398060000000005,17.518060000000002,1.9980599999999997,True,125,False,SWIGGY,True,0.0652292233619427,-0.012978857023236312
2026-07-01,245.0,21.310000000000002,242.73,-2.342811999999997,0.6071879999999917,-2.342811999999997,False,125,False,SWIGGY,True,0.11416666666666653,-0.006208333333333371
2026-07-02,250.0,20.450000000000003,252.17,5.210807999999982,5.210807999999982,5.210807999999982,False,125,False,SWIGGY,True,0.09383345472201987,-0.009994335194626558
2026-07-03,250.0,17.22,251.73,13.894564000000022,14.34456400000001,8.474563999999999,True,125,False,SWIGGY,True,0.13135966669337407,-0.019830141815559754
2026-07-06,245.0,18.32,246.3,4.345199999999994,19.31520000000003,9.0452,True,125,False,SWIGGY,True,0.14938630490956073,-0.012152777777777901
2026-07-07,255.0,16.09,254.65,-8.954931999999989,11.59506800000002,7.980067999999998,True,125,False,SWIGGY,False,0.13871999999999995,-3.999999999992898e-05
2026-07-08,265.0,19.380000000000003,264.18,-0.9060080000000043,1.163991999999996,-0.9060080000000043,False,125,False,SWIGGY,True,0.06946166272211585,-0.03174424283406585
2026-07-09,275.0,17.080000000000002,275.89,1.6397599999999986,5.889759999999998,1.6397599999999986,False,125,False,SWIGGY,False,0.09294736437977491,-0.012400660344761505
2026-07-10,280.0,23.72,281.35,-14.442371999999972,-1.6923720000000015,-14.442371999999972,False,125,False,SWIGGY,False,0.010220014194464166,-0.08715400993612488
2026-07-13,270.0,18.66,267.88,-14.573587999999999,2.3364119999999984,-14.573587999999999,False,125,False,SWIGGY,True,0.038499578739148,-0.057694421041063815
2026-07-14,260.0,20.650000000000002,262.3,-9.289599999999993,2.0904000000000034,-9.289599999999993,False,125,False,SWIGGY,False,0.06183752200456949,-0.036518221656241856
2026-07-15,265.0,18.310000000000002,263.7,-12.786640000000004,0.1733599999999949,-12.786640000000004,False,125,False,SWIGGY,False,0.09586393505991508,-0.0056436026285271446
2026-07-16,275.0,16.36,274.04,-3.9604720000000166,2.7695280000000015,-3.9604720000000166,False,125,False,SWIGGY,False,0.046898079763663114,-0.03618906942392919
2026-07-17,270.0,18.29,270.53,4.096067999999994,4.096067999999994,4.096067999999994,False,125,False,SWIGGY,False,0.030890013940861438,-0.042703059652212105
2026-07-20,275.0,16.130000000000003,274.25,1.166424000000005,13.746423999999989,7.971424000000002,True,125,False,SWIGGY,False,0.0010144927536230863,-0.121340579710145
2026-07-21,270.0,15.45,271.55,-10.008379999999976,9.461619999999993,7.666619999999998,True,125,False,SWIGGY,False,0.007649950109021253,-0.10377323626150259
2026-07-22,270.0,12.379999999999999,270.69,-6.08216400000001,12.537835999999993,6.137836000000001,True,125,False,SWIGGY,False,0.012048192771084265,-0.1009823911028731
2026-07-23,260.0,10.989999999999998,262.42,16.631863999999986,18.811863999999993,5.386864000000001,True,125,False,SWIGGY,False,0.10181818181818181,-0.08140151515151517
2026-07-24,245.0,12.100000000000001,247.4,33.64785199999999,38.61785200000002,5.8878520000000005,True,125,False,SWIGGY,False,0.14374832561521678,-0.0718741628076085
2026-07-27,260.0,4.1899999999999995,257.51,15.243948000000021,31.623948000000027,2.0289479999999998,True,125,False,SWIGGY,True,0.18827037773359856,0.005805168986083631
2026-07-28,265.0,3.5,264.4,19.326359999999998,27.306360000000016,1.67636,True,125,False,SWIGGY,False,0.15923196276183083,-0.005624515128006213
2026-07-29,275.0,25.950000000000003,276.45,-10.166900000000004,-5.186899999999986,-10.166900000000004,False,125,False,SWIGGY,False,0.10582793709528215,0.006438482886216512
2026-07-30,290.0,30.740000000000002,287.83,-28.13335199999999,0.8666479999999938,-28.13335199999999,False,125,False,SWIGGY,False,0.043106457242582996,-0.0328097731239092
2026-07-31,290.0,30.630000000000003,291.01,-7.530584000000003,-4.370584000000006,-7.530584000000003,False,125,False,SWIGGY,True,0.03776794828172858,-0.05716230010207535
2026-08-03,280.0,24.75,279.6,-4.17698,-1.37698,-4.17698,False,125,False,SWIGGY,False,0.07100217711917978,-0.026968185968115566
2026-08-04,285.0,23.950000000000003,287.4,-18.432460000000017,-0.9324600000000014,-18.432460000000017,False,125,False,SWIGGY,False,0.05902777777777768,-0.04513888888888884
2026-08-05,290.0,23.6,291.0,-11.599680000000014,-0.24968000000000565,-11.599680000000014,False,125,False,SWIGGY,False,0.049552649690295825,-0.06022023399862353
2026-08-06,295.0,22.900000000000002,295.1,-6.759339999999981,0.7406599999999978,-6.759339999999981,False,125,False,SWIGGY,False,0.06197771587743728,-0.04909470752089129
2026-08-07,285.0,22.150000000000002,286.6,-18.173080000000024,0.02691999999999793,-18.173080000000024,False,125,False,SWIGGY,False,0.005918189730200085,-0.04926022628372495
2026-08-10,275.0,21.1,275.9,-6.848980000000004,-1.798980000000003,-6.848980000000004,False,125,False,SWIGGY,False,0.014285714285714235,-0.024642857142857078
2026-08-11,275.0,20.200000000000003,275.7,-7.0932400000000015,-1.6932400000000014,-7.0932400000000015,False,125,False,SWIGGY,False,0.01268536716097901,-0.024120064320171553
2026-08-12,280.0,18.300000000000004,278.45,-4.639460000000004,-0.18946000000000499,-4.639460000000004,False,103,False,SWIGGY,False,,
2026-08-13,280.0,16.2,281.0,-2.5335799999999993,0.9164199999999965,-2.5335799999999993,False,77,False,SWIGGY,False,,
2026-08-14,280.0,15.600000000000001,279.65,-1.9319000000000015,-0.3819000000000007,-1.9319000000000015,False,51,False,SWIGGY,False,,
2026-08-17,275.0,13.6,275.2,-9.948159999999987,-0.4481599999999986,-9.948159999999987,False,25,False,SWIGGY,False,,
2026-03-27,430.0,15.650000000000002,425.2,24.942360000000026,24.942360000000026,7.6673599999999995,True,49,False,SYNGENE,False,0.01512625059552164,-0.09480705097665554
2026-03-30,400.0,9.65,398.35,1.043160000000021,1.043160000000021,1.043160000000021,False,24,False,SYNGENE,False,-0.0012180267965895553,-0.07429963459196098
2026-06-25,1100.0,21.550000000000004,1102.5,-4.159060000000096,38.04094,10.665939999999999,True,125,False,TATACONSUM,False,0.04260948905109485,-0.02819343065693436
2026-06-29,1130.0,16.400000000000002,1130.1,-1.6870799999999129,41.212919999999954,8.112919999999999,True,125,False,TATACONSUM,False,0.00989836500220953,-0.05868316394167039
2026-06-30,1080.0,8.7,1082.0,24.083800000000007,55.083800000000004,4.2338,True,125,False,TATACONSUM,False,0.009605026929982108,-0.04389587073608625
2026-07-01,1080.0,66.35,1084.0,-35.123700000000085,-3.7236999999999885,-35.123700000000085,False,125,False,TATACONSUM,False,0.05312208760484616,-0.0008387698042870984
2026-07-02,1090.0,64.35,1089.5,-52.96237999999995,-4.362379999999992,-52.96237999999995,False,125,False,TATACONSUM,False,0.03669724770642202,-0.005229357798165135
2026-07-03,1120.0,57.55,1115.4,-49.13493999999995,1.5150600000000027,-49.13493999999995,False,125,False,TATACONSUM,False,0.019855595667870096,-0.021389891696750984
2026-07-06,1120.0,61.5,1120.5,-45.51728000000005,-6.567280000000001,-45.51728000000005,False,125,False,TATACONSUM,False,0.016918646508279345,-0.02420806335493164
2026-07-07,1110.0,58.25,1114.0,-12.392040000000001,-5.992040000000003,-12.392040000000001,False,125,False,TATACONSUM,False,0.013362030311182993,-0.02762084118016317
2026-07-08,1110.0,49.6,1111.6,-33.78340000000009,1.6666000000000016,-33.78340000000009,False,125,False,TATACONSUM,False,-0.0007135848720006832,-0.03282490411203276
2026-07-09,1100.0,51.1,1101.7,-42.766600000000096,-2.0166000000000013,-42.766600000000096,False,125,False,TATACONSUM,False,0.02541284403669719,-0.008165137614678963
2026-07-10,1110.0,48.35,1111.3,-26.646420000000003,0.8535799999999971,-26.646420000000003,False,125,False,TATACONSUM,False,0.012409420289855033,-0.020742753623188448
2026-07-13,1100.0,48.35,1103.7,-38.11422,-1.3642200000000029,-38.11422,False,125,False,TATACONSUM,False,-0.0011695906432748204,-0.03292847503373808
2026-07-14,1110.0,44.05,1105.5,-27.81898,1.6310199999999972,-27.81898,False,125,False,TATACONSUM,False,0.00798983112402385,-0.024060286907572226
2026-07-15,1090.0,44.05,1093.9,-33.80218,-0.15218,-33.80218,False,125,False,TATACONSUM,False,0.005383211678832156,-0.019251824817518193
2026-07-16,1090.0,47.55,1091.4,-37.01282000000004,-6.762819999999994,-37.01282000000004,False,125,False,TATACONSUM,False,0.014760147601476037,-0.01190036900369007
2026-07-17,1090.0,41.25,1088.0,-28.002740000000003,-1.2527400000000015,-28.002740000000003,False,125,False,TATACONSUM,False,0.022079116835326484,-0.014627414903403912
2026-07-20,1090.0,36.8,1089.5,-18.354839999999953,3.1951600000000013,-18.354839999999953,False,125,False,TATACONSUM,False,0.025991917707567813,-0.0162564290962528
2026-07-21,1090.0,39.650000000000006,1093.5,-27.395460000000007,0.3545399999999929,-27.395460000000007,False,125,False,TATACONSUM,False,0.027813357731015564,-0.02003659652333034
2026-07-22,1080.0,36.0,1079.5,-13.962680000000047,2.9373199999999944,-13.962680000000047,False,125,False,TATACONSUM,False,0.040088880659198356,-0.008332561799833327
2026-07-23,1100.0,36.1,1100.8,16.451359999999994,20.35136,17.801360000000003,True,125,False,TATACONSUM,False,0.024065633546034748,-0.017137648131267058
2026-07-24,1100.0,37.25,1103.5,-27.481740000000002,19.318260000000002,18.49326,True,125,False,TATACONSUM,False,0.011980902621385736,-0.028736149896405605
2026-07-27,1110.0,22.450000000000003,1108.7,-1.571380000000095,30.42862,11.103620000000001,True,125,False,TATACONSUM,False,0.028754578754578874,-0.012637362637362592
2026-07-28,1100.0,13.200000000000001,1102.5,-3.3644000000000025,43.4356,6.5356,True,125,False,TATACONSUM,False,0.007129963898917069,-0.026895306859205714
2026-07-29,1100.0,55.45,1102.3,-47.72710000000001,0.9729000000000056,-47.72710000000001,False,125,False,TATACONSUM,False,0.020147194112235534,-0.006715731370745104
2026-07-30,1100.0,54.050000000000004,1102.6,-42.832980000000006,-1.432980000000007,-42.832980000000006,False,125,False,TATACONSUM,False,0.015476190476190643,-0.011263736263736224
2026-07-31,1090.0,54.65,1090.0,-10.128180000000002,-4.4281799999999985,-10.128180000000002,False,125,False,TATACONSUM,False,0.008584474885844795,-0.013972602739726003
2026-08-03,1090.0,51.650000000000006,1088.9,-44.71421999999996,-2.4142200000000074,-44.71421999999996,False,125,False,TATACONSUM,False,0.020608076887533633,-0.00378892893447913
2026-08-04,1090.0,43.25,1093.5,-26.61785999999991,3.432139999999994,-26.61785999999991,False,125,False,TATACONSUM,False,0.009092562284051642,-0.019821785779232548
2026-08-05,1090.0,45.2,1087.8,-40.14084000000005,0.10916000000000012,-40.14084000000005,False,125,False,TATACONSUM,False,0.02332872291378507,-0.00912863070539427
2026-08-06,1090.0,43.7,1092.5,-14.504400000000004,1.5456,-14.504400000000004,False,125,False,TATACONSUM,False,0.019568213137344914,-0.03141938447404691
2026-08-07,1090.0,42.5,1088.7,-7.267979999999997,2.4320199999999987,-7.267979999999997,False,125,False,TATACONSUM,False,0.020036764705882337,-0.03097426470588238
2026-08-10,1080.0,38.400000000000006,1084.5,-33.5212400000001,2.7787599999999917,-33.5212400000001,False,125,False,TATACONSUM,False,0.02559837353294525,-0.025690786433786084
2026-08-11,1090.0,43.3,1090.7,-28.762120000000046,-2.712119999999997,-28.762120000000046,False,125,False,TATACONSUM,False,0.0033456912921601134,-0.04665882991228876
2026-08-12,1070.0,38.0,1069.5,-10.43382,1.0161800000000027,-10.43382,False,110,False,TATACONSUM,False,,
2026-08-13,1060.0,39.3,1063.7,-25.249520000000043,-2.14952,-25.249520000000043,False,84,False,TATACONSUM,False,,
2026-08-14,1090.0,34.35,1089.9,-18.889579999999956,-0.0395799999999987,-18.889579999999956,False,58,False,TATACONSUM,False,,
2026-08-17,1080.0,30.75,1076.9,-25.251499999999957,-0.6015000000000001,-25.251499999999957,False,32,False,TATACONSUM,False,,
2026-08-10,3800.0,204.7,3796.9,-178.44819999999999,-8.298199999999976,-178.44819999999999,False,125,False,TATAELXSI,False,0.020370370370370372,-0.025132275132275117
2026-08-11,3800.0,190.14999999999998,3807.8,-155.87985999999998,-3.1798599999999544,-155.87985999999998,False,125,False,TATAELXSI,False,0.007773109243697451,-0.03230042016806722
2026-08-12,3800.0,182.05,3780.0,-93.70894000000018,-17.908940000000005,-93.70894000000018,False,109,False,TATAELXSI,False,,
2026-08-13,3750.0,171.85,3752.0,-133.34038000000018,-2.3403799999999713,-133.34038000000018,False,83,False,TATAELXSI,False,,
2026-08-14,3750.0,155.89999999999998,3765.5,-117.34572000000016,4.204280000000029,-117.34572000000016,False,57,False,TATAELXSI,False,,
2026-08-17,3750.0,143.14999999999998,3729.8,-104.56002000000015,-5.7600199999999715,-104.56002000000015,False,31,False,TATAELXSI,False,,
2026-06-25,395.0,9.399999999999999,393.5,5.083219999999978,10.68322,4.63322,True,125,False,TATAPOWER,False,0.009948979591836604,-0.04515306122448981
2026-06-29,385.0,4.85,387.45,2.7652800000000006,15.265279999999999,2.3902799999999997,True,125,False,TATAPOWER,False,0.004116285052739865,-0.03704656547465901
2026-07-01,385.0,20.450000000000003,384.9,-11.631900000000003,-0.38190000000000424,-11.631900000000003,False,125,False,TATAPOWER,False,0.0018118286527759597,-0.03261291574996772
2026-07-02,375.0,20.0,375.95,-3.4523400000000013,-0.5023400000000021,-3.4523400000000013,False,125,False,TATAPOWER,False,0.01679328268692526,-0.013461282153805043
2026-07-03,380.0,19.450000000000003,377.6,-3.3495400000000037,-0.6495400000000042,-3.3495400000000037,False,125,False,TATAPOWER,False,0.013147410358565814,-0.0169986719787516
2026-07-06,375.0,19.35,375.3,-15.115940000000023,-0.9159400000000013,-15.115940000000023,False,125,False,TATAPOWER,False,0.02052785923753664,-0.013329778725673203
2026-07-07,380.0,18.950000000000003,378.2,-16.410060000000016,-1.9600600000000057,-16.410060000000016,False,125,False,TATAPOWER,False,0.013502779984114532,-0.02012178978024881
2026-07-08,375.0,18.35,376.0,-14.113140000000024,-0.1131400000000042,-14.113140000000024,False,125,False,TATAPOWER,False,0.01511535401750197,-0.01856271546009014
2026-07-09,375.0,17.950000000000003,373.7,-10.171960000000015,-0.8719600000000043,-10.171960000000015,False,125,False,TATAPOWER,False,0.03272532188841204,-0.00147532188841204
2026-07-10,380.0,17.45,378.1,-13.609499999999999,-1.5094999999999992,-13.609499999999999,False,125,False,TATAPOWER,False,0.02473404255319145,-0.0038563829787233717
2026-07-13,380.0,15.5,379.4,-1.7817599999999993,-0.08176000000000001,-1.7817599999999993,False,125,False,TATAPOWER,False,0.011020729467331458,-0.017187090002623973
2026-07-14,375.0,17.650000000000002,377.3,-7.328260000000004,-2.2282600000000023,-7.328260000000004,False,125,False,TATAPOWER,False,0.01984126984126977,-0.009126984126984095
2026-07-15,380.0,15.3,379.4,-3.2265800000000002,-1.07658,-3.2265800000000002,False,125,False,TATAPOWER,False,0.028079470198675516,-0.00596026490066226
2026-07-16,385.0,13.0,382.95,-5.507260000000023,0.8427400000000004,-5.507260000000023,False,125,False,TATAPOWER,False,0.01983970568913418,-0.013927210616213381
2026-07-17,375.0,15.200000000000001,376.0,-6.3672,-1.017200000000001,-6.3672,False,125,False,TATAPOWER,False,0.028488140983172094,-0.008877699748244372
2026-07-20,380.0,13.399999999999999,379.25,-10.894380000000021,0.8556200000000022,-10.894380000000021,False,125,False,TATAPOWER,False,0.0294429708222812,-0.01485411140583559
2026-07-21,385.0,15.65,385.5,-4.923780000000025,-2.623780000000013,-4.923780000000025,False,125,False,TATAPOWER,False,0.009362808842652948,-0.03407022106631996
2026-07-22,380.0,12.95,378.8,-4.958520000000023,-0.8585199999999988,-4.958520000000023,False,125,False,TATAPOWER,False,0.0056378654779074555,-0.035400550675232734
2026-07-23,375.0,11.3,377.35,5.521319999999998,6.421319999999996,5.571320000000002,True,125,False,TATAPOWER,False,0.014684482074348582,-0.026723111522688137
2026-07-24,375.0,9.35,374.0,-5.28738000000001,8.412619999999997,4.637619999999999,True,125,False,TATAPOWER,False,0.01940457203615109,-0.022195640616693213
2026-07-27,375.0,6.8999999999999995,377.35,-0.28765999999999914,10.862339999999998,3.4123400000000004,True,125,False,TATAPOWER,False,0.022666666666666613,-0.019066666666666565
2026-07-28,375.0,7.85,374.1,-0.9910199999999993,9.908979999999998,3.883979999999999,True,125,False,TATAPOWER,False,0.012407602956705288,-0.028907074973600788
2026-07-29,370.0,18.9,371.85,-9.08036,-5.280359999999988,-9.08036,False,125,False,TATAPOWER,False,0.03557951482479771,-0.0026954177897574594
2026-07-30,375.0,18.25,377.0,-12.46720000000001,-1.3172,-12.46720000000001,False,125,False,TATAPOWER,False,0.01950378134536268,-0.00689929680244139
2026-07-31,380.0,16.1,379.2,-1.83498,0.015019999999997868,-1.83498,False,125,False,TATAPOWER,False,0.021808510638297918,0.0030585106382978733
2026-08-03,380.0,16.0,381.75,-1.9840000000000022,-0.6340000000000007,-1.9840000000000022,False,125,False,TATAPOWER,False,0.008928571428571397,-0.00945378151260512
2026-08-04,380.0,15.25,381.15,-2.1293800000000007,-0.2793799999999993,-2.1293800000000007,False,125,False,TATAPOWER,False,0.007209332809018143,-0.011141696159391756
2026-08-05,380.0,12.25,382.35,0.03140000000000143,2.4814000000000007,0.03140000000000143,False,125,False,TATAPOWER,False,0.0059055118110236116,-0.009973753280839937
2026-08-06,380.0,14.25,378.4,-2.2234999999999987,0.4765000000000007,-2.2234999999999987,False,125,False,TATAPOWER,False,0.004725029531434499,-0.017981362383514776
2026-08-07,380.0,14.55,378.1,-2.6240600000000005,-0.12406000000000071,-2.6240600000000005,False,125,False,TATAPOWER,False,0.010559662090813049,-0.0124076029567054
2026-08-10,380.0,15.0,381.6,-11.90054,-1.4005399999999997,-11.90054,False,125,False,TATAPOWER,False,0.022390991226921342,-0.02029592772030897
2026-08-11,380.0,12.75,379.8,-3.1624399999999997,0.08756000000000036,-3.1624399999999997,False,125,False,TATAPOWER,False,0.02628811777076767,-0.016561514195583493
2026-08-12,380.0,12.85,378.15,-4.010619999999999,-0.8106199999999982,-4.010619999999999,False,106,False,TATAPOWER,False,,
2026-08-13,380.0,11.899999999999999,379.55,-3.0579599999999982,0.09204000000000212,-3.0579599999999982,False,80,False,TATAPOWER,False,,
2026-08-14,380.0,11.149999999999999,380.4,-2.3058599999999982,-0.00585999999999752,-2.3058599999999982,False,54,False,TATAPOWER,False,,
2026-08-17,380.0,11.35,380.3,-2.5064199999999994,-1.3064199999999981,-2.5064199999999994,False,28,True,TATAPOWER,False,,
2026-06-25,190.0,4.26,190.09,-2.5764079999999887,0.6335919999999915,-2.5764079999999887,False,125,False,TATASTEEL,False,0.005890086773599812,-0.028661582960820442
2026-06-29,190.0,3.05,189.82,7.043376000000001,7.423376000000002,1.4883759999999995,True,125,False,TATASTEEL,False,0.023712269906105865,-0.02021112938305658
2026-06-30,187.5,3.17,188.05,-1.0944480000000019,8.095552000000001,1.570552,True,125,False,TATASTEEL,False,0.01621906266456019,-0.02738283307003697
2026-07-01,187.5,11.649999999999999,188.19,-2.0493879999999987,-0.5093879999999975,-2.0493879999999987,False,125,False,TATASTEEL,False,0.023223753976670203,-0.02067868504772008
2026-07-02,187.5,11.05,186.64,-1.896448,-0.40644799999999964,-1.896448,False,125,False,TATASTEEL,False,0.04319152386615488,0.0008108546407912254
2026-07-03,192.5,9.82,191.8,-7.852816000000006,0.6971840000000005,-7.852816000000006,False,125,False,TATASTEEL,False,0.023712269906105865,-0.01055646915283004
2026-07-06,190.0,10.8,190.39,-7.798472000000014,-0.6884720000000003,-7.798472000000014,False,125,False,TATASTEEL,False,0.016833245660178964,-0.01883219358232502
2026-07-07,190.0,10.61,189.69,-9.29320800000001,-0.9532079999999982,-9.29320800000001,False,125,False,TATASTEEL,False,0.013633980073413765,-0.02779234399580488
2026-07-08,187.5,9.99,188.45,-1.7309599999999996,-0.28095999999999866,-1.7309599999999996,False,125,False,TATASTEEL,False,0.01951476793248963,-0.02215189873417711
2026-07-09,187.5,9.41,187.57,-7.322004000000001,-0.12200399999999985,-7.322004000000001,False,125,False,TATASTEEL,False,0.02562742080967806,-0.019419536265718684
2026-07-10,190.0,8.7,190.4,-4.924748000000002,0.48525200000000135,-4.924748000000002,False,125,False,TATASTEEL,False,0.028848200979348704,-0.016340217159889203
2026-07-13,187.5,9.1,186.86,-2.992419999999999,0.16758000000000084,-2.992419999999999,False,125,False,TATASTEEL,False,-0.004393535226737799,-0.04069250483811915
2026-07-14,187.5,9.32,188.55,-4.18032,-0.6303199999999999,-4.18032,False,125,False,TATASTEEL,False,0.016935570039534165,-0.02014104070947753
2026-07-15,187.5,10.12,187.98,-5.540991999999998,-1.880991999999998,-5.540991999999998,False,125,False,TATASTEEL,False,0.003125993430115548,-0.028239906750026522
2026-07-16,185.0,8.8,185.28,-4.865476000000001,-0.865476,-4.865476000000001,False,125,False,TATASTEEL,False,0.015439429928741033,-0.009879075793565173
2026-07-17,185.0,7.81,186.09,-5.577915999999986,-0.537915999999999,-5.577915999999986,False,125,False,TATASTEEL,False,0.01243339253996445,-0.012810162010872483
2026-07-20,187.5,6.459999999999999,186.85,-3.655731999999992,-0.45573199999999886,-3.655731999999992,False,125,False,TATASTEEL,False,0.012651413189771255,-0.024495289367429396
2026-07-21,187.5,5.42,187.06,-1.954667999999996,0.565332000000014,-1.954667999999996,False,125,False,TATASTEEL,False,0.008579088471849738,-0.028418230563002744
2026-07-22,187.5,5.22,186.82,-2.3324840000000084,0.7675160000000143,-2.3324840000000084,False,125,False,TATASTEEL,False,0.003683929524826546,-0.03256807261078498
2026-07-23,185.0,3.7699999999999996,185.44,-0.7986479999999958,7.311352000000002,1.8663519999999998,True,125,False,TATASTEEL,False,0.014409376848217637,-0.025754072799612948
2026-07-24,182.5,4.1,182.64,0.19670399999998825,1.586704000000003,0.19670399999998825,False,125,False,TATASTEEL,False,0.026004343105320515,-0.016286644951140072
2026-07-27,185.0,3.3599999999999994,184.57,2.00578000000001,7.715780000000002,1.6557799999999996,True,125,False,TATASTEEL,False,0.04974008207934344,-0.004049247606019213
2026-07-29,185.0,11.91,184.49,-6.109448000000011,-0.8594479999999987,-6.109448000000011,False,125,False,TATASTEEL,False,0.05795516675779111,0.0007654455986876307
2026-07-30,187.5,11.2,188.09,-6.574155999999989,-0.3241559999999976,-6.574155999999989,False,125,False,TATASTEEL,False,0.03172487336710206,-0.007731271660890493
2026-07-31,187.5,9.42,186.92,-7.132592000000012,-0.1825920000000003,-7.132592000000012,False,125,False,TATASTEEL,False,0.03561687790790957,-0.003636558104711529
2026-08-03,190.0,9.11,190.49,-6.622283999999994,-0.3022839999999996,-6.622283999999994,False,125,False,TATASTEEL,False,0.019747235387045814,-0.016587677725118488
2026-08-04,192.5,8.82,192.3,-7.139203999999998,-0.04920399999999958,-7.139203999999998,False,125,False,TATASTEEL,False,0.024278006981910627,-0.012218343383053054
2026-08-05,192.5,8.489999999999998,191.56,-3.3978560000000084,0.2721440000000023,-3.3978560000000084,False,125,False,TATASTEEL,False,0.019210526315789567,-0.017105263157894735
2026-08-06,192.5,9.35,192.3,-1.8470399999999936,-0.6370399999999874,-1.8470399999999936,False,125,False,TATASTEEL,False,0.0071774067717271794,-0.04509283819628651
2026-08-07,190.0,9.36,189.45,-3.6420559999999855,-0.7420559999999994,-3.6420559999999855,False,125,False,TATASTEEL,False,0.014504219409282593,-0.032383966244725615
2026-08-10,190.0,8.2,189.2,-1.8206559999999887,1.0093439999999936,-1.8206559999999887,False,125,False,TATASTEEL,False,0.023519395519608244,-0.042196562549885686
2026-08-11,190.0,8.03,190.07,-4.073375999999995,1.1866239999999935,-4.073375999999995,False,125,False,TATASTEEL,False,0.0022088987062165444,-0.05332912590722616
2026-08-12,187.5,7.569999999999999,188.6,-5.915619999999999,-0.2256199999999984,-5.915619999999999,False,107,False,TATASTEEL,False,,
2026-08-13,185.0,7.89,185.57,-2.865979999999999,-0.6559799999999992,-2.865979999999999,False,81,False,TATASTEEL,False,,
2026-08-14,182.5,7.569999999999999,182.79,-4.479652,-0.6796519999999995,-4.479652,False,55,False,TATASTEEL,False,,
2026-08-17,182.5,6.1899999999999995,182.49,-3.095788,-0.5557879999999994,-3.095788,False,29,False,TATASTEEL,False,,
2026-06-25,2120.0,47.7,2118.3,-33.074719999999914,90.02527999999998,23.675280000000008,True,125,False,TCS,False,0.0196478572445542,-0.0618385458687295
2026-06-29,2080.0,35.05,2085.1,91.5464,103.69640000000003,17.071399999999997,True,125,False,TCS,False,0.009876425401975197,-0.056825230211365096
2026-06-30,2060.0,24.0,2063.9,-10.305559999999911,116.14444,11.89444,True,125,False,TCS,False,0.011468985950492172,-0.05533785721112494
2026-07-01,2040.0,154.3,2048.9,-96.09639999999992,-4.796399999999989,-96.09639999999992,False,125,False,TCS,False,0.04412198721101812,-0.027643876045253313
2026-07-02,2040.0,137.75,2037.0,-125.27153999999999,4.628460000000011,-125.27153999999999,False,125,False,TCS,True,0.07098890010090808,0.01034308779011095
2026-07-03,2100.0,133.55,2105.1,-121.85754000000018,-0.40753999999999946,-121.85754000000018,False,125,False,TCS,False,0.02501327925056729,-0.026510212950890955
2026-07-06,2080.0,132.39999999999998,2080.7,-116.21692000000016,-0.7669199999999654,-116.21692000000016,False,125,False,TCS,False,0.021695402298850697,-0.03448275862068961
2026-07-07,2080.0,133.85,2073.9,10.269779999999983,10.269779999999983,10.269779999999983,False,125,False,TCS,True,0.07085964060223415,-0.020883924235065576
2026-07-08,2100.0,124.6,2098.9,-44.3748399999999,6.17516,-44.3748399999999,False,125,False,TCS,True,0.06302781621260545,-0.038122047807624404
2026-07-09,2020.0,135.64999999999998,2027.0,47.05637999999982,68.35638,66.93137999999999,True,125,False,TCS,True,0.08176344921343959,-0.0211691590600116
2026-07-10,2080.0,104.14999999999999,2087.8,48.229979999999806,48.229979999999806,48.229979999999806,False,125,False,TCS,False,0.08372996600291405,0.0027197668771248296
2026-07-13,2100.0,97.6,2096.7,61.08067999999998,73.58067999999999,48.08067999999998,True,125,False,TCS,False,0.10014991053726008,-0.0013540306591228735
2026-07-14,2220.0,94.39999999999999,2225.0,-61.25784000000008,-0.4578399999999799,-61.25784000000008,False,125,False,TCS,False,0.04647112740604964,-0.016773602199816606
2026-07-15,2180.0,84.65,2180.9,-53.37522000000019,6.92478,-53.37522000000019,False,125,False,TCS,False,0.03932635411925367,-0.023486572598998556
2026-07-16,2200.0,83.69999999999999,2203.7,-35.17099999999999,-3.170999999999983,-35.17099999999999,False,125,False,TCS,False,0.044078646547782485,0.0003657978966622455
2026-07-17,2240.0,74.1,2233.2,-23.549719999999997,8.650280000000015,-23.549719999999997,False,125,False,TCS,False,0.03814503296203697,-0.002682427824505562
2026-07-20,2260.0,79.9,2259.5,-50.50659999999983,-5.706600000000006,-50.50659999999983,False,125,False,TCS,False,0.008123620309050894,-0.03152317880794708
2026-07-21,2260.0,69.69999999999999,2253.6,32.71700000000002,32.71700000000002,32.71700000000002,False,125,False,TCS,False,0.02843180808529544,-0.025499777876499374
2026-07-22,2220.0,59.3,2211.7,149.24820000000005,149.24820000000005,28.898199999999992,True,125,False,TCS,False,0.0894096439837766,-0.011446597566471373
2026-07-23,2200.0,52.5,2195.0,218.6913999999998,218.6913999999998,25.3414,True,125,False,TCS,False,0.1216583597643861,-0.006071590394200355
2026-07-24,2240.0,56.3,2248.4,52.93548000000019,186.53548000000006,27.68547999999999,True,125,False,TCS,False,0.1119033825036766,-0.01729132314274262
2026-07-27,2280.0,20.150000000000002,2289.8,93.37494,182.77494000000007,9.69994,True,125,False,TCS,False,0.10879032974846692,0.009865789707581563
2026-07-28,2360.0,24.35,2363.0,88.86401999999983,109.76402,11.789020000000004,True,125,False,TCS,False,0.08667247386759591,0.011759581881533032
2026-07-29,2420.0,138.0,2429.4,-98.59783999999999,-1.0478400000000114,-98.59783999999999,False,125,False,TCS,False,0.040450375312760745,-0.0299833194328607
2026-07-30,2480.0,135.14999999999998,2472.2,-69.5134999999998,4.486500000000011,-69.5134999999998,False,125,False,TCS,False,0.02254098360655732,-0.046680327868852456
2026-07-31,2340.0,143.1,2349.8,-108.19951999999999,-9.9995200000002,-108.19951999999999,False,125,False,TCS,False,0.013305954825462152,-0.044722792607802875
2026-08-03,2400.0,128.85,2394.0,-83.23958000000017,-0.8395799999999938,-83.23958000000017,False,125,False,TCS,False,0.042592749091523885,0.0008028395166062019
2026-08-04,2440.0,126.49999999999999,2439.4,-25.588259999999973,-4.98825999999998,-25.588259999999973,False,125,False,TCS,False,0.009346938775510294,-0.033265306122448934
2026-08-05,2440.0,117.9,2439.6,-23.59556,1.1044400000000028,-23.59556,False,125,False,TCS,False,0.0119076847532531,-0.030812668794500397
2026-08-06,2400.0,116.3,2409.9,-53.10371999999981,1.9462800000000022,-53.10371999999981,False,125,False,TCS,False,0.024526660314040827,-0.04706467249451052
2026-08-07,2420.0,118.1,2426.5,-56.70371999999999,-0.6037200000000796,-56.70371999999999,False,125,False,TCS,False,0.04122105263157905,-0.031536842105263196
2026-08-10,2460.0,113.4,2458.8,-6.11936,43.98063999999988,-6.11936,False,125,False,TCS,False,0.007291242362525541,-0.0630957230142567
2026-08-11,2440.0,103.05,2444.9,19.1179000000001,34.31789999999989,19.1179000000001,False,125,False,TCS,False,0.010364399111622902,-0.054001809656987865
2026-08-12,2440.0,97.55,2438.0,52.45518000000016,52.45518000000016,48.08017999999999,True,106,False,TCS,False,,
2026-08-13,2340.0,99.44999999999999,2348.8,-49.170139999999805,-6.320139999999978,-49.170139999999805,False,80,False,TCS,False,,
2026-08-14,2360.0,82.35,2363.8,-12.078259999999807,0.37174000000001084,-12.078259999999807,False,54,False,TCS,False,,
2026-08-17,2320.0,79.75,2329.4,-49.35897999999982,-3.908979999999995,-49.35897999999982,False,28,False,TCS,False,,
2026-08-10,1660.0,73.6,1659.0,-40.698760000000036,0.9512400000000143,-40.698760000000036,False,125,False,TECHM,False,0.01653649011471825,-0.014888943129118815
2026-08-11,1640.0,81.05,1649.8,-49.56569999999991,-11.765699999999988,-49.56569999999991,False,125,False,TECHM,False,0.017340686274509798,-0.017034313725490136
2026-08-12,1660.0,68.05,1653.6,-18.47997999999999,-4.929979999999994,-18.47997999999999,False,103,False,TECHM,False,,
2026-08-13,1640.0,63.150000000000006,1645.2,-33.51026000000001,-1.4102600000000056,-33.51026000000001,False,77,False,TECHM,False,,
2026-08-14,1620.0,57.39999999999999,1628.4,-47.688159999999996,-0.2381599999999829,-47.688159999999996,False,51,False,TECHM,False,,
2026-08-17,1620.0,47.2,1616.9,-37.4596,2.5904,-37.4596,False,25,False,TECHM,False,,
2026-06-25,3160.0,92.94999999999999,3162.4,103.8367399999998,111.53674000000008,45.661739999999995,True,125,False,TIINDIA,False,0.00907911802853456,-0.05308278763721486
2026-06-30,3000.0,42.1,2999.0,149.94284,159.84284000000002,20.392840000000003,True,125,False,TIINDIA,False,0.029859099288912283,-0.036937055570186894
2026-07-02,3080.0,216.39999999999998,3089.6,-45.48724000000009,4.562760000000006,-45.48724000000009,False,125,False,TIINDIA,False,0.012394822006472461,-0.06770226537216828
2026-07-10,3000.0,175.6,2949.5,40.79959999999989,42.8995999999998,40.79959999999989,False,125,False,TIINDIA,False,0.03337788286899013,-0.033069463006750954
2026-07-24,2850.0,86.3,2802.1,0.5142000000000992,142.46419999999998,42.664199999999994,True,125,False,TIINDIA,False,0.02528279139037637,-0.054785291301726935
2026-07-28,2850.0,42.24999999999999,2785.5,56.653940000000105,186.60394,20.728939999999994,True,125,False,TIINDIA,False,0.01781188397634459,-0.061672768234300235
2026-07-29,2850.0,234.3,2832.2,-129.65144000000018,-10.501440000000011,-129.65144000000018,False,125,False,TIINDIA,False,0.01407751498173826,-0.054785291301726935
2026-07-31,2700.0,213.0,2718.4,-148.57867999999982,-3.9286799999999777,-148.57867999999982,False,125,False,TIINDIA,False,0.051597325408618167,-0.0011144130757800852
2026-08-05,2800.0,197.25,2791.9,-168.0854599999999,21.114539999999998,-168.0854599999999,False,125,False,TIINDIA,False,0.03419427903408456,0.0017900851203740409
2026-08-07,2750.0,179.55,2762.4,-1.4040800000000058,23.745919999999998,-1.4040800000000058,False,125,False,TIINDIA,False,0.030126582278481084,-0.013743218806509971
2026-08-10,2800.0,191.55,2786.0,-112.90838000000001,6.891619999999977,-112.90838000000001,False,125,False,TIINDIA,False,0.02845278931215023,-0.03051092254919663
2026-08-11,2800.0,188.2,2785.3,-136.0745199999999,8.525480000000016,-136.0745199999999,False,125,False,TIINDIA,False,0.011470170454545459,-0.046519886363636354
2026-08-12,2750.0,155.7,2757.8,2.718280000000079,30.21828000000002,2.718280000000079,False,106,False,TIINDIA,True,,
2026-08-13,2850.0,183.25,2826.9,-124.6288599999999,-20.328860000000205,-124.6288599999999,False,80,False,TIINDIA,False,,
2026-08-14,2750.0,175.64999999999998,2752.0,-17.28757999999991,-0.6375799999999888,-17.28757999999991,False,54,False,TIINDIA,False,,
2026-08-17,2700.0,112.19999999999999,2686.3,96.20008000000009,96.20008000000009,55.20007999999999,True,28,False,TIINDIA,False,,
2026-08-10,5000.0,223.0,5008.0,-156.41284,-28.06284,-156.41284,False,125,False,TITAN,False,0.0453074433656957,-0.011690938511326854
2026-08-11,5150.0,180.25,5135.0,-124.11346000000036,-1.0134599999999934,-124.11346000000036,False,125,False,TITAN,False,0.01333333333333342,-0.02117647058823524
2026-08-12,5100.0,160.85,5086.2,-114.33197999999926,-0.5319799999999907,-114.33197999999926,False,107,False,TITAN,False,,
2026-08-13,5050.0,162.1,5030.0,-49.72041999999999,-8.820419999999983,-49.72041999999999,False,81,False,TITAN,False,,
2026-08-14,5050.0,146.1,5074.6,-33.67561999999999,-3.775619999999983,-33.67561999999999,False,55,False,TITAN,False,,
2026-08-17,5100.0,136.1,5098.9,-89.51267999999926,-6.662680000000008,-89.51267999999926,False,29,False,TITAN,False,,
2026-06-25,360.0,10.2,358.4,6.923560000000011,6.923560000000011,5.02356,True,125,False,TMPV,False,0.031621118901130396,-0.017599084275289667
2026-06-29,355.0,7.1,352.8,5.096100000000021,17.5961,3.496099999999999,True,125,False,TMPV,False,0.01106382978723408,-0.03262411347517735
2026-06-30,345.0,6.3999999999999995,344.5,15.2216,18.221600000000002,3.1216000000000004,True,125,False,TMPV,False,0.031548480463096995,-0.013024602026049159
2026-07-01,350.0,25.75,350.2,-15.201640000000001,-0.051640000000002836,-15.201640000000001,False,125,False,TMPV,False,0.007959067652075102,-0.030699260943718
2026-07-02,350.0,23.900000000000002,348.4,-7.612560000000004,-0.41256000000000426,-7.612560000000004,False,125,False,TMPV,False,0.009629203794193852,-0.04929577464788726
2026-07-03,345.0,22.05,342.7,-12.538340000000014,1.261659999999998,-12.538340000000014,False,125,False,TMPV,False,0.006783085582335202,-0.04748159907634575
2026-07-06,345.0,22.200000000000003,342.65,-13.835539999999993,0.064459999999995,-13.835539999999993,False,125,False,TMPV,False,0.012481857764876647,-0.0420899854862119
2026-07-07,345.0,20.05,346.9,-14.122659999999978,1.3773399999999991,-14.122659999999978,False,125,False,TMPV,False,0.00489772399884747,-0.04926534140017291
2026-07-08,340.0,19.450000000000003,339.25,-13.820139999999991,1.1298599999999956,-13.820139999999991,False,125,False,TMPV,False,0.005995028512940426,-0.03494662962421402
2026-07-09,335.0,19.5,333.5,-3.050660000000003,0.39934000000000003,-3.050660000000003,False,125,False,TMPV,False,0.03505340755227926,-0.007070859034150834
2026-07-10,335.0,19.55,335.3,-17.06160000000002,-0.21160000000000206,-17.06160000000002,False,125,False,TMPV,False,0.03614457831325302,-0.0036144578313253017
2026-07-13,335.0,19.050000000000004,336.45,-5.192120000000005,-0.4921200000000057,-5.192120000000005,False,125,False,TMPV,False,0.018957345971563955,-0.021919431279620927
2026-07-14,340.0,18.45,338.9,-15.061039999999988,-0.6610400000000014,-15.061039999999988,False,125,False,TMPV,False,-0.008005822416302766,-0.038719068413391566
2026-07-15,335.0,18.300000000000004,334.2,-15.459080000000004,-0.7090800000000057,-15.459080000000004,False,125,False,TMPV,False,0.01800720288115243,-0.009003601440576214
2026-07-16,335.0,17.0,336.9,-9.41874,-0.1187400000000007,-9.41874,False,125,False,TMPV,False,0.01541685376440638,-0.020805268672354438
2026-07-17,330.0,16.2,332.35,-6.173360000000012,-0.07335999999999997,-6.173360000000012,False,125,False,TMPV,False,0.016711833785004293,-0.02499247214694378
2026-07-20,335.0,14.4,335.85,-7.010899999999989,1.6890999999999983,-7.010899999999989,False,125,False,TMPV,False,0.006408345752608069,-0.05141579731743662
2026-07-21,335.0,14.0,336.45,-3.4187400000000014,2.0812599999999986,-3.4187400000000014,False,125,False,TMPV,False,0.004611722701576726,-0.05310919369235356
2026-07-22,330.0,11.2,332.0,12.103399999999999,12.103399999999999,5.503399999999998,True,125,False,TMPV,False,0.002096436058700357,-0.0468703204552261
2026-07-23,325.0,6.35,327.25,-1.6307999999999767,17.269199999999998,3.1441999999999988,True,125,False,TMPV,False,0.008236729713239743,-0.029133618059792643
2026-07-24,320.0,6.25,319.8,10.336159999999998,10.336159999999998,3.06116,True,125,False,TMPV,False,0.033153430994602884,-0.018504240555127227
2026-07-27,325.0,4.85,327.45,16.27734000000001,18.727339999999998,2.35234,True,125,False,TMPV,False,0.055401234567901136,-0.0037037037037036535
2026-07-28,325.0,3.2,324.25,20.92356000000001,20.92356000000001,1.5235600000000005,True,125,False,TMPV,False,0.07007633587786266,-0.014351145038167923
2026-07-29,330.0,24.65,327.75,-6.320399999999989,-1.3203999999999994,-6.320399999999989,False,125,False,TMPV,False,0.07980280388229843,0.0024649514712680176
2026-07-30,330.0,21.950000000000003,329.85,-5.357939999999993,1.192059999999997,-5.357939999999993,False,125,False,TMPV,False,0.07241536359495959,-0.003947168665553447
2026-07-31,335.0,23.1,336.75,-14.189599999999981,0.060399999999998524,-14.189599999999981,False,125,False,TMPV,False,0.054643177067781545,-0.0011943863839951607
2026-08-03,345.0,22.85,346.3,-1.9725000000000015,-0.42250000000000426,-1.9725000000000015,False,125,False,TMPV,False,0.03943496174220118,0.009417304296645002
2026-08-04,345.0,22.900000000000002,346.5,-2.3716600000000034,-0.6716600000000043,-2.3716600000000034,False,125,False,TMPV,False,0.018454440599769306,-0.010957324106113053
2026-08-05,350.0,21.900000000000002,352.25,-19.168880000000023,0.48111999999999366,-19.168880000000023,False,125,False,TMPV,False,0.023471457548536634,-0.00608519269776886
2026-08-06,345.0,22.200000000000003,346.8,-19.76887999999998,-0.3188800000000036,-19.76887999999998,False,125,False,TMPV,False,0.013264129181083995,-0.03633217993079596
2026-08-07,345.0,21.05,343.75,-18.01734000000001,0.3326599999999986,-18.01734000000001,False,125,False,TMPV,False,0.023435225618631872,-0.02707423580786028
2026-08-10,350.0,21.35,350.3,-2.71199999999998,-0.7620000000000058,-2.71199999999998,False,125,False,TMPV,False,0.01633420063602209,-0.04885805145995947
2026-08-11,345.0,20.700000000000003,346.35,-6.896600000000004,-0.3966000000000043,-6.896600000000004,False,125,False,TMPV,False,0.015160265665607797,-0.04995668495524119
2026-08-12,350.0,19.700000000000003,350.25,-0.11003999999999292,0.989959999999973,-0.11003999999999292,False,103,False,TMPV,False,,
2026-08-13,345.0,18.800000000000004,345.1,-4.193519999999994,0.3564799999999957,-4.193519999999994,False,77,False,TMPV,False,,
2026-08-14,335.0,15.4,332.85,-10.755999999999988,-1.7560000000000011,-10.755999999999988,False,51,False,TMPV,False,,
2026-08-17,330.0,12.05,331.0,-1.8123,-1.3123,-1.8123,False,25,False,TMPV,False,,
2026-08-10,4950.0,230.3,4947.5,-135.31308,-21.563080000000006,-135.31308,False,125,False,TORNTPHARM,False,0.0067704122877929596,-0.024959579628132555
2026-08-11,4900.0,213.45,4875.5,-71.54749999999999,-15.047499999999983,-71.54749999999999,False,125,False,TORNTPHARM,False,0.00528831485813086,-0.020848164344554054
2026-08-12,4850.0,166.75,4844.0,-49.646739999999994,22.20326,-49.646739999999994,False,106,False,TORNTPHARM,False,,
2026-08-17,4850.0,146.1,4838.0,-28.93891999999999,-4.48892,-28.93891999999999,False,28,False,TORNTPHARM,False,,
2026-06-25,3280.0,88.94999999999999,3275.3,-28.070419999999892,163.27957999999998,44.054579999999994,True,125,False,TRENT,False,0.027303439803439744,-0.015171990171990224
2026-06-29,3280.0,40.0,3288.0,31.088360000000005,212.33835999999997,19.68836,True,125,False,TRENT,False,0.05764683922349412,0.0033909905425584252
2026-06-30,3260.0,42.95,3251.0,155.77169999999998,206.3717,20.79670000000001,True,125,False,TRENT,False,0.04109630990659929,-0.0070739549839228255
2026-07-01,3260.0,246.85,3269.5,99.78386000000008,99.78386000000008,99.78386000000008,False,125,False,TRENT,False,0.03963181554080908,-0.10706094614843575
2026-07-02,3260.0,234.14999999999998,3269.9,72.23254,122.53254000000018,115.55753999999999,True,125,False,TRENT,False,0.034916286149162756,-0.11951293759512938
2026-07-03,3340.0,242.6,3341.4,167.56739999999988,193.76740000000015,119.46739999999998,True,125,False,TRENT,False,0.025550527903469122,-0.12748114630467566
2026-07-06,3350.0,246.0,3351.5,206.83804000000006,206.83804000000006,121.03804,True,125,False,TRENT,False,0.007485029940119681,-0.13401197604790416
2026-07-07,3060.0,250.10000000000002,3060.5,-72.40092000000004,-72.40092000000004,-72.40092000000004,False,125,False,TRENT,False,-0.07787192000239507,-0.14298973084638178
2026-07-08,2920.0,183.6,2911.6,-155.59388000000018,-6.293879999999988,-155.59388000000018,False,125,False,TRENT,False,0.022191020855450327,-0.022225266258004917
2026-07-09,2950.0,166.14999999999998,2952.0,-100.40085999999997,-4.100859999999988,-100.40085999999997,False,125,False,TRENT,False,0.013752993499828836,-0.02319534724598027
2026-07-10,2933.35,167.1,2927.9,-84.25153999999989,-84.25153999999989,-84.25153999999989,False,125,False,TRENT,False,0.01062659054955617,-0.018158057638076985
2026-07-13,2900.0,157.85,2895.1,-108.53141999999998,-4.581419999999971,-108.53141999999998,False,125,False,TRENT,False,0.003718880203849695,-0.022692056058675747
2026-07-14,2880.0,146.79999999999998,2881.0,-99.44487999999998,-1.594879999999983,-99.44487999999998,False,125,False,TRENT,False,0.011720096518441858,-0.02206135815236121
2026-07-15,2900.0,132.7,2891.3,-107.4432399999998,-8.943239999999973,-107.4432399999998,False,125,False,TRENT,False,0.023968181976764313,-0.010222237728081507
2026-07-16,2880.0,127.35,2883.5,-106.16678000000017,-3.166779999999985,-106.16678000000017,False,125,False,TRENT,False,0.022327493120624098,-0.011808143787662484
2026-07-17,2860.0,117.0,2849.7,-96.5855599999999,-0.785560000000006,-96.5855599999999,False,125,False,TRENT,False,0.025900940263553496,-0.008354014470970728
2026-07-20,2860.0,103.19999999999999,2850.0,-42.958639999999804,-34.258639999999986,-42.958639999999804,False,125,False,TRENT,False,0.03272343420126678,-0.002111189303307559
2026-07-21,2933.35,99.05,2928.0,-79.48278,-5.232779999999991,-79.48278,False,125,False,TRENT,False,0.008399057666700793,-0.031718392570589726
2026-07-22,2880.0,91.29999999999998,2874.2,-52.46511999999979,-10.965119999999967,-52.46511999999979,False,125,False,TRENT,False,0.02013677811550152,-0.02044763746891398
2026-07-23,2900.0,75.64999999999999,2901.7,25.653420000000104,125.70342000000004,37.32842,True,125,False,TRENT,False,0.04047701348081567,-0.019702730729346696
2026-07-24,2850.0,66.15,2839.1,90.52462000000006,98.42462000000015,32.44962,True,125,False,TRENT,False,0.05755995828988536,-0.014250955856795255
2026-07-27,2920.0,37.7,2920.8,65.50463999999982,65.50463999999982,18.45464,True,125,False,TRENT,False,0.05407933483457472,0.00713667070847035
2026-07-28,2933.35,35.8,2930.7,80.3237000000001,80.3237000000001,17.473699999999997,True,125,False,TRENT,False,0.036759700476514556,-0.00993873383253907
2026-07-29,2900.0,207.25,2919.3,-0.811300000000204,0.9886999999999779,-0.811300000000204,False,125,False,TRENT,False,0.06177474402730376,-0.004607508532423199
2026-07-30,3050.0,218.7,3001.9,-159.57979999999998,-8.429799999999977,-159.57979999999998,False,125,False,TRENT,False,0.0460692871419055,-0.006662225183211246
2026-07-31,3050.0,197.65,3007.4,-126.80362000000018,5.49638,-126.80362000000018,False,125,False,TRENT,False,0.08009587536202933,-0.0043277073138253686
2026-08-03,3050.0,191.6,3023.7,-27.049739999999982,11.300260000000012,-27.049739999999982,False,125,False,TRENT,False,0.08113962012662457,-0.005131622792402535
2026-08-04,3100.0,212.8,3073.0,-57.234039999999986,1.6659599999999886,-57.234039999999986,False,125,False,TRENT,False,0.06691877671818491,-0.019730351857941475
2026-08-05,3150.0,202.65,3115.8,-57.62594000000012,13.974059999999989,-57.62594000000012,False,125,False,TRENT,False,0.05443613909652267,-0.031199220019499485
2026-08-06,3100.0,220.39999999999998,3073.3,-109.82904000000006,-5.829039999999977,-109.82904000000006,False,125,False,TRENT,False,0.04324758842443721,-0.04408360128617361
2026-08-07,3050.0,192.95,3018.0,-63.55481999999998,-21.454819999999984,-63.55481999999998,False,125,False,TRENT,False,-0.00016092693916958112,-0.048278081750885105
2026-08-10,3050.0,164.45,3010.1,-42.65345999999998,-8.203459999999977,-42.65345999999998,False,125,False,TRENT,False,0.015666666666666718,-0.018333333333333313
2026-08-11,3050.0,131.95,2995.0,-39.28041999999989,17.519580000000033,-39.28041999999989,False,125,False,TRENT,False,0.0032450331125828402,-0.024834437086092676
2026-08-12,3050.0,138.85,3013.2,-35.62941999999999,10.570580000000028,-35.62941999999999,False,103,False,TRENT,False,,
2026-08-13,3000.0,160.55,2975.0,-107.25018,-33.90018000000001,-107.25018,False,77,False,TRENT,False,,
2026-08-14,3000.0,142.1,2980.0,-88.74851999999998,-25.54852,-88.74851999999998,False,51,False,TRENT,False,,
2026-08-17,3000.0,116.64999999999999,2970.9,-63.22725999999999,-7.277259999999997,-63.22725999999999,False,25,False,TRENT,False,,
2026-08-10,4450.0,201.1,4455.4,-80.3035599999998,-8.053560000000006,-80.3035599999998,False,125,False,TVSMOTOR,False,0.007655933348345023,-0.03240261202431871
2026-08-11,4450.0,193.3,4431.0,-121.64368,-9.593680000000022,-121.64368,False,125,False,TVSMOTOR,False,0.0013471037269869868,-0.03522676246070944
2026-08-12,4400.0,175.2,4404.9,-45.15679999999998,-3.3067999999999884,-45.15679999999998,False,103,False,TVSMOTOR,False,,
2026-08-13,4350.0,159.89999999999998,4347.0,-124.64768000000034,1.102320000000035,-124.64768000000034,False,77,False,TVSMOTOR,False,,
2026-08-14,4300.0,152.8,4300.6,-67.66780000000037,-1.1677999999999988,-67.66780000000037,False,51,False,TVSMOTOR,False,,
2026-08-17,4350.0,147.4,4359.0,-112.11268000000037,-9.562679999999983,-112.11268000000037,False,25,False,TVSMOTOR,False,,
2026-08-10,12000.0,490.3,12010.0,-152.72428000000002,-54.724280000000036,-152.72428000000002,False,125,False,ULTRACEMCO,False,0.006893115189768206,-0.03911635246242007
2026-08-11,11960.0,410.35,11970.0,-142.35442000000003,-9.854420000000045,-142.35442000000003,False,125,False,ULTRACEMCO,False,0.0014114911989371315,-0.04176353370973096
2026-08-12,11700.0,383.20000000000005,11729.0,-264.2098000000001,3.4401999999999093,-264.2098000000001,False,111,False,ULTRACEMCO,False,,
2026-08-13,11660.0,357.05,11651.0,-277.87458,31.775419999999944,-277.87458,False,85,False,ULTRACEMCO,False,,
2026-08-14,11600.0,355.6,11629.0,-208.06246000000004,-18.912460000000056,-208.06246000000004,False,59,False,ULTRACEMCO,False,,
2026-08-17,11600.0,346.05,11590.0,-198.48572000000001,-55.335720000000045,-198.48572000000001,False,33,False,ULTRACEMCO,False,,
2026-08-10,182.5,9.42,183.75,-4.2606559999999885,0.03934400000000004,-4.2606559999999885,False,125,False,UNIONBANK,False,0.032388222464558414,-0.019193020719738385
2026-08-11,180.0,9.219999999999999,180.93,-0.9787480000000138,0.4812519999999941,-0.9787480000000138,False,125,False,UNIONBANK,False,0.05521642619311895,-0.0017758046614871903
2026-08-12,185.0,6.789999999999999,186.21,-3.019371999999993,2.2406280000000014,-3.019371999999993,False,103,False,UNIONBANK,False,,
2026-08-13,187.5,9.79,186.6,-8.520771999999994,-1.5007719999999989,-8.520771999999994,False,77,False,UNIONBANK,False,,
2026-08-14,187.5,8.45,186.74,-7.1770199999999935,-0.7270199999999984,-7.1770199999999935,False,51,False,UNIONBANK,False,,
2026-08-17,185.0,7.699999999999999,185.04,-3.931919999999993,-0.7419199999999991,-3.931919999999993,False,25,False,UNIONBANK,False,,
2026-08-10,1520.0,59.05,1526.0,-40.367979999999996,-0.11797999999999145,-40.367979999999996,False,125,False,UNITDSPR,False,0.022613065326632986,-0.006215286961121502
2026-08-11,1520.0,56.85,1519.2,-33.37526000000005,-0.5252600000000042,-33.37526000000005,False,125,False,UNITDSPR,False,0.012901958215993048,-0.011002685179121174
2026-08-12,1520.0,59.2,1523.8,-45.504400000000004,-3.154400000000003,-45.504400000000004,False,107,False,UNITDSPR,False,,
2026-08-13,1520.0,53.650000000000006,1519.5,-39.938860000000005,-1.7888600000000014,-39.938860000000005,False,81,False,UNITDSPR,False,,
2026-08-14,1520.0,45.2,1514.0,-31.465200000000003,-0.11520000000000283,-31.465200000000003,False,55,False,UNITDSPR,False,,
2026-08-17,1540.0,38.35,1531.5,-0.5635000000000014,2.8364999999999974,-0.5635000000000014,False,29,True,UNITDSPR,False,,
2026-08-10,1300.0,57.2,1294.8,0.9763199999999121,10.476319999999912,0.9763199999999121,False,125,False,UNOMINDA,False,0.010350194552529057,-0.04272373540856034
2026-08-11,1280.0,56.55,1285.5,-38.06042000000004,-1.8604199999999984,-38.06042000000004,False,125,False,UNOMINDA,False,0.004981707791702261,-0.04250019459796073
2026-08-12,1280.0,43.2,1272.7,-5.127920000000006,4.572079999999912,-5.127920000000006,False,112,False,UNOMINDA,False,,
2026-08-13,1260.0,47.650000000000006,1258.7,-36.71421999999996,3.2857799999999884,-36.71421999999996,False,86,False,UNOMINDA,False,,
2026-08-14,1240.0,42.45,1231.9,-11.555659999999959,-1.0556600000000087,-11.555659999999959,False,60,False,UNOMINDA,False,,
2026-08-17,1260.0,48.5,1254.1,-37.56659999999996,-7.366600000000003,-37.56659999999996,False,34,False,UNOMINDA,False,,
2026-08-10,570.0,27.55,571.55,-18.55233999999996,-1.7023400000000015,-18.55233999999996,False,125,False,UPL,False,0.00900507081657631,-0.02421752054554993
2026-08-11,570.0,24.65,565.4,-7.716480000000002,0.48352000000000145,-7.716480000000002,False,125,False,UPL,False,0.013489684359019538,-0.015958384764591882
2026-08-12,570.0,23.3,571.0,-7.559340000000001,0.3406599999999993,-7.559340000000001,False,108,False,UPL,False,,
2026-08-13,570.0,23.1,567.6,-7.358780000000002,-0.7587800000000021,-7.358780000000002,False,82,False,UPL,False,,
2026-08-14,560.0,16.55,564.75,-9.21678,3.533219999999998,-9.21678,False,56,False,UPL,False,,
2026-08-17,560.0,18.05,562.0,-10.72098,-0.4209800000000014,-10.72098,False,30,False,UPL,False,,
2026-08-10,440.0,20.9,443.4,-14.62602000000001,-0.1760200000000014,-14.62602000000001,False,125,False,VBL,False,0.019230769230769162,-0.022963800904977294
2026-08-11,450.0,22.0,447.15,-9.14757999999999,-1.6975800000000014,-9.14757999999999,False,125,False,VBL,False,0.0011160714285713969,-0.03604910714285714
2026-08-12,440.0,18.25,436.75,-3.6918400000000013,0.15816000000000002,-3.6918400000000013,False,106,False,VBL,False,,
2026-08-13,440.0,17.6,437.55,-3.040020000000003,0.15998,-3.040020000000003,False,80,False,VBL,False,,
2026-08-14,440.0,16.800000000000004,437.5,-2.2377800000000057,-0.18778000000000497,-2.2377800000000057,False,54,False,VBL,False,,
2026-08-17,430.0,15.4,433.05,-4.199410000000002,-0.57441,-4.199410000000002,False,28,False,VBL,False,,
2026-08-10,280.0,16.55,280.15,-5.277840000000014,-0.5778400000000035,-5.277840000000014,False,125,False,VEDL,False,0.03356189101407425,-0.03807289787080481
2026-08-11,285.0,16.5,284.6,-1.1890400000000014,1.3109599999999986,-1.1890400000000014,False,125,False,VEDL,False,0.008450704225352101,-0.06144366197183093
2026-08-12,280.0,15.3,279.7,-5.17111999999999,-2.471120000000002,-5.17111999999999,False,103,False,VEDL,False,,
2026-08-13,275.0,15.100000000000001,274.1,-9.956559999999989,-1.1065600000000007,-9.956559999999989,False,77,False,VEDL,False,,
2026-08-14,270.0,14.299999999999999,268.0,-4.467479999999998,-1.6674799999999996,-4.467479999999998,False,51,False,VEDL,False,,
2026-08-17,265.0,12.05,267.2,-7.4963400000000115,-6.94634,-7.4963400000000115,False,25,False,VEDL,False,,
2026-06-25,1320.0,37.35,1318.3,-17.70973999999991,9.390260000000003,-17.70973999999991,False,125,False,VOLTAS,False,0.01502784346632069,-0.029674269585780788
2026-06-29,1300.0,30.1,1290.5,-12.932439999999913,57.71756,14.917560000000003,True,125,False,VOLTAS,False,0.0016095654173371443,-0.02506323292710977
2026-06-30,1280.0,13.900000000000002,1288.7,65.18918000000001,80.88918000000001,6.6891799999999995,True,125,False,VOLTAS,False,0.0013810035292312062,-0.024090839343256176
2026-07-01,1280.0,89.5,1280.2,-13.763679999999997,5.086320000000011,-13.763679999999997,False,125,False,VOLTAS,False,0.01968750000000008,-0.00992187500000008
2026-07-02,1300.0,87.94999999999999,1292.3,-62.169059999999945,-0.3190599999999859,-62.169059999999945,False,125,False,VOLTAS,False,0.018493952399531777,-0.026921576277799453
2026-07-03,1300.0,86.69999999999999,1300.1,-71.58559999999999,0.11440000000001987,-71.58559999999999,False,125,False,VOLTAS,False,0.0075652308167362126,-0.037362976686737714
2026-07-06,1280.0,85.1,1282.6,-74.36880000000008,-2.418799999999991,-74.36880000000008,False,125,False,VOLTAS,False,0.019178082191780854,-0.023874755381604662
2026-07-07,1280.0,81.75,1276.8,-24.93878000000004,-2.8387799999999883,-24.93878000000004,False,125,False,VOLTAS,False,0.05744614423977512,-0.026693724633156446
2026-07-08,1280.0,74.3,1272.1,14.442479999999962,14.442479999999962,14.442479999999962,False,125,False,VOLTAS,False,0.05920745920745918,-0.0310800310800311
2026-07-09,1280.0,78.64999999999999,1273.8,29.42598000000006,29.42598000000006,29.42598000000006,False,125,False,VOLTAS,False,0.10647482014388499,0.0023980815347721673
2026-07-10,1280.0,71.8,1284.5,15.254239999999918,38.45423999999996,35.45423999999999,True,125,False,VOLTAS,False,0.10507246376811596,0.0021266540642721488
2026-07-13,1300.0,70.9,1291.1,-44.074119999999965,19.525879999999955,-44.074119999999965,False,125,False,VOLTAS,False,0.09089495373610146,-0.009874815333177689
2026-07-14,1340.0,68.1,1337.3,-49.34360000000009,0.6064000000000087,-49.34360000000009,False,125,False,VOLTAS,False,0.03802900266350995,-0.01834862385321101
2026-07-15,1360.0,68.15,1369.3,-41.51586,-1.4658600000000028,-41.51586,False,125,False,VOLTAS,False,0.03169350687550554,-0.024340025001838517
2026-07-16,1380.0,60.25,1388.7,5.995100000000051,19.295100000000005,5.995100000000051,False,125,False,VOLTAS,False,0.018216125988823606,-0.05653530735176726
2026-07-17,1360.0,63.099999999999994,1367.6,2.139920000000057,2.139920000000057,2.139920000000057,False,125,False,VOLTAS,False,0.004297159504734305,-0.05782957028404956
2026-07-20,1320.0,52.8,1327.2,-36.99236000000009,-8.792360000000036,-36.99236000000009,False,125,False,VOLTAS,False,0.0214179104477612,-0.03656716417910444
2026-07-21,1360.0,52.45,1359.1,3.5457800000000934,12.845780000000047,3.5457800000000934,False,125,False,VOLTAS,False,0.0067671938212579,-0.050386171386539114
2026-07-22,1340.0,53.35,1333.0,-24.281139999999912,-7.98113999999995,-24.281139999999912,False,125,False,VOLTAS,False,0.00029476787030224827,-0.048636698599852646
2026-07-23,1320.0,36.900000000000006,1313.3,-15.064640000000098,60.685359999999996,18.285360000000004,True,125,False,VOLTAS,False,0.024300779458964028,-0.013449488002445276
2026-07-24,1300.0,28.950000000000003,1294.3,20.7295,68.7295,14.254500000000002,True,125,False,VOLTAS,False,0.02390955618363777,-0.013826292872966106
2026-07-27,1340.0,25.8,1336.1,-15.401360000000093,71.04864000000002,12.798640000000002,True,125,False,VOLTAS,False,0.020965309200603244,-0.023001508295625972
2026-07-28,1300.0,16.85,1303.6,23.788860000000096,80.88886000000001,8.263860000000001,True,125,False,VOLTAS,False,0.031073876618431084,-0.013328255902513297
2026-07-29,1300.0,93.55,1307.8,-66.28893999999995,4.0110600000000085,-66.28893999999995,False,125,False,VOLTAS,False,0.034587840926405766,-0.011503885418253756
2026-07-30,1300.0,97.19999999999999,1305.8,-8.37205999999998,-2.87205999999998,-8.37205999999998,False,125,False,VOLTAS,False,0.031366294524189264,-0.01480975165185694
2026-07-31,1340.0,92.75,1342.0,-33.07769999999995,2.622300000000011,-33.07769999999995,False,125,False,VOLTAS,False,0.014947683109117982,-0.052017937219730914
2026-08-03,1340.0,91.89999999999999,1331.4,-39.0062799999999,2.2437200000000197,-39.0062799999999,False,125,False,VOLTAS,False,0.027231467473525006,-0.04054462934947045
2026-08-04,1340.0,86.44999999999999,1340.9,-16.289459999999938,4.610540000000011,-16.289459999999938,False,125,False,VOLTAS,False,0.023978283818428592,-0.04554365857336762
2026-08-05,1320.0,90.19999999999999,1316.0,-48.170999999999985,0.32900000000001706,-48.170999999999985,False,125,False,VOLTAS,False,0.011330798479087578,-0.03741444866920152
2026-08-06,1300.0,90.79999999999998,1298.3,-76.09596000000006,-1.7959599999999714,-76.09596000000006,False,125,False,VOLTAS,False,0.006429391504018334,-0.031151932644470026
2026-08-07,1300.0,84.89999999999999,1292.7,-70.8774799999999,-1.6274799999999803,-70.8774799999999,False,125,False,VOLTAS,False,0.02178854142174158,-0.007915980876244344
2026-08-10,1280.0,84.94999999999999,1279.2,-37.02281999999989,-4.322819999999989,-37.02281999999989,False,125,False,VOLTAS,False,0.05027279812938423,-0.013406079501169121
2026-08-11,1280.0,78.9,1278.9,-65.45900000000005,-0.10899999999999421,-65.45900000000005,False,125,False,VOLTAS,False,0.06517279469780646,-0.008915890800063275
2026-08-12,1280.0,78.44999999999999,1276.6,-57.77804000000003,0.3219600000000229,-57.77804000000003,False,106,False,VOLTAS,False,,
2026-08-13,1280.0,77.19999999999999,1280.4,-56.52454000000004,-0.17453999999999137,-56.52454000000004,False,80,False,VOLTAS,False,,
2026-08-14,1300.0,78.1,1303.5,-37.48306000000004,-0.03305999999998854,-37.48306000000004,False,54,False,VOLTAS,False,,
2026-08-17,1300.0,69.2,1300.9,-28.558140000000044,-19.858140000000006,-28.558140000000044,False,28,False,VOLTAS,False,,
2026-06-25,3050.0,61.75,3056.8,90.25009999999979,147.35010000000017,30.275100000000002,True,125,False,WAAREEENER,False,0.01746393318147299,-0.06374830807830711
2026-06-29,2850.0,84.3,2872.0,18.973600000000015,142.32360000000003,41.62359999999999,True,125,False,WAAREEENER,False,0.0031223012024181873,-0.058626187470936064
2026-06-30,2900.0,35.85,2895.4,5.732860000000095,196.58286,17.707860000000004,True,125,False,WAAREEENER,False,0.025467775467775455,-0.01798336798336797
2026-07-01,2950.0,235.3,2929.3,-147.7063600000001,-8.40636,-147.7063600000001,False,125,False,WAAREEENER,False,0.0,-0.04366960054163849
2026-07-02,2900.0,224.85,2888.6,-186.68822,-3.288219999999983,-186.68822,False,125,False,WAAREEENER,False,0.014176511466296171,-0.02595552466990958
2026-07-03,2900.0,215.45,2897.3,-37.653899999999986,3.9461000000000115,-37.653899999999986,False,125,False,WAAREEENER,False,0.011750840583728994,-0.02828520919269295
2026-07-07,2850.0,185.39999999999998,2858.1,-18.48895999999997,16.76104000000003,-18.48895999999997,False,125,False,WAAREEENER,False,0.01902410183285208,-0.025040865301012016
2026-07-08,2850.0,195.14999999999998,2861.4,-105.00079999999978,2.049200000000022,-105.00079999999978,False,125,False,WAAREEENER,False,0.030239099859352914,-0.014310829817158921
2026-07-09,2850.0,194.75,2861.0,-51.149759999999986,-0.7497600000000115,-51.149759999999986,False,125,False,WAAREEENER,False,0.03647104602214446,-0.0072871343167426605
2026-07-10,2900.0,184.7,2900.4,-104.14451999999989,0.055480000000011076,-104.14451999999989,False,125,False,WAAREEENER,False,0.021617852161785134,-0.022977684797768516
2026-07-13,2900.0,176.7,2894.5,-37.38703999999983,3.962960000000022,-37.38703999999983,False,125,False,WAAREEENER,False,-0.0009942061777915567,-0.039356851451883945
2026-07-14,2850.0,174.14999999999998,2840.4,-147.81265999999997,2.2873400000000226,-147.81265999999997,False,125,False,WAAREEENER,False,-0.008545227177991,-0.05064610254272617
2026-07-16,2850.0,154.14999999999998,2831.9,-8.09266,23.90734,-8.09266,False,125,False,WAAREEENER,False,0.012082444918265711,-0.052309879175550744
2026-07-17,2800.0,147.14999999999998,2818.6,-30.98905999999997,-5.1390599999999775,-30.98905999999997,False,125,False,WAAREEENER,False,0.004585537918871285,-0.05932980599647264
2026-07-20,2750.0,137.1,2759.7,-112.65332,-24.303319999999996,-112.65332,False,125,False,WAAREEENER,False,0.0044091710758378255,-0.05932980599647264
2026-07-21,2800.0,100.29999999999998,2823.0,-53.01411999999979,28.185879999999994,-53.01411999999979,False,125,False,WAAREEENER,False,0.00414423349390769,-0.0553981297818078
2026-07-22,2700.0,116.19999999999999,2712.0,123.00236000000002,123.00236000000002,57.10236,True,125,False,WAAREEENER,False,0.022144693352919687,-0.020639001101726007
2026-07-23,2700.0,85.04999999999998,2703.0,22.210300000000114,163.1603,41.98529999999999,True,125,False,WAAREEENER,False,0.03161601186063767,-0.019644180874721973
2026-07-24,2700.0,68.1,2683.0,117.38824,179.93824,33.33824,True,125,False,WAAREEENER,False,0.024100375303554245,-0.057693722864081254
2026-07-27,2700.0,50.64999999999999,2725.0,110.80472000000002,197.50472000000002,24.729720000000004,True,125,False,WAAREEENER,False,0.02784445511281808,-0.05424867978876624
2026-07-28,2750.0,40.55,2752.2,33.02982000000001,207.47982000000002,19.954819999999998,True,125,False,WAAREEENER,False,0.01506199854121082,-0.06601021152443476
2026-07-29,2700.0,243.89999999999998,2700.6,-214.76635999999996,4.083640000000023,-214.76635999999996,False,125,False,WAAREEENER,False,0.02286500353199239,-0.04784920251329139
2026-07-30,2600.0,215.14999999999998,2592.1,-137.27249999999978,-10.672499999999967,-137.27249999999978,False,125,False,WAAREEENER,False,-0.002567865003668346,-0.06052824651504041
2026-07-31,2700.0,189.0,2682.9,-161.3081599999999,-15.008159999999977,-161.3081599999999,False,125,False,WAAREEENER,False,0.03305471124620052,-0.002469604863221897
2026-08-03,2700.0,161.14999999999998,2705.8,-19.699379999999966,5.800620000000034,-19.699379999999966,False,125,False,WAAREEENER,False,0.019988791331963407,-0.007322996450588426
2026-08-04,2700.0,163.54999999999998,2689.7,-32.67641999999999,1.3235800000000058,-32.67641999999999,False,125,False,WAAREEENER,False,0.017707362534948645,-0.00954333643988814
2026-08-05,2700.0,150.64999999999998,2694.0,-23.280359999999973,6.869640000000034,-23.280359999999973,False,125,False,WAAREEENER,False,0.019798281658573114,-0.007508404930892776
2026-08-06,2700.0,151.1,2679.0,-113.13060000000007,2.4694000000000287,-113.13060000000007,False,125,False,WAAREEENER,False,0.019113035687621238,-0.010415111243840536
2026-08-07,2650.0,146.35,2660.0,-116.44461999999999,-23.44461999999999,-116.44461999999999,False,125,False,WAAREEENER,False,0.02285500187336087,-0.00678156612963654
2026-08-10,2700.0,143.35,2706.6,-43.93137999999998,-5.9313799999999715,-43.93137999999998,False,125,False,WAAREEENER,False,0.002944423997055523,-0.024328303275671703
2026-08-11,2700.0,136.25,2702.9,-46.38462,-0.43462000000001133,-46.38462,False,125,False,WAAREEENER,False,0.004543775397118699,-0.020724048762467695
2026-08-12,2700.0,124.1,2706.1,-43.52441999999999,-0.22441999999999152,-43.52441999999999,False,111,False,WAAREEENER,False,,
2026-08-13,2700.0,139.9,2677.4,-59.36866,-24.61866,-59.36866,False,85,False,WAAREEENER,False,,
2026-08-14,2650.0,110.9,2663.6,-49.78272000000018,-4.632719999999991,-49.78272000000018,False,59,False,WAAREEENER,False,,
2026-08-17,2650.0,91.64999999999999,2663.4,-30.478820000000166,-0.32881999999999095,-30.478820000000166,False,33,False,WAAREEENER,False,,
2026-06-25,175.0,4.959999999999999,173.76,-2.400831999999992,8.059168,2.4591679999999996,True,125,False,WIPRO,False,0.011680503864872627,-0.03235041511594616
2026-06-29,175.0,2.5500000000000003,175.82,9.000687999999998,10.450687999999998,1.235688,True,125,False,WIPRO,False,0.01741961277057502,-0.0347821120566566
2026-06-30,172.5,1.7600000000000002,173.12,0.6386039999999911,11.588604,0.8686040000000004,True,125,False,WIPRO,False,0.014464692482915709,-0.0375854214123007
2026-07-01,172.5,13.6,171.51,-11.065023999999992,-0.2850240000000002,-11.065023999999992,False,125,False,WIPRO,False,0.04572938068682131,-0.007924860581156379
2026-07-02,172.5,13.620000000000001,171.78,-2.379524000000002,-0.7495239999999997,-2.379524000000002,False,125,False,WIPRO,False,0.049054825981979855,-0.00477003710028856
2026-07-03,177.5,14.36,177.68,-12.953987999999988,-1.9339880000000007,-12.953987999999988,False,125,False,WIPRO,False,0.023793103448275676,-0.013505747126436707
2026-07-06,175.0,10.989999999999998,175.36,-0.5997519999999974,0.5402480000000014,-0.5997519999999974,False,125,False,WIPRO,False,0.008134706183514417,-0.02355082769213257
2026-07-07,175.0,11.39,175.01,-6.485471999999989,-0.1754720000000008,-6.485471999999989,False,125,False,WIPRO,False,0.0321193002581015,-0.0154860911958703
2026-07-08,175.0,11.11,175.18,-1.2087159999999986,0.09128400000000036,-1.2087159999999986,False,125,False,WIPRO,False,0.043352601156069426,-0.007803468208092412
2026-07-09,172.5,12.08,172.45,-7.705919999999989,-0.7559199999999991,-7.705919999999989,False,125,False,WIPRO,False,0.04365423532812951,-0.007516623301532133
2026-07-10,175.0,11.18,175.95,-3.223451999999998,-0.5634519999999998,-3.223451999999998,False,125,False,WIPRO,False,0.04371458309240195,0.008210940210477746
2026-07-13,175.0,10.51,174.79,-4.954827999999999,-0.11482799999999851,-4.954827999999999,False,125,False,WIPRO,False,0.028372835004557784,-0.011223792160437562
2026-07-14,180.0,11.379999999999999,180.05,-8.858752000000003,-1.1487519999999993,-8.858752000000003,False,125,False,WIPRO,False,0.012225213100044874,-0.02674966352624486
2026-07-15,175.0,10.96,176.03,-6.163960000000001,-0.7239599999999997,-6.163960000000001,False,125,False,WIPRO,False,0.006730769230769207,-0.018382352941176516
2026-07-16,177.5,10.84,177.02,-7.080711999999994,-0.22071199999999974,-7.080711999999994,False,125,False,WIPRO,False,0.018832283915283465,-0.0073268460217515985
2026-07-17,175.0,8.86,174.17,-5.005419999999999,-1.6054199999999985,-5.005419999999999,False,125,False,WIPRO,False,0.0005627462014632378,-0.02470455824423179
2026-07-20,175.0,6.58,175.99,-5.2419519999999915,-0.9519519999999997,-5.2419519999999915,False,125,False,WIPRO,False,0.011370096645821448,-0.017623649801023267
2026-07-21,177.5,5.959999999999999,177.34,-3.603072000000009,-0.5030719999999995,-3.603072000000009,False,125,False,WIPRO,False,0.012630982724440631,-0.021240441801189447
2026-07-22,175.0,4.84,174.1,2.6257279999999947,2.6257279999999947,2.385728,True,125,False,WIPRO,False,0.03887935963407663,-0.012006861063464824
2026-07-23,172.5,4.97,173.6,10.502879999999996,10.502879999999996,2.4278800000000005,True,125,False,WIPRO,False,0.06513761467889889,-0.00917431192660545
2026-07-24,175.0,4.14,174.7,2.529928000000012,11.719928000000007,2.0399279999999993,True,125,False,WIPRO,False,0.09337142857142866,-0.012571428571428456
2026-07-27,177.5,3.92,176.46,2.8801800000000073,9.440180000000007,1.93018,True,125,False,WIPRO,False,0.08168918536943881,-0.00723613545141033
2026-07-28,180.0,2.1100000000000003,179.98,6.420403999999995,8.750404000000009,1.0254040000000002,True,125,False,WIPRO,False,0.07283431455004208,0.0011213905242501987
2026-07-29,182.5,10.52,182.6,-6.859535999999988,-0.10953600000000031,-6.859535999999988,False,125,False,WIPRO,False,0.05683512841756411,-0.001215133940900337
2026-07-30,187.5,10.62,188.13,-1.2957200000000002,0.4342800000000002,-1.2957200000000002,False,125,False,WIPRO,False,0.043862520458265,-0.013475177304964503
2026-07-31,182.5,10.91,181.8,-7.789116000000009,-0.5391159999999999,-7.789116000000009,False,125,False,WIPRO,False,0.018020917135961545,-0.03014212925717341
2026-08-03,185.0,10.1,184.43,-7.944132000000007,-0.034131999999998205,-7.944132000000007,False,125,False,WIPRO,False,0.0329795918367346,0.0014693877551021917
2026-08-04,187.5,10.43,187.66,-8.464524000000004,-0.5645239999999994,-8.464524000000004,False,125,False,WIPRO,False,0.003922400084808597,-0.01939997879783739
2026-08-05,187.5,9.75,188.0,-6.316736000000007,-0.17673600000000056,-6.316736000000007,False,125,False,WIPRO,False,0.004742872368771467,-0.023128164135358342
2026-08-06,187.5,9.5,186.36,-5.1984720000000015,-0.26847200000000043,-5.1984720000000015,False,125,False,WIPRO,False,0.007326203208556148,-0.027219251336898398
2026-08-07,187.5,9.309999999999999,187.68,-5.017911999999992,-0.10791199999999854,-5.017911999999992,False,125,False,WIPRO,False,0.01328671328671338,-0.022485207100591764
2026-08-10,187.5,9.03,187.1,-5.794159999999994,-0.664159999999999,-5.794159999999994,False,125,False,WIPRO,False,0.006319961437523336,-0.0267259386213915
2026-08-11,187.5,8.64,186.45,-3.3189199999999923,-2.728919999999989,-3.3189199999999923,False,125,False,WIPRO,False,0.012803198098427782,-0.022203014423856193
2026-08-12,185.0,7.55,183.89,-2.6397059999999835,-0.3947059999999995,-2.6397059999999835,False,104,False,WIPRO,False,,
2026-08-13,182.5,6.969999999999999,183.14,-4.551081999999982,-0.1360819999999977,-4.551081999999982,False,78,False,WIPRO,False,,
2026-08-14,185.0,6.5,184.46,-1.5867659999999837,0.018234000000000666,-1.5867659999999837,False,52,False,WIPRO,False,,
2026-08-17,182.5,5.51,181.8,-3.0869939999999834,0.05800600000000003,-3.0869939999999834,False,26,False,WIPRO,False,,
2026-06-25,1100.0,26.1,1102.9,-19.292120000000004,27.50788,12.957880000000005,True,125,False,ZYDUSLIFE,False,0.02908991428050345,-0.0013678643078606223
2026-06-29,1100.0,15.6,1105.0,31.125280000000004,37.92528,7.625279999999999,True,125,False,ZYDUSLIFE,False,0.037114337568058264,-0.006261343012704201
2026-07-01,1120.0,63.75,1119.7,-5.691739999999994,-3.741740000000006,-5.691739999999994,False,125,False,ZYDUSLIFE,False,0.05013477088948792,-0.016082659478885986
2026-07-03,1110.0,52.400000000000006,1107.0,-15.550319999999955,15.74968,-15.550319999999955,False,125,False,ZYDUSLIFE,False,0.07301789119970947,0.002724548179093622
2026-07-06,1150.0,56.0,1147.0,-49.77444,0.57556,-49.77444,False,125,False,ZYDUSLIFE,False,0.03603998596983504,-0.007716590669940571
2026-07-07,1150.0,48.900000000000006,1150.6,-35.97331999999996,5.0766799999999925,-35.97331999999996,False,125,False,ZYDUSLIFE,False,0.03025810952214858,-0.015957446808510634
2026-07-08,1180.0,50.6,1178.5,-8.559839999999905,-0.25983999999995055,-8.559839999999905,False,125,False,ZYDUSLIFE,False,0.02516268980477232,-0.02247288503253808
2026-07-09,1160.0,53.150000000000006,1156.0,-6.48000000000001,-0.18000000000000566,-6.48000000000001,False,125,False,ZYDUSLIFE,False,0.021007670850766935,-0.017956764295676497
2026-07-10,1150.0,51.75,1147.2,-44.51534,-0.66534,-44.51534,False,125,False,ZYDUSLIFE,False,0.00749354005167957,-0.029629629629629672
2026-07-13,1140.0,51.35,1143.5,-42.119820000000004,-1.869820000000003,-42.119820000000004,False,125,False,ZYDUSLIFE,False,0.015276451696901505,-0.022133495356305932
2026-07-14,1140.0,47.15,1136.8,-12.878339999999998,1.27166,-12.878339999999998,False,125,False,ZYDUSLIFE,False,0.035224356137711244,-0.002920612443579218
2026-07-15,1140.0,47.400000000000006,1137.6,-26.690960000000008,-2.5409600000000085,-26.690960000000008,False,125,False,ZYDUSLIFE,False,0.031117771509167724,0.0003526093088856985
2026-07-16,1160.0,43.6,1160.0,-3.0360399999999053,3.863960000000001,-3.0360399999999053,False,125,False,ZYDUSLIFE,False,0.0057758620689656315,-0.04051724137931034
2026-07-17,1140.0,43.85,1142.5,-17.048100000000094,-0.6981000000000068,-17.048100000000094,False,125,False,ZYDUSLIFE,False,0.006643658326143331,-0.04529767040552202
2026-07-20,1150.0,32.650000000000006,1149.5,-2.7254199999999615,12.47458000000009,-2.7254199999999615,False,125,False,ZYDUSLIFE,False,0.020288587669436087,-0.03891560996939225
2026-07-21,1140.0,37.05,1143.4,-1.5534200000000369,-1.5534200000000369,-1.5534200000000369,False,125,False,ZYDUSLIFE,False,-0.00017391304347824654,-0.04434782608695653
2026-07-22,1120.0,37.35,1119.0,-26.28566000000005,-6.435660000000004,-26.28566000000005,False,125,False,ZYDUSLIFE,False,-0.004896388913176675,-0.042406225408761045
2026-07-23,1120.0,22.75,1119.1,40.3592,45.2092,11.1342,True,125,False,ZYDUSLIFE,False,0.006233303650934996,-0.024755120213713178
2026-07-24,1110.0,23.200000000000003,1112.9,-11.497719999999914,48.30227999999999,11.50228,True,125,False,ZYDUSLIFE,False,0.020555355210962745,-0.012621709340064902
2026-07-27,1120.0,14.25,1119.8,-5.713699999999956,54.08630000000001,7.0613,True,125,False,ZYDUSLIFE,False,0.0202374527792768,-0.014930742939377462
2026-07-28,1100.0,15.8,1104.2,5.496119999999998,48.54612000000001,7.796120000000002,True,125,False,ZYDUSLIFE,False,0.024256086564472534,-0.012443642921550868
2026-07-29,1110.0,64.94999999999999,1106.1,-45.28729999999999,6.412700000000005,-45.28729999999999,False,125,False,ZYDUSLIFE,False,0.030762250453720608,-0.0037205081669691165
2026-07-30,1120.0,71.29999999999998,1123.1,-8.576039999999988,-3.276039999999977,-8.576039999999988,False,125,False,ZYDUSLIFE,False,0.012388591800356563,-0.016221033868092705
2026-08-03,1120.0,58.349999999999994,1124.7,2.91442,5.91442,2.91442,False,125,False,ZYDUSLIFE,False,0.00968888888888908,-0.028266666666666662
2026-08-04,1120.0,61.150000000000006,1119.7,-1.9376800000000085,3.112319999999989,-1.9376800000000085,False,125,False,ZYDUSLIFE,False,0.012998655311519558,-0.01999103541012992
2026-08-07,1100.0,63.7,1102.7,7.920319999999912,40.82032,31.470320000000008,True,125,False,ZYDUSLIFE,False,0.09198006343452647,-0.009333937471680986
2026-08-10,1120.0,61.6,1116.8,-36.94192,23.058080000000004,-36.94192,False,125,False,ZYDUSLIFE,False,0.08042679099793792,-0.0025105352819868587
2026-08-11,1120.0,60.8,1123.2,-43.02036000000009,23.87964000000001,-43.02036000000009,False,125,False,ZYDUSLIFE,False,0.08071748878923768,0.0023318385650223927
2026-08-12,1160.0,54.55,1164.3,-35.506360000000086,-8.556359999999994,-35.506360000000086,False,108,False,ZYDUSLIFE,False,,
2026-08-13,1180.0,48.2,1176.0,-9.194580000000087,1.455420000000003,-9.194580000000087,False,82,False,ZYDUSLIFE,False,,
2026-08-14,1160.0,43.6,1162.0,-24.525700000000093,-1.6757000000000069,-24.525700000000093,False,56,False,ZYDUSLIFE,False,,
2026-08-17,1130.0,38.95,1130.2,-28.538319999999914,-1.4383200000000045,-28.538319999999914,False,30,False,ZYDUSLIFE,False,,
